datetime,transactions,quantity,revenue,store_location
2023-01-01 07:00:00,0,0,0.0,Astoria
2023-01-01 08:00:00,0,0,0.0,Astoria
2023-01-01 09:00:00,0,0,0.0,Astoria
2023-01-01 10:00:00,0,0,0.0,Astoria
2023-01-01 11:00:00,22,31,98.9,Astoria
2023-01-01 12:00:00,27,40,117.0,Astoria
2023-01-01 13:00:00,19,31,91.65,Astoria
2023-01-01 14:00:00,14,22,70.35,Astoria
2023-01-01 15:00:00,20,30,95.65,Astoria
2023-01-01 16:00:00,22,33,91.7,Astoria
2023-01-01 17:00:00,19,25,86.6,Astoria
2023-01-01 18:00:00,27,38,124.45,Astoria
2023-01-01 19:00:00,20,27,92.1,Astoria
2023-01-02 07:00:00,0,0,0.0,Astoria
2023-01-02 08:00:00,0,0,0.0,Astoria
2023-01-02 09:00:00,0,0,0.0,Astoria
2023-01-02 10:00:00,0,0,0.0,Astoria
2023-01-02 11:00:00,26,38,112.3,Astoria
2023-01-02 12:00:00,26,36,104.45,Astoria
2023-01-02 13:00:00,23,34,109.45,Astoria
2023-01-02 14:00:00,21,28,89.75,Astoria
2023-01-02 15:00:00,20,27,82.5,Astoria
2023-01-02 16:00:00,27,38,117.7,Astoria
2023-01-02 17:00:00,27,41,126.2,Astoria
2023-01-02 18:00:00,24,34,109.25,Astoria
2023-01-02 19:00:00,18,25,73.9,Astoria
2023-01-03 07:00:00,0,0,0.0,Astoria
2023-01-03 08:00:00,0,0,0.0,Astoria
2023-01-03 09:00:00,0,0,0.0,Astoria
2023-01-03 10:00:00,0,0,0.0,Astoria
2023-01-03 11:00:00,21,35,109.7,Astoria
2023-01-03 12:00:00,16,23,82.5,Astoria
2023-01-03 13:00:00,24,37,110.4,Astoria
2023-01-03 14:00:00,28,42,136.15,Astoria
2023-01-03 15:00:00,28,39,118.0,Astoria
2023-01-03 16:00:00,18,25,75.25,Astoria
2023-01-03 17:00:00,18,21,62.0,Astoria
2023-01-03 18:00:00,27,36,115.4,Astoria
2023-01-03 19:00:00,25,29,93.35,Astoria
2023-01-04 07:00:00,0,0,0.0,Astoria
2023-01-04 08:00:00,0,0,0.0,Astoria
2023-01-04 09:00:00,0,0,0.0,Astoria
2023-01-04 10:00:00,0,0,0.0,Astoria
2023-01-04 11:00:00,15,23,72.4,Astoria
2023-01-04 12:00:00,31,45,143.8,Astoria
2023-01-04 13:00:00,24,35,104.2,Astoria
2023-01-04 14:00:00,20,29,91.25,Astoria
2023-01-04 15:00:00,18,29,87.6,Astoria
2023-01-04 16:00:00,14,20,56.6,Astoria
2023-01-04 17:00:00,26,33,101.2,Astoria
2023-01-04 18:00:00,16,21,62.85,Astoria
2023-01-04 19:00:00,23,27,88.35,Astoria
2023-01-05 07:00:00,0,0,0.0,Astoria
2023-01-05 08:00:00,0,0,0.0,Astoria
2023-01-05 09:00:00,0,0,0.0,Astoria
2023-01-05 10:00:00,0,0,0.0,Astoria
2023-01-05 11:00:00,15,16,52.05,Astoria
2023-01-05 12:00:00,31,48,145.6,Astoria
2023-01-05 13:00:00,32,49,140.2,Astoria
2023-01-05 14:00:00,14,20,70.7,Astoria
2023-01-05 15:00:00,25,37,124.1,Astoria
2023-01-05 16:00:00,22,29,88.05,Astoria
2023-01-05 17:00:00,16,23,69.1,Astoria
2023-01-05 18:00:00,23,34,113.9,Astoria
2023-01-05 19:00:00,20,29,99.35,Astoria
2023-01-06 07:00:00,0,0,0.0,Astoria
2023-01-06 08:00:00,0,0,0.0,Astoria
2023-01-06 09:00:00,0,0,0.0,Astoria
2023-01-06 10:00:00,0,0,0.0,Astoria
2023-01-06 11:00:00,14,19,62.5,Astoria
2023-01-06 12:00:00,25,41,127.15,Astoria
2023-01-06 13:00:00,13,16,55.9,Astoria
2023-01-06 14:00:00,15,20,66.35,Astoria
2023-01-06 15:00:00,17,24,79.1,Astoria
2023-01-06 16:00:00,14,22,76.25,Astoria
2023-01-06 17:00:00,17,27,84.25,Astoria
2023-01-06 18:00:00,22,31,90.1,Astoria
2023-01-06 19:00:00,15,24,74.45,Astoria
2023-01-07 07:00:00,19,28,83.35,Astoria
2023-01-07 08:00:00,21,28,92.55,Astoria
2023-01-07 09:00:00,4,4,12.25,Astoria
2023-01-07 10:00:00,14,19,64.75,Astoria
2023-01-07 11:00:00,14,21,69.25,Astoria
2023-01-07 12:00:00,20,28,88.9,Astoria
2023-01-07 13:00:00,16,20,68.8,Astoria
2023-01-07 14:00:00,12,15,45.0,Astoria
2023-01-07 15:00:00,16,21,62.15,Astoria
2023-01-07 16:00:00,7,11,33.05,Astoria
2023-01-07 17:00:00,5,7,20.95,Astoria
2023-01-07 18:00:00,23,34,103.85,Astoria
2023-01-07 19:00:00,13,21,62.45,Astoria
2023-01-08 07:00:00,6,6,18.0,Astoria
2023-01-08 08:00:00,17,21,74.85,Astoria
2023-01-08 09:00:00,8,11,31.4,Astoria
2023-01-08 10:00:00,13,20,73.5,Astoria
2023-01-08 11:00:00,15,21,74.15,Astoria
2023-01-08 12:00:00,10,15,48.75,Astoria
2023-01-08 13:00:00,19,26,78.25,Astoria
2023-01-08 14:00:00,13,21,73.15,Astoria
2023-01-08 15:00:00,13,18,56.9,Astoria
2023-01-08 16:00:00,7,10,34.75,Astoria
2023-01-08 17:00:00,13,19,85.2,Astoria
2023-01-08 18:00:00,9,13,41.05,Astoria
2023-01-08 19:00:00,18,26,103.2,Astoria
2023-01-09 07:00:00,29,34,135.4,Astoria
2023-01-09 08:00:00,37,46,167.9,Astoria
2023-01-09 09:00:00,19,23,74.3,Astoria
2023-01-09 10:00:00,27,35,122.08,Astoria
2023-01-09 11:00:00,5,8,23.45,Astoria
2023-01-09 12:00:00,9,13,55.3,Astoria
2023-01-09 13:00:00,6,8,40.08,Astoria
2023-01-09 14:00:00,4,6,27.5,Astoria
2023-01-09 15:00:00,4,6,17.35,Astoria
2023-01-09 16:00:00,6,7,26.95,Astoria
2023-01-09 17:00:00,8,9,34.45,Astoria
2023-01-09 18:00:00,8,10,40.05,Astoria
2023-01-09 19:00:00,3,3,9.2,Astoria
2023-01-10 07:00:00,36,52,165.65,Astoria
2023-01-10 08:00:00,44,65,192.15,Astoria
2023-01-10 09:00:00,40,59,167.45,Astoria
2023-01-10 10:00:00,24,32,111.4,Astoria
2023-01-10 11:00:00,8,12,30.3,Astoria
2023-01-10 12:00:00,7,9,28.0,Astoria
2023-01-10 13:00:00,11,15,47.65,Astoria
2023-01-10 14:00:00,10,16,60.15,Astoria
2023-01-10 15:00:00,6,9,28.0,Astoria
2023-01-10 16:00:00,7,9,28.55,Astoria
2023-01-10 17:00:00,3,6,16.1,Astoria
2023-01-10 18:00:00,9,13,39.6,Astoria
2023-01-10 19:00:00,5,8,32.0,Astoria
2023-01-11 07:00:00,20,28,86.2,Astoria
2023-01-11 08:00:00,22,30,99.9,Astoria
2023-01-11 09:00:00,25,37,108.6,Astoria
2023-01-11 10:00:00,32,45,146.1,Astoria
2023-01-11 11:00:00,8,12,33.7,Astoria
2023-01-11 12:00:00,6,8,34.15,Astoria
2023-01-11 13:00:00,8,11,44.1,Astoria
2023-01-11 14:00:00,5,9,22.6,Astoria
2023-01-11 15:00:00,0,0,0.0,Astoria
2023-01-11 16:00:00,8,10,31.4,Astoria
2023-01-11 17:00:00,12,18,49.7,Astoria
2023-01-11 18:00:00,8,11,57.65,Astoria
2023-01-11 19:00:00,8,10,26.05,Astoria
2023-01-12 07:00:00,17,26,77.5,Astoria
2023-01-12 08:00:00,25,33,125.2,Astoria
2023-01-12 09:00:00,23,33,120.1,Astoria
2023-01-12 10:00:00,20,29,86.95,Astoria
2023-01-12 11:00:00,7,12,32.2,Astoria
2023-01-12 12:00:00,1,1,3.0,Astoria
2023-01-12 13:00:00,7,9,32.25,Astoria
2023-01-12 14:00:00,7,8,24.45,Astoria
2023-01-12 15:00:00,8,11,32.05,Astoria
2023-01-12 16:00:00,3,4,14.25,Astoria
2023-01-12 17:00:00,11,18,57.75,Astoria
2023-01-12 18:00:00,8,12,31.6,Astoria
2023-01-12 19:00:00,7,10,23.4,Astoria
2023-01-13 07:00:00,32,43,124.25,Astoria
2023-01-13 08:00:00,19,27,79.5,Astoria
2023-01-13 09:00:00,17,23,69.35,Astoria
2023-01-13 10:00:00,42,59,159.5,Astoria
2023-01-13 11:00:00,7,10,28.4,Astoria
2023-01-13 12:00:00,8,14,35.9,Astoria
2023-01-13 13:00:00,7,10,26.799999999999997,Astoria
2023-01-13 14:00:00,2,3,9.5,Astoria
2023-01-13 15:00:00,10,12,36.95,Astoria
2023-01-13 16:00:00,2,2,5.55,Astoria
2023-01-13 17:00:00,9,12,42.25,Astoria
2023-01-13 18:00:00,9,13,35.35,Astoria
2023-01-13 19:00:00,11,18,52.5,Astoria
2023-01-14 07:00:00,0,0,0.0,Astoria
2023-01-14 08:00:00,38,47,170.65,Astoria
2023-01-14 09:00:00,30,43,170.95,Astoria
2023-01-14 10:00:00,30,41,144.15,Astoria
2023-01-14 11:00:00,6,10,32.35,Astoria
2023-01-14 12:00:00,5,8,22.1,Astoria
2023-01-14 13:00:00,11,15,73.15,Astoria
2023-01-14 14:00:00,2,3,8.1,Astoria
2023-01-14 15:00:00,12,13,54.2,Astoria
2023-01-14 16:00:00,3,3,8.95,Astoria
2023-01-14 17:00:00,8,14,37.45,Astoria
2023-01-14 18:00:00,1,2,5.0,Astoria
2023-01-14 19:00:00,11,14,36.65,Astoria
2023-01-15 07:00:00,23,36,104.75,Astoria
2023-01-15 08:00:00,32,44,153.63,Astoria
2023-01-15 09:00:00,47,67,227.6,Astoria
2023-01-15 10:00:00,56,79,248.75,Astoria
2023-01-15 11:00:00,5,7,18.9,Astoria
2023-01-15 12:00:00,8,13,37.15,Astoria
2023-01-15 13:00:00,14,21,58.0,Astoria
2023-01-15 14:00:00,11,13,78.25,Astoria
2023-01-15 15:00:00,12,16,70.9,Astoria
2023-01-15 16:00:00,5,6,15.95,Astoria
2023-01-15 17:00:00,17,23,68.2,Astoria
2023-01-15 18:00:00,18,21,130.2,Astoria
2023-01-15 19:00:00,14,19,136.65,Astoria
2023-01-16 07:00:00,34,49,152.95,Astoria
2023-01-16 08:00:00,26,35,98.25,Astoria
2023-01-16 09:00:00,36,50,150.05,Astoria
2023-01-16 10:00:00,39,51,162.25,Astoria
2023-01-16 11:00:00,12,15,65.28,Astoria
2023-01-16 12:00:00,5,8,27.9,Astoria
2023-01-16 13:00:00,13,18,83.95,Astoria
2023-01-16 14:00:00,12,18,49.65,Astoria
2023-01-16 15:00:00,10,13,44.35,Astoria
2023-01-16 16:00:00,8,11,29.95,Astoria
2023-01-16 17:00:00,11,15,45.1,Astoria
2023-01-16 18:00:00,11,18,55.5,Astoria
2023-01-16 19:00:00,12,18,62.15,Astoria
2023-01-17 07:00:00,44,63,272.3,Astoria
2023-01-17 08:00:00,24,36,93.1,Astoria
2023-01-17 09:00:00,24,33,104.2,Astoria
2023-01-17 10:00:00,48,64,215.65,Astoria
2023-01-17 11:00:00,8,11,32.45,Astoria
2023-01-17 12:00:00,7,9,28.0,Astoria
2023-01-17 13:00:00,9,13,54.25,Astoria
2023-01-17 14:00:00,7,11,30.1,Astoria
2023-01-17 15:00:00,6,8,47.55,Astoria
2023-01-17 16:00:00,6,10,26.55,Astoria
2023-01-17 17:00:00,13,19,83.65,Astoria
2023-01-17 18:00:00,5,7,18.6,Astoria
2023-01-17 19:00:00,8,13,69.0,Astoria
2023-01-18 07:00:00,35,51,206.5,Astoria
2023-01-18 08:00:00,28,36,126.6,Astoria
2023-01-18 09:00:00,32,44,145.8,Astoria
2023-01-18 10:00:00,46,61,232.15,Astoria
2023-01-18 11:00:00,9,15,47.25,Astoria
2023-01-18 12:00:00,3,5,15.75,Astoria
2023-01-18 13:00:00,8,12,38.65,Astoria
2023-01-18 14:00:00,11,16,50.63,Astoria
2023-01-18 15:00:00,8,12,40.5,Astoria
2023-01-18 16:00:00,10,12,36.0,Astoria
2023-01-18 17:00:00,10,13,54.55,Astoria
2023-01-18 18:00:00,3,3,8.25,Astoria
2023-01-18 19:00:00,11,15,61.4,Astoria
2023-01-19 07:00:00,35,50,158.8,Astoria
2023-01-19 08:00:00,33,52,182.73,Astoria
2023-01-19 09:00:00,36,52,171.7,Astoria
2023-01-19 10:00:00,42,56,185.05,Astoria
2023-01-19 11:00:00,7,10,55.25,Astoria
2023-01-19 12:00:00,7,10,28.0,Astoria
2023-01-19 13:00:00,8,12,35.25,Astoria
2023-01-19 14:00:00,9,13,39.5,Astoria
2023-01-19 15:00:00,6,10,31.1,Astoria
2023-01-19 16:00:00,6,9,23.6,Astoria
2023-01-19 17:00:00,6,7,22.650000000000002,Astoria
2023-01-19 18:00:00,13,15,90.5,Astoria
2023-01-19 19:00:00,12,17,55.25,Astoria
2023-01-20 07:00:00,18,18,68.6,Astoria
2023-01-20 08:00:00,43,44,181.9,Astoria
2023-01-20 09:00:00,35,36,120.65,Astoria
2023-01-20 10:00:00,18,18,56.6,Astoria
2023-01-20 11:00:00,7,7,20.25,Astoria
2023-01-20 12:00:00,8,8,32.55,Astoria
2023-01-20 13:00:00,7,7,24.5,Astoria
2023-01-20 14:00:00,9,9,34.2,Astoria
2023-01-20 15:00:00,10,10,44.6,Astoria
2023-01-20 16:00:00,19,20,117.1,Astoria
2023-01-20 17:00:00,7,7,19.75,Astoria
2023-01-20 18:00:00,13,13,81.0,Astoria
2023-01-20 19:00:00,18,18,69.73,Astoria
2023-01-21 07:00:00,0,0,0.0,Astoria
2023-01-21 08:00:00,37,51,193.35,Astoria
2023-01-21 09:00:00,42,60,221.2,Astoria
2023-01-21 10:00:00,28,38,137.55,Astoria
2023-01-21 11:00:00,8,12,39.8,Astoria
2023-01-21 12:00:00,7,10,32.6,Astoria
2023-01-21 13:00:00,6,11,38.35,Astoria
2023-01-21 14:00:00,3,5,18.0,Astoria
2023-01-21 15:00:00,8,9,63.15,Astoria
2023-01-21 16:00:00,5,8,20.85,Astoria
2023-01-21 17:00:00,13,22,88.85,Astoria
2023-01-21 18:00:00,11,17,56.45,Astoria
2023-01-21 19:00:00,15,22,82.2,Astoria
2023-01-22 07:00:00,13,17,51.2,Astoria
2023-01-22 08:00:00,14,21,65.9,Astoria
2023-01-22 09:00:00,14,22,71.75,Astoria
2023-01-22 10:00:00,13,17,53.15,Astoria
2023-01-22 11:00:00,14,20,57.95,Astoria
2023-01-22 12:00:00,14,18,54.95,Astoria
2023-01-22 13:00:00,14,23,75.1,Astoria
2023-01-22 14:00:00,9,15,50.45,Astoria
2023-01-22 15:00:00,11,15,40.35,Astoria
2023-01-22 16:00:00,19,23,75.1,Astoria
2023-01-22 17:00:00,16,25,73.1,Astoria
2023-01-22 18:00:00,9,15,43.2,Astoria
2023-01-22 19:00:00,6,9,30.6,Astoria
2023-01-23 07:00:00,16,25,77.6,Astoria
2023-01-23 08:00:00,15,22,66.45,Astoria
2023-01-23 09:00:00,13,19,62.55,Astoria
2023-01-23 10:00:00,20,29,91.4,Astoria
2023-01-23 11:00:00,12,17,59.2,Astoria
2023-01-23 12:00:00,15,27,86.45,Astoria
2023-01-23 13:00:00,15,22,73.25,Astoria
2023-01-23 14:00:00,16,19,54.85,Astoria
2023-01-23 15:00:00,12,15,46.85,Astoria
2023-01-23 16:00:00,25,35,109.2,Astoria
2023-01-23 17:00:00,21,31,103.25,Astoria
2023-01-23 18:00:00,9,14,48.75,Astoria
2023-01-23 19:00:00,13,17,48.5,Astoria
2023-01-24 07:00:00,16,23,77.1,Astoria
2023-01-24 08:00:00,16,22,71.75,Astoria
2023-01-24 09:00:00,19,23,70.0,Astoria
2023-01-24 10:00:00,12,18,59.1,Astoria
2023-01-24 11:00:00,21,32,98.4,Astoria
2023-01-24 12:00:00,10,17,52.25,Astoria
2023-01-24 13:00:00,19,30,93.05,Astoria
2023-01-24 14:00:00,16,20,68.85,Astoria
2023-01-24 15:00:00,14,21,62.2,Astoria
2023-01-24 16:00:00,20,26,76.1,Astoria
2023-01-24 17:00:00,19,27,88.35,Astoria
2023-01-24 18:00:00,7,11,38.75,Astoria
2023-01-24 19:00:00,13,22,66.15,Astoria
2023-01-25 07:00:00,21,32,97.4,Astoria
2023-01-25 08:00:00,24,35,107.65,Astoria
2023-01-25 09:00:00,8,13,39.5,Astoria
2023-01-25 10:00:00,19,30,90.55,Astoria
2023-01-25 11:00:00,19,25,70.7,Astoria
2023-01-25 12:00:00,15,20,59.0,Astoria
2023-01-25 13:00:00,22,31,94.3,Astoria
2023-01-25 14:00:00,13,22,64.15,Astoria
2023-01-25 15:00:00,15,16,48.8,Astoria
2023-01-25 16:00:00,17,22,61.0,Astoria
2023-01-25 17:00:00,16,26,75.35,Astoria
2023-01-25 18:00:00,15,23,72.95,Astoria
2023-01-25 19:00:00,12,19,60.65,Astoria
2023-01-26 07:00:00,21,32,106.6,Astoria
2023-01-26 08:00:00,20,27,79.95,Astoria
2023-01-26 09:00:00,16,25,79.9,Astoria
2023-01-26 10:00:00,14,21,62.45,Astoria
2023-01-26 11:00:00,12,18,54.25,Astoria
2023-01-26 12:00:00,22,29,83.25,Astoria
2023-01-26 13:00:00,13,18,51.35,Astoria
2023-01-26 14:00:00,20,30,91.55,Astoria
2023-01-26 15:00:00,17,26,80.2,Astoria
2023-01-26 16:00:00,24,31,97.45,Astoria
2023-01-26 17:00:00,16,22,66.95,Astoria
2023-01-26 18:00:00,11,17,49.45,Astoria
2023-01-26 19:00:00,9,12,35.9,Astoria
2023-01-27 07:00:00,9,12,37.75,Astoria
2023-01-27 08:00:00,8,13,35.8,Astoria
2023-01-27 09:00:00,17,25,81.6,Astoria
2023-01-27 10:00:00,14,19,58.25,Astoria
2023-01-27 11:00:00,19,25,77.4,Astoria
2023-01-27 12:00:00,13,19,54.05,Astoria
2023-01-27 13:00:00,16,20,65.65,Astoria
2023-01-27 14:00:00,15,21,63.9,Astoria
2023-01-27 15:00:00,16,22,69.35,Astoria
2023-01-27 16:00:00,12,18,59.6,Astoria
2023-01-27 17:00:00,14,23,71.15,Astoria
2023-01-27 18:00:00,20,28,84.45,Astoria
2023-01-27 19:00:00,19,28,79.6,Astoria
2023-01-28 07:00:00,18,28,77.8,Astoria
2023-01-28 08:00:00,14,22,62.95,Astoria
2023-01-28 09:00:00,8,11,32.9,Astoria
2023-01-28 10:00:00,14,21,59.7,Astoria
2023-01-28 11:00:00,18,27,78.75,Astoria
2023-01-28 12:00:00,10,15,49.5,Astoria
2023-01-28 13:00:00,5,9,30.75,Astoria
2023-01-28 14:00:00,8,11,36.7,Astoria
2023-01-28 15:00:00,16,22,69.85,Astoria
2023-01-28 16:00:00,18,22,64.15,Astoria
2023-01-28 17:00:00,10,15,46.2,Astoria
2023-01-28 18:00:00,7,10,33.2,Astoria
2023-01-28 19:00:00,22,31,90.8,Astoria
2023-01-29 07:00:00,10,13,40.15,Astoria
2023-01-29 08:00:00,16,25,85.8,Astoria
2023-01-29 09:00:00,22,32,94.25,Astoria
2023-01-29 10:00:00,18,23,75.35,Astoria
2023-01-29 11:00:00,5,7,22.4,Astoria
2023-01-29 12:00:00,19,29,85.10000000000001,Astoria
2023-01-29 13:00:00,13,18,59.95,Astoria
2023-01-29 14:00:00,10,14,42.5,Astoria
2023-01-29 15:00:00,19,25,80.8,Astoria
2023-01-29 16:00:00,22,29,91.55,Astoria
2023-01-29 17:00:00,8,13,46.25,Astoria
2023-01-29 18:00:00,11,16,47.7,Astoria
2023-01-29 19:00:00,11,17,48.9,Astoria
2023-01-30 07:00:00,13,16,50.0,Astoria
2023-01-30 08:00:00,22,32,134.45,Astoria
2023-01-30 09:00:00,11,14,44.95,Astoria
2023-01-30 10:00:00,28,38,122.7,Astoria
2023-01-30 11:00:00,7,9,25.95,Astoria
2023-01-30 12:00:00,21,34,134.1,Astoria
2023-01-30 13:00:00,5,8,24.25,Astoria
2023-01-30 14:00:00,16,23,103.9,Astoria
2023-01-30 15:00:00,10,13,44.1,Astoria
2023-01-30 16:00:00,8,10,31.25,Astoria
2023-01-30 17:00:00,14,21,82.7,Astoria
2023-01-30 18:00:00,8,12,34.15,Astoria
2023-01-30 19:00:00,9,12,38.1,Astoria
2023-01-31 07:00:00,21,24,100.75,Astoria
2023-01-31 08:00:00,21,28,77.15,Astoria
2023-01-31 09:00:00,23,31,138.85,Astoria
2023-01-31 10:00:00,18,26,106.55,Astoria
2023-01-31 11:00:00,10,11,34.8,Astoria
2023-01-31 12:00:00,9,12,34.75,Astoria
2023-01-31 13:00:00,6,8,21.2,Astoria
2023-01-31 14:00:00,8,11,36.9,Astoria
2023-01-31 15:00:00,6,9,27.75,Astoria
2023-01-31 16:00:00,16,21,95.35,Astoria
2023-01-31 17:00:00,7,11,35.75,Astoria
2023-01-31 18:00:00,6,9,28.75,Astoria
2023-01-31 19:00:00,14,18,62.95,Astoria
2023-02-01 07:00:00,0,0,0.0,Astoria
2023-02-01 08:00:00,0,0,0.0,Astoria
2023-02-01 09:00:00,0,0,0.0,Astoria
2023-02-01 10:00:00,0,0,0.0,Astoria
2023-02-01 11:00:00,15,23,71.4,Astoria
2023-02-01 12:00:00,33,45,132.4,Astoria
2023-02-01 13:00:00,19,30,90.55,Astoria
2023-02-01 14:00:00,19,27,79.65,Astoria
2023-02-01 15:00:00,28,40,120.25,Astoria
2023-02-01 16:00:00,20,31,94.6,Astoria
2023-02-01 17:00:00,15,20,67.2,Astoria
2023-02-01 18:00:00,14,21,67.4,Astoria
2023-02-01 19:00:00,25,35,110.25,Astoria
2023-02-02 07:00:00,0,0,0.0,Astoria
2023-02-02 08:00:00,0,0,0.0,Astoria
2023-02-02 09:00:00,0,0,0.0,Astoria
2023-02-02 10:00:00,0,0,0.0,Astoria
2023-02-02 11:00:00,15,22,71.4,Astoria
2023-02-02 12:00:00,28,39,121.25,Astoria
2023-02-02 13:00:00,29,43,132.7,Astoria
2023-02-02 14:00:00,29,42,135.1,Astoria
2023-02-02 15:00:00,17,24,78.5,Astoria
2023-02-02 16:00:00,20,28,89.15,Astoria
2023-02-02 17:00:00,23,36,109.25,Astoria
2023-02-02 18:00:00,21,27,80.8,Astoria
2023-02-02 19:00:00,28,41,126.65,Astoria
2023-02-03 07:00:00,0,0,0.0,Astoria
2023-02-03 08:00:00,0,0,0.0,Astoria
2023-02-03 09:00:00,0,0,0.0,Astoria
2023-02-03 10:00:00,0,0,0.0,Astoria
2023-02-03 11:00:00,18,28,85.25,Astoria
2023-02-03 12:00:00,24,33,106.4,Astoria
2023-02-03 13:00:00,27,38,120.35,Astoria
2023-02-03 14:00:00,21,33,102.15,Astoria
2023-02-03 15:00:00,31,46,138.45,Astoria
2023-02-03 16:00:00,32,41,126.05,Astoria
2023-02-03 17:00:00,10,13,42.75,Astoria
2023-02-03 18:00:00,24,34,109.75,Astoria
2023-02-03 19:00:00,27,35,109.05,Astoria
2023-02-04 07:00:00,0,0,0.0,Astoria
2023-02-04 08:00:00,0,0,0.0,Astoria
2023-02-04 09:00:00,0,0,0.0,Astoria
2023-02-04 10:00:00,0,0,0.0,Astoria
2023-02-04 11:00:00,24,31,100.85,Astoria
2023-02-04 12:00:00,33,49,149.75,Astoria
2023-02-04 13:00:00,18,29,91.9,Astoria
2023-02-04 14:00:00,21,30,87.85,Astoria
2023-02-04 15:00:00,16,24,73.5,Astoria
2023-02-04 16:00:00,24,36,107.35,Astoria
2023-02-04 17:00:00,23,31,88.05,Astoria
2023-02-04 18:00:00,19,23,70.75,Astoria
2023-02-04 19:00:00,13,18,55.95,Astoria
2023-02-05 07:00:00,0,0,0.0,Astoria
2023-02-05 08:00:00,0,0,0.0,Astoria
2023-02-05 09:00:00,0,0,0.0,Astoria
2023-02-05 10:00:00,0,0,0.0,Astoria
2023-02-05 11:00:00,23,28,85.75,Astoria
2023-02-05 12:00:00,27,38,113.5,Astoria
2023-02-05 13:00:00,27,36,104.3,Astoria
2023-02-05 14:00:00,24,35,105.65,Astoria
2023-02-05 15:00:00,21,30,105.0,Astoria
2023-02-05 16:00:00,27,35,109.2,Astoria
2023-02-05 17:00:00,14,18,52.05,Astoria
2023-02-05 18:00:00,23,32,102.6,Astoria
2023-02-05 19:00:00,22,31,93.2,Astoria
2023-02-06 07:00:00,0,0,0.0,Astoria
2023-02-06 08:00:00,0,0,0.0,Astoria
2023-02-06 09:00:00,0,0,0.0,Astoria
2023-02-06 10:00:00,0,0,0.0,Astoria
2023-02-06 11:00:00,12,17,55.65,Astoria
2023-02-06 12:00:00,19,33,102.45,Astoria
2023-02-06 13:00:00,5,6,20.0,Astoria
2023-02-06 14:00:00,19,27,89.1,Astoria
2023-02-06 15:00:00,23,33,103.4,Astoria
2023-02-06 16:00:00,15,22,67.75,Astoria
2023-02-06 17:00:00,18,29,94.0,Astoria
2023-02-06 18:00:00,14,22,65.25,Astoria
2023-02-06 19:00:00,14,20,57.75,Astoria
2023-02-07 07:00:00,16,24,75.7,Astoria
2023-02-07 08:00:00,12,16,49.8,Astoria
2023-02-07 09:00:00,22,28,86.9,Astoria
2023-02-07 10:00:00,15,20,64.85,Astoria
2023-02-07 11:00:00,13,16,53.2,Astoria
2023-02-07 12:00:00,12,16,49.35,Astoria
2023-02-07 13:00:00,14,20,62.15,Astoria
2023-02-07 14:00:00,10,13,39.75,Astoria
2023-02-07 15:00:00,11,15,46.65,Astoria
2023-02-07 16:00:00,16,21,65.25,Astoria
2023-02-07 17:00:00,11,17,52.8,Astoria
2023-02-07 18:00:00,17,26,83.45,Astoria
2023-02-07 19:00:00,16,23,74.45,Astoria
2023-02-08 07:00:00,14,16,50.65,Astoria
2023-02-08 08:00:00,13,18,57.5,Astoria
2023-02-08 09:00:00,15,21,59.7,Astoria
2023-02-08 10:00:00,12,17,55.4,Astoria
2023-02-08 11:00:00,15,22,73.9,Astoria
2023-02-08 12:00:00,15,20,93.8,Astoria
2023-02-08 13:00:00,18,25,83.7,Astoria
2023-02-08 14:00:00,21,30,109.7,Astoria
2023-02-08 15:00:00,12,19,67.15,Astoria
2023-02-08 16:00:00,10,15,54.75,Astoria
2023-02-08 17:00:00,14,18,52.8,Astoria
2023-02-08 18:00:00,19,25,100.6,Astoria
2023-02-08 19:00:00,13,17,69.15,Astoria
2023-02-09 07:00:00,25,30,105.4,Astoria
2023-02-09 08:00:00,24,34,124.85,Astoria
2023-02-09 09:00:00,36,44,139.35,Astoria
2023-02-09 10:00:00,31,39,126.95,Astoria
2023-02-09 11:00:00,7,8,22.2,Astoria
2023-02-09 12:00:00,8,9,68.4,Astoria
2023-02-09 13:00:00,5,5,13.55,Astoria
2023-02-09 14:00:00,5,6,29.35,Astoria
2023-02-09 15:00:00,4,5,15.6,Astoria
2023-02-09 16:00:00,17,19,137.8,Astoria
2023-02-09 17:00:00,6,8,29.35,Astoria
2023-02-09 18:00:00,9,11,30.65,Astoria
2023-02-09 19:00:00,5,7,23.35,Astoria
2023-02-10 07:00:00,26,39,112.4,Astoria
2023-02-10 08:00:00,38,59,181.4,Astoria
2023-02-10 09:00:00,30,40,118.9,Astoria
2023-02-10 10:00:00,39,63,181.15,Astoria
2023-02-10 11:00:00,7,9,22.8,Astoria
2023-02-10 12:00:00,6,9,24.9,Astoria
2023-02-10 13:00:00,8,12,33.2,Astoria
2023-02-10 14:00:00,13,20,63.0,Astoria
2023-02-10 15:00:00,5,8,23.45,Astoria
2023-02-10 16:00:00,10,13,30.75,Astoria
2023-02-10 17:00:00,5,7,18.7,Astoria
2023-02-10 18:00:00,7,11,30.35,Astoria
2023-02-10 19:00:00,5,7,27.0,Astoria
2023-02-11 07:00:00,22,28,82.75,Astoria
2023-02-11 08:00:00,27,38,124.05,Astoria
2023-02-11 09:00:00,24,31,100.55,Astoria
2023-02-11 10:00:00,24,36,110.05,Astoria
2023-02-11 11:00:00,6,9,21.75,Astoria
2023-02-11 12:00:00,5,7,23.25,Astoria
2023-02-11 13:00:00,12,15,56.35,Astoria
2023-02-11 14:00:00,5,8,23.05,Astoria
2023-02-11 15:00:00,4,5,14.25,Astoria
2023-02-11 16:00:00,10,13,39.25,Astoria
2023-02-11 17:00:00,6,10,23.4,Astoria
2023-02-11 18:00:00,5,6,27.6,Astoria
2023-02-11 19:00:00,5,6,23.75,Astoria
2023-02-12 07:00:00,17,27,88.65,Astoria
2023-02-12 08:00:00,17,24,95.2,Astoria
2023-02-12 09:00:00,29,40,121.45,Astoria
2023-02-12 10:00:00,26,42,130.8,Astoria
2023-02-12 11:00:00,8,12,45.7,Astoria
2023-02-12 12:00:00,2,2,6.5,Astoria
2023-02-12 13:00:00,7,8,34.2,Astoria
2023-02-12 14:00:00,7,8,29.0,Astoria
2023-02-12 15:00:00,12,18,54.85,Astoria
2023-02-12 16:00:00,2,3,7.0,Astoria
2023-02-12 17:00:00,8,12,38.65,Astoria
2023-02-12 18:00:00,5,8,21.6,Astoria
2023-02-12 19:00:00,2,3,7.0,Astoria
2023-02-13 07:00:00,23,33,104.9,Astoria
2023-02-13 08:00:00,16,22,62.5,Astoria
2023-02-13 09:00:00,17,25,71.65,Astoria
2023-02-13 10:00:00,34,49,149.1,Astoria
2023-02-13 11:00:00,4,5,16.95,Astoria
2023-02-13 12:00:00,7,10,26.8,Astoria
2023-02-13 13:00:00,7,11,31.1,Astoria
2023-02-13 14:00:00,5,8,21.75,Astoria
2023-02-13 15:00:00,8,10,29.2,Astoria
2023-02-13 16:00:00,6,9,31.7,Astoria
2023-02-13 17:00:00,9,11,30.2,Astoria
2023-02-13 18:00:00,6,9,31.8,Astoria
2023-02-13 19:00:00,7,10,34.25,Astoria
2023-02-14 07:00:00,0,0,0.0,Astoria
2023-02-14 08:00:00,32,41,150.85,Astoria
2023-02-14 09:00:00,38,57,175.79999999999998,Astoria
2023-02-14 10:00:00,28,39,160.45,Astoria
2023-02-14 11:00:00,8,12,44.75,Astoria
2023-02-14 12:00:00,2,4,13.0,Astoria
2023-02-14 13:00:00,6,9,26.85,Astoria
2023-02-14 14:00:00,3,4,30.75,Astoria
2023-02-14 15:00:00,6,6,33.85,Astoria
2023-02-14 16:00:00,4,5,13.35,Astoria
2023-02-14 17:00:00,10,15,42.6,Astoria
2023-02-14 18:00:00,7,10,33.95,Astoria
2023-02-14 19:00:00,7,8,20.85,Astoria
2023-02-15 07:00:00,32,47,132.6,Astoria
2023-02-15 08:00:00,41,59,193.3,Astoria
2023-02-15 09:00:00,53,73,270.05,Astoria
2023-02-15 10:00:00,42,64,210.65,Astoria
2023-02-15 11:00:00,5,7,23.85,Astoria
2023-02-15 12:00:00,7,12,35.6,Astoria
2023-02-15 13:00:00,13,19,51.1,Astoria
2023-02-15 14:00:00,13,17,66.75,Astoria
2023-02-15 15:00:00,7,11,31.55,Astoria
2023-02-15 16:00:00,9,11,39.15,Astoria
2023-02-15 17:00:00,7,10,31.8,Astoria
2023-02-15 18:00:00,24,31,126.4,Astoria
2023-02-15 19:00:00,9,14,42.15,Astoria
2023-02-16 07:00:00,43,59,190.3,Astoria
2023-02-16 08:00:00,28,41,165.85,Astoria
2023-02-16 09:00:00,36,51,183.9,Astoria
2023-02-16 10:00:00,30,40,128.15,Astoria
2023-02-16 11:00:00,9,14,40.4,Astoria
2023-02-16 12:00:00,6,8,23.6,Astoria
2023-02-16 13:00:00,14,19,86.75,Astoria
2023-02-16 14:00:00,8,11,34.25,Astoria
2023-02-16 15:00:00,9,11,40.5,Astoria
2023-02-16 16:00:00,16,21,69.55,Astoria
2023-02-16 17:00:00,13,21,58.65,Astoria
2023-02-16 18:00:00,10,15,58.2,Astoria
2023-02-16 19:00:00,21,30,111.2,Astoria
2023-02-17 07:00:00,32,46,136.85,Astoria
2023-02-17 08:00:00,23,30,88.4,Astoria
2023-02-17 09:00:00,28,40,134.5,Astoria
2023-02-17 10:00:00,46,63,205.75,Astoria
2023-02-17 11:00:00,11,17,50.55,Astoria
2023-02-17 12:00:00,7,10,27.6,Astoria
2023-02-17 13:00:00,14,17,64.05,Astoria
2023-02-17 14:00:00,7,10,31.9,Astoria
2023-02-17 15:00:00,7,10,52.25,Astoria
2023-02-17 16:00:00,11,16,45.0,Astoria
2023-02-17 17:00:00,17,23,85.25,Astoria
2023-02-17 18:00:00,8,11,32.6,Astoria
2023-02-17 19:00:00,3,5,12.9,Astoria
2023-02-18 07:00:00,34,53,158.5,Astoria
2023-02-18 08:00:00,29,41,126.6,Astoria
2023-02-18 09:00:00,30,42,131.5,Astoria
2023-02-18 10:00:00,40,60,226.6,Astoria
2023-02-18 11:00:00,9,14,70.33,Astoria
2023-02-18 12:00:00,6,11,38.75,Astoria
2023-02-18 13:00:00,6,9,28.0,Astoria
2023-02-18 14:00:00,8,11,31.15,Astoria
2023-02-18 15:00:00,8,10,35.85,Astoria
2023-02-18 16:00:00,12,18,95.75,Astoria
2023-02-18 17:00:00,5,8,31.85,Astoria
2023-02-18 18:00:00,3,3,8.5,Astoria
2023-02-18 19:00:00,12,17,86.15,Astoria
2023-02-19 07:00:00,29,41,132.95,Astoria
2023-02-19 08:00:00,39,55,212.05,Astoria
2023-02-19 09:00:00,46,64,215.6,Astoria
2023-02-19 10:00:00,40,54,194.2,Astoria
2023-02-19 11:00:00,7,9,26.65,Astoria
2023-02-19 12:00:00,11,16,46.75,Astoria
2023-02-19 13:00:00,8,10,28.1,Astoria
2023-02-19 14:00:00,16,21,82.0,Astoria
2023-02-19 15:00:00,7,9,26.95,Astoria
2023-02-19 16:00:00,11,15,55.2,Astoria
2023-02-19 17:00:00,16,20,56.8,Astoria
2023-02-19 18:00:00,13,19,58.5,Astoria
2023-02-19 19:00:00,7,9,28.65,Astoria
2023-02-20 07:00:00,24,25,95.9,Astoria
2023-02-20 08:00:00,30,30,109.45,Astoria
2023-02-20 09:00:00,40,42,148.85,Astoria
2023-02-20 10:00:00,25,26,93.65,Astoria
2023-02-20 11:00:00,9,9,31.45,Astoria
2023-02-20 12:00:00,4,4,13.75,Astoria
2023-02-20 13:00:00,8,8,27.35,Astoria
2023-02-20 14:00:00,12,12,39.25,Astoria
2023-02-20 15:00:00,11,11,53.85,Astoria
2023-02-20 16:00:00,7,7,20.5,Astoria
2023-02-20 17:00:00,12,12,38.0,Astoria
2023-02-20 18:00:00,4,4,10.6,Astoria
2023-02-20 19:00:00,19,19,77.63,Astoria
2023-02-21 07:00:00,0,0,0.0,Astoria
2023-02-21 08:00:00,34,42,167.9,Astoria
2023-02-21 09:00:00,44,68,239.88,Astoria
2023-02-21 10:00:00,31,43,142.1,Astoria
2023-02-21 11:00:00,4,5,14.55,Astoria
2023-02-21 12:00:00,5,7,19.7,Astoria
2023-02-21 13:00:00,5,7,31.1,Astoria
2023-02-21 14:00:00,3,5,32.85,Astoria
2023-02-21 15:00:00,9,10,72.3,Astoria
2023-02-21 16:00:00,7,11,33.25,Astoria
2023-02-21 17:00:00,11,15,45.2,Astoria
2023-02-21 18:00:00,10,16,51.45,Astoria
2023-02-21 19:00:00,5,9,20.2,Astoria
2023-02-22 07:00:00,22,32,104.05,Astoria
2023-02-22 08:00:00,19,30,91.15,Astoria
2023-02-22 09:00:00,18,26,81.75,Astoria
2023-02-22 10:00:00,8,13,41.45,Astoria
2023-02-22 11:00:00,16,29,88.1,Astoria
2023-02-22 12:00:00,10,14,44.0,Astoria
2023-02-22 13:00:00,15,25,84.3,Astoria
2023-02-22 14:00:00,21,34,105.4,Astoria
2023-02-22 15:00:00,17,26,78.85,Astoria
2023-02-22 16:00:00,21,29,92.7,Astoria
2023-02-22 17:00:00,20,31,90.95,Astoria
2023-02-22 18:00:00,16,28,83.45,Astoria
2023-02-22 19:00:00,11,17,51.35,Astoria
2023-02-23 07:00:00,25,38,118.05,Astoria
2023-02-23 08:00:00,14,19,57.85,Astoria
2023-02-23 09:00:00,13,18,60.45,Astoria
2023-02-23 10:00:00,16,22,69.4,Astoria
2023-02-23 11:00:00,15,22,72.0,Astoria
2023-02-23 12:00:00,21,32,101.7,Astoria
2023-02-23 13:00:00,9,14,51.5,Astoria
2023-02-23 14:00:00,17,19,54.0,Astoria
2023-02-23 15:00:00,12,14,45.25,Astoria
2023-02-23 16:00:00,19,27,79.35,Astoria
2023-02-23 17:00:00,14,22,78.5,Astoria
2023-02-23 18:00:00,11,17,52.0,Astoria
2023-02-23 19:00:00,14,19,64.45,Astoria
2023-02-24 07:00:00,14,21,72.85,Astoria
2023-02-24 08:00:00,15,21,66.35,Astoria
2023-02-24 09:00:00,23,29,95.8,Astoria
2023-02-24 10:00:00,12,14,45.2,Astoria
2023-02-24 11:00:00,17,29,88.4,Astoria
2023-02-24 12:00:00,21,32,112.45,Astoria
2023-02-24 13:00:00,20,27,89.05,Astoria
2023-02-24 14:00:00,15,20,62.65,Astoria
2023-02-24 15:00:00,20,31,102.1,Astoria
2023-02-24 16:00:00,13,16,55.75,Astoria
2023-02-24 17:00:00,16,21,64.9,Astoria
2023-02-24 18:00:00,12,18,59.75,Astoria
2023-02-24 19:00:00,15,24,71.65,Astoria
2023-02-25 07:00:00,16,23,71.75,Astoria
2023-02-25 08:00:00,14,23,62.95,Astoria
2023-02-25 09:00:00,11,19,56.15,Astoria
2023-02-25 10:00:00,19,30,87.8,Astoria
2023-02-25 11:00:00,15,22,71.95,Astoria
2023-02-25 12:00:00,14,19,58.4,Astoria
2023-02-25 13:00:00,18,25,74.9,Astoria
2023-02-25 14:00:00,10,13,39.75,Astoria
2023-02-25 15:00:00,14,16,49.9,Astoria
2023-02-25 16:00:00,18,24,71.6,Astoria
2023-02-25 17:00:00,11,19,60.75,Astoria
2023-02-25 18:00:00,10,12,36.45,Astoria
2023-02-25 19:00:00,15,21,71.2,Astoria
2023-02-26 07:00:00,19,28,92.45,Astoria
2023-02-26 08:00:00,16,25,76.95,Astoria
2023-02-26 09:00:00,19,31,93.4,Astoria
2023-02-26 10:00:00,16,24,72.5,Astoria
2023-02-26 11:00:00,11,15,44.1,Astoria
2023-02-26 12:00:00,21,31,92.8,Astoria
2023-02-26 13:00:00,16,22,68.5,Astoria
2023-02-26 14:00:00,25,36,107.4,Astoria
2023-02-26 15:00:00,20,27,83.4,Astoria
2023-02-26 16:00:00,17,23,77.3,Astoria
2023-02-26 17:00:00,19,26,77.55,Astoria
2023-02-26 18:00:00,19,23,66.0,Astoria
2023-02-26 19:00:00,15,26,78.55,Astoria
2023-02-27 07:00:00,13,18,58.75,Astoria
2023-02-27 08:00:00,20,25,78.35,Astoria
2023-02-27 09:00:00,17,26,82.55,Astoria
2023-02-27 10:00:00,21,31,96.85,Astoria
2023-02-27 11:00:00,18,29,86.2,Astoria
2023-02-27 12:00:00,10,15,45.55,Astoria
2023-02-27 13:00:00,15,18,55.25,Astoria
2023-02-27 14:00:00,13,21,68.45,Astoria
2023-02-27 15:00:00,13,21,65.2,Astoria
2023-02-27 16:00:00,14,19,64.05,Astoria
2023-02-27 17:00:00,12,18,49.85,Astoria
2023-02-27 18:00:00,27,40,118.75,Astoria
2023-02-27 19:00:00,15,20,62.05,Astoria
2023-02-28 07:00:00,11,16,49.0,Astoria
2023-02-28 08:00:00,16,27,77.8,Astoria
2023-02-28 09:00:00,15,21,61.0,Astoria
2023-02-28 10:00:00,10,16,47.3,Astoria
2023-02-28 11:00:00,20,30,90.05,Astoria
2023-02-28 12:00:00,12,16,43.4,Astoria
2023-02-28 13:00:00,6,9,29.3,Astoria
2023-02-28 14:00:00,11,14,42.9,Astoria
2023-02-28 15:00:00,13,20,63.0,Astoria
2023-02-28 16:00:00,13,16,46.05,Astoria
2023-02-28 17:00:00,21,30,100.4,Astoria
2023-02-28 18:00:00,18,27,84.9,Astoria
2023-02-28 19:00:00,23,33,107.8,Astoria
2023-03-01 07:00:00,0,0,0.0,Astoria
2023-03-01 08:00:00,0,0,0.0,Astoria
2023-03-01 09:00:00,0,0,0.0,Astoria
2023-03-01 10:00:00,0,0,0.0,Astoria
2023-03-01 11:00:00,30,41,127.75,Astoria
2023-03-01 12:00:00,23,33,89.55,Astoria
2023-03-01 13:00:00,22,35,108.55,Astoria
2023-03-01 14:00:00,16,22,69.7,Astoria
2023-03-01 15:00:00,32,49,152.55,Astoria
2023-03-01 16:00:00,26,39,112.55,Astoria
2023-03-01 17:00:00,28,38,126.6,Astoria
2023-03-01 18:00:00,26,37,128.95,Astoria
2023-03-01 19:00:00,26,34,104.9,Astoria
2023-03-02 07:00:00,0,0,0.0,Astoria
2023-03-02 08:00:00,0,0,0.0,Astoria
2023-03-02 09:00:00,0,0,0.0,Astoria
2023-03-02 10:00:00,0,0,0.0,Astoria
2023-03-02 11:00:00,27,37,113.3,Astoria
2023-03-02 12:00:00,32,47,150.65,Astoria
2023-03-02 13:00:00,35,53,163.75,Astoria
2023-03-02 14:00:00,27,37,117.85,Astoria
2023-03-02 15:00:00,14,23,66.0,Astoria
2023-03-02 16:00:00,25,36,114.85,Astoria
2023-03-02 17:00:00,24,36,108.4,Astoria
2023-03-02 18:00:00,26,37,115.45,Astoria
2023-03-02 19:00:00,33,46,138.15,Astoria
2023-03-03 07:00:00,0,0,0.0,Astoria
2023-03-03 08:00:00,0,0,0.0,Astoria
2023-03-03 09:00:00,0,0,0.0,Astoria
2023-03-03 10:00:00,0,0,0.0,Astoria
2023-03-03 11:00:00,32,50,158.05,Astoria
2023-03-03 12:00:00,30,40,124.95,Astoria
2023-03-03 13:00:00,19,25,74.55,Astoria
2023-03-03 14:00:00,27,43,137.85,Astoria
2023-03-03 15:00:00,36,50,150.45,Astoria
2023-03-03 16:00:00,38,52,170.0,Astoria
2023-03-03 17:00:00,21,27,85.15,Astoria
2023-03-03 18:00:00,21,29,89.7,Astoria
2023-03-03 19:00:00,40,55,169.65,Astoria
2023-03-04 07:00:00,0,0,0.0,Astoria
2023-03-04 08:00:00,0,0,0.0,Astoria
2023-03-04 09:00:00,0,0,0.0,Astoria
2023-03-04 10:00:00,0,0,0.0,Astoria
2023-03-04 11:00:00,17,25,82.35,Astoria
2023-03-04 12:00:00,44,61,190.15,Astoria
2023-03-04 13:00:00,25,39,122.6,Astoria
2023-03-04 14:00:00,29,39,123.7,Astoria
2023-03-04 15:00:00,20,30,90.25,Astoria
2023-03-04 16:00:00,29,45,129.95,Astoria
2023-03-04 17:00:00,22,33,102.85,Astoria
2023-03-04 18:00:00,25,35,102.8,Astoria
2023-03-04 19:00:00,17,21,64.1,Astoria
2023-03-05 07:00:00,0,0,0.0,Astoria
2023-03-05 08:00:00,0,0,0.0,Astoria
2023-03-05 09:00:00,0,0,0.0,Astoria
2023-03-05 10:00:00,0,0,0.0,Astoria
2023-03-05 11:00:00,27,34,96.9,Astoria
2023-03-05 12:00:00,28,45,140.1,Astoria
2023-03-05 13:00:00,30,40,117.85,Astoria
2023-03-05 14:00:00,25,37,115.9,Astoria
2023-03-05 15:00:00,20,26,84.95,Astoria
2023-03-05 16:00:00,28,40,124.2,Astoria
2023-03-05 17:00:00,30,44,140.3,Astoria
2023-03-05 18:00:00,30,40,123.05,Astoria
2023-03-05 19:00:00,35,49,153.9,Astoria
2023-03-06 07:00:00,0,0,0.0,Astoria
2023-03-06 08:00:00,0,0,0.0,Astoria
2023-03-06 09:00:00,0,0,0.0,Astoria
2023-03-06 10:00:00,0,0,0.0,Astoria
2023-03-06 11:00:00,19,23,68.7,Astoria
2023-03-06 12:00:00,23,32,94.55,Astoria
2023-03-06 13:00:00,11,15,53.6,Astoria
2023-03-06 14:00:00,16,23,74.95,Astoria
2023-03-06 15:00:00,29,37,122.25,Astoria
2023-03-06 16:00:00,18,26,80.95,Astoria
2023-03-06 17:00:00,18,27,90.35,Astoria
2023-03-06 18:00:00,16,25,70.25,Astoria
2023-03-06 19:00:00,19,23,77.15,Astoria
2023-03-07 07:00:00,22,32,96.6,Astoria
2023-03-07 08:00:00,24,33,105.95,Astoria
2023-03-07 09:00:00,13,16,49.85,Astoria
2023-03-07 10:00:00,18,25,81.1,Astoria
2023-03-07 11:00:00,19,26,86.45,Astoria
2023-03-07 12:00:00,17,24,75.45,Astoria
2023-03-07 13:00:00,13,15,46.3,Astoria
2023-03-07 14:00:00,12,14,44.45,Astoria
2023-03-07 15:00:00,16,24,70.0,Astoria
2023-03-07 16:00:00,15,20,67.85,Astoria
2023-03-07 17:00:00,8,10,30.75,Astoria
2023-03-07 18:00:00,23,35,106.15,Astoria
2023-03-07 19:00:00,12,19,60.4,Astoria
2023-03-08 07:00:00,14,16,80.38,Astoria
2023-03-08 08:00:00,22,31,106.8,Astoria
2023-03-08 09:00:00,19,25,84.35,Astoria
2023-03-08 10:00:00,13,18,53.15,Astoria
2023-03-08 11:00:00,22,32,114.6,Astoria
2023-03-08 12:00:00,15,24,79.5,Astoria
2023-03-08 13:00:00,23,30,140.55,Astoria
2023-03-08 14:00:00,13,18,63.1,Astoria
2023-03-08 15:00:00,20,27,83.8,Astoria
2023-03-08 16:00:00,23,34,120.1,Astoria
2023-03-08 17:00:00,17,26,86.75,Astoria
2023-03-08 18:00:00,24,29,105.55,Astoria
2023-03-08 19:00:00,16,22,90.45,Astoria
2023-03-09 07:00:00,33,39,162.8,Astoria
2023-03-09 08:00:00,26,34,111.05,Astoria
2023-03-09 09:00:00,30,37,126.75,Astoria
2023-03-09 10:00:00,34,46,154.55,Astoria
2023-03-09 11:00:00,6,6,19.2,Astoria
2023-03-09 12:00:00,8,11,46.1,Astoria
2023-03-09 13:00:00,8,10,48.08,Astoria
2023-03-09 14:00:00,4,5,31.0,Astoria
2023-03-09 15:00:00,5,7,23.0,Astoria
2023-03-09 16:00:00,11,15,52.85,Astoria
2023-03-09 17:00:00,8,9,31.85,Astoria
2023-03-09 18:00:00,18,22,79.05,Astoria
2023-03-09 19:00:00,8,8,22.55,Astoria
2023-03-10 07:00:00,26,39,136.8,Astoria
2023-03-10 08:00:00,40,57,166.15,Astoria
2023-03-10 09:00:00,25,33,97.05,Astoria
2023-03-10 10:00:00,34,52,157.55,Astoria
2023-03-10 11:00:00,9,13,35.9,Astoria
2023-03-10 12:00:00,10,12,34.55,Astoria
2023-03-10 13:00:00,9,14,37.9,Astoria
2023-03-10 14:00:00,19,27,95.85,Astoria
2023-03-10 15:00:00,7,11,37.05,Astoria
2023-03-10 16:00:00,20,28,79.45,Astoria
2023-03-10 17:00:00,8,11,46.300000000000004,Astoria
2023-03-10 18:00:00,12,16,57.5,Astoria
2023-03-10 19:00:00,11,14,99.15,Astoria
2023-03-11 07:00:00,18,28,86.65,Astoria
2023-03-11 08:00:00,21,26,85.1,Astoria
2023-03-11 09:00:00,36,53,184.0,Astoria
2023-03-11 10:00:00,28,40,169.2,Astoria
2023-03-11 11:00:00,12,17,43.2,Astoria
2023-03-11 12:00:00,5,8,24.1,Astoria
2023-03-11 13:00:00,7,8,59.0,Astoria
2023-03-11 14:00:00,13,21,54.6,Astoria
2023-03-11 15:00:00,6,9,24.25,Astoria
2023-03-11 16:00:00,19,26,83.95,Astoria
2023-03-11 17:00:00,17,28,84.3,Astoria
2023-03-11 18:00:00,8,13,47.35,Astoria
2023-03-11 19:00:00,11,18,49.55,Astoria
2023-03-12 07:00:00,19,27,77.1,Astoria
2023-03-12 08:00:00,18,23,104.18,Astoria
2023-03-12 09:00:00,25,35,106.2,Astoria
2023-03-12 10:00:00,21,31,110.25,Astoria
2023-03-12 11:00:00,9,11,42.85,Astoria
2023-03-12 12:00:00,2,4,11.0,Astoria
2023-03-12 13:00:00,4,5,20.0,Astoria
2023-03-12 14:00:00,9,11,32.0,Astoria
2023-03-12 15:00:00,8,12,33.05,Astoria
2023-03-12 16:00:00,6,8,24.55,Astoria
2023-03-12 17:00:00,8,12,39.7,Astoria
2023-03-12 18:00:00,11,17,47.45,Astoria
2023-03-12 19:00:00,4,6,15.8,Astoria
2023-03-13 07:00:00,34,49,152.5,Astoria
2023-03-13 08:00:00,28,38,113.8,Astoria
2023-03-13 09:00:00,27,40,107.05,Astoria
2023-03-13 10:00:00,41,57,176.95,Astoria
2023-03-13 11:00:00,4,5,13.5,Astoria
2023-03-13 12:00:00,8,12,37.5,Astoria
2023-03-13 13:00:00,8,11,30.799999999999997,Astoria
2023-03-13 14:00:00,14,19,54.5,Astoria
2023-03-13 15:00:00,9,12,34.95,Astoria
2023-03-13 16:00:00,8,12,42.25,Astoria
2023-03-13 17:00:00,4,6,20.3,Astoria
2023-03-13 18:00:00,10,16,48.5,Astoria
2023-03-13 19:00:00,4,5,13.5,Astoria
2023-03-14 07:00:00,0,0,0.0,Astoria
2023-03-14 08:00:00,41,48,198.25,Astoria
2023-03-14 09:00:00,43,65,199.55,Astoria
2023-03-14 10:00:00,27,38,150.1,Astoria
2023-03-14 11:00:00,7,12,34.6,Astoria
2023-03-14 12:00:00,7,10,34.35,Astoria
2023-03-14 13:00:00,5,7,39.75,Astoria
2023-03-14 14:00:00,4,6,35.35,Astoria
2023-03-14 15:00:00,8,8,40.449999999999996,Astoria
2023-03-14 16:00:00,7,12,31.95,Astoria
2023-03-14 17:00:00,13,19,78.2,Astoria
2023-03-14 18:00:00,7,10,38.6,Astoria
2023-03-14 19:00:00,14,22,85.4,Astoria
2023-03-15 07:00:00,35,52,162.3,Astoria
2023-03-15 08:00:00,44,64,235.85,Astoria
2023-03-15 09:00:00,61,88,296.85,Astoria
2023-03-15 10:00:00,43,61,214.05,Astoria
2023-03-15 11:00:00,13,18,57.0,Astoria
2023-03-15 12:00:00,8,11,33.45,Astoria
2023-03-15 13:00:00,12,17,46.4,Astoria
2023-03-15 14:00:00,12,17,74.75,Astoria
2023-03-15 15:00:00,12,16,67.05,Astoria
2023-03-15 16:00:00,12,16,63.55,Astoria
2023-03-15 17:00:00,9,12,36.1,Astoria
2023-03-15 18:00:00,11,14,56.45,Astoria
2023-03-15 19:00:00,11,12,73.65,Astoria
2023-03-16 07:00:00,43,61,191.35,Astoria
2023-03-16 08:00:00,27,36,99.0,Astoria
2023-03-16 09:00:00,39,49,141.4,Astoria
2023-03-16 10:00:00,37,53,167.9,Astoria
2023-03-16 11:00:00,13,19,63.13,Astoria
2023-03-16 12:00:00,5,7,23.25,Astoria
2023-03-16 13:00:00,14,19,80.25,Astoria
2023-03-16 14:00:00,14,20,55.0,Astoria
2023-03-16 15:00:00,14,20,73.8,Astoria
2023-03-16 16:00:00,8,12,32.05,Astoria
2023-03-16 17:00:00,14,20,57.7,Astoria
2023-03-16 18:00:00,7,10,29.75,Astoria
2023-03-16 19:00:00,23,33,134.55,Astoria
2023-03-17 07:00:00,51,70,234.4,Astoria
2023-03-17 08:00:00,42,55,151.55,Astoria
2023-03-17 09:00:00,41,57,278.9,Astoria
2023-03-17 10:00:00,66,93,323.65,Astoria
2023-03-17 11:00:00,17,26,76.35,Astoria
2023-03-17 12:00:00,12,16,45.0,Astoria
2023-03-17 13:00:00,13,16,54.05,Astoria
2023-03-17 14:00:00,6,9,28.25,Astoria
2023-03-17 15:00:00,13,18,53.75,Astoria
2023-03-17 16:00:00,11,13,38.7,Astoria
2023-03-17 17:00:00,9,11,59.75,Astoria
2023-03-17 18:00:00,7,12,35.7,Astoria
2023-03-17 19:00:00,8,12,60.4,Astoria
2023-03-18 07:00:00,41,60,195.48,Astoria
2023-03-18 08:00:00,31,41,134.6,Astoria
2023-03-18 09:00:00,45,56,179.0,Astoria
2023-03-18 10:00:00,54,76,252.5,Astoria
2023-03-18 11:00:00,4,6,21.5,Astoria
2023-03-18 12:00:00,15,22,77.55,Astoria
2023-03-18 13:00:00,10,12,40.8,Astoria
2023-03-18 14:00:00,9,12,33.95,Astoria
2023-03-18 15:00:00,9,14,42.4,Astoria
2023-03-18 16:00:00,7,10,53.95,Astoria
2023-03-18 17:00:00,18,23,88.9,Astoria
2023-03-18 18:00:00,7,8,23.25,Astoria
2023-03-18 19:00:00,10,13,63.7,Astoria
2023-03-19 07:00:00,33,48,177.55,Astoria
2023-03-19 08:00:00,45,60,235.4,Astoria
2023-03-19 09:00:00,51,74,268.9,Astoria
2023-03-19 10:00:00,54,78,297.7,Astoria
2023-03-19 11:00:00,9,13,39.4,Astoria
2023-03-19 12:00:00,6,10,30.05,Astoria
2023-03-19 13:00:00,14,20,53.3,Astoria
2023-03-19 14:00:00,15,19,95.75,Astoria
2023-03-19 15:00:00,13,19,53.5,Astoria
2023-03-19 16:00:00,6,8,22.85,Astoria
2023-03-19 17:00:00,10,14,40.25,Astoria
2023-03-19 18:00:00,11,15,50.25,Astoria
2023-03-19 19:00:00,12,14,123.6,Astoria
2023-03-20 07:00:00,25,26,88.4,Astoria
2023-03-20 08:00:00,61,62,286.65,Astoria
2023-03-20 09:00:00,48,49,160.3,Astoria
2023-03-20 10:00:00,39,39,164.05,Astoria
2023-03-20 11:00:00,8,8,24.65,Astoria
2023-03-20 12:00:00,8,8,25.35,Astoria
2023-03-20 13:00:00,10,10,34.0,Astoria
2023-03-20 14:00:00,17,17,89.1,Astoria
2023-03-20 15:00:00,13,13,55.3,Astoria
2023-03-20 16:00:00,16,17,48.7,Astoria
2023-03-20 17:00:00,12,13,35.85,Astoria
2023-03-20 18:00:00,5,5,13.55,Astoria
2023-03-20 19:00:00,18,18,87.18,Astoria
2023-03-21 07:00:00,0,0,0.0,Astoria
2023-03-21 08:00:00,28,34,136.25,Astoria
2023-03-21 09:00:00,40,57,208.15,Astoria
2023-03-21 10:00:00,33,43,141.05,Astoria
2023-03-21 11:00:00,8,12,40.05,Astoria
2023-03-21 12:00:00,7,9,25.2,Astoria
2023-03-21 13:00:00,17,24,96.3,Astoria
2023-03-21 14:00:00,2,3,8.5,Astoria
2023-03-21 15:00:00,6,8,21.85,Astoria
2023-03-21 16:00:00,4,5,10.8,Astoria
2023-03-21 17:00:00,10,17,53.35,Astoria
2023-03-21 18:00:00,8,11,51.95,Astoria
2023-03-21 19:00:00,8,13,42.4,Astoria
2023-03-22 07:00:00,26,34,104.7,Astoria
2023-03-22 08:00:00,17,24,74.4,Astoria
2023-03-22 09:00:00,22,30,98.5,Astoria
2023-03-22 10:00:00,17,21,59.8,Astoria
2023-03-22 11:00:00,27,41,128.9,Astoria
2023-03-22 12:00:00,26,36,111.9,Astoria
2023-03-22 13:00:00,15,25,78.4,Astoria
2023-03-22 14:00:00,15,24,76.9,Astoria
2023-03-22 15:00:00,21,32,90.05,Astoria
2023-03-22 16:00:00,22,31,99.05,Astoria
2023-03-22 17:00:00,20,32,90.7,Astoria
2023-03-22 18:00:00,12,20,55.95,Astoria
2023-03-22 19:00:00,12,17,55.3,Astoria
2023-03-23 07:00:00,16,26,85.3,Astoria
2023-03-23 08:00:00,16,23,73.35,Astoria
2023-03-23 09:00:00,13,18,61.0,Astoria
2023-03-23 10:00:00,20,27,85.4,Astoria
2023-03-23 11:00:00,12,18,60.45,Astoria
2023-03-23 12:00:00,13,17,54.2,Astoria
2023-03-23 13:00:00,20,29,94.65,Astoria
2023-03-23 14:00:00,31,36,99.85,Astoria
2023-03-23 15:00:00,22,26,80.25,Astoria
2023-03-23 16:00:00,16,24,79.1,Astoria
2023-03-23 17:00:00,19,30,105.0,Astoria
2023-03-23 18:00:00,12,19,67.0,Astoria
2023-03-23 19:00:00,24,35,115.0,Astoria
2023-03-24 07:00:00,16,21,67.65,Astoria
2023-03-24 08:00:00,16,22,68.75,Astoria
2023-03-24 09:00:00,19,26,83.7,Astoria
2023-03-24 10:00:00,26,38,121.95,Astoria
2023-03-24 11:00:00,24,36,114.0,Astoria
2023-03-24 12:00:00,12,16,54.9,Astoria
2023-03-24 13:00:00,21,29,92.45,Astoria
2023-03-24 14:00:00,19,29,96.0,Astoria
2023-03-24 15:00:00,20,32,94.0,Astoria
2023-03-24 16:00:00,18,26,77.75,Astoria
2023-03-24 17:00:00,15,24,76.15,Astoria
2023-03-24 18:00:00,19,28,90.75,Astoria
2023-03-24 19:00:00,21,28,85.15,Astoria
2023-03-25 07:00:00,19,24,72.2,Astoria
2023-03-25 08:00:00,24,36,115.0,Astoria
2023-03-25 09:00:00,9,14,43.0,Astoria
2023-03-25 10:00:00,23,34,104.45,Astoria
2023-03-25 11:00:00,19,27,76.45,Astoria
2023-03-25 12:00:00,13,19,56.75,Astoria
2023-03-25 13:00:00,20,27,83.75,Astoria
2023-03-25 14:00:00,15,21,61.25,Astoria
2023-03-25 15:00:00,17,21,65.35,Astoria
2023-03-25 16:00:00,25,34,106.6,Astoria
2023-03-25 17:00:00,14,22,61.6,Astoria
2023-03-25 18:00:00,20,29,89.45,Astoria
2023-03-25 19:00:00,19,29,89.9,Astoria
2023-03-26 07:00:00,23,32,102.65,Astoria
2023-03-26 08:00:00,28,41,123.15,Astoria
2023-03-26 09:00:00,20,33,99.35,Astoria
2023-03-26 10:00:00,25,36,108.75,Astoria
2023-03-26 11:00:00,20,27,82.3,Astoria
2023-03-26 12:00:00,14,23,67.4,Astoria
2023-03-26 13:00:00,15,22,69.45,Astoria
2023-03-26 14:00:00,25,39,121.85,Astoria
2023-03-26 15:00:00,16,21,66.8,Astoria
2023-03-26 16:00:00,27,37,120.6,Astoria
2023-03-26 17:00:00,14,20,63.5,Astoria
2023-03-26 18:00:00,23,32,95.25,Astoria
2023-03-26 19:00:00,18,28,87.6,Astoria
2023-03-27 07:00:00,19,29,90.75,Astoria
2023-03-27 08:00:00,21,30,93.25,Astoria
2023-03-27 09:00:00,20,28,88.7,Astoria
2023-03-27 10:00:00,25,36,118.65,Astoria
2023-03-27 11:00:00,28,39,120.35,Astoria
2023-03-27 12:00:00,14,18,57.6,Astoria
2023-03-27 13:00:00,14,19,59.95,Astoria
2023-03-27 14:00:00,18,27,87.15,Astoria
2023-03-27 15:00:00,22,32,97.25,Astoria
2023-03-27 16:00:00,15,23,72.95,Astoria
2023-03-27 17:00:00,16,24,77.3,Astoria
2023-03-27 18:00:00,15,23,68.15,Astoria
2023-03-27 19:00:00,22,32,91.95,Astoria
2023-03-28 07:00:00,20,30,83.3,Astoria
2023-03-28 08:00:00,16,23,73.2,Astoria
2023-03-28 09:00:00,12,20,64.0,Astoria
2023-03-28 10:00:00,17,26,73.7,Astoria
2023-03-28 11:00:00,25,38,110.45,Astoria
2023-03-28 12:00:00,18,25,79.0,Astoria
2023-03-28 13:00:00,12,17,54.3,Astoria
2023-03-28 14:00:00,10,13,42.95,Astoria
2023-03-28 15:00:00,20,31,96.15,Astoria
2023-03-28 16:00:00,20,30,92.2,Astoria
2023-03-28 17:00:00,14,20,64.4,Astoria
2023-03-28 18:00:00,10,14,44.35,Astoria
2023-03-28 19:00:00,19,25,76.75,Astoria
2023-03-29 07:00:00,23,32,97.4,Astoria
2023-03-29 08:00:00,16,25,84.3,Astoria
2023-03-29 09:00:00,21,27,83.7,Astoria
2023-03-29 10:00:00,26,33,102.15,Astoria
2023-03-29 11:00:00,10,13,41.45,Astoria
2023-03-29 12:00:00,16,22,63.35,Astoria
2023-03-29 13:00:00,19,25,80.05,Astoria
2023-03-29 14:00:00,17,23,67.8,Astoria
2023-03-29 15:00:00,20,26,79.6,Astoria
2023-03-29 16:00:00,17,24,70.6,Astoria
2023-03-29 17:00:00,16,25,85.7,Astoria
2023-03-29 18:00:00,17,26,76.95,Astoria
2023-03-29 19:00:00,13,16,45.75,Astoria
2023-03-30 07:00:00,21,29,86.9,Astoria
2023-03-30 08:00:00,30,42,136.25,Astoria
2023-03-30 09:00:00,27,38,125.75,Astoria
2023-03-30 10:00:00,22,29,92.4,Astoria
2023-03-30 11:00:00,17,24,70.9,Astoria
2023-03-30 12:00:00,10,17,50.05,Astoria
2023-03-30 13:00:00,12,19,59.6,Astoria
2023-03-30 14:00:00,11,17,60.7,Astoria
2023-03-30 15:00:00,13,17,59.8,Astoria
2023-03-30 16:00:00,12,15,45.65,Astoria
2023-03-30 17:00:00,15,22,66.8,Astoria
2023-03-30 18:00:00,16,20,59.8,Astoria
2023-03-30 19:00:00,12,18,52.45,Astoria
2023-03-31 07:00:00,13,18,58.75,Astoria
2023-03-31 08:00:00,23,32,89.1,Astoria
2023-03-31 09:00:00,30,43,118.55,Astoria
2023-03-31 10:00:00,29,41,128.2,Astoria
2023-03-31 11:00:00,16,22,62.45,Astoria
2023-03-31 12:00:00,13,18,55.75,Astoria
2023-03-31 13:00:00,9,12,41.2,Astoria
2023-03-31 14:00:00,10,14,47.45,Astoria
2023-03-31 15:00:00,8,9,32.75,Astoria
2023-03-31 16:00:00,12,18,56.45,Astoria
2023-03-31 17:00:00,21,30,103.7,Astoria
2023-03-31 18:00:00,7,9,29.25,Astoria
2023-03-31 19:00:00,19,26,91.55,Astoria
2023-04-01 07:00:00,0,0,0.0,Astoria
2023-04-01 08:00:00,0,0,0.0,Astoria
2023-04-01 09:00:00,0,0,0.0,Astoria
2023-04-01 10:00:00,0,0,0.0,Astoria
2023-04-01 11:00:00,36,51,150.3,Astoria
2023-04-01 12:00:00,50,73,206.45,Astoria
2023-04-01 13:00:00,23,34,102.0,Astoria
2023-04-01 14:00:00,19,24,71.65,Astoria
2023-04-01 15:00:00,37,55,169.85,Astoria
2023-04-01 16:00:00,40,60,181.35,Astoria
2023-04-01 17:00:00,26,37,118.75,Astoria
2023-04-01 18:00:00,37,54,174.85,Astoria
2023-04-01 19:00:00,34,45,141.3,Astoria
2023-04-02 07:00:00,0,0,0.0,Astoria
2023-04-02 08:00:00,0,0,0.0,Astoria
2023-04-02 09:00:00,0,0,0.0,Astoria
2023-04-02 10:00:00,0,0,0.0,Astoria
2023-04-02 11:00:00,23,35,109.1,Astoria
2023-04-02 12:00:00,36,52,169.9,Astoria
2023-04-02 13:00:00,33,50,151.5,Astoria
2023-04-02 14:00:00,31,47,152.95,Astoria
2023-04-02 15:00:00,30,45,136.25,Astoria
2023-04-02 16:00:00,32,41,128.5,Astoria
2023-04-02 17:00:00,38,57,181.75,Astoria
2023-04-02 18:00:00,33,50,153.95,Astoria
2023-04-02 19:00:00,38,53,167.45,Astoria
2023-04-03 07:00:00,0,0,0.0,Astoria
2023-04-03 08:00:00,0,0,0.0,Astoria
2023-04-03 09:00:00,0,0,0.0,Astoria
2023-04-03 10:00:00,0,0,0.0,Astoria
2023-04-03 11:00:00,44,69,225.25,Astoria
2023-04-03 12:00:00,34,46,154.95,Astoria
2023-04-03 13:00:00,31,49,154.45,Astoria
2023-04-03 14:00:00,30,48,147.7,Astoria
2023-04-03 15:00:00,32,42,121.95,Astoria
2023-04-03 16:00:00,34,49,148.25,Astoria
2023-04-03 17:00:00,21,26,73.35,Astoria
2023-04-03 18:00:00,33,46,146.05,Astoria
2023-04-03 19:00:00,39,54,161.45,Astoria
2023-04-04 07:00:00,0,0,0.0,Astoria
2023-04-04 08:00:00,0,0,0.0,Astoria
2023-04-04 09:00:00,0,0,0.0,Astoria
2023-04-04 10:00:00,0,0,0.0,Astoria
2023-04-04 11:00:00,28,37,123.15,Astoria
2023-04-04 12:00:00,35,47,152.1,Astoria
2023-04-04 13:00:00,36,54,170.8,Astoria
2023-04-04 14:00:00,21,26,78.9,Astoria
2023-04-04 15:00:00,26,40,120.8,Astoria
2023-04-04 16:00:00,31,47,137.35,Astoria
2023-04-04 17:00:00,37,54,165.35,Astoria
2023-04-04 18:00:00,25,34,108.95,Astoria
2023-04-04 19:00:00,23,32,93.35,Astoria
2023-04-05 07:00:00,0,0,0.0,Astoria
2023-04-05 08:00:00,0,0,0.0,Astoria
2023-04-05 09:00:00,0,0,0.0,Astoria
2023-04-05 10:00:00,0,0,0.0,Astoria
2023-04-05 11:00:00,32,38,116.5,Astoria
2023-04-05 12:00:00,39,60,186.7,Astoria
2023-04-05 13:00:00,31,42,118.8,Astoria
2023-04-05 14:00:00,26,36,110.1,Astoria
2023-04-05 15:00:00,27,37,122.9,Astoria
2023-04-05 16:00:00,32,44,139.9,Astoria
2023-04-05 17:00:00,30,47,139.05,Astoria
2023-04-05 18:00:00,36,47,146.0,Astoria
2023-04-05 19:00:00,37,49,162.2,Astoria
2023-04-06 07:00:00,0,0,0.0,Astoria
2023-04-06 08:00:00,0,0,0.0,Astoria
2023-04-06 09:00:00,0,0,0.0,Astoria
2023-04-06 10:00:00,0,0,0.0,Astoria
2023-04-06 11:00:00,28,39,120.8,Astoria
2023-04-06 12:00:00,24,37,112.15,Astoria
2023-04-06 13:00:00,18,22,70.65,Astoria
2023-04-06 14:00:00,21,31,100.85,Astoria
2023-04-06 15:00:00,32,44,142.15,Astoria
2023-04-06 16:00:00,26,38,122.2,Astoria
2023-04-06 17:00:00,24,34,111.75,Astoria
2023-04-06 18:00:00,25,36,106.2,Astoria
2023-04-06 19:00:00,29,37,116.2,Astoria
2023-04-07 07:00:00,23,35,111.75,Astoria
2023-04-07 08:00:00,32,42,135.5,Astoria
2023-04-07 09:00:00,20,27,81.15,Astoria
2023-04-07 10:00:00,21,30,91.45,Astoria
2023-04-07 11:00:00,14,18,62.0,Astoria
2023-04-07 12:00:00,21,30,89.35,Astoria
2023-04-07 13:00:00,14,19,60.5,Astoria
2023-04-07 14:00:00,20,26,76.65,Astoria
2023-04-07 15:00:00,22,31,97.55,Astoria
2023-04-07 16:00:00,19,25,76.55,Astoria
2023-04-07 17:00:00,11,15,46.95,Astoria
2023-04-07 18:00:00,26,37,118.4,Astoria
2023-04-07 19:00:00,19,28,90.8,Astoria
2023-04-08 07:00:00,18,20,80.78,Astoria
2023-04-08 08:00:00,18,27,81.2,Astoria
2023-04-08 09:00:00,23,33,104.0,Astoria
2023-04-08 10:00:00,18,22,80.85,Astoria
2023-04-08 11:00:00,25,40,136.15,Astoria
2023-04-08 12:00:00,33,47,201.8,Astoria
2023-04-08 13:00:00,22,27,99.25,Astoria
2023-04-08 14:00:00,30,46,163.85,Astoria
2023-04-08 15:00:00,26,35,115.4,Astoria
2023-04-08 16:00:00,25,38,132.25,Astoria
2023-04-08 17:00:00,25,39,140.0,Astoria
2023-04-08 18:00:00,21,25,100.95,Astoria
2023-04-08 19:00:00,32,45,195.45,Astoria
2023-04-09 07:00:00,38,49,177.2,Astoria
2023-04-09 08:00:00,46,55,192.7,Astoria
2023-04-09 09:00:00,28,35,109.7,Astoria
2023-04-09 10:00:00,43,57,205.58,Astoria
2023-04-09 11:00:00,6,8,26.65,Astoria
2023-04-09 12:00:00,11,15,106.45,Astoria
2023-04-09 13:00:00,15,18,63.05,Astoria
2023-04-09 14:00:00,9,12,49.4,Astoria
2023-04-09 15:00:00,11,14,43.1,Astoria
2023-04-09 16:00:00,13,14,63.05,Astoria
2023-04-09 17:00:00,7,9,38.1,Astoria
2023-04-09 18:00:00,16,21,77.0,Astoria
2023-04-09 19:00:00,11,13,40.2,Astoria
2023-04-10 07:00:00,52,74,236.05,Astoria
2023-04-10 08:00:00,42,68,193.45,Astoria
2023-04-10 09:00:00,51,71,231.25,Astoria
2023-04-10 10:00:00,49,71,211.35,Astoria
2023-04-10 11:00:00,6,9,22.3,Astoria
2023-04-10 12:00:00,9,12,34.35,Astoria
2023-04-10 13:00:00,12,17,53.55,Astoria
2023-04-10 14:00:00,13,18,59.5,Astoria
2023-04-10 15:00:00,5,8,24.55,Astoria
2023-04-10 16:00:00,16,20,76.0,Astoria
2023-04-10 17:00:00,12,17,45.75,Astoria
2023-04-10 18:00:00,11,15,68.2,Astoria
2023-04-10 19:00:00,10,16,99.15,Astoria
2023-04-11 07:00:00,27,41,126.6,Astoria
2023-04-11 08:00:00,42,61,209.4,Astoria
2023-04-11 09:00:00,49,71,218.85,Astoria
2023-04-11 10:00:00,46,69,213.85,Astoria
2023-04-11 11:00:00,10,15,43.1,Astoria
2023-04-11 12:00:00,11,16,57.1,Astoria
2023-04-11 13:00:00,10,13,39.9,Astoria
2023-04-11 14:00:00,16,25,67.1,Astoria
2023-04-11 15:00:00,6,9,24.25,Astoria
2023-04-11 16:00:00,24,32,100.4,Astoria
2023-04-11 17:00:00,19,30,98.45,Astoria
2023-04-11 18:00:00,9,15,57.65,Astoria
2023-04-11 19:00:00,9,14,38.35,Astoria
2023-04-12 07:00:00,20,31,94.65,Astoria
2023-04-12 08:00:00,29,36,130.53,Astoria
2023-04-12 09:00:00,41,57,190.2,Astoria
2023-04-12 10:00:00,21,34,118.8,Astoria
2023-04-12 11:00:00,12,17,57.45,Astoria
2023-04-12 12:00:00,6,8,25.05,Astoria
2023-04-12 13:00:00,16,21,73.65,Astoria
2023-04-12 14:00:00,10,13,42.8,Astoria
2023-04-12 15:00:00,12,18,73.8,Astoria
2023-04-12 16:00:00,7,8,17.85,Astoria
2023-04-12 17:00:00,12,19,66.75,Astoria
2023-04-12 18:00:00,11,18,51.5,Astoria
2023-04-12 19:00:00,6,7,15.6,Astoria
2023-04-13 07:00:00,45,62,189.5,Astoria
2023-04-13 08:00:00,40,49,144.25,Astoria
2023-04-13 09:00:00,38,54,169.55,Astoria
2023-04-13 10:00:00,43,62,182.1,Astoria
2023-04-13 11:00:00,8,9,28.0,Astoria
2023-04-13 12:00:00,11,15,44.5,Astoria
2023-04-13 13:00:00,3,4,9.5,Astoria
2023-04-13 14:00:00,14,18,52.5,Astoria
2023-04-13 15:00:00,11,15,46.75,Astoria
2023-04-13 16:00:00,13,20,65.25,Astoria
2023-04-13 17:00:00,7,9,28.5,Astoria
2023-04-13 18:00:00,14,19,57.2,Astoria
2023-04-13 19:00:00,12,17,52.1,Astoria
2023-04-14 07:00:00,0,0,0.0,Astoria
2023-04-14 08:00:00,29,38,156.2,Astoria
2023-04-14 09:00:00,50,71,264.43,Astoria
2023-04-14 10:00:00,44,62,227.5,Astoria
2023-04-14 11:00:00,11,19,59.1,Astoria
2023-04-14 12:00:00,5,8,25.75,Astoria
2023-04-14 13:00:00,11,16,58.5,Astoria
2023-04-14 14:00:00,6,9,47.25,Astoria
2023-04-14 15:00:00,11,13,56.45,Astoria
2023-04-14 16:00:00,10,16,42.55,Astoria
2023-04-14 17:00:00,21,32,113.6,Astoria
2023-04-14 18:00:00,12,17,56.1,Astoria
2023-04-14 19:00:00,13,21,88.4,Astoria
2023-04-15 07:00:00,52,73,246.63,Astoria
2023-04-15 08:00:00,45,66,233.78,Astoria
2023-04-15 09:00:00,58,82,307.0,Astoria
2023-04-15 10:00:00,50,77,243.9,Astoria
2023-04-15 11:00:00,13,19,84.35,Astoria
2023-04-15 12:00:00,16,23,65.8,Astoria
2023-04-15 13:00:00,10,16,44.5,Astoria
2023-04-15 14:00:00,8,12,36.75,Astoria
2023-04-15 15:00:00,16,23,89.75,Astoria
2023-04-15 16:00:00,13,20,68.15,Astoria
2023-04-15 17:00:00,20,28,87.15,Astoria
2023-04-15 18:00:00,17,21,79.75,Astoria
2023-04-15 19:00:00,8,10,35.15,Astoria
2023-04-16 07:00:00,50,71,216.9,Astoria
2023-04-16 08:00:00,48,68,245.9,Astoria
2023-04-16 09:00:00,46,59,176.4,Astoria
2023-04-16 10:00:00,67,89,276.45,Astoria
2023-04-16 11:00:00,15,22,85.88,Astoria
2023-04-16 12:00:00,5,8,25.9,Astoria
2023-04-16 13:00:00,21,27,83.2,Astoria
2023-04-16 14:00:00,11,15,42.4,Astoria
2023-04-16 15:00:00,15,20,73.4,Astoria
2023-04-16 16:00:00,11,15,52.25,Astoria
2023-04-16 17:00:00,14,19,57.7,Astoria
2023-04-16 18:00:00,13,19,65.2,Astoria
2023-04-16 19:00:00,11,19,80.5,Astoria
2023-04-17 07:00:00,59,84,260.7,Astoria
2023-04-17 08:00:00,36,50,145.1,Astoria
2023-04-17 09:00:00,42,60,216.35,Astoria
2023-04-17 10:00:00,70,100,356.7,Astoria
2023-04-17 11:00:00,16,26,94.75,Astoria
2023-04-17 12:00:00,7,10,29.5,Astoria
2023-04-17 13:00:00,10,15,52.8,Astoria
2023-04-17 14:00:00,15,24,67.95,Astoria
2023-04-17 15:00:00,8,10,32.0,Astoria
2023-04-17 16:00:00,14,20,59.3,Astoria
2023-04-17 17:00:00,18,26,107.3,Astoria
2023-04-17 18:00:00,8,13,39.7,Astoria
2023-04-17 19:00:00,12,19,81.45,Astoria
2023-04-18 07:00:00,43,58,185.55,Astoria
2023-04-18 08:00:00,39,56,182.3,Astoria
2023-04-18 09:00:00,42,59,173.5,Astoria
2023-04-18 10:00:00,81,114,440.98,Astoria
2023-04-18 11:00:00,14,22,96.83,Astoria
2023-04-18 12:00:00,15,23,74.5,Astoria
2023-04-18 13:00:00,11,16,48.9,Astoria
2023-04-18 14:00:00,17,27,84.58,Astoria
2023-04-18 15:00:00,6,9,26.8,Astoria
2023-04-18 16:00:00,14,19,102.0,Astoria
2023-04-18 17:00:00,24,31,136.6,Astoria
2023-04-18 18:00:00,4,4,11.0,Astoria
2023-04-18 19:00:00,12,15,45.25,Astoria
2023-04-19 07:00:00,39,57,207.4,Astoria
2023-04-19 08:00:00,64,88,330.23,Astoria
2023-04-19 09:00:00,67,95,338.7,Astoria
2023-04-19 10:00:00,55,76,257.15,Astoria
2023-04-19 11:00:00,17,26,78.25,Astoria
2023-04-19 12:00:00,10,14,40.15,Astoria
2023-04-19 13:00:00,14,20,57.800000000000004,Astoria
2023-04-19 14:00:00,22,29,104.75,Astoria
2023-04-19 15:00:00,9,12,58.45,Astoria
2023-04-19 16:00:00,9,14,52.25,Astoria
2023-04-19 17:00:00,11,17,53.45,Astoria
2023-04-19 18:00:00,19,23,85.7,Astoria
2023-04-19 19:00:00,13,17,74.65,Astoria
2023-04-20 07:00:00,20,20,62.2,Astoria
2023-04-20 08:00:00,60,60,289.85,Astoria
2023-04-20 09:00:00,48,50,152.65,Astoria
2023-04-20 10:00:00,32,33,114.6,Astoria
2023-04-20 11:00:00,7,7,19.05,Astoria
2023-04-20 12:00:00,12,12,44.7,Astoria
2023-04-20 13:00:00,11,11,34.9,Astoria
2023-04-20 14:00:00,19,19,82.4,Astoria
2023-04-20 15:00:00,13,13,42.6,Astoria
2023-04-20 16:00:00,18,19,114.8,Astoria
2023-04-20 17:00:00,10,11,30.3,Astoria
2023-04-20 18:00:00,13,13,82.25,Astoria
2023-04-20 19:00:00,26,26,93.65,Astoria
2023-04-21 07:00:00,0,0,0.0,Astoria
2023-04-21 08:00:00,45,56,210.95,Astoria
2023-04-21 09:00:00,54,84,279.98,Astoria
2023-04-21 10:00:00,35,50,175.85,Astoria
2023-04-21 11:00:00,8,13,41.25,Astoria
2023-04-21 12:00:00,5,6,17.1,Astoria
2023-04-21 13:00:00,5,7,29.2,Astoria
2023-04-21 14:00:00,7,11,34.3,Astoria
2023-04-21 15:00:00,9,11,102.45,Astoria
2023-04-21 16:00:00,7,11,29.85,Astoria
2023-04-21 17:00:00,9,14,41.85,Astoria
2023-04-21 18:00:00,14,19,54.15,Astoria
2023-04-21 19:00:00,15,23,84.95,Astoria
2023-04-22 07:00:00,24,36,109.8,Astoria
2023-04-22 08:00:00,20,29,88.15,Astoria
2023-04-22 09:00:00,16,22,70.2,Astoria
2023-04-22 10:00:00,26,35,111.7,Astoria
2023-04-22 11:00:00,26,39,124.85,Astoria
2023-04-22 12:00:00,24,35,108.3,Astoria
2023-04-22 13:00:00,24,43,131.35,Astoria
2023-04-22 14:00:00,20,30,97.5,Astoria
2023-04-22 15:00:00,21,31,97.05,Astoria
2023-04-22 16:00:00,28,38,117.75,Astoria
2023-04-22 17:00:00,23,34,101.25,Astoria
2023-04-22 18:00:00,14,22,69.1,Astoria
2023-04-22 19:00:00,12,20,64.95,Astoria
2023-04-23 07:00:00,27,40,130.05,Astoria
2023-04-23 08:00:00,26,34,105.95,Astoria
2023-04-23 09:00:00,22,35,119.7,Astoria
2023-04-23 10:00:00,22,32,99.2,Astoria
2023-04-23 11:00:00,24,37,125.1,Astoria
2023-04-23 12:00:00,25,38,116.1,Astoria
2023-04-23 13:00:00,18,27,92.7,Astoria
2023-04-23 14:00:00,22,26,74.95,Astoria
2023-04-23 15:00:00,23,30,93.35,Astoria
2023-04-23 16:00:00,26,38,123.0,Astoria
2023-04-23 17:00:00,22,30,99.5,Astoria
2023-04-23 18:00:00,18,29,98.6,Astoria
2023-04-23 19:00:00,21,32,105.85,Astoria
2023-04-24 07:00:00,33,45,136.3,Astoria
2023-04-24 08:00:00,28,38,121.2,Astoria
2023-04-24 09:00:00,28,38,114.95,Astoria
2023-04-24 10:00:00,30,44,140.5,Astoria
2023-04-24 11:00:00,36,52,167.75,Astoria
2023-04-24 12:00:00,16,21,68.7,Astoria
2023-04-24 13:00:00,27,39,119.45,Astoria
2023-04-24 14:00:00,31,41,131.9,Astoria
2023-04-24 15:00:00,27,39,126.55,Astoria
2023-04-24 16:00:00,22,30,98.1,Astoria
2023-04-24 17:00:00,18,29,92.6,Astoria
2023-04-24 18:00:00,27,41,122.6,Astoria
2023-04-24 19:00:00,24,33,99.2,Astoria
2023-04-25 07:00:00,22,32,100.0,Astoria
2023-04-25 08:00:00,25,40,115.60000000000001,Astoria
2023-04-25 09:00:00,17,27,75.35,Astoria
2023-04-25 10:00:00,21,34,109.1,Astoria
2023-04-25 11:00:00,26,37,113.05,Astoria
2023-04-25 12:00:00,26,35,98.85,Astoria
2023-04-25 13:00:00,28,35,108.2,Astoria
2023-04-25 14:00:00,18,25,80.2,Astoria
2023-04-25 15:00:00,22,26,83.9,Astoria
2023-04-25 16:00:00,19,25,76.1,Astoria
2023-04-25 17:00:00,25,38,112.7,Astoria
2023-04-25 18:00:00,23,33,99.85,Astoria
2023-04-25 19:00:00,29,43,133.2,Astoria
2023-04-26 07:00:00,20,31,100.5,Astoria
2023-04-26 08:00:00,23,32,103.9,Astoria
2023-04-26 09:00:00,31,46,148.0,Astoria
2023-04-26 10:00:00,21,31,91.65,Astoria
2023-04-26 11:00:00,26,37,113.95,Astoria
2023-04-26 12:00:00,20,28,86.8,Astoria
2023-04-26 13:00:00,26,34,107.9,Astoria
2023-04-26 14:00:00,33,48,153.6,Astoria
2023-04-26 15:00:00,18,25,75.45,Astoria
2023-04-26 16:00:00,32,45,142.6,Astoria
2023-04-26 17:00:00,25,36,111.7,Astoria
2023-04-26 18:00:00,23,32,102.0,Astoria
2023-04-26 19:00:00,23,36,109.45,Astoria
2023-04-27 07:00:00,22,31,94.9,Astoria
2023-04-27 08:00:00,28,36,107.3,Astoria
2023-04-27 09:00:00,24,36,113.15,Astoria
2023-04-27 10:00:00,25,37,119.9,Astoria
2023-04-27 11:00:00,28,40,125.6,Astoria
2023-04-27 12:00:00,24,36,110.65,Astoria
2023-04-27 13:00:00,20,28,86.25,Astoria
2023-04-27 14:00:00,19,27,85.95,Astoria
2023-04-27 15:00:00,28,38,120.05,Astoria
2023-04-27 16:00:00,24,36,120.05,Astoria
2023-04-27 17:00:00,21,34,107.4,Astoria
2023-04-27 18:00:00,28,41,121.0,Astoria
2023-04-27 19:00:00,26,41,127.35,Astoria
2023-04-28 07:00:00,30,46,131.35,Astoria
2023-04-28 08:00:00,21,33,100.4,Astoria
2023-04-28 09:00:00,17,23,66.65,Astoria
2023-04-28 10:00:00,9,13,40.8,Astoria
2023-04-28 11:00:00,19,30,91.3,Astoria
2023-04-28 12:00:00,22,33,102.05,Astoria
2023-04-28 13:00:00,19,26,82.65,Astoria
2023-04-28 14:00:00,23,28,86.9,Astoria
2023-04-28 15:00:00,21,32,103.85,Astoria
2023-04-28 16:00:00,15,20,56.05,Astoria
2023-04-28 17:00:00,31,45,138.55,Astoria
2023-04-28 18:00:00,18,26,81.85,Astoria
2023-04-28 19:00:00,25,31,90.3,Astoria
2023-04-29 07:00:00,17,23,75.6,Astoria
2023-04-29 08:00:00,17,23,71.55,Astoria
2023-04-29 09:00:00,17,23,66.0,Astoria
2023-04-29 10:00:00,21,29,92.55,Astoria
2023-04-29 11:00:00,11,16,48.7,Astoria
2023-04-29 12:00:00,21,32,96.4,Astoria
2023-04-29 13:00:00,19,27,90.9,Astoria
2023-04-29 14:00:00,18,24,72.55,Astoria
2023-04-29 15:00:00,25,35,117.3,Astoria
2023-04-29 16:00:00,17,24,79.5,Astoria
2023-04-29 17:00:00,20,29,91.15,Astoria
2023-04-29 18:00:00,24,34,105.3,Astoria
2023-04-29 19:00:00,25,36,116.55,Astoria
2023-04-30 07:00:00,18,26,77.5,Astoria
2023-04-30 08:00:00,28,34,123.39999999999999,Astoria
2023-04-30 09:00:00,36,49,139.7,Astoria
2023-04-30 10:00:00,42,60,201.65,Astoria
2023-04-30 11:00:00,8,13,41.0,Astoria
2023-04-30 12:00:00,19,24,72.65,Astoria
2023-04-30 13:00:00,27,43,124.6,Astoria
2023-04-30 14:00:00,14,18,54.1,Astoria
2023-04-30 15:00:00,20,29,92.25,Astoria
2023-04-30 16:00:00,27,38,125.45,Astoria
2023-04-30 17:00:00,8,12,38.9,Astoria
2023-04-30 18:00:00,17,22,107.9,Astoria
2023-04-30 19:00:00,13,18,76.5,Astoria
2023-05-01 07:00:00,0,0,0.0,Astoria
2023-05-01 08:00:00,0,0,0.0,Astoria
2023-05-01 09:00:00,0,0,0.0,Astoria
2023-05-01 10:00:00,0,0,0.0,Astoria
2023-05-01 11:00:00,49,74,226.15,Astoria
2023-05-01 12:00:00,49,70,204.15,Astoria
2023-05-01 13:00:00,35,52,161.7,Astoria
2023-05-01 14:00:00,28,40,130.05,Astoria
2023-05-01 15:00:00,46,67,213.05,Astoria
2023-05-01 16:00:00,52,75,231.7,Astoria
2023-05-01 17:00:00,41,55,174.25,Astoria
2023-05-01 18:00:00,35,48,154.15,Astoria
2023-05-01 19:00:00,41,52,162.45,Astoria
2023-05-02 07:00:00,0,0,0.0,Astoria
2023-05-02 08:00:00,0,0,0.0,Astoria
2023-05-02 09:00:00,0,0,0.0,Astoria
2023-05-02 10:00:00,0,0,0.0,Astoria
2023-05-02 11:00:00,38,56,180.2,Astoria
2023-05-02 12:00:00,46,64,203.25,Astoria
2023-05-02 13:00:00,60,89,270.75,Astoria
2023-05-02 14:00:00,41,58,182.05,Astoria
2023-05-02 15:00:00,37,52,163.85,Astoria
2023-05-02 16:00:00,34,47,148.05,Astoria
2023-05-02 17:00:00,47,71,220.45,Astoria
2023-05-02 18:00:00,48,67,204.55,Astoria
2023-05-02 19:00:00,42,60,185.3,Astoria
2023-05-03 07:00:00,0,0,0.0,Astoria
2023-05-03 08:00:00,0,0,0.0,Astoria
2023-05-03 09:00:00,0,0,0.0,Astoria
2023-05-03 10:00:00,0,0,0.0,Astoria
2023-05-03 11:00:00,52,82,256.3,Astoria
2023-05-03 12:00:00,33,46,142.3,Astoria
2023-05-03 13:00:00,43,64,198.2,Astoria
2023-05-03 14:00:00,35,50,158.8,Astoria
2023-05-03 15:00:00,55,74,227.5,Astoria
2023-05-03 16:00:00,50,68,215.7,Astoria
2023-05-03 17:00:00,36,48,147.75,Astoria
2023-05-03 18:00:00,46,67,205.25,Astoria
2023-05-03 19:00:00,52,68,208.65,Astoria
2023-05-04 07:00:00,0,0,0.0,Astoria
2023-05-04 08:00:00,0,0,0.0,Astoria
2023-05-04 09:00:00,0,0,0.0,Astoria
2023-05-04 10:00:00,0,0,0.0,Astoria
2023-05-04 11:00:00,37,51,164.8,Astoria
2023-05-04 12:00:00,63,84,264.15,Astoria
2023-05-04 13:00:00,43,65,208.45,Astoria
2023-05-04 14:00:00,39,55,178.75,Astoria
2023-05-04 15:00:00,37,56,175.75,Astoria
2023-05-04 16:00:00,47,72,212.35,Astoria
2023-05-04 17:00:00,49,67,204.85,Astoria
2023-05-04 18:00:00,33,48,147.1,Astoria
2023-05-04 19:00:00,37,49,153.65,Astoria
2023-05-05 07:00:00,0,0,0.0,Astoria
2023-05-05 08:00:00,0,0,0.0,Astoria
2023-05-05 09:00:00,0,0,0.0,Astoria
2023-05-05 10:00:00,0,0,0.0,Astoria
2023-05-05 11:00:00,35,40,117.4,Astoria
2023-05-05 12:00:00,52,76,234.1,Astoria
2023-05-05 13:00:00,39,57,168.15,Astoria
2023-05-05 14:00:00,43,63,203.45,Astoria
2023-05-05 15:00:00,40,56,184.9,Astoria
2023-05-05 16:00:00,50,72,229.6,Astoria
2023-05-05 17:00:00,32,49,155.6,Astoria
2023-05-05 18:00:00,50,72,225.95,Astoria
2023-05-05 19:00:00,46,69,207.5,Astoria
2023-05-06 07:00:00,0,0,0.0,Astoria
2023-05-06 08:00:00,0,0,0.0,Astoria
2023-05-06 09:00:00,0,0,0.0,Astoria
2023-05-06 10:00:00,0,0,0.0,Astoria
2023-05-06 11:00:00,23,29,94.6,Astoria
2023-05-06 12:00:00,39,59,181.9,Astoria
2023-05-06 13:00:00,24,31,99.25,Astoria
2023-05-06 14:00:00,31,44,140.35,Astoria
2023-05-06 15:00:00,46,63,213.3,Astoria
2023-05-06 16:00:00,34,47,139.45,Astoria
2023-05-06 17:00:00,33,48,150.05,Astoria
2023-05-06 18:00:00,26,42,120.75,Astoria
2023-05-06 19:00:00,35,51,153.4,Astoria
2023-05-07 07:00:00,39,56,174.9,Astoria
2023-05-07 08:00:00,29,42,135.6,Astoria
2023-05-07 09:00:00,26,35,108.2,Astoria
2023-05-07 10:00:00,23,31,92.2,Astoria
2023-05-07 11:00:00,22,31,102.4,Astoria
2023-05-07 12:00:00,31,43,137.5,Astoria
2023-05-07 13:00:00,18,23,77.7,Astoria
2023-05-07 14:00:00,22,27,82.2,Astoria
2023-05-07 15:00:00,22,32,92.35,Astoria
2023-05-07 16:00:00,29,39,126.7,Astoria
2023-05-07 17:00:00,10,15,47.35,Astoria
2023-05-07 18:00:00,32,48,146.4,Astoria
2023-05-07 19:00:00,21,30,93.1,Astoria
2023-05-08 07:00:00,24,27,111.93,Astoria
2023-05-08 08:00:00,39,57,183.8,Astoria
2023-05-08 09:00:00,25,34,96.6,Astoria
2023-05-08 10:00:00,29,39,130.65,Astoria
2023-05-08 11:00:00,23,32,108.2,Astoria
2023-05-08 12:00:00,32,46,167.95,Astoria
2023-05-08 13:00:00,45,62,252.3,Astoria
2023-05-08 14:00:00,29,47,166.7,Astoria
2023-05-08 15:00:00,40,54,195.7,Astoria
2023-05-08 16:00:00,21,31,114.0,Astoria
2023-05-08 17:00:00,24,35,129.0,Astoria
2023-05-08 18:00:00,30,40,131.55,Astoria
2023-05-08 19:00:00,30,42,179.3,Astoria
2023-05-09 07:00:00,47,57,178.7,Astoria
2023-05-09 08:00:00,47,58,181.55,Astoria
2023-05-09 09:00:00,37,45,144.9,Astoria
2023-05-09 10:00:00,51,69,237.68,Astoria
2023-05-09 11:00:00,11,13,38.25,Astoria
2023-05-09 12:00:00,15,19,98.6,Astoria
2023-05-09 13:00:00,18,22,85.48,Astoria
2023-05-09 14:00:00,10,11,60.0,Astoria
2023-05-09 15:00:00,17,22,67.05,Astoria
2023-05-09 16:00:00,22,26,125.35,Astoria
2023-05-09 17:00:00,9,10,37.0,Astoria
2023-05-09 18:00:00,19,24,75.15,Astoria
2023-05-09 19:00:00,10,11,32.4,Astoria
2023-05-10 07:00:00,54,75,246.0,Astoria
2023-05-10 08:00:00,67,104,310.1,Astoria
2023-05-10 09:00:00,56,76,239.2,Astoria
2023-05-10 10:00:00,61,93,277.0,Astoria
2023-05-10 11:00:00,15,22,59.85,Astoria
2023-05-10 12:00:00,12,16,45.85,Astoria
2023-05-10 13:00:00,24,37,104.05,Astoria
2023-05-10 14:00:00,19,27,73.9,Astoria
2023-05-10 15:00:00,7,11,33.0,Astoria
2023-05-10 16:00:00,22,27,95.0,Astoria
2023-05-10 17:00:00,11,16,63.15,Astoria
2023-05-10 18:00:00,17,24,94.1,Astoria
2023-05-10 19:00:00,15,22,75.7,Astoria
2023-05-11 07:00:00,47,64,181.65,Astoria
2023-05-11 08:00:00,43,59,199.3,Astoria
2023-05-11 09:00:00,44,61,209.55,Astoria
2023-05-11 10:00:00,44,64,196.65,Astoria
2023-05-11 11:00:00,16,23,65.6,Astoria
2023-05-11 12:00:00,10,14,49.15,Astoria
2023-05-11 13:00:00,16,20,85.4,Astoria
2023-05-11 14:00:00,22,35,93.4,Astoria
2023-05-11 15:00:00,4,6,15.0,Astoria
2023-05-11 16:00:00,26,36,108.25,Astoria
2023-05-11 17:00:00,15,24,73.25,Astoria
2023-05-11 18:00:00,11,17,59.15,Astoria
2023-05-11 19:00:00,15,20,58.65,Astoria
2023-05-12 07:00:00,27,41,119.5,Astoria
2023-05-12 08:00:00,37,46,194.78,Astoria
2023-05-12 09:00:00,55,75,237.65,Astoria
2023-05-12 10:00:00,37,58,195.1,Astoria
2023-05-12 11:00:00,11,17,49.65,Astoria
2023-05-12 12:00:00,9,12,33.9,Astoria
2023-05-12 13:00:00,14,20,74.85,Astoria
2023-05-12 14:00:00,10,15,44.25,Astoria
2023-05-12 15:00:00,9,15,44.8,Astoria
2023-05-12 16:00:00,12,16,42.95,Astoria
2023-05-12 17:00:00,12,17,58.75,Astoria
2023-05-12 18:00:00,12,17,48.8,Astoria
2023-05-12 19:00:00,9,13,30.1,Astoria
2023-05-13 07:00:00,49,69,215.05,Astoria
2023-05-13 08:00:00,42,53,155.75,Astoria
2023-05-13 09:00:00,39,55,159.5,Astoria
2023-05-13 10:00:00,54,77,226.8,Astoria
2023-05-13 11:00:00,16,21,69.2,Astoria
2023-05-13 12:00:00,16,26,70.35,Astoria
2023-05-13 13:00:00,9,13,33.8,Astoria
2023-05-13 14:00:00,18,25,72.1,Astoria
2023-05-13 15:00:00,18,26,77.2,Astoria
2023-05-13 16:00:00,10,15,47.45,Astoria
2023-05-13 17:00:00,13,18,53.25,Astoria
2023-05-13 18:00:00,12,14,43.3,Astoria
2023-05-13 19:00:00,19,27,76.1,Astoria
2023-05-14 07:00:00,0,0,0.0,Astoria
2023-05-14 08:00:00,55,68,238.3,Astoria
2023-05-14 09:00:00,64,97,331.85,Astoria
2023-05-14 10:00:00,57,79,289.6,Astoria
2023-05-14 11:00:00,16,27,80.4,Astoria
2023-05-14 12:00:00,9,14,39.45,Astoria
2023-05-14 13:00:00,17,23,77.15,Astoria
2023-05-14 14:00:00,7,10,51.25,Astoria
2023-05-14 15:00:00,14,17,95.15,Astoria
2023-05-14 16:00:00,11,17,44.55,Astoria
2023-05-14 17:00:00,17,25,94.75,Astoria
2023-05-14 18:00:00,11,17,51.15,Astoria
2023-05-14 19:00:00,15,23,88.4,Astoria
2023-05-15 07:00:00,46,72,241.95,Astoria
2023-05-15 08:00:00,73,99,349.63,Astoria
2023-05-15 09:00:00,79,110,364.1,Astoria
2023-05-15 10:00:00,81,115,381.4,Astoria
2023-05-15 11:00:00,17,24,96.15,Astoria
2023-05-15 12:00:00,17,26,77.25,Astoria
2023-05-15 13:00:00,17,24,67.65,Astoria
2023-05-15 14:00:00,19,28,90.8,Astoria
2023-05-15 15:00:00,13,18,52.05,Astoria
2023-05-15 16:00:00,14,20,70.15,Astoria
2023-05-15 17:00:00,21,30,97.15,Astoria
2023-05-15 18:00:00,30,37,171.5,Astoria
2023-05-15 19:00:00,20,27,121.1,Astoria
2023-05-16 07:00:00,73,102,309.55,Astoria
2023-05-16 08:00:00,60,85,301.35,Astoria
2023-05-16 09:00:00,64,87,265.25,Astoria
2023-05-16 10:00:00,74,98,315.7,Astoria
2023-05-16 11:00:00,18,26,76.1,Astoria
2023-05-16 12:00:00,10,14,36.8,Astoria
2023-05-16 13:00:00,24,31,95.1,Astoria
2023-05-16 14:00:00,17,24,78.85,Astoria
2023-05-16 15:00:00,27,36,133.55,Astoria
2023-05-16 16:00:00,16,23,71.5,Astoria
2023-05-16 17:00:00,21,32,99.6,Astoria
2023-05-16 18:00:00,16,23,73.25,Astoria
2023-05-16 19:00:00,30,42,185.55,Astoria
2023-05-17 07:00:00,81,112,378.05,Astoria
2023-05-17 08:00:00,53,76,220.4,Astoria
2023-05-17 09:00:00,55,75,295.75,Astoria
2023-05-17 10:00:00,72,99,339.45,Astoria
2023-05-17 11:00:00,20,29,90.3,Astoria
2023-05-17 12:00:00,15,22,60.2,Astoria
2023-05-17 13:00:00,16,23,86.35,Astoria
2023-05-17 14:00:00,13,21,65.25,Astoria
2023-05-17 15:00:00,13,18,78.45,Astoria
2023-05-17 16:00:00,12,18,53.35,Astoria
2023-05-17 17:00:00,25,36,160.95,Astoria
2023-05-17 18:00:00,13,20,59.1,Astoria
2023-05-17 19:00:00,10,17,54.9,Astoria
2023-05-18 07:00:00,60,92,293.38,Astoria
2023-05-18 08:00:00,53,73,245.65,Astoria
2023-05-18 09:00:00,60,82,254.2,Astoria
2023-05-18 10:00:00,78,113,363.0,Astoria
2023-05-18 11:00:00,13,20,86.08,Astoria
2023-05-18 12:00:00,19,29,106.5,Astoria
2023-05-18 13:00:00,17,24,94.9,Astoria
2023-05-18 14:00:00,13,20,67.03,Astoria
2023-05-18 15:00:00,18,27,81.3,Astoria
2023-05-18 16:00:00,13,18,87.8,Astoria
2023-05-18 17:00:00,24,30,139.25,Astoria
2023-05-18 18:00:00,7,7,19.25,Astoria
2023-05-18 19:00:00,22,31,127.6,Astoria
2023-05-19 07:00:00,59,87,277.55,Astoria
2023-05-19 08:00:00,68,98,342.15,Astoria
2023-05-19 09:00:00,79,115,381.45,Astoria
2023-05-19 10:00:00,82,120,412.7,Astoria
2023-05-19 11:00:00,21,30,115.85,Astoria
2023-05-19 12:00:00,15,24,73.45,Astoria
2023-05-19 13:00:00,19,28,79.85,Astoria
2023-05-19 14:00:00,19,24,79.5,Astoria
2023-05-19 15:00:00,14,21,87.15,Astoria
2023-05-19 16:00:00,8,12,34.85,Astoria
2023-05-19 17:00:00,20,29,91.15,Astoria
2023-05-19 18:00:00,30,38,115.2,Astoria
2023-05-19 19:00:00,14,18,93.85,Astoria
2023-05-20 07:00:00,30,31,159.8,Astoria
2023-05-20 08:00:00,82,84,417.5,Astoria
2023-05-20 09:00:00,70,72,267.85,Astoria
2023-05-20 10:00:00,50,51,192.8,Astoria
2023-05-20 11:00:00,11,11,38.2,Astoria
2023-05-20 12:00:00,14,14,50.25,Astoria
2023-05-20 13:00:00,22,22,88.45,Astoria
2023-05-20 14:00:00,23,23,96.2,Astoria
2023-05-20 15:00:00,21,21,68.8,Astoria
2023-05-20 16:00:00,21,21,123.45,Astoria
2023-05-20 17:00:00,21,22,65.55,Astoria
2023-05-20 18:00:00,18,18,94.85,Astoria
2023-05-20 19:00:00,33,33,135.03,Astoria
2023-05-21 07:00:00,0,0,0.0,Astoria
2023-05-21 08:00:00,66,87,321.75,Astoria
2023-05-21 09:00:00,61,94,378.53,Astoria
2023-05-21 10:00:00,48,65,258.7,Astoria
2023-05-21 11:00:00,13,19,57.4,Astoria
2023-05-21 12:00:00,10,16,48.35,Astoria
2023-05-21 13:00:00,12,16,55.5,Astoria
2023-05-21 14:00:00,9,14,57.55,Astoria
2023-05-21 15:00:00,16,19,106.3,Astoria
2023-05-21 16:00:00,7,11,27.6,Astoria
2023-05-21 17:00:00,19,28,80.65,Astoria
2023-05-21 18:00:00,16,23,80.8,Astoria
2023-05-21 19:00:00,18,26,95.65,Astoria
2023-05-22 07:00:00,34,53,162.05,Astoria
2023-05-22 08:00:00,31,51,153.35,Astoria
2023-05-22 09:00:00,29,42,129.25,Astoria
2023-05-22 10:00:00,25,32,100.3,Astoria
2023-05-22 11:00:00,39,56,168.85,Astoria
2023-05-22 12:00:00,24,37,111.55,Astoria
2023-05-22 13:00:00,32,51,154.85,Astoria
2023-05-22 14:00:00,33,49,154.3,Astoria
2023-05-22 15:00:00,28,41,121.35,Astoria
2023-05-22 16:00:00,37,49,150.2,Astoria
2023-05-22 17:00:00,25,38,113.05,Astoria
2023-05-22 18:00:00,30,48,144.8,Astoria
2023-05-22 19:00:00,23,35,109.25,Astoria
2023-05-23 07:00:00,33,49,155.95,Astoria
2023-05-23 08:00:00,28,40,122.85,Astoria
2023-05-23 09:00:00,25,42,143.3,Astoria
2023-05-23 10:00:00,22,30,97.3,Astoria
2023-05-23 11:00:00,25,38,123.55,Astoria
2023-05-23 12:00:00,24,35,105.4,Astoria
2023-05-23 13:00:00,24,37,119.85,Astoria
2023-05-23 14:00:00,32,37,104.95,Astoria
2023-05-23 15:00:00,29,37,112.3,Astoria
2023-05-23 16:00:00,32,46,139.35,Astoria
2023-05-23 17:00:00,25,39,131.65,Astoria
2023-05-23 18:00:00,22,38,123.2,Astoria
2023-05-23 19:00:00,38,57,173.45,Astoria
2023-05-24 07:00:00,30,39,119.95,Astoria
2023-05-24 08:00:00,27,37,113.05,Astoria
2023-05-24 09:00:00,31,43,137.15,Astoria
2023-05-24 10:00:00,36,51,155.45,Astoria
2023-05-24 11:00:00,37,57,170.45,Astoria
2023-05-24 12:00:00,28,39,124.9,Astoria
2023-05-24 13:00:00,44,66,216.5,Astoria
2023-05-24 14:00:00,38,53,168.8,Astoria
2023-05-24 15:00:00,25,39,118.75,Astoria
2023-05-24 16:00:00,35,44,137.1,Astoria
2023-05-24 17:00:00,28,40,123.05,Astoria
2023-05-24 18:00:00,34,53,168.6,Astoria
2023-05-24 19:00:00,29,44,135.9,Astoria
2023-05-25 07:00:00,24,35,101.65,Astoria
2023-05-25 08:00:00,35,51,160.75,Astoria
2023-05-25 09:00:00,18,27,78.25,Astoria
2023-05-25 10:00:00,28,43,131.15,Astoria
2023-05-25 11:00:00,27,37,118.45,Astoria
2023-05-25 12:00:00,22,32,102.3,Astoria
2023-05-25 13:00:00,44,61,191.4,Astoria
2023-05-25 14:00:00,21,30,91.95,Astoria
2023-05-25 15:00:00,30,36,110.0,Astoria
2023-05-25 16:00:00,36,50,155.05,Astoria
2023-05-25 17:00:00,26,39,118.75,Astoria
2023-05-25 18:00:00,34,50,157.1,Astoria
2023-05-25 19:00:00,24,37,111.35,Astoria
2023-05-26 07:00:00,32,46,143.9,Astoria
2023-05-26 08:00:00,29,42,128.8,Astoria
2023-05-26 09:00:00,41,61,195.65,Astoria
2023-05-26 10:00:00,25,36,108.3,Astoria
2023-05-26 11:00:00,29,42,131.7,Astoria
2023-05-26 12:00:00,29,48,140.05,Astoria
2023-05-26 13:00:00,27,35,113.9,Astoria
2023-05-26 14:00:00,38,56,174.1,Astoria
2023-05-26 15:00:00,31,44,132.05,Astoria
2023-05-26 16:00:00,37,50,160.4,Astoria
2023-05-26 17:00:00,35,52,160.45,Astoria
2023-05-26 18:00:00,33,40,121.25,Astoria
2023-05-26 19:00:00,23,39,116.1,Astoria
2023-05-27 07:00:00,25,36,112.6,Astoria
2023-05-27 08:00:00,34,45,139.5,Astoria
2023-05-27 09:00:00,27,39,121.8,Astoria
2023-05-27 10:00:00,30,43,139.3,Astoria
2023-05-27 11:00:00,41,59,178.85,Astoria
2023-05-27 12:00:00,22,33,95.35,Astoria
2023-05-27 13:00:00,28,39,126.0,Astoria
2023-05-27 14:00:00,27,36,104.4,Astoria
2023-05-27 15:00:00,35,49,154.9,Astoria
2023-05-27 16:00:00,21,32,97.5,Astoria
2023-05-27 17:00:00,24,40,125.05,Astoria
2023-05-27 18:00:00,32,49,139.4,Astoria
2023-05-27 19:00:00,28,40,126.4,Astoria
2023-05-28 07:00:00,30,44,128.3,Astoria
2023-05-28 08:00:00,33,50,159.3,Astoria
2023-05-28 09:00:00,25,38,115.75,Astoria
2023-05-28 10:00:00,22,33,89.3,Astoria
2023-05-28 11:00:00,30,42,130.1,Astoria
2023-05-28 12:00:00,30,44,132.55,Astoria
2023-05-28 13:00:00,24,35,105.8,Astoria
2023-05-28 14:00:00,22,29,92.45,Astoria
2023-05-28 15:00:00,31,45,144.45,Astoria
2023-05-28 16:00:00,36,51,152.8,Astoria
2023-05-28 17:00:00,35,50,149.7,Astoria
2023-05-28 18:00:00,21,28,85.0,Astoria
2023-05-28 19:00:00,33,42,127.35,Astoria
2023-05-29 07:00:00,35,45,142.2,Astoria
2023-05-29 08:00:00,26,37,126.8,Astoria
2023-05-29 09:00:00,24,36,112.3,Astoria
2023-05-29 10:00:00,31,42,133.8,Astoria
2023-05-29 11:00:00,21,30,97.75,Astoria
2023-05-29 12:00:00,24,37,111.7,Astoria
2023-05-29 13:00:00,32,47,156.65,Astoria
2023-05-29 14:00:00,26,35,112.2,Astoria
2023-05-29 15:00:00,32,46,140.35,Astoria
2023-05-29 16:00:00,33,47,150.0,Astoria
2023-05-29 17:00:00,22,32,94.75,Astoria
2023-05-29 18:00:00,29,42,134.5,Astoria
2023-05-29 19:00:00,28,40,124.1,Astoria
2023-05-30 07:00:00,36,52,183.2,Astoria
2023-05-30 08:00:00,54,71,212.25,Astoria
2023-05-30 09:00:00,45,60,184.4,Astoria
2023-05-30 10:00:00,34,44,130.75,Astoria
2023-05-30 11:00:00,25,39,109.7,Astoria
2023-05-30 12:00:00,29,47,149.15,Astoria
2023-05-30 13:00:00,11,18,55.9,Astoria
2023-05-30 14:00:00,26,41,132.45,Astoria
2023-05-30 15:00:00,28,44,137.45,Astoria
2023-05-30 16:00:00,19,25,77.75,Astoria
2023-05-30 17:00:00,28,37,108.4,Astoria
2023-05-30 18:00:00,25,32,101.7,Astoria
2023-05-30 19:00:00,22,29,87.85,Astoria
2023-05-31 07:00:00,42,61,211.48,Astoria
2023-05-31 08:00:00,49,65,246.23,Astoria
2023-05-31 09:00:00,54,75,244.25,Astoria
2023-05-31 10:00:00,54,73,225.35,Astoria
2023-05-31 11:00:00,21,28,83.8,Astoria
2023-05-31 12:00:00,16,27,76.1,Astoria
2023-05-31 13:00:00,15,19,71.85,Astoria
2023-05-31 14:00:00,17,26,79.85,Astoria
2023-05-31 15:00:00,17,24,71.25,Astoria
2023-05-31 16:00:00,21,27,86.45,Astoria
2023-05-31 17:00:00,24,35,115.4,Astoria
2023-05-31 18:00:00,21,31,88.9,Astoria
2023-05-31 19:00:00,16,21,70.2,Astoria
2023-06-01 07:00:00,0,0,0.0,Astoria
2023-06-01 08:00:00,0,0,0.0,Astoria
2023-06-01 09:00:00,0,0,0.0,Astoria
2023-06-01 10:00:00,0,0,0.0,Astoria
2023-06-01 11:00:00,45,67,205.15,Astoria
2023-06-01 12:00:00,50,71,207.8,Astoria
2023-06-01 13:00:00,32,49,145.9,Astoria
2023-06-01 14:00:00,34,49,155.65,Astoria
2023-06-01 15:00:00,55,85,260.75,Astoria
2023-06-01 16:00:00,55,77,229.6,Astoria
2023-06-01 17:00:00,39,52,165.9,Astoria
2023-06-01 18:00:00,51,73,236.7,Astoria
2023-06-01 19:00:00,47,60,187.4,Astoria
2023-06-02 07:00:00,0,0,0.0,Astoria
2023-06-02 08:00:00,0,0,0.0,Astoria
2023-06-02 09:00:00,0,0,0.0,Astoria
2023-06-02 10:00:00,0,0,0.0,Astoria
2023-06-02 11:00:00,39,56,169.5,Astoria
2023-06-02 12:00:00,50,70,216.3,Astoria
2023-06-02 13:00:00,56,86,259.55,Astoria
2023-06-02 14:00:00,39,58,183.6,Astoria
2023-06-02 15:00:00,49,70,219.5,Astoria
2023-06-02 16:00:00,44,62,197.95,Astoria
2023-06-02 17:00:00,46,67,214.6,Astoria
2023-06-02 18:00:00,50,70,212.55,Astoria
2023-06-02 19:00:00,59,83,241.9,Astoria
2023-06-03 07:00:00,0,0,0.0,Astoria
2023-06-03 08:00:00,0,0,0.0,Astoria
2023-06-03 09:00:00,0,0,0.0,Astoria
2023-06-03 10:00:00,0,0,0.0,Astoria
2023-06-03 11:00:00,63,96,300.75,Astoria
2023-06-03 12:00:00,44,61,201.2,Astoria
2023-06-03 13:00:00,36,53,161.35,Astoria
2023-06-03 14:00:00,50,73,230.15,Astoria
2023-06-03 15:00:00,53,73,226.15,Astoria
2023-06-03 16:00:00,51,68,218.5,Astoria
2023-06-03 17:00:00,34,43,135.8,Astoria
2023-06-03 18:00:00,49,69,224.7,Astoria
2023-06-03 19:00:00,59,80,254.9,Astoria
2023-06-04 07:00:00,0,0,0.0,Astoria
2023-06-04 08:00:00,0,0,0.0,Astoria
2023-06-04 09:00:00,0,0,0.0,Astoria
2023-06-04 10:00:00,0,0,0.0,Astoria
2023-06-04 11:00:00,38,52,165.75,Astoria
2023-06-04 12:00:00,64,87,268.0,Astoria
2023-06-04 13:00:00,46,70,218.6,Astoria
2023-06-04 14:00:00,47,65,204.55,Astoria
2023-06-04 15:00:00,34,53,161.35,Astoria
2023-06-04 16:00:00,44,67,195.55,Astoria
2023-06-04 17:00:00,55,76,234.2,Astoria
2023-06-04 18:00:00,37,52,159.7,Astoria
2023-06-04 19:00:00,35,50,153.2,Astoria
2023-06-05 07:00:00,0,0,0.0,Astoria
2023-06-05 08:00:00,0,0,0.0,Astoria
2023-06-05 09:00:00,0,0,0.0,Astoria
2023-06-05 10:00:00,0,0,0.0,Astoria
2023-06-05 11:00:00,37,46,136.15,Astoria
2023-06-05 12:00:00,65,96,292.5,Astoria
2023-06-05 13:00:00,64,90,263.85,Astoria
2023-06-05 14:00:00,44,63,205.4,Astoria
2023-06-05 15:00:00,34,44,147.8,Astoria
2023-06-05 16:00:00,40,57,184.85,Astoria
2023-06-05 17:00:00,40,63,188.25,Astoria
2023-06-05 18:00:00,49,71,223.95,Astoria
2023-06-05 19:00:00,43,65,199.7,Astoria
2023-06-06 07:00:00,0,0,0.0,Astoria
2023-06-06 08:00:00,0,0,0.0,Astoria
2023-06-06 09:00:00,0,0,0.0,Astoria
2023-06-06 10:00:00,0,0,0.0,Astoria
2023-06-06 11:00:00,29,36,111.75,Astoria
2023-06-06 12:00:00,41,60,188.2,Astoria
2023-06-06 13:00:00,27,38,124.9,Astoria
2023-06-06 14:00:00,28,42,129.85,Astoria
2023-06-06 15:00:00,53,73,227.75,Astoria
2023-06-06 16:00:00,29,42,131.75,Astoria
2023-06-06 17:00:00,41,58,185.4,Astoria
2023-06-06 18:00:00,31,47,142.0,Astoria
2023-06-06 19:00:00,34,50,155.5,Astoria
2023-06-07 07:00:00,28,40,123.85,Astoria
2023-06-07 08:00:00,32,42,138.65,Astoria
2023-06-07 09:00:00,27,35,108.4,Astoria
2023-06-07 10:00:00,33,47,147.1,Astoria
2023-06-07 11:00:00,27,36,118.4,Astoria
2023-06-07 12:00:00,36,53,162.2,Astoria
2023-06-07 13:00:00,28,37,124.55,Astoria
2023-06-07 14:00:00,18,23,68.9,Astoria
2023-06-07 15:00:00,26,35,106.0,Astoria
2023-06-07 16:00:00,27,36,115.4,Astoria
2023-06-07 17:00:00,18,25,77.8,Astoria
2023-06-07 18:00:00,29,46,142.8,Astoria
2023-06-07 19:00:00,26,39,121.5,Astoria
2023-06-08 07:00:00,21,23,107.18,Astoria
2023-06-08 08:00:00,34,48,197.5,Astoria
2023-06-08 09:00:00,29,40,123.85,Astoria
2023-06-08 10:00:00,34,48,162.95,Astoria
2023-06-08 11:00:00,35,51,173.05,Astoria
2023-06-08 12:00:00,34,50,196.75,Astoria
2023-06-08 13:00:00,34,41,186.95,Astoria
2023-06-08 14:00:00,27,42,145.45,Astoria
2023-06-08 15:00:00,40,57,190.75,Astoria
2023-06-08 16:00:00,28,43,154.1,Astoria
2023-06-08 17:00:00,25,34,129.0,Astoria
2023-06-08 18:00:00,34,44,171.05,Astoria
2023-06-08 19:00:00,39,53,230.1,Astoria
2023-06-09 07:00:00,58,74,264.0,Astoria
2023-06-09 08:00:00,56,72,242.4,Astoria
2023-06-09 09:00:00,45,55,177.3,Astoria
2023-06-09 10:00:00,54,67,225.2,Astoria
2023-06-09 11:00:00,10,13,42.4,Astoria
2023-06-09 12:00:00,19,24,130.5,Astoria
2023-06-09 13:00:00,15,19,71.78,Astoria
2023-06-09 14:00:00,9,12,34.0,Astoria
2023-06-09 15:00:00,15,20,59.05,Astoria
2023-06-09 16:00:00,19,24,106.85,Astoria
2023-06-09 17:00:00,6,8,27.5,Astoria
2023-06-09 18:00:00,22,30,95.35,Astoria
2023-06-09 19:00:00,13,15,42.15,Astoria
2023-06-10 07:00:00,59,81,260.15,Astoria
2023-06-10 08:00:00,56,86,252.85,Astoria
2023-06-10 09:00:00,68,91,284.7,Astoria
2023-06-10 10:00:00,58,88,260.05,Astoria
2023-06-10 11:00:00,13,21,56.7,Astoria
2023-06-10 12:00:00,12,17,53.05,Astoria
2023-06-10 13:00:00,17,25,74.85,Astoria
2023-06-10 14:00:00,19,25,81.4,Astoria
2023-06-10 15:00:00,11,17,51.05,Astoria
2023-06-10 16:00:00,18,23,82.4,Astoria
2023-06-10 17:00:00,12,19,67.15,Astoria
2023-06-10 18:00:00,15,21,89.0,Astoria
2023-06-10 19:00:00,17,24,136.1,Astoria
2023-06-11 07:00:00,45,63,195.7,Astoria
2023-06-11 08:00:00,52,72,265.05,Astoria
2023-06-11 09:00:00,61,87,296.0,Astoria
2023-06-11 10:00:00,52,77,235.0,Astoria
2023-06-11 11:00:00,17,24,66.2,Astoria
2023-06-11 12:00:00,15,22,82.8,Astoria
2023-06-11 13:00:00,21,27,117.35,Astoria
2023-06-11 14:00:00,19,29,73.9,Astoria
2023-06-11 15:00:00,6,9,24.25,Astoria
2023-06-11 16:00:00,27,33,92.9,Astoria
2023-06-11 17:00:00,23,37,108.4,Astoria
2023-06-11 18:00:00,11,17,64.65,Astoria
2023-06-11 19:00:00,19,27,81.45,Astoria
2023-06-12 07:00:00,36,54,162.35,Astoria
2023-06-12 08:00:00,29,35,126.35,Astoria
2023-06-12 09:00:00,50,74,219.65,Astoria
2023-06-12 10:00:00,36,53,168.3,Astoria
2023-06-12 11:00:00,17,26,80.05,Astoria
2023-06-12 12:00:00,7,10,26.15,Astoria
2023-06-12 13:00:00,18,24,81.15,Astoria
2023-06-12 14:00:00,13,18,64.1,Astoria
2023-06-12 15:00:00,15,23,91.5,Astoria
2023-06-12 16:00:00,11,14,36.1,Astoria
2023-06-12 17:00:00,17,28,91.8,Astoria
2023-06-12 18:00:00,15,21,61.3,Astoria
2023-06-12 19:00:00,9,14,35.8,Astoria
2023-06-13 07:00:00,61,83,256.9,Astoria
2023-06-13 08:00:00,40,52,161.2,Astoria
2023-06-13 09:00:00,54,76,223.3,Astoria
2023-06-13 10:00:00,55,81,236.1,Astoria
2023-06-13 11:00:00,14,19,59.1,Astoria
2023-06-13 12:00:00,17,26,72.0,Astoria
2023-06-13 13:00:00,6,9,26.6,Astoria
2023-06-13 14:00:00,17,26,74.25,Astoria
2023-06-13 15:00:00,13,19,57.5,Astoria
2023-06-13 16:00:00,14,20,63.7,Astoria
2023-06-13 17:00:00,17,23,70.6,Astoria
2023-06-13 18:00:00,13,17,52.7,Astoria
2023-06-13 19:00:00,20,29,85.5,Astoria
2023-06-14 07:00:00,0,0,0.0,Astoria
2023-06-14 08:00:00,65,83,318.75,Astoria
2023-06-14 09:00:00,57,82,314.05,Astoria
2023-06-14 10:00:00,59,82,298.65,Astoria
2023-06-14 11:00:00,12,17,51.9,Astoria
2023-06-14 12:00:00,10,15,41.95,Astoria
2023-06-14 13:00:00,16,22,95.2,Astoria
2023-06-14 14:00:00,11,17,70.05,Astoria
2023-06-14 15:00:00,14,17,109.8,Astoria
2023-06-14 16:00:00,9,15,42.2,Astoria
2023-06-14 17:00:00,20,31,85.1,Astoria
2023-06-14 18:00:00,14,21,75.05,Astoria
2023-06-14 19:00:00,16,23,85.85,Astoria
2023-06-15 07:00:00,57,79,289.23,Astoria
2023-06-15 08:00:00,69,103,377.03,Astoria
2023-06-15 09:00:00,93,131,459.15,Astoria
2023-06-15 10:00:00,83,116,378.85,Astoria
2023-06-15 11:00:00,22,32,118.5,Astoria
2023-06-15 12:00:00,15,22,63.7,Astoria
2023-06-15 13:00:00,16,22,60.1,Astoria
2023-06-15 14:00:00,16,23,74.55,Astoria
2023-06-15 15:00:00,14,19,79.1,Astoria
2023-06-15 16:00:00,13,20,57.9,Astoria
2023-06-15 17:00:00,12,18,52.9,Astoria
2023-06-15 18:00:00,37,48,190.85,Astoria
2023-06-15 19:00:00,21,28,171.35,Astoria
2023-06-16 07:00:00,76,110,356.75,Astoria
2023-06-16 08:00:00,61,91,267.7,Astoria
2023-06-16 09:00:00,74,100,315.4,Astoria
2023-06-16 10:00:00,77,104,335.55,Astoria
2023-06-16 11:00:00,22,30,93.65,Astoria
2023-06-16 12:00:00,15,22,78.05,Astoria
2023-06-16 13:00:00,29,40,151.2,Astoria
2023-06-16 14:00:00,19,26,83.3,Astoria
2023-06-16 15:00:00,23,31,112.55,Astoria
2023-06-16 16:00:00,25,36,114.6,Astoria
2023-06-16 17:00:00,18,25,70.15,Astoria
2023-06-16 18:00:00,19,27,86.75,Astoria
2023-06-16 19:00:00,25,37,164.15,Astoria
2023-06-17 07:00:00,78,109,334.85,Astoria
2023-06-17 08:00:00,50,70,201.95,Astoria
2023-06-17 09:00:00,58,83,298.65,Astoria
2023-06-17 10:00:00,90,123,455.25,Astoria
2023-06-17 11:00:00,22,34,120.95,Astoria
2023-06-17 12:00:00,16,24,64.0,Astoria
2023-06-17 13:00:00,12,16,46.35,Astoria
2023-06-17 14:00:00,19,28,84.7,Astoria
2023-06-17 15:00:00,15,20,83.4,Astoria
2023-06-17 16:00:00,12,16,46.0,Astoria
2023-06-17 17:00:00,28,39,164.8,Astoria
2023-06-17 18:00:00,21,33,97.05,Astoria
2023-06-17 19:00:00,14,23,74.7,Astoria
2023-06-18 07:00:00,65,93,286.95,Astoria
2023-06-18 08:00:00,51,73,234.29999999999998,Astoria
2023-06-18 09:00:00,64,87,264.05,Astoria
2023-06-18 10:00:00,93,128,437.25,Astoria
2023-06-18 11:00:00,12,17,58.05,Astoria
2023-06-18 12:00:00,19,29,101.95,Astoria
2023-06-18 13:00:00,18,24,75.45,Astoria
2023-06-18 14:00:00,19,30,91.33,Astoria
2023-06-18 15:00:00,12,19,54.05,Astoria
2023-06-18 16:00:00,22,29,114.2,Astoria
2023-06-18 17:00:00,36,46,203.4,Astoria
2023-06-18 18:00:00,10,10,27.25,Astoria
2023-06-18 19:00:00,16,20,96.65,Astoria
2023-06-19 07:00:00,56,84,302.93,Astoria
2023-06-19 08:00:00,73,101,346.9,Astoria
2023-06-19 09:00:00,85,119,417.85,Astoria
2023-06-19 10:00:00,92,136,501.5,Astoria
2023-06-19 11:00:00,23,34,126.45,Astoria
2023-06-19 12:00:00,16,23,64.0,Astoria
2023-06-19 13:00:00,18,23,64.4,Astoria
2023-06-19 14:00:00,27,36,152.3,Astoria
2023-06-19 15:00:00,13,18,52.75,Astoria
2023-06-19 16:00:00,14,19,61.95,Astoria
2023-06-19 17:00:00,18,24,74.95,Astoria
2023-06-19 18:00:00,32,41,190.65,Astoria
2023-06-19 19:00:00,22,30,189.8,Astoria
2023-06-20 07:00:00,36,37,159.55,Astoria
2023-06-20 08:00:00,83,85,309.3,Astoria
2023-06-20 09:00:00,78,80,286.5,Astoria
2023-06-20 10:00:00,54,54,207.0,Astoria
2023-06-20 11:00:00,17,17,56.0,Astoria
2023-06-20 12:00:00,13,13,41.55,Astoria
2023-06-20 13:00:00,18,18,78.1,Astoria
2023-06-20 14:00:00,30,30,143.35,Astoria
2023-06-20 15:00:00,21,21,81.8,Astoria
2023-06-20 16:00:00,21,22,104.95,Astoria
2023-06-20 17:00:00,18,18,56.45,Astoria
2023-06-20 18:00:00,16,16,45.35,Astoria
2023-06-20 19:00:00,29,29,109.48,Astoria
2023-06-21 07:00:00,0,0,0.0,Astoria
2023-06-21 08:00:00,60,73,261.8,Astoria
2023-06-21 09:00:00,77,112,405.1,Astoria
2023-06-21 10:00:00,64,84,285.9,Astoria
2023-06-21 11:00:00,12,20,63.1,Astoria
2023-06-21 12:00:00,7,9,30.35,Astoria
2023-06-21 13:00:00,15,21,82.45,Astoria
2023-06-21 14:00:00,4,6,35.35,Astoria
2023-06-21 15:00:00,20,23,154.15,Astoria
2023-06-21 16:00:00,8,12,30.35,Astoria
2023-06-21 17:00:00,16,26,83.2,Astoria
2023-06-21 18:00:00,19,28,92.65,Astoria
2023-06-21 19:00:00,15,24,89.85,Astoria
2023-06-22 07:00:00,33,49,156.6,Astoria
2023-06-22 08:00:00,33,52,167.5,Astoria
2023-06-22 09:00:00,23,32,101.75,Astoria
2023-06-22 10:00:00,31,47,150.7,Astoria
2023-06-22 11:00:00,39,57,178.8,Astoria
2023-06-22 12:00:00,32,45,138.2,Astoria
2023-06-22 13:00:00,36,59,189.25,Astoria
2023-06-22 14:00:00,29,44,146.5,Astoria
2023-06-22 15:00:00,33,49,143.25,Astoria
2023-06-22 16:00:00,44,61,191.15,Astoria
2023-06-22 17:00:00,27,41,116.7,Astoria
2023-06-22 18:00:00,27,45,125.85,Astoria
2023-06-22 19:00:00,20,32,105.8,Astoria
2023-06-23 07:00:00,38,59,191.2,Astoria
2023-06-23 08:00:00,26,38,117.35,Astoria
2023-06-23 09:00:00,21,32,102.7,Astoria
2023-06-23 10:00:00,34,48,147.55,Astoria
2023-06-23 11:00:00,35,53,172.25,Astoria
2023-06-23 12:00:00,31,45,136.45,Astoria
2023-06-23 13:00:00,32,47,154.0,Astoria
2023-06-23 14:00:00,35,43,121.15,Astoria
2023-06-23 15:00:00,25,32,99.0,Astoria
2023-06-23 16:00:00,40,58,176.35,Astoria
2023-06-23 17:00:00,31,47,158.9,Astoria
2023-06-23 18:00:00,20,34,109.2,Astoria
2023-06-23 19:00:00,41,58,178.3,Astoria
2023-06-24 07:00:00,36,52,162.3,Astoria
2023-06-24 08:00:00,32,43,132.35,Astoria
2023-06-24 09:00:00,29,41,125.7,Astoria
2023-06-24 10:00:00,37,55,175.2,Astoria
2023-06-24 11:00:00,50,73,220.3,Astoria
2023-06-24 12:00:00,34,46,153.7,Astoria
2023-06-24 13:00:00,41,68,214.7,Astoria
2023-06-24 14:00:00,47,64,204.8,Astoria
2023-06-24 15:00:00,33,51,160.35,Astoria
2023-06-24 16:00:00,33,40,123.85,Astoria
2023-06-24 17:00:00,30,44,131.15,Astoria
2023-06-24 18:00:00,39,56,179.15,Astoria
2023-06-24 19:00:00,31,45,134.0,Astoria
2023-06-25 07:00:00,29,41,118.85,Astoria
2023-06-25 08:00:00,43,67,201.6,Astoria
2023-06-25 09:00:00,17,25,70.45,Astoria
2023-06-25 10:00:00,32,49,147.15,Astoria
2023-06-25 11:00:00,28,40,122.55,Astoria
2023-06-25 12:00:00,28,39,118.3,Astoria
2023-06-25 13:00:00,41,56,177.4,Astoria
2023-06-25 14:00:00,28,41,127.8,Astoria
2023-06-25 15:00:00,31,36,115.45,Astoria
2023-06-25 16:00:00,35,47,146.1,Astoria
2023-06-25 17:00:00,27,43,133.95,Astoria
2023-06-25 18:00:00,26,38,114.6,Astoria
2023-06-25 19:00:00,31,46,146.5,Astoria
2023-06-26 07:00:00,38,56,179.5,Astoria
2023-06-26 08:00:00,34,47,147.8,Astoria
2023-06-26 09:00:00,39,62,198.75,Astoria
2023-06-26 10:00:00,29,43,128.3,Astoria
2023-06-26 11:00:00,30,45,140.0,Astoria
2023-06-26 12:00:00,32,48,144.55,Astoria
2023-06-26 13:00:00,32,44,138.45,Astoria
2023-06-26 14:00:00,27,41,132.25,Astoria
2023-06-26 15:00:00,33,45,138.3,Astoria
2023-06-26 16:00:00,40,59,188.7,Astoria
2023-06-26 17:00:00,35,54,165.4,Astoria
2023-06-26 18:00:00,36,48,142.25,Astoria
2023-06-26 19:00:00,27,43,130.85,Astoria
2023-06-27 07:00:00,26,35,105.4,Astoria
2023-06-27 08:00:00,34,45,138.85,Astoria
2023-06-27 09:00:00,25,40,122.65,Astoria
2023-06-27 10:00:00,38,53,171.8,Astoria
2023-06-27 11:00:00,44,61,189.7,Astoria
2023-06-27 12:00:00,24,36,115.5,Astoria
2023-06-27 13:00:00,32,43,135.0,Astoria
2023-06-27 14:00:00,40,53,167.65,Astoria
2023-06-27 15:00:00,35,49,160.0,Astoria
2023-06-27 16:00:00,27,39,122.3,Astoria
2023-06-27 17:00:00,28,44,141.8,Astoria
2023-06-27 18:00:00,34,51,145.95,Astoria
2023-06-27 19:00:00,34,49,144.95,Astoria
2023-06-28 07:00:00,32,49,144.65,Astoria
2023-06-28 08:00:00,35,57,172.0,Astoria
2023-06-28 09:00:00,27,41,125.75,Astoria
2023-06-28 10:00:00,29,44,126.0,Astoria
2023-06-28 11:00:00,39,58,174.35,Astoria
2023-06-28 12:00:00,30,45,132.75,Astoria
2023-06-28 13:00:00,24,33,101.4,Astoria
2023-06-28 14:00:00,29,39,124.65,Astoria
2023-06-28 15:00:00,33,49,154.3,Astoria
2023-06-28 16:00:00,27,39,118.05,Astoria
2023-06-28 17:00:00,28,40,117.75,Astoria
2023-06-28 18:00:00,29,40,125.3,Astoria
2023-06-28 19:00:00,31,46,141.15,Astoria
2023-06-29 07:00:00,34,47,152.25,Astoria
2023-06-29 08:00:00,31,44,150.1,Astoria
2023-06-29 09:00:00,30,44,132.9,Astoria
2023-06-29 10:00:00,35,47,149.85,Astoria
2023-06-29 11:00:00,20,30,98.2,Astoria
2023-06-29 12:00:00,36,55,170.25,Astoria
2023-06-29 13:00:00,29,42,132.2,Astoria
2023-06-29 14:00:00,26,37,114.95,Astoria
2023-06-29 15:00:00,31,41,122.15,Astoria
2023-06-29 16:00:00,43,58,187.8,Astoria
2023-06-29 17:00:00,25,39,127.45,Astoria
2023-06-29 18:00:00,35,50,156.85,Astoria
2023-06-29 19:00:00,35,51,157.8,Astoria
2023-06-30 07:00:00,30,45,119.5,Astoria
2023-06-30 08:00:00,58,78,254.8,Astoria
2023-06-30 09:00:00,45,66,188.8,Astoria
2023-06-30 10:00:00,66,90,295.15,Astoria
2023-06-30 11:00:00,26,38,122.75,Astoria
2023-06-30 12:00:00,17,25,78.3,Astoria
2023-06-30 13:00:00,21,32,98.7,Astoria
2023-06-30 14:00:00,24,32,97.9,Astoria
2023-06-30 15:00:00,17,23,93.5,Astoria
2023-06-30 16:00:00,21,34,103.8,Astoria
2023-06-30 17:00:00,23,33,102.85,Astoria
2023-06-30 18:00:00,31,46,141.2,Astoria
2023-06-30 19:00:00,25,35,110.4,Astoria
2023-01-01 06:00:00,0,0,0.0,Hell's Kitchen
2023-01-01 07:00:00,0,0,0.0,Hell's Kitchen
2023-01-01 08:00:00,9,12,43.3,Hell's Kitchen
2023-01-01 09:00:00,19,25,83.85,Hell's Kitchen
2023-01-01 10:00:00,11,18,56.6,Hell's Kitchen
2023-01-01 11:00:00,13,20,60.65,Hell's Kitchen
2023-01-01 12:00:00,19,26,80.05,Hell's Kitchen
2023-01-01 13:00:00,23,35,99.85,Hell's Kitchen
2023-01-01 14:00:00,16,23,75.65,Hell's Kitchen
2023-01-01 15:00:00,9,12,36.7,Hell's Kitchen
2023-01-01 16:00:00,9,13,38.0,Hell's Kitchen
2023-01-01 17:00:00,26,40,126.35,Hell's Kitchen
2023-01-01 18:00:00,14,24,72.95,Hell's Kitchen
2023-01-01 19:00:00,16,22,77.5,Hell's Kitchen
2023-01-01 20:00:00,0,0,0.0,Hell's Kitchen
2023-01-02 06:00:00,0,0,0.0,Hell's Kitchen
2023-01-02 07:00:00,0,0,0.0,Hell's Kitchen
2023-01-02 08:00:00,16,23,69.25,Hell's Kitchen
2023-01-02 09:00:00,22,31,98.35,Hell's Kitchen
2023-01-02 10:00:00,15,20,60.1,Hell's Kitchen
2023-01-02 11:00:00,18,25,79.55,Hell's Kitchen
2023-01-02 12:00:00,14,18,51.7,Hell's Kitchen
2023-01-02 13:00:00,23,32,103.3,Hell's Kitchen
2023-01-02 14:00:00,15,22,65.35,Hell's Kitchen
2023-01-02 15:00:00,17,24,66.05,Hell's Kitchen
2023-01-02 16:00:00,9,13,39.2,Hell's Kitchen
2023-01-02 17:00:00,18,22,62.95,Hell's Kitchen
2023-01-02 18:00:00,11,16,52.9,Hell's Kitchen
2023-01-02 19:00:00,17,26,80.1,Hell's Kitchen
2023-01-02 20:00:00,0,0,0.0,Hell's Kitchen
2023-01-03 06:00:00,0,0,0.0,Hell's Kitchen
2023-01-03 07:00:00,0,0,0.0,Hell's Kitchen
2023-01-03 08:00:00,26,36,110.15,Hell's Kitchen
2023-01-03 09:00:00,13,19,56.25,Hell's Kitchen
2023-01-03 10:00:00,9,11,33.0,Hell's Kitchen
2023-01-03 11:00:00,20,27,86.6,Hell's Kitchen
2023-01-03 12:00:00,14,22,68.15,Hell's Kitchen
2023-01-03 13:00:00,11,12,35.35,Hell's Kitchen
2023-01-03 14:00:00,23,32,98.55,Hell's Kitchen
2023-01-03 15:00:00,25,34,106.9,Hell's Kitchen
2023-01-03 16:00:00,25,35,104.4,Hell's Kitchen
2023-01-03 17:00:00,18,26,81.55,Hell's Kitchen
2023-01-03 18:00:00,11,16,46.3,Hell's Kitchen
2023-01-03 19:00:00,16,25,79.05,Hell's Kitchen
2023-01-03 20:00:00,0,0,0.0,Hell's Kitchen
2023-01-04 06:00:00,0,0,0.0,Hell's Kitchen
2023-01-04 07:00:00,0,0,0.0,Hell's Kitchen
2023-01-04 08:00:00,18,25,74.65,Hell's Kitchen
2023-01-04 09:00:00,10,15,44.800000000000004,Hell's Kitchen
2023-01-04 10:00:00,9,14,47.0,Hell's Kitchen
2023-01-04 11:00:00,21,33,101.7,Hell's Kitchen
2023-01-04 12:00:00,15,20,60.25,Hell's Kitchen
2023-01-04 13:00:00,10,15,44.4,Hell's Kitchen
2023-01-04 14:00:00,18,30,90.45,Hell's Kitchen
2023-01-04 15:00:00,18,27,85.8,Hell's Kitchen
2023-01-04 16:00:00,3,5,17.5,Hell's Kitchen
2023-01-04 17:00:00,9,15,41.55,Hell's Kitchen
2023-01-04 18:00:00,26,40,118.4,Hell's Kitchen
2023-01-04 19:00:00,13,17,55.15,Hell's Kitchen
2023-01-04 20:00:00,0,0,0.0,Hell's Kitchen
2023-01-05 06:00:00,0,0,0.0,Hell's Kitchen
2023-01-05 07:00:00,0,0,0.0,Hell's Kitchen
2023-01-05 08:00:00,15,22,67.0,Hell's Kitchen
2023-01-05 09:00:00,11,16,47.75,Hell's Kitchen
2023-01-05 10:00:00,14,20,62.8,Hell's Kitchen
2023-01-05 11:00:00,12,13,46.6,Hell's Kitchen
2023-01-05 12:00:00,13,21,67.3,Hell's Kitchen
2023-01-05 13:00:00,8,10,33.25,Hell's Kitchen
2023-01-05 14:00:00,19,23,71.95,Hell's Kitchen
2023-01-05 15:00:00,13,21,59.4,Hell's Kitchen
2023-01-05 16:00:00,20,27,79.5,Hell's Kitchen
2023-01-05 17:00:00,14,19,54.75,Hell's Kitchen
2023-01-05 18:00:00,13,19,56.8,Hell's Kitchen
2023-01-05 19:00:00,16,24,67.8,Hell's Kitchen
2023-01-05 20:00:00,0,0,0.0,Hell's Kitchen
2023-01-06 06:00:00,0,0,0.0,Hell's Kitchen
2023-01-06 07:00:00,0,0,0.0,Hell's Kitchen
2023-01-06 08:00:00,24,36,105.1,Hell's Kitchen
2023-01-06 09:00:00,14,19,55.75,Hell's Kitchen
2023-01-06 10:00:00,10,17,53.7,Hell's Kitchen
2023-01-06 11:00:00,11,12,36.15,Hell's Kitchen
2023-01-06 12:00:00,15,23,65.5,Hell's Kitchen
2023-01-06 13:00:00,12,18,52.15,Hell's Kitchen
2023-01-06 14:00:00,15,22,76.75,Hell's Kitchen
2023-01-06 15:00:00,22,30,89.25,Hell's Kitchen
2023-01-06 16:00:00,17,27,70.15,Hell's Kitchen
2023-01-06 17:00:00,13,19,56.6,Hell's Kitchen
2023-01-06 18:00:00,12,17,52.85,Hell's Kitchen
2023-01-06 19:00:00,11,16,53.25,Hell's Kitchen
2023-01-06 20:00:00,0,0,0.0,Hell's Kitchen
2023-01-07 06:00:00,0,0,0.0,Hell's Kitchen
2023-01-07 07:00:00,0,0,0.0,Hell's Kitchen
2023-01-07 08:00:00,37,56,168.0,Hell's Kitchen
2023-01-07 09:00:00,34,50,167.65,Hell's Kitchen
2023-01-07 10:00:00,56,80,285.85,Hell's Kitchen
2023-01-07 11:00:00,19,27,75.05,Hell's Kitchen
2023-01-07 12:00:00,4,7,23.9,Hell's Kitchen
2023-01-07 13:00:00,8,13,37.3,Hell's Kitchen
2023-01-07 14:00:00,4,6,21.6,Hell's Kitchen
2023-01-07 15:00:00,6,8,23.2,Hell's Kitchen
2023-01-07 16:00:00,6,8,22.75,Hell's Kitchen
2023-01-07 17:00:00,12,16,44.5,Hell's Kitchen
2023-01-07 18:00:00,14,18,51.15,Hell's Kitchen
2023-01-07 19:00:00,10,16,51.5,Hell's Kitchen
2023-01-07 20:00:00,12,18,51.65,Hell's Kitchen
2023-01-08 06:00:00,4,8,21.4,Hell's Kitchen
2023-01-08 07:00:00,25,39,120.75,Hell's Kitchen
2023-01-08 08:00:00,17,24,75.4,Hell's Kitchen
2023-01-08 09:00:00,22,32,116.75,Hell's Kitchen
2023-01-08 10:00:00,41,52,163.2,Hell's Kitchen
2023-01-08 11:00:00,21,29,84.75,Hell's Kitchen
2023-01-08 12:00:00,9,11,30.650000000000002,Hell's Kitchen
2023-01-08 13:00:00,3,4,12.0,Hell's Kitchen
2023-01-08 14:00:00,13,19,54.45,Hell's Kitchen
2023-01-08 15:00:00,3,4,9.5,Hell's Kitchen
2023-01-08 16:00:00,16,20,70.98,Hell's Kitchen
2023-01-08 17:00:00,6,8,26.45,Hell's Kitchen
2023-01-08 18:00:00,13,21,67.15,Hell's Kitchen
2023-01-08 19:00:00,3,6,19.4,Hell's Kitchen
2023-01-08 20:00:00,0,0,0.0,Hell's Kitchen
2023-01-09 06:00:00,17,23,77.65,Hell's Kitchen
2023-01-09 07:00:00,18,25,73.1,Hell's Kitchen
2023-01-09 08:00:00,18,26,94.3,Hell's Kitchen
2023-01-09 09:00:00,20,27,77.7,Hell's Kitchen
2023-01-09 10:00:00,33,49,190.85,Hell's Kitchen
2023-01-09 11:00:00,22,32,100.8,Hell's Kitchen
2023-01-09 12:00:00,9,13,37.6,Hell's Kitchen
2023-01-09 13:00:00,12,14,45.2,Hell's Kitchen
2023-01-09 14:00:00,5,7,25.0,Hell's Kitchen
2023-01-09 15:00:00,9,13,39.45,Hell's Kitchen
2023-01-09 16:00:00,6,8,22.25,Hell's Kitchen
2023-01-09 17:00:00,15,21,72.95,Hell's Kitchen
2023-01-09 18:00:00,4,6,17.1,Hell's Kitchen
2023-01-09 19:00:00,6,8,20.45,Hell's Kitchen
2023-01-09 20:00:00,0,0,0.0,Hell's Kitchen
2023-01-10 06:00:00,16,21,63.2,Hell's Kitchen
2023-01-10 07:00:00,25,39,107.0,Hell's Kitchen
2023-01-10 08:00:00,26,32,101.2,Hell's Kitchen
2023-01-10 09:00:00,17,23,77.05,Hell's Kitchen
2023-01-10 10:00:00,24,37,110.8,Hell's Kitchen
2023-01-10 11:00:00,15,21,69.35,Hell's Kitchen
2023-01-10 12:00:00,5,7,22.95,Hell's Kitchen
2023-01-10 13:00:00,8,12,25.45,Hell's Kitchen
2023-01-10 14:00:00,12,19,48.0,Hell's Kitchen
2023-01-10 15:00:00,10,13,45.45,Hell's Kitchen
2023-01-10 16:00:00,6,10,31.75,Hell's Kitchen
2023-01-10 17:00:00,11,18,48.85,Hell's Kitchen
2023-01-10 18:00:00,11,16,42.05,Hell's Kitchen
2023-01-10 19:00:00,3,5,15.0,Hell's Kitchen
2023-01-10 20:00:00,0,0,0.0,Hell's Kitchen
2023-01-11 06:00:00,18,25,86.65,Hell's Kitchen
2023-01-11 07:00:00,28,35,130.0,Hell's Kitchen
2023-01-11 08:00:00,31,44,120.7,Hell's Kitchen
2023-01-11 09:00:00,22,29,94.75,Hell's Kitchen
2023-01-11 10:00:00,28,43,137.7,Hell's Kitchen
2023-01-11 11:00:00,16,22,101.14999999999999,Hell's Kitchen
2023-01-11 12:00:00,2,3,8.0,Hell's Kitchen
2023-01-11 13:00:00,9,12,41.65,Hell's Kitchen
2023-01-11 14:00:00,9,12,37.25,Hell's Kitchen
2023-01-11 15:00:00,15,20,61.1,Hell's Kitchen
2023-01-11 16:00:00,5,8,21.0,Hell's Kitchen
2023-01-11 17:00:00,11,16,49.85,Hell's Kitchen
2023-01-11 18:00:00,9,14,40.5,Hell's Kitchen
2023-01-11 19:00:00,9,12,44.25,Hell's Kitchen
2023-01-11 20:00:00,0,0,0.0,Hell's Kitchen
2023-01-12 06:00:00,14,21,53.2,Hell's Kitchen
2023-01-12 07:00:00,19,25,71.8,Hell's Kitchen
2023-01-12 08:00:00,19,27,88.15,Hell's Kitchen
2023-01-12 09:00:00,22,32,91.6,Hell's Kitchen
2023-01-12 10:00:00,19,26,61.7,Hell's Kitchen
2023-01-12 11:00:00,13,18,45.4,Hell's Kitchen
2023-01-12 12:00:00,11,15,50.35,Hell's Kitchen
2023-01-12 13:00:00,11,15,43.2,Hell's Kitchen
2023-01-12 14:00:00,8,10,35.25,Hell's Kitchen
2023-01-12 15:00:00,12,19,69.6,Hell's Kitchen
2023-01-12 16:00:00,5,5,14.55,Hell's Kitchen
2023-01-12 17:00:00,11,16,46.15,Hell's Kitchen
2023-01-12 18:00:00,11,18,54.0,Hell's Kitchen
2023-01-12 19:00:00,4,4,26.95,Hell's Kitchen
2023-01-12 20:00:00,0,0,0.0,Hell's Kitchen
2023-01-13 06:00:00,0,0,0.0,Hell's Kitchen
2023-01-13 07:00:00,0,0,0.0,Hell's Kitchen
2023-01-13 08:00:00,70,113,365.35,Hell's Kitchen
2023-01-13 09:00:00,55,82,266.35,Hell's Kitchen
2023-01-13 10:00:00,45,74,215.0,Hell's Kitchen
2023-01-13 11:00:00,3,5,19.5,Hell's Kitchen
2023-01-13 12:00:00,13,21,88.6,Hell's Kitchen
2023-01-13 13:00:00,7,12,38.15,Hell's Kitchen
2023-01-13 14:00:00,7,13,38.4,Hell's Kitchen
2023-01-13 15:00:00,4,7,16.55,Hell's Kitchen
2023-01-13 16:00:00,20,27,110.2,Hell's Kitchen
2023-01-13 17:00:00,5,8,45.75,Hell's Kitchen
2023-01-13 18:00:00,15,26,100.5,Hell's Kitchen
2023-01-13 19:00:00,6,10,25.15,Hell's Kitchen
2023-01-13 20:00:00,7,11,33.1,Hell's Kitchen
2023-01-14 06:00:00,0,0,0.0,Hell's Kitchen
2023-01-14 07:00:00,0,0,0.0,Hell's Kitchen
2023-01-14 08:00:00,62,84,294.33,Hell's Kitchen
2023-01-14 09:00:00,58,81,257.3,Hell's Kitchen
2023-01-14 10:00:00,44,59,247.05,Hell's Kitchen
2023-01-14 11:00:00,7,9,25.9,Hell's Kitchen
2023-01-14 12:00:00,2,3,8.5,Hell's Kitchen
2023-01-14 13:00:00,5,6,16.0,Hell's Kitchen
2023-01-14 14:00:00,4,6,15.5,Hell's Kitchen
2023-01-14 15:00:00,4,6,30.75,Hell's Kitchen
2023-01-14 16:00:00,12,15,51.95,Hell's Kitchen
2023-01-14 17:00:00,13,20,63.5,Hell's Kitchen
2023-01-14 18:00:00,10,14,45.4,Hell's Kitchen
2023-01-14 19:00:00,11,12,36.1,Hell's Kitchen
2023-01-14 20:00:00,9,11,51.53,Hell's Kitchen
2023-01-15 06:00:00,3,5,15.6,Hell's Kitchen
2023-01-15 07:00:00,38,49,201.5,Hell's Kitchen
2023-01-15 08:00:00,24,33,104.85,Hell's Kitchen
2023-01-15 09:00:00,33,46,154.1,Hell's Kitchen
2023-01-15 10:00:00,27,37,126.35,Hell's Kitchen
2023-01-15 11:00:00,18,26,94.9,Hell's Kitchen
2023-01-15 12:00:00,7,9,30.7,Hell's Kitchen
2023-01-15 13:00:00,7,12,36.6,Hell's Kitchen
2023-01-15 14:00:00,9,9,38.98,Hell's Kitchen
2023-01-15 15:00:00,6,8,25.6,Hell's Kitchen
2023-01-15 16:00:00,5,9,27.9,Hell's Kitchen
2023-01-15 17:00:00,10,14,45.5,Hell's Kitchen
2023-01-15 18:00:00,7,11,28.7,Hell's Kitchen
2023-01-15 19:00:00,8,12,31.15,Hell's Kitchen
2023-01-15 20:00:00,0,0,0.0,Hell's Kitchen
2023-01-16 06:00:00,13,19,55.45,Hell's Kitchen
2023-01-16 07:00:00,35,48,149.8,Hell's Kitchen
2023-01-16 08:00:00,32,43,144.4,Hell's Kitchen
2023-01-16 09:00:00,26,33,134.15,Hell's Kitchen
2023-01-16 10:00:00,28,36,169.8,Hell's Kitchen
2023-01-16 11:00:00,13,17,49.85,Hell's Kitchen
2023-01-16 12:00:00,7,9,27.75,Hell's Kitchen
2023-01-16 13:00:00,8,12,35.2,Hell's Kitchen
2023-01-16 14:00:00,10,11,33.7,Hell's Kitchen
2023-01-16 15:00:00,5,7,22.75,Hell's Kitchen
2023-01-16 16:00:00,6,7,22.1,Hell's Kitchen
2023-01-16 17:00:00,10,15,52.7,Hell's Kitchen
2023-01-16 18:00:00,8,10,26.4,Hell's Kitchen
2023-01-16 19:00:00,5,10,27.1,Hell's Kitchen
2023-01-16 20:00:00,0,0,0.0,Hell's Kitchen
2023-01-17 06:00:00,8,12,56.25,Hell's Kitchen
2023-01-17 07:00:00,17,24,85.85,Hell's Kitchen
2023-01-17 08:00:00,22,32,83.15,Hell's Kitchen
2023-01-17 09:00:00,29,52,846.0,Hell's Kitchen
2023-01-17 10:00:00,25,37,118.65,Hell's Kitchen
2023-01-17 11:00:00,7,12,45.0,Hell's Kitchen
2023-01-17 12:00:00,3,4,12.55,Hell's Kitchen
2023-01-17 13:00:00,6,7,66.0,Hell's Kitchen
2023-01-17 14:00:00,8,13,53.449999999999996,Hell's Kitchen
2023-01-17 15:00:00,2,4,9.0,Hell's Kitchen
2023-01-17 16:00:00,3,5,12.6,Hell's Kitchen
2023-01-17 17:00:00,2,2,5.5,Hell's Kitchen
2023-01-17 18:00:00,1,2,5.0,Hell's Kitchen
2023-01-17 19:00:00,5,8,22.5,Hell's Kitchen
2023-01-17 20:00:00,0,0,0.0,Hell's Kitchen
2023-01-18 06:00:00,11,13,41.0,Hell's Kitchen
2023-01-18 07:00:00,21,28,80.8,Hell's Kitchen
2023-01-18 08:00:00,31,42,153.4,Hell's Kitchen
2023-01-18 09:00:00,29,39,135.05,Hell's Kitchen
2023-01-18 10:00:00,30,41,126.2,Hell's Kitchen
2023-01-18 11:00:00,16,23,81.9,Hell's Kitchen
2023-01-18 12:00:00,2,3,8.5,Hell's Kitchen
2023-01-18 13:00:00,8,14,41.55,Hell's Kitchen
2023-01-18 14:00:00,11,18,51.25,Hell's Kitchen
2023-01-18 15:00:00,5,8,16.25,Hell's Kitchen
2023-01-18 16:00:00,7,10,34.2,Hell's Kitchen
2023-01-18 17:00:00,11,15,47.5,Hell's Kitchen
2023-01-18 18:00:00,1,2,6.2,Hell's Kitchen
2023-01-18 19:00:00,5,7,22.299999999999997,Hell's Kitchen
2023-01-18 20:00:00,0,0,0.0,Hell's Kitchen
2023-01-19 06:00:00,19,27,86.05,Hell's Kitchen
2023-01-19 07:00:00,34,44,204.6,Hell's Kitchen
2023-01-19 08:00:00,30,44,158.45,Hell's Kitchen
2023-01-19 09:00:00,23,28,99.6,Hell's Kitchen
2023-01-19 10:00:00,33,47,160.4,Hell's Kitchen
2023-01-19 11:00:00,11,15,45.9,Hell's Kitchen
2023-01-19 12:00:00,10,14,41.8,Hell's Kitchen
2023-01-19 13:00:00,2,2,5.2,Hell's Kitchen
2023-01-19 14:00:00,11,14,41.6,Hell's Kitchen
2023-01-19 15:00:00,10,14,43.05,Hell's Kitchen
2023-01-19 16:00:00,9,15,60.8,Hell's Kitchen
2023-01-19 17:00:00,8,12,54.0,Hell's Kitchen
2023-01-19 18:00:00,7,10,27.8,Hell's Kitchen
2023-01-19 19:00:00,5,7,17.0,Hell's Kitchen
2023-01-19 20:00:00,0,0,0.0,Hell's Kitchen
2023-01-20 06:00:00,0,0,0.0,Hell's Kitchen
2023-01-20 07:00:00,0,0,0.0,Hell's Kitchen
2023-01-20 08:00:00,46,66,230.7,Hell's Kitchen
2023-01-20 09:00:00,36,48,143.95,Hell's Kitchen
2023-01-20 10:00:00,35,55,163.5,Hell's Kitchen
2023-01-20 11:00:00,2,3,9.7,Hell's Kitchen
2023-01-20 12:00:00,3,4,11.0,Hell's Kitchen
2023-01-20 13:00:00,4,5,10.6,Hell's Kitchen
2023-01-20 14:00:00,15,22,51.25,Hell's Kitchen
2023-01-20 15:00:00,14,19,122.15,Hell's Kitchen
2023-01-20 16:00:00,11,15,45.05,Hell's Kitchen
2023-01-20 17:00:00,2,3,9.5,Hell's Kitchen
2023-01-20 18:00:00,7,11,28.5,Hell's Kitchen
2023-01-20 19:00:00,13,18,53.7,Hell's Kitchen
2023-01-20 20:00:00,10,15,61.15,Hell's Kitchen
2023-01-21 06:00:00,0,0,0.0,Hell's Kitchen
2023-01-21 07:00:00,0,0,0.0,Hell's Kitchen
2023-01-21 08:00:00,55,78,296.45,Hell's Kitchen
2023-01-21 09:00:00,45,56,204.15,Hell's Kitchen
2023-01-21 10:00:00,52,70,229.05,Hell's Kitchen
2023-01-21 11:00:00,3,3,7.5,Hell's Kitchen
2023-01-21 12:00:00,15,21,78.4,Hell's Kitchen
2023-01-21 13:00:00,12,17,47.55,Hell's Kitchen
2023-01-21 14:00:00,11,16,45.2,Hell's Kitchen
2023-01-21 15:00:00,5,7,20.05,Hell's Kitchen
2023-01-21 16:00:00,8,10,27.5,Hell's Kitchen
2023-01-21 17:00:00,7,10,30.25,Hell's Kitchen
2023-01-21 18:00:00,8,12,33.6,Hell's Kitchen
2023-01-21 19:00:00,5,8,23.1,Hell's Kitchen
2023-01-21 20:00:00,7,10,32.7,Hell's Kitchen
2023-01-22 06:00:00,7,10,28.4,Hell's Kitchen
2023-01-22 07:00:00,9,14,43.25,Hell's Kitchen
2023-01-22 08:00:00,16,19,62.0,Hell's Kitchen
2023-01-22 09:00:00,16,25,86.55,Hell's Kitchen
2023-01-22 10:00:00,13,20,60.5,Hell's Kitchen
2023-01-22 11:00:00,11,14,54.2,Hell's Kitchen
2023-01-22 12:00:00,9,12,34.85,Hell's Kitchen
2023-01-22 13:00:00,6,8,25.2,Hell's Kitchen
2023-01-22 14:00:00,9,15,46.3,Hell's Kitchen
2023-01-22 15:00:00,8,11,34.5,Hell's Kitchen
2023-01-22 16:00:00,8,10,28.15,Hell's Kitchen
2023-01-22 17:00:00,6,9,29.7,Hell's Kitchen
2023-01-22 18:00:00,9,14,35.75,Hell's Kitchen
2023-01-22 19:00:00,12,15,52.1,Hell's Kitchen
2023-01-22 20:00:00,0,0,0.0,Hell's Kitchen
2023-01-23 06:00:00,8,11,35.35,Hell's Kitchen
2023-01-23 07:00:00,26,37,110.85,Hell's Kitchen
2023-01-23 08:00:00,31,43,154.65,Hell's Kitchen
2023-01-23 09:00:00,28,39,136.4,Hell's Kitchen
2023-01-23 10:00:00,17,21,72.7,Hell's Kitchen
2023-01-23 11:00:00,27,41,164.85,Hell's Kitchen
2023-01-23 12:00:00,10,15,46.1,Hell's Kitchen
2023-01-23 13:00:00,5,8,34.4,Hell's Kitchen
2023-01-23 14:00:00,17,24,74.55,Hell's Kitchen
2023-01-23 15:00:00,5,6,18.25,Hell's Kitchen
2023-01-23 16:00:00,8,12,32.35,Hell's Kitchen
2023-01-23 17:00:00,13,17,50.75,Hell's Kitchen
2023-01-23 18:00:00,11,16,45.55,Hell's Kitchen
2023-01-23 19:00:00,11,14,49.35,Hell's Kitchen
2023-01-23 20:00:00,0,0,0.0,Hell's Kitchen
2023-01-24 06:00:00,11,16,53.25,Hell's Kitchen
2023-01-24 07:00:00,23,27,104.25,Hell's Kitchen
2023-01-24 08:00:00,24,32,129.0,Hell's Kitchen
2023-01-24 09:00:00,15,20,58.8,Hell's Kitchen
2023-01-24 10:00:00,21,29,118.2,Hell's Kitchen
2023-01-24 11:00:00,7,8,25.25,Hell's Kitchen
2023-01-24 12:00:00,10,13,34.9,Hell's Kitchen
2023-01-24 13:00:00,9,15,42.25,Hell's Kitchen
2023-01-24 14:00:00,8,12,32.8,Hell's Kitchen
2023-01-24 15:00:00,14,25,72.4,Hell's Kitchen
2023-01-24 16:00:00,10,13,42.85,Hell's Kitchen
2023-01-24 17:00:00,6,8,24.75,Hell's Kitchen
2023-01-24 18:00:00,8,11,54.45,Hell's Kitchen
2023-01-24 19:00:00,7,13,47.95,Hell's Kitchen
2023-01-24 20:00:00,0,0,0.0,Hell's Kitchen
2023-01-25 06:00:00,8,11,37.25,Hell's Kitchen
2023-01-25 07:00:00,20,26,83.1,Hell's Kitchen
2023-01-25 08:00:00,22,32,141.15,Hell's Kitchen
2023-01-25 09:00:00,26,36,113.5,Hell's Kitchen
2023-01-25 10:00:00,20,31,93.15,Hell's Kitchen
2023-01-25 11:00:00,15,17,54.05,Hell's Kitchen
2023-01-25 12:00:00,11,16,55.8,Hell's Kitchen
2023-01-25 13:00:00,8,14,38.6,Hell's Kitchen
2023-01-25 14:00:00,8,11,30.7,Hell's Kitchen
2023-01-25 15:00:00,5,8,25.5,Hell's Kitchen
2023-01-25 16:00:00,14,21,62.15,Hell's Kitchen
2023-01-25 17:00:00,8,12,42.5,Hell's Kitchen
2023-01-25 18:00:00,6,8,23.6,Hell's Kitchen
2023-01-25 19:00:00,9,15,39.65,Hell's Kitchen
2023-01-25 20:00:00,0,0,0.0,Hell's Kitchen
2023-01-26 06:00:00,10,12,54.9,Hell's Kitchen
2023-01-26 07:00:00,28,37,125.15,Hell's Kitchen
2023-01-26 08:00:00,24,32,100.85,Hell's Kitchen
2023-01-26 09:00:00,21,29,92.0,Hell's Kitchen
2023-01-26 10:00:00,11,14,50.0,Hell's Kitchen
2023-01-26 11:00:00,16,21,72.25,Hell's Kitchen
2023-01-26 12:00:00,4,7,20.15,Hell's Kitchen
2023-01-26 13:00:00,10,15,51.75,Hell's Kitchen
2023-01-26 14:00:00,5,7,20.75,Hell's Kitchen
2023-01-26 15:00:00,11,17,60.0,Hell's Kitchen
2023-01-26 16:00:00,8,9,26.1,Hell's Kitchen
2023-01-26 17:00:00,15,24,66.55,Hell's Kitchen
2023-01-26 18:00:00,15,22,86.73,Hell's Kitchen
2023-01-26 19:00:00,7,9,29.25,Hell's Kitchen
2023-01-26 20:00:00,0,0,0.0,Hell's Kitchen
2023-01-27 06:00:00,0,0,0.0,Hell's Kitchen
2023-01-27 07:00:00,0,0,0.0,Hell's Kitchen
2023-01-27 08:00:00,27,35,100.4,Hell's Kitchen
2023-01-27 09:00:00,42,60,163.25,Hell's Kitchen
2023-01-27 10:00:00,54,81,248.0,Hell's Kitchen
2023-01-27 11:00:00,4,6,15.85,Hell's Kitchen
2023-01-27 12:00:00,8,14,41.0,Hell's Kitchen
2023-01-27 13:00:00,3,5,14.0,Hell's Kitchen
2023-01-27 14:00:00,4,7,20.8,Hell's Kitchen
2023-01-27 15:00:00,6,8,24.05,Hell's Kitchen
2023-01-27 16:00:00,6,8,26.0,Hell's Kitchen
2023-01-27 17:00:00,10,15,41.1,Hell's Kitchen
2023-01-27 18:00:00,8,13,34.65,Hell's Kitchen
2023-01-27 19:00:00,6,8,22.6,Hell's Kitchen
2023-01-27 20:00:00,3,4,8.35,Hell's Kitchen
2023-01-28 06:00:00,0,0,0.0,Hell's Kitchen
2023-01-28 07:00:00,0,0,0.0,Hell's Kitchen
2023-01-28 08:00:00,13,16,51.4,Hell's Kitchen
2023-01-28 09:00:00,11,15,48.5,Hell's Kitchen
2023-01-28 10:00:00,13,17,53.9,Hell's Kitchen
2023-01-28 11:00:00,11,16,46.65,Hell's Kitchen
2023-01-28 12:00:00,6,11,36.3,Hell's Kitchen
2023-01-28 13:00:00,12,17,48.15,Hell's Kitchen
2023-01-28 14:00:00,14,24,69.5,Hell's Kitchen
2023-01-28 15:00:00,15,20,60.2,Hell's Kitchen
2023-01-28 16:00:00,33,46,147.9,Hell's Kitchen
2023-01-28 17:00:00,15,20,63.0,Hell's Kitchen
2023-01-28 18:00:00,12,16,49.4,Hell's Kitchen
2023-01-28 19:00:00,7,9,24.75,Hell's Kitchen
2023-01-28 20:00:00,0,0,0.0,Hell's Kitchen
2023-01-29 06:00:00,0,0,0.0,Hell's Kitchen
2023-01-29 07:00:00,0,0,0.0,Hell's Kitchen
2023-01-29 08:00:00,14,23,69.15,Hell's Kitchen
2023-01-29 09:00:00,10,14,45.6,Hell's Kitchen
2023-01-29 10:00:00,15,22,64.65,Hell's Kitchen
2023-01-29 11:00:00,11,15,50.0,Hell's Kitchen
2023-01-29 12:00:00,12,16,52.05,Hell's Kitchen
2023-01-29 13:00:00,11,16,47.0,Hell's Kitchen
2023-01-29 14:00:00,10,13,39.35,Hell's Kitchen
2023-01-29 15:00:00,14,22,70.25,Hell's Kitchen
2023-01-29 16:00:00,13,17,48.9,Hell's Kitchen
2023-01-29 17:00:00,8,12,36.95,Hell's Kitchen
2023-01-29 18:00:00,5,9,30.5,Hell's Kitchen
2023-01-29 19:00:00,12,16,57.75,Hell's Kitchen
2023-01-29 20:00:00,0,0,0.0,Hell's Kitchen
2023-01-30 06:00:00,5,7,20.45,Hell's Kitchen
2023-01-30 07:00:00,14,21,82.5,Hell's Kitchen
2023-01-30 08:00:00,26,37,125.1,Hell's Kitchen
2023-01-30 09:00:00,30,41,157.3,Hell's Kitchen
2023-01-30 10:00:00,18,25,89.5,Hell's Kitchen
2023-01-30 11:00:00,11,16,51.0,Hell's Kitchen
2023-01-30 12:00:00,7,10,30.95,Hell's Kitchen
2023-01-30 13:00:00,8,12,36.25,Hell's Kitchen
2023-01-30 14:00:00,11,17,59.2,Hell's Kitchen
2023-01-30 15:00:00,8,12,37.5,Hell's Kitchen
2023-01-30 16:00:00,5,6,58.45,Hell's Kitchen
2023-01-30 17:00:00,8,13,36.55,Hell's Kitchen
2023-01-30 18:00:00,8,13,43.1,Hell's Kitchen
2023-01-30 19:00:00,5,8,28.55,Hell's Kitchen
2023-01-30 20:00:00,2,4,12.0,Hell's Kitchen
2023-01-31 06:00:00,8,11,29.45,Hell's Kitchen
2023-01-31 07:00:00,11,14,54.65,Hell's Kitchen
2023-01-31 08:00:00,27,33,116.15,Hell's Kitchen
2023-01-31 09:00:00,28,39,175.25,Hell's Kitchen
2023-01-31 10:00:00,21,29,101.75,Hell's Kitchen
2023-01-31 11:00:00,20,29,95.4,Hell's Kitchen
2023-01-31 12:00:00,10,16,51.05,Hell's Kitchen
2023-01-31 13:00:00,6,8,22.35,Hell's Kitchen
2023-01-31 14:00:00,5,6,19.85,Hell's Kitchen
2023-01-31 15:00:00,3,5,14.350000000000001,Hell's Kitchen
2023-01-31 16:00:00,2,3,9.5,Hell's Kitchen
2023-01-31 17:00:00,6,9,25.75,Hell's Kitchen
2023-01-31 18:00:00,6,8,21.0,Hell's Kitchen
2023-01-31 19:00:00,4,5,20.15,Hell's Kitchen
2023-01-31 20:00:00,2,3,11.75,Hell's Kitchen
2023-02-01 06:00:00,0,0,0.0,Hell's Kitchen
2023-02-01 07:00:00,0,0,0.0,Hell's Kitchen
2023-02-01 08:00:00,12,15,54.65,Hell's Kitchen
2023-02-01 09:00:00,9,12,39.15,Hell's Kitchen
2023-02-01 10:00:00,15,24,79.35,Hell's Kitchen
2023-02-01 11:00:00,15,22,70.2,Hell's Kitchen
2023-02-01 12:00:00,15,20,60.5,Hell's Kitchen
2023-02-01 13:00:00,17,28,84.95,Hell's Kitchen
2023-02-01 14:00:00,12,18,53.7,Hell's Kitchen
2023-02-01 15:00:00,15,24,73.85,Hell's Kitchen
2023-02-01 16:00:00,15,20,61.0,Hell's Kitchen
2023-02-01 17:00:00,19,31,94.95,Hell's Kitchen
2023-02-01 18:00:00,20,34,106.15,Hell's Kitchen
2023-02-01 19:00:00,15,21,70.95,Hell's Kitchen
2023-02-01 20:00:00,0,0,0.0,Hell's Kitchen
2023-02-02 06:00:00,0,0,0.0,Hell's Kitchen
2023-02-02 07:00:00,0,0,0.0,Hell's Kitchen
2023-02-02 08:00:00,18,24,69.85,Hell's Kitchen
2023-02-02 09:00:00,18,26,83.95,Hell's Kitchen
2023-02-02 10:00:00,20,29,96.3,Hell's Kitchen
2023-02-02 11:00:00,17,25,88.2,Hell's Kitchen
2023-02-02 12:00:00,12,17,47.8,Hell's Kitchen
2023-02-02 13:00:00,23,32,94.45,Hell's Kitchen
2023-02-02 14:00:00,16,23,70.65,Hell's Kitchen
2023-02-02 15:00:00,20,28,77.0,Hell's Kitchen
2023-02-02 16:00:00,15,19,55.55,Hell's Kitchen
2023-02-02 17:00:00,18,28,91.85,Hell's Kitchen
2023-02-02 18:00:00,13,22,61.25,Hell's Kitchen
2023-02-02 19:00:00,10,14,47.1,Hell's Kitchen
2023-02-02 20:00:00,0,0,0.0,Hell's Kitchen
2023-02-03 06:00:00,0,0,0.0,Hell's Kitchen
2023-02-03 07:00:00,0,0,0.0,Hell's Kitchen
2023-02-03 08:00:00,17,23,71.6,Hell's Kitchen
2023-02-03 09:00:00,13,19,59.85,Hell's Kitchen
2023-02-03 10:00:00,16,23,65.1,Hell's Kitchen
2023-02-03 11:00:00,17,27,87.65,Hell's Kitchen
2023-02-03 12:00:00,24,35,109.6,Hell's Kitchen
2023-02-03 13:00:00,12,17,50.6,Hell's Kitchen
2023-02-03 14:00:00,19,28,86.65,Hell's Kitchen
2023-02-03 15:00:00,18,26,83.25,Hell's Kitchen
2023-02-03 16:00:00,11,15,46.65,Hell's Kitchen
2023-02-03 17:00:00,15,22,67.95,Hell's Kitchen
2023-02-03 18:00:00,25,35,103.2,Hell's Kitchen
2023-02-03 19:00:00,15,21,63.9,Hell's Kitchen
2023-02-03 20:00:00,0,0,0.0,Hell's Kitchen
2023-02-04 06:00:00,0,0,0.0,Hell's Kitchen
2023-02-04 07:00:00,0,0,0.0,Hell's Kitchen
2023-02-04 08:00:00,19,24,71.55,Hell's Kitchen
2023-02-04 09:00:00,20,29,92.55,Hell's Kitchen
2023-02-04 10:00:00,15,20,72.9,Hell's Kitchen
2023-02-04 11:00:00,19,29,84.15,Hell's Kitchen
2023-02-04 12:00:00,15,20,63.75,Hell's Kitchen
2023-02-04 13:00:00,19,28,86.8,Hell's Kitchen
2023-02-04 14:00:00,22,28,78.3,Hell's Kitchen
2023-02-04 15:00:00,6,8,24.35,Hell's Kitchen
2023-02-04 16:00:00,16,22,70.1,Hell's Kitchen
2023-02-04 17:00:00,15,22,58.85,Hell's Kitchen
2023-02-04 18:00:00,15,22,62.1,Hell's Kitchen
2023-02-04 19:00:00,19,26,79.25,Hell's Kitchen
2023-02-04 20:00:00,0,0,0.0,Hell's Kitchen
2023-02-05 06:00:00,0,0,0.0,Hell's Kitchen
2023-02-05 07:00:00,0,0,0.0,Hell's Kitchen
2023-02-05 08:00:00,17,23,63.65,Hell's Kitchen
2023-02-05 09:00:00,17,25,77.3,Hell's Kitchen
2023-02-05 10:00:00,13,22,74.25,Hell's Kitchen
2023-02-05 11:00:00,9,11,35.25,Hell's Kitchen
2023-02-05 12:00:00,13,21,61.95,Hell's Kitchen
2023-02-05 13:00:00,9,12,37.2,Hell's Kitchen
2023-02-05 14:00:00,11,17,47.7,Hell's Kitchen
2023-02-05 15:00:00,11,15,45.5,Hell's Kitchen
2023-02-05 16:00:00,20,28,87.05,Hell's Kitchen
2023-02-05 17:00:00,20,27,79.5,Hell's Kitchen
2023-02-05 18:00:00,9,15,43.5,Hell's Kitchen
2023-02-05 19:00:00,12,17,56.5,Hell's Kitchen
2023-02-05 20:00:00,0,0,0.0,Hell's Kitchen
2023-02-06 06:00:00,0,0,0.0,Hell's Kitchen
2023-02-06 07:00:00,0,0,0.0,Hell's Kitchen
2023-02-06 08:00:00,11,18,59.4,Hell's Kitchen
2023-02-06 09:00:00,16,21,61.75,Hell's Kitchen
2023-02-06 10:00:00,9,14,38.9,Hell's Kitchen
2023-02-06 11:00:00,16,19,60.7,Hell's Kitchen
2023-02-06 12:00:00,13,21,63.050000000000004,Hell's Kitchen
2023-02-06 13:00:00,14,23,67.05,Hell's Kitchen
2023-02-06 14:00:00,20,28,86.9,Hell's Kitchen
2023-02-06 15:00:00,16,20,58.1,Hell's Kitchen
2023-02-06 16:00:00,21,32,92.5,Hell's Kitchen
2023-02-06 17:00:00,15,22,67.6,Hell's Kitchen
2023-02-06 18:00:00,18,28,86.6,Hell's Kitchen
2023-02-06 19:00:00,13,18,53.6,Hell's Kitchen
2023-02-06 20:00:00,0,0,0.0,Hell's Kitchen
2023-02-07 06:00:00,0,0,0.0,Hell's Kitchen
2023-02-07 07:00:00,0,0,0.0,Hell's Kitchen
2023-02-07 08:00:00,34,48,137.45,Hell's Kitchen
2023-02-07 09:00:00,28,40,131.15,Hell's Kitchen
2023-02-07 10:00:00,36,50,162.05,Hell's Kitchen
2023-02-07 11:00:00,10,14,52.65,Hell's Kitchen
2023-02-07 12:00:00,13,19,58.75,Hell's Kitchen
2023-02-07 13:00:00,4,7,17.3,Hell's Kitchen
2023-02-07 14:00:00,11,17,50.2,Hell's Kitchen
2023-02-07 15:00:00,7,9,27.2,Hell's Kitchen
2023-02-07 16:00:00,4,8,24.2,Hell's Kitchen
2023-02-07 17:00:00,18,25,74.5,Hell's Kitchen
2023-02-07 18:00:00,15,21,59.65,Hell's Kitchen
2023-02-07 19:00:00,9,13,33.5,Hell's Kitchen
2023-02-07 20:00:00,14,21,64.65,Hell's Kitchen
2023-02-08 06:00:00,8,11,29.0,Hell's Kitchen
2023-02-08 07:00:00,18,30,86.25,Hell's Kitchen
2023-02-08 08:00:00,16,23,73.85,Hell's Kitchen
2023-02-08 09:00:00,30,43,146.05,Hell's Kitchen
2023-02-08 10:00:00,35,47,169.85,Hell's Kitchen
2023-02-08 11:00:00,20,28,84.55,Hell's Kitchen
2023-02-08 12:00:00,11,16,49.95,Hell's Kitchen
2023-02-08 13:00:00,14,19,54.0,Hell's Kitchen
2023-02-08 14:00:00,11,17,48.0,Hell's Kitchen
2023-02-08 15:00:00,1,1,2.5,Hell's Kitchen
2023-02-08 16:00:00,20,25,98.33,Hell's Kitchen
2023-02-08 17:00:00,8,11,35.5,Hell's Kitchen
2023-02-08 18:00:00,8,13,32.85,Hell's Kitchen
2023-02-08 19:00:00,9,14,39.25,Hell's Kitchen
2023-02-08 20:00:00,0,0,0.0,Hell's Kitchen
2023-02-09 06:00:00,11,15,41.2,Hell's Kitchen
2023-02-09 07:00:00,26,38,108.5,Hell's Kitchen
2023-02-09 08:00:00,22,31,100.6,Hell's Kitchen
2023-02-09 09:00:00,29,38,106.25,Hell's Kitchen
2023-02-09 10:00:00,32,49,132.85,Hell's Kitchen
2023-02-09 11:00:00,31,41,123.9,Hell's Kitchen
2023-02-09 12:00:00,7,8,25.25,Hell's Kitchen
2023-02-09 13:00:00,8,10,35.25,Hell's Kitchen
2023-02-09 14:00:00,9,13,33.0,Hell's Kitchen
2023-02-09 15:00:00,7,11,39.2,Hell's Kitchen
2023-02-09 16:00:00,5,8,25.5,Hell's Kitchen
2023-02-09 17:00:00,8,11,34.05,Hell's Kitchen
2023-02-09 18:00:00,4,6,16.95,Hell's Kitchen
2023-02-09 19:00:00,10,13,36.75,Hell's Kitchen
2023-02-09 20:00:00,0,0,0.0,Hell's Kitchen
2023-02-10 06:00:00,22,28,88.75,Hell's Kitchen
2023-02-10 07:00:00,26,39,142.25,Hell's Kitchen
2023-02-10 08:00:00,22,27,99.3,Hell's Kitchen
2023-02-10 09:00:00,33,47,148.5,Hell's Kitchen
2023-02-10 10:00:00,28,38,126.15,Hell's Kitchen
2023-02-10 11:00:00,16,24,67.5,Hell's Kitchen
2023-02-10 12:00:00,4,6,18.2,Hell's Kitchen
2023-02-10 13:00:00,11,15,49.0,Hell's Kitchen
2023-02-10 14:00:00,8,14,44.3,Hell's Kitchen
2023-02-10 15:00:00,9,12,44.2,Hell's Kitchen
2023-02-10 16:00:00,11,19,56.8,Hell's Kitchen
2023-02-10 17:00:00,20,28,99.45,Hell's Kitchen
2023-02-10 18:00:00,12,17,51.2,Hell's Kitchen
2023-02-10 19:00:00,9,12,36.7,Hell's Kitchen
2023-02-10 20:00:00,0,0,0.0,Hell's Kitchen
2023-02-11 06:00:00,17,24,74.9,Hell's Kitchen
2023-02-11 07:00:00,29,39,134.9,Hell's Kitchen
2023-02-11 08:00:00,33,48,136.85,Hell's Kitchen
2023-02-11 09:00:00,18,21,66.1,Hell's Kitchen
2023-02-11 10:00:00,27,40,161.45,Hell's Kitchen
2023-02-11 11:00:00,13,16,56.68,Hell's Kitchen
2023-02-11 12:00:00,8,10,29.05,Hell's Kitchen
2023-02-11 13:00:00,6,9,28.5,Hell's Kitchen
2023-02-11 14:00:00,14,24,85.4,Hell's Kitchen
2023-02-11 15:00:00,11,15,43.55,Hell's Kitchen
2023-02-11 16:00:00,9,12,35.2,Hell's Kitchen
2023-02-11 17:00:00,5,7,23.3,Hell's Kitchen
2023-02-11 18:00:00,15,20,56.6,Hell's Kitchen
2023-02-11 19:00:00,16,22,98.73,Hell's Kitchen
2023-02-11 20:00:00,0,0,0.0,Hell's Kitchen
2023-02-12 06:00:00,14,21,59.95,Hell's Kitchen
2023-02-12 07:00:00,23,35,97.55,Hell's Kitchen
2023-02-12 08:00:00,13,18,49.2,Hell's Kitchen
2023-02-12 09:00:00,37,51,257.25,Hell's Kitchen
2023-02-12 10:00:00,34,47,181.2,Hell's Kitchen
2023-02-12 11:00:00,10,15,39.5,Hell's Kitchen
2023-02-12 12:00:00,8,12,35.35,Hell's Kitchen
2023-02-12 13:00:00,16,22,58.95,Hell's Kitchen
2023-02-12 14:00:00,15,23,70.95,Hell's Kitchen
2023-02-12 15:00:00,4,6,15.5,Hell's Kitchen
2023-02-12 16:00:00,10,12,34.65,Hell's Kitchen
2023-02-12 17:00:00,15,21,92.25,Hell's Kitchen
2023-02-12 18:00:00,14,19,52.3,Hell's Kitchen
2023-02-12 19:00:00,18,24,81.2,Hell's Kitchen
2023-02-12 20:00:00,0,0,0.0,Hell's Kitchen
2023-02-13 06:00:00,0,0,0.0,Hell's Kitchen
2023-02-13 07:00:00,0,0,0.0,Hell's Kitchen
2023-02-13 08:00:00,64,101,299.55,Hell's Kitchen
2023-02-13 09:00:00,48,70,219.2,Hell's Kitchen
2023-02-13 10:00:00,40,65,207.4,Hell's Kitchen
2023-02-13 11:00:00,6,8,24.75,Hell's Kitchen
2023-02-13 12:00:00,9,16,67.6,Hell's Kitchen
2023-02-13 13:00:00,3,5,15.5,Hell's Kitchen
2023-02-13 14:00:00,10,14,51.15,Hell's Kitchen
2023-02-13 15:00:00,6,10,44.95,Hell's Kitchen
2023-02-13 16:00:00,18,25,102.39999999999999,Hell's Kitchen
2023-02-13 17:00:00,4,7,20.05,Hell's Kitchen
2023-02-13 18:00:00,10,16,69.05,Hell's Kitchen
2023-02-13 19:00:00,6,11,25.75,Hell's Kitchen
2023-02-13 20:00:00,8,15,37.8,Hell's Kitchen
2023-02-14 06:00:00,0,0,0.0,Hell's Kitchen
2023-02-14 07:00:00,0,0,0.0,Hell's Kitchen
2023-02-14 08:00:00,71,90,333.25,Hell's Kitchen
2023-02-14 09:00:00,64,89,253.25,Hell's Kitchen
2023-02-14 10:00:00,40,56,165.95,Hell's Kitchen
2023-02-14 11:00:00,7,12,32.1,Hell's Kitchen
2023-02-14 12:00:00,3,3,7.5,Hell's Kitchen
2023-02-14 13:00:00,7,10,34.75,Hell's Kitchen
2023-02-14 14:00:00,2,3,10.25,Hell's Kitchen
2023-02-14 15:00:00,5,6,33.95,Hell's Kitchen
2023-02-14 16:00:00,14,18,68.95,Hell's Kitchen
2023-02-14 17:00:00,12,20,64.9,Hell's Kitchen
2023-02-14 18:00:00,8,12,36.6,Hell's Kitchen
2023-02-14 19:00:00,13,16,72.95,Hell's Kitchen
2023-02-14 20:00:00,11,14,49.25,Hell's Kitchen
2023-02-15 06:00:00,3,5,12.0,Hell's Kitchen
2023-02-15 07:00:00,40,56,194.05,Hell's Kitchen
2023-02-15 08:00:00,28,38,117.65,Hell's Kitchen
2023-02-15 09:00:00,20,28,82.5,Hell's Kitchen
2023-02-15 10:00:00,24,34,101.35,Hell's Kitchen
2023-02-15 11:00:00,16,22,90.0,Hell's Kitchen
2023-02-15 12:00:00,7,10,36.7,Hell's Kitchen
2023-02-15 13:00:00,4,6,18.0,Hell's Kitchen
2023-02-15 14:00:00,7,9,29.5,Hell's Kitchen
2023-02-15 15:00:00,5,6,19.75,Hell's Kitchen
2023-02-15 16:00:00,7,9,28.55,Hell's Kitchen
2023-02-15 17:00:00,6,10,39.1,Hell's Kitchen
2023-02-15 18:00:00,8,12,53.400000000000006,Hell's Kitchen
2023-02-15 19:00:00,6,9,27.7,Hell's Kitchen
2023-02-15 20:00:00,0,0,0.0,Hell's Kitchen
2023-02-16 06:00:00,7,11,43.0,Hell's Kitchen
2023-02-16 07:00:00,40,54,211.4,Hell's Kitchen
2023-02-16 08:00:00,29,40,126.3,Hell's Kitchen
2023-02-16 09:00:00,18,21,67.65,Hell's Kitchen
2023-02-16 10:00:00,32,43,139.15,Hell's Kitchen
2023-02-16 11:00:00,19,25,99.28,Hell's Kitchen
2023-02-16 12:00:00,3,3,10.25,Hell's Kitchen
2023-02-16 13:00:00,9,12,35.85,Hell's Kitchen
2023-02-16 14:00:00,10,14,44.4,Hell's Kitchen
2023-02-16 15:00:00,6,8,25.5,Hell's Kitchen
2023-02-16 16:00:00,6,9,26.6,Hell's Kitchen
2023-02-16 17:00:00,6,9,34.95,Hell's Kitchen
2023-02-16 18:00:00,5,7,18.05,Hell's Kitchen
2023-02-16 19:00:00,5,9,25.85,Hell's Kitchen
2023-02-16 20:00:00,0,0,0.0,Hell's Kitchen
2023-02-17 06:00:00,16,22,68.85,Hell's Kitchen
2023-02-17 07:00:00,17,22,67.95,Hell's Kitchen
2023-02-17 08:00:00,19,26,78.9,Hell's Kitchen
2023-02-17 09:00:00,18,26,74.6,Hell's Kitchen
2023-02-17 10:00:00,26,37,113.0,Hell's Kitchen
2023-02-17 11:00:00,6,9,28.25,Hell's Kitchen
2023-02-17 12:00:00,6,8,21.35,Hell's Kitchen
2023-02-17 13:00:00,8,10,46.75,Hell's Kitchen
2023-02-17 14:00:00,5,7,19.55,Hell's Kitchen
2023-02-17 15:00:00,6,9,26.65,Hell's Kitchen
2023-02-17 16:00:00,7,10,25.4,Hell's Kitchen
2023-02-17 17:00:00,7,9,29.75,Hell's Kitchen
2023-02-17 18:00:00,6,8,20.1,Hell's Kitchen
2023-02-17 19:00:00,4,6,16.5,Hell's Kitchen
2023-02-17 20:00:00,0,0,0.0,Hell's Kitchen
2023-02-18 06:00:00,13,17,68.6,Hell's Kitchen
2023-02-18 07:00:00,35,46,142.3,Hell's Kitchen
2023-02-18 08:00:00,35,48,187.5,Hell's Kitchen
2023-02-18 09:00:00,21,31,102.05,Hell's Kitchen
2023-02-18 10:00:00,39,50,227.9,Hell's Kitchen
2023-02-18 11:00:00,17,21,73.0,Hell's Kitchen
2023-02-18 12:00:00,10,18,53.9,Hell's Kitchen
2023-02-18 13:00:00,7,13,39.5,Hell's Kitchen
2023-02-18 14:00:00,6,8,20.2,Hell's Kitchen
2023-02-18 15:00:00,9,14,35.4,Hell's Kitchen
2023-02-18 16:00:00,3,5,19.75,Hell's Kitchen
2023-02-18 17:00:00,9,12,35.4,Hell's Kitchen
2023-02-18 18:00:00,6,11,33.0,Hell's Kitchen
2023-02-18 19:00:00,2,3,11.0,Hell's Kitchen
2023-02-18 20:00:00,0,0,0.0,Hell's Kitchen
2023-02-19 06:00:00,20,27,87.05,Hell's Kitchen
2023-02-19 07:00:00,45,56,215.4,Hell's Kitchen
2023-02-19 08:00:00,32,43,144.55,Hell's Kitchen
2023-02-19 09:00:00,24,32,102.6,Hell's Kitchen
2023-02-19 10:00:00,36,50,209.9,Hell's Kitchen
2023-02-19 11:00:00,16,20,60.95,Hell's Kitchen
2023-02-19 12:00:00,9,13,47.4,Hell's Kitchen
2023-02-19 13:00:00,9,14,35.95,Hell's Kitchen
2023-02-19 14:00:00,7,9,22.95,Hell's Kitchen
2023-02-19 15:00:00,6,9,28.8,Hell's Kitchen
2023-02-19 16:00:00,12,18,77.6,Hell's Kitchen
2023-02-19 17:00:00,5,8,21.3,Hell's Kitchen
2023-02-19 18:00:00,15,21,78.05,Hell's Kitchen
2023-02-19 19:00:00,6,11,31.7,Hell's Kitchen
2023-02-19 20:00:00,0,0,0.0,Hell's Kitchen
2023-02-20 06:00:00,0,0,0.0,Hell's Kitchen
2023-02-20 07:00:00,0,0,0.0,Hell's Kitchen
2023-02-20 08:00:00,49,71,266.55,Hell's Kitchen
2023-02-20 09:00:00,50,67,205.0,Hell's Kitchen
2023-02-20 10:00:00,39,56,208.3,Hell's Kitchen
2023-02-20 11:00:00,4,7,19.35,Hell's Kitchen
2023-02-20 12:00:00,5,8,41.5,Hell's Kitchen
2023-02-20 13:00:00,7,10,26.85,Hell's Kitchen
2023-02-20 14:00:00,12,17,50.15,Hell's Kitchen
2023-02-20 15:00:00,11,16,51.85,Hell's Kitchen
2023-02-20 16:00:00,9,13,36.9,Hell's Kitchen
2023-02-20 17:00:00,5,9,28.5,Hell's Kitchen
2023-02-20 18:00:00,3,4,12.0,Hell's Kitchen
2023-02-20 19:00:00,12,16,47.45,Hell's Kitchen
2023-02-20 20:00:00,13,22,72.25,Hell's Kitchen
2023-02-21 06:00:00,0,0,0.0,Hell's Kitchen
2023-02-21 07:00:00,0,0,0.0,Hell's Kitchen
2023-02-21 08:00:00,37,50,149.75,Hell's Kitchen
2023-02-21 09:00:00,36,45,134.9,Hell's Kitchen
2023-02-21 10:00:00,56,82,268.8,Hell's Kitchen
2023-02-21 11:00:00,6,7,21.6,Hell's Kitchen
2023-02-21 12:00:00,6,11,28.5,Hell's Kitchen
2023-02-21 13:00:00,20,28,114.9,Hell's Kitchen
2023-02-21 14:00:00,10,13,37.55,Hell's Kitchen
2023-02-21 15:00:00,11,13,35.65,Hell's Kitchen
2023-02-21 16:00:00,9,14,35.2,Hell's Kitchen
2023-02-21 17:00:00,9,14,42.85,Hell's Kitchen
2023-02-21 18:00:00,4,4,12.25,Hell's Kitchen
2023-02-21 19:00:00,7,10,27.15,Hell's Kitchen
2023-02-21 20:00:00,11,16,49.55,Hell's Kitchen
2023-02-22 06:00:00,15,21,64.8,Hell's Kitchen
2023-02-22 07:00:00,15,21,76.15,Hell's Kitchen
2023-02-22 08:00:00,27,39,138.05,Hell's Kitchen
2023-02-22 09:00:00,16,26,84.95,Hell's Kitchen
2023-02-22 10:00:00,16,22,85.9,Hell's Kitchen
2023-02-22 11:00:00,20,24,76.3,Hell's Kitchen
2023-02-22 12:00:00,8,11,30.650000000000002,Hell's Kitchen
2023-02-22 13:00:00,11,14,40.95,Hell's Kitchen
2023-02-22 14:00:00,11,18,57.8,Hell's Kitchen
2023-02-22 15:00:00,10,14,43.2,Hell's Kitchen
2023-02-22 16:00:00,10,12,39.7,Hell's Kitchen
2023-02-22 17:00:00,3,5,17.0,Hell's Kitchen
2023-02-22 18:00:00,9,15,39.0,Hell's Kitchen
2023-02-22 19:00:00,9,12,36.25,Hell's Kitchen
2023-02-22 20:00:00,0,0,0.0,Hell's Kitchen
2023-02-23 06:00:00,15,21,65.25,Hell's Kitchen
2023-02-23 07:00:00,20,25,86.45,Hell's Kitchen
2023-02-23 08:00:00,16,23,86.45,Hell's Kitchen
2023-02-23 09:00:00,24,35,154.55,Hell's Kitchen
2023-02-23 10:00:00,22,32,124.28,Hell's Kitchen
2023-02-23 11:00:00,15,21,106.0,Hell's Kitchen
2023-02-23 12:00:00,6,8,23.1,Hell's Kitchen
2023-02-23 13:00:00,6,7,21.7,Hell's Kitchen
2023-02-23 14:00:00,9,10,44.85,Hell's Kitchen
2023-02-23 15:00:00,12,15,42.45,Hell's Kitchen
2023-02-23 16:00:00,6,8,22.95,Hell's Kitchen
2023-02-23 17:00:00,7,10,28.0,Hell's Kitchen
2023-02-23 18:00:00,11,16,55.1,Hell's Kitchen
2023-02-23 19:00:00,8,9,27.85,Hell's Kitchen
2023-02-23 20:00:00,0,0,0.0,Hell's Kitchen
2023-02-24 06:00:00,15,22,69.45,Hell's Kitchen
2023-02-24 07:00:00,23,30,98.6,Hell's Kitchen
2023-02-24 08:00:00,14,19,72.85,Hell's Kitchen
2023-02-24 09:00:00,25,34,109.1,Hell's Kitchen
2023-02-24 10:00:00,22,34,107.5,Hell's Kitchen
2023-02-24 11:00:00,12,21,60.75,Hell's Kitchen
2023-02-24 12:00:00,14,20,61.05,Hell's Kitchen
2023-02-24 13:00:00,10,17,51.55,Hell's Kitchen
2023-02-24 14:00:00,4,5,13.0,Hell's Kitchen
2023-02-24 15:00:00,7,10,28.5,Hell's Kitchen
2023-02-24 16:00:00,7,10,28.55,Hell's Kitchen
2023-02-24 17:00:00,9,12,39.25,Hell's Kitchen
2023-02-24 18:00:00,7,10,34.6,Hell's Kitchen
2023-02-24 19:00:00,7,12,40.35,Hell's Kitchen
2023-02-24 20:00:00,0,0,0.0,Hell's Kitchen
2023-02-25 06:00:00,10,14,45.65,Hell's Kitchen
2023-02-25 07:00:00,19,23,75.3,Hell's Kitchen
2023-02-25 08:00:00,25,34,125.25,Hell's Kitchen
2023-02-25 09:00:00,26,37,111.85,Hell's Kitchen
2023-02-25 10:00:00,18,28,85.4,Hell's Kitchen
2023-02-25 11:00:00,20,28,84.65,Hell's Kitchen
2023-02-25 12:00:00,12,17,56.8,Hell's Kitchen
2023-02-25 13:00:00,5,7,22.75,Hell's Kitchen
2023-02-25 14:00:00,6,8,38.7,Hell's Kitchen
2023-02-25 15:00:00,8,9,32.5,Hell's Kitchen
2023-02-25 16:00:00,11,17,50.9,Hell's Kitchen
2023-02-25 17:00:00,9,12,44.6,Hell's Kitchen
2023-02-25 18:00:00,8,12,55.3,Hell's Kitchen
2023-02-25 19:00:00,5,9,23.7,Hell's Kitchen
2023-02-25 20:00:00,0,0,0.0,Hell's Kitchen
2023-02-26 06:00:00,7,10,29.75,Hell's Kitchen
2023-02-26 07:00:00,23,32,104.7,Hell's Kitchen
2023-02-26 08:00:00,26,36,126.05,Hell's Kitchen
2023-02-26 09:00:00,27,35,121.25,Hell's Kitchen
2023-02-26 10:00:00,20,22,108.2,Hell's Kitchen
2023-02-26 11:00:00,8,12,47.45,Hell's Kitchen
2023-02-26 12:00:00,6,7,32.1,Hell's Kitchen
2023-02-26 13:00:00,10,14,41.85,Hell's Kitchen
2023-02-26 14:00:00,12,17,52.75,Hell's Kitchen
2023-02-26 15:00:00,8,13,52.0,Hell's Kitchen
2023-02-26 16:00:00,16,22,70.1,Hell's Kitchen
2023-02-26 17:00:00,17,26,75.3,Hell's Kitchen
2023-02-26 18:00:00,10,14,42.35,Hell's Kitchen
2023-02-26 19:00:00,8,9,24.6,Hell's Kitchen
2023-02-26 20:00:00,0,0,0.0,Hell's Kitchen
2023-02-27 06:00:00,0,0,0.0,Hell's Kitchen
2023-02-27 07:00:00,0,0,0.0,Hell's Kitchen
2023-02-27 08:00:00,34,42,115.6,Hell's Kitchen
2023-02-27 09:00:00,46,69,187.65,Hell's Kitchen
2023-02-27 10:00:00,44,70,192.2,Hell's Kitchen
2023-02-27 11:00:00,5,7,21.85,Hell's Kitchen
2023-02-27 12:00:00,9,15,48.65,Hell's Kitchen
2023-02-27 13:00:00,5,8,24.65,Hell's Kitchen
2023-02-27 14:00:00,5,8,25.75,Hell's Kitchen
2023-02-27 15:00:00,5,7,14.85,Hell's Kitchen
2023-02-27 16:00:00,5,5,16.3,Hell's Kitchen
2023-02-27 17:00:00,8,12,33.7,Hell's Kitchen
2023-02-27 18:00:00,2,4,9.4,Hell's Kitchen
2023-02-27 19:00:00,7,10,27.75,Hell's Kitchen
2023-02-27 20:00:00,12,15,40.55,Hell's Kitchen
2023-02-28 06:00:00,0,0,0.0,Hell's Kitchen
2023-02-28 07:00:00,0,0,0.0,Hell's Kitchen
2023-02-28 08:00:00,16,24,74.15,Hell's Kitchen
2023-02-28 09:00:00,8,13,41.0,Hell's Kitchen
2023-02-28 10:00:00,11,14,46.15,Hell's Kitchen
2023-02-28 11:00:00,11,17,53.3,Hell's Kitchen
2023-02-28 12:00:00,14,21,67.65,Hell's Kitchen
2023-02-28 13:00:00,17,25,87.05,Hell's Kitchen
2023-02-28 14:00:00,15,22,68.25,Hell's Kitchen
2023-02-28 15:00:00,13,19,59.55,Hell's Kitchen
2023-02-28 16:00:00,15,22,68.85,Hell's Kitchen
2023-02-28 17:00:00,24,30,95.8,Hell's Kitchen
2023-02-28 18:00:00,11,15,45.35,Hell's Kitchen
2023-02-28 19:00:00,12,15,42.1,Hell's Kitchen
2023-02-28 20:00:00,0,0,0.0,Hell's Kitchen
2023-03-01 06:00:00,0,0,0.0,Hell's Kitchen
2023-03-01 07:00:00,0,0,0.0,Hell's Kitchen
2023-03-01 08:00:00,20,28,94.0,Hell's Kitchen
2023-03-01 09:00:00,20,30,93.6,Hell's Kitchen
2023-03-01 10:00:00,15,24,75.05,Hell's Kitchen
2023-03-01 11:00:00,21,36,118.1,Hell's Kitchen
2023-03-01 12:00:00,15,21,68.1,Hell's Kitchen
2023-03-01 13:00:00,17,27,80.7,Hell's Kitchen
2023-03-01 14:00:00,22,33,102.25,Hell's Kitchen
2023-03-01 15:00:00,14,20,61.7,Hell's Kitchen
2023-03-01 16:00:00,15,22,67.0,Hell's Kitchen
2023-03-01 17:00:00,18,28,86.85,Hell's Kitchen
2023-03-01 18:00:00,23,39,115.9,Hell's Kitchen
2023-03-01 19:00:00,14,22,77.2,Hell's Kitchen
2023-03-01 20:00:00,0,0,0.0,Hell's Kitchen
2023-03-02 06:00:00,0,0,0.0,Hell's Kitchen
2023-03-02 07:00:00,0,0,0.0,Hell's Kitchen
2023-03-02 08:00:00,22,33,98.6,Hell's Kitchen
2023-03-02 09:00:00,22,30,93.15,Hell's Kitchen
2023-03-02 10:00:00,11,16,52.95,Hell's Kitchen
2023-03-02 11:00:00,17,26,92.35,Hell's Kitchen
2023-03-02 12:00:00,13,18,50.95,Hell's Kitchen
2023-03-02 13:00:00,23,32,96.05,Hell's Kitchen
2023-03-02 14:00:00,18,25,79.7,Hell's Kitchen
2023-03-02 15:00:00,23,36,98.0,Hell's Kitchen
2023-03-02 16:00:00,14,20,60.25,Hell's Kitchen
2023-03-02 17:00:00,24,36,108.45,Hell's Kitchen
2023-03-02 18:00:00,22,33,109.45,Hell's Kitchen
2023-03-02 19:00:00,19,26,80.85,Hell's Kitchen
2023-03-02 20:00:00,0,0,0.0,Hell's Kitchen
2023-03-03 06:00:00,0,0,0.0,Hell's Kitchen
2023-03-03 07:00:00,0,0,0.0,Hell's Kitchen
2023-03-03 08:00:00,16,23,76.05,Hell's Kitchen
2023-03-03 09:00:00,10,16,51.0,Hell's Kitchen
2023-03-03 10:00:00,16,18,54.5,Hell's Kitchen
2023-03-03 11:00:00,20,28,89.75,Hell's Kitchen
2023-03-03 12:00:00,19,27,88.9,Hell's Kitchen
2023-03-03 13:00:00,13,19,60.35,Hell's Kitchen
2023-03-03 14:00:00,28,41,129.7,Hell's Kitchen
2023-03-03 15:00:00,21,27,96.25,Hell's Kitchen
2023-03-03 16:00:00,25,39,114.85,Hell's Kitchen
2023-03-03 17:00:00,21,31,94.4,Hell's Kitchen
2023-03-03 18:00:00,26,38,115.9,Hell's Kitchen
2023-03-03 19:00:00,14,21,65.9,Hell's Kitchen
2023-03-03 20:00:00,0,0,0.0,Hell's Kitchen
2023-03-04 06:00:00,0,0,0.0,Hell's Kitchen
2023-03-04 07:00:00,0,0,0.0,Hell's Kitchen
2023-03-04 08:00:00,18,25,79.65,Hell's Kitchen
2023-03-04 09:00:00,16,23,69.4,Hell's Kitchen
2023-03-04 10:00:00,10,14,43.75,Hell's Kitchen
2023-03-04 11:00:00,20,29,96.15,Hell's Kitchen
2023-03-04 12:00:00,13,18,52.15,Hell's Kitchen
2023-03-04 13:00:00,20,32,102.05,Hell's Kitchen
2023-03-04 14:00:00,23,33,103.2,Hell's Kitchen
2023-03-04 15:00:00,14,19,56.85,Hell's Kitchen
2023-03-04 16:00:00,11,14,40.8,Hell's Kitchen
2023-03-04 17:00:00,18,27,77.0,Hell's Kitchen
2023-03-04 18:00:00,18,28,81.7,Hell's Kitchen
2023-03-04 19:00:00,14,19,65.7,Hell's Kitchen
2023-03-04 20:00:00,0,0,0.0,Hell's Kitchen
2023-03-05 06:00:00,0,0,0.0,Hell's Kitchen
2023-03-05 07:00:00,0,0,0.0,Hell's Kitchen
2023-03-05 08:00:00,18,26,81.25,Hell's Kitchen
2023-03-05 09:00:00,25,33,103.0,Hell's Kitchen
2023-03-05 10:00:00,13,23,73.0,Hell's Kitchen
2023-03-05 11:00:00,17,22,72.4,Hell's Kitchen
2023-03-05 12:00:00,10,16,42.6,Hell's Kitchen
2023-03-05 13:00:00,19,25,76.6,Hell's Kitchen
2023-03-05 14:00:00,21,35,105.5,Hell's Kitchen
2023-03-05 15:00:00,15,23,65.4,Hell's Kitchen
2023-03-05 16:00:00,15,23,66.35,Hell's Kitchen
2023-03-05 17:00:00,23,29,89.0,Hell's Kitchen
2023-03-05 18:00:00,13,20,58.7,Hell's Kitchen
2023-03-05 19:00:00,18,24,70.2,Hell's Kitchen
2023-03-05 20:00:00,0,0,0.0,Hell's Kitchen
2023-03-06 06:00:00,0,0,0.0,Hell's Kitchen
2023-03-06 07:00:00,0,0,0.0,Hell's Kitchen
2023-03-06 08:00:00,22,35,104.45,Hell's Kitchen
2023-03-06 09:00:00,14,23,66.95,Hell's Kitchen
2023-03-06 10:00:00,13,19,58.45,Hell's Kitchen
2023-03-06 11:00:00,22,30,95.5,Hell's Kitchen
2023-03-06 12:00:00,20,35,101.1,Hell's Kitchen
2023-03-06 13:00:00,19,29,88.3,Hell's Kitchen
2023-03-06 14:00:00,20,27,85.65,Hell's Kitchen
2023-03-06 15:00:00,17,23,75.15,Hell's Kitchen
2023-03-06 16:00:00,18,26,80.75,Hell's Kitchen
2023-03-06 17:00:00,18,26,76.15,Hell's Kitchen
2023-03-06 18:00:00,10,14,44.5,Hell's Kitchen
2023-03-06 19:00:00,12,19,58.0,Hell's Kitchen
2023-03-06 20:00:00,0,0,0.0,Hell's Kitchen
2023-03-07 06:00:00,0,0,0.0,Hell's Kitchen
2023-03-07 07:00:00,0,0,0.0,Hell's Kitchen
2023-03-07 08:00:00,44,66,196.6,Hell's Kitchen
2023-03-07 09:00:00,37,52,171.1,Hell's Kitchen
2023-03-07 10:00:00,45,64,209.65,Hell's Kitchen
2023-03-07 11:00:00,18,26,71.5,Hell's Kitchen
2023-03-07 12:00:00,12,17,47.3,Hell's Kitchen
2023-03-07 13:00:00,8,12,35.0,Hell's Kitchen
2023-03-07 14:00:00,10,15,42.15,Hell's Kitchen
2023-03-07 15:00:00,11,15,43.9,Hell's Kitchen
2023-03-07 16:00:00,12,17,49.35,Hell's Kitchen
2023-03-07 17:00:00,22,29,88.55,Hell's Kitchen
2023-03-07 18:00:00,18,23,66.5,Hell's Kitchen
2023-03-07 19:00:00,16,25,74.7,Hell's Kitchen
2023-03-07 20:00:00,10,13,39.75,Hell's Kitchen
2023-03-08 06:00:00,17,25,72.35,Hell's Kitchen
2023-03-08 07:00:00,31,44,139.25,Hell's Kitchen
2023-03-08 08:00:00,27,36,115.55,Hell's Kitchen
2023-03-08 09:00:00,39,52,190.8,Hell's Kitchen
2023-03-08 10:00:00,34,47,156.5,Hell's Kitchen
2023-03-08 11:00:00,27,35,108.75,Hell's Kitchen
2023-03-08 12:00:00,8,11,31.4,Hell's Kitchen
2023-03-08 13:00:00,8,11,29.6,Hell's Kitchen
2023-03-08 14:00:00,13,18,52.5,Hell's Kitchen
2023-03-08 15:00:00,8,12,40.4,Hell's Kitchen
2023-03-08 16:00:00,16,18,64.88,Hell's Kitchen
2023-03-08 17:00:00,16,20,93.45,Hell's Kitchen
2023-03-08 18:00:00,8,14,46.0,Hell's Kitchen
2023-03-08 19:00:00,10,14,42.65,Hell's Kitchen
2023-03-08 20:00:00,0,0,0.0,Hell's Kitchen
2023-03-09 06:00:00,18,22,76.3,Hell's Kitchen
2023-03-09 07:00:00,28,42,118.3,Hell's Kitchen
2023-03-09 08:00:00,35,48,154.85,Hell's Kitchen
2023-03-09 09:00:00,41,57,177.85,Hell's Kitchen
2023-03-09 10:00:00,42,61,213.1,Hell's Kitchen
2023-03-09 11:00:00,27,37,110.7,Hell's Kitchen
2023-03-09 12:00:00,10,11,34.75,Hell's Kitchen
2023-03-09 13:00:00,18,24,75.9,Hell's Kitchen
2023-03-09 14:00:00,10,13,33.95,Hell's Kitchen
2023-03-09 15:00:00,5,8,27.1,Hell's Kitchen
2023-03-09 16:00:00,12,15,67.2,Hell's Kitchen
2023-03-09 17:00:00,17,25,74.7,Hell's Kitchen
2023-03-09 18:00:00,8,14,41.5,Hell's Kitchen
2023-03-09 19:00:00,15,22,62.5,Hell's Kitchen
2023-03-09 20:00:00,0,0,0.0,Hell's Kitchen
2023-03-10 06:00:00,8,12,34.45,Hell's Kitchen
2023-03-10 07:00:00,38,54,193.0,Hell's Kitchen
2023-03-10 08:00:00,42,53,193.78,Hell's Kitchen
2023-03-10 09:00:00,44,61,196.05,Hell's Kitchen
2023-03-10 10:00:00,27,40,122.35,Hell's Kitchen
2023-03-10 11:00:00,19,26,84.3,Hell's Kitchen
2023-03-10 12:00:00,9,14,44.2,Hell's Kitchen
2023-03-10 13:00:00,14,16,49.05,Hell's Kitchen
2023-03-10 14:00:00,10,16,44.65,Hell's Kitchen
2023-03-10 15:00:00,18,22,75.3,Hell's Kitchen
2023-03-10 16:00:00,12,18,54.5,Hell's Kitchen
2023-03-10 17:00:00,18,20,65.1,Hell's Kitchen
2023-03-10 18:00:00,15,20,58.75,Hell's Kitchen
2023-03-10 19:00:00,10,12,36.7,Hell's Kitchen
2023-03-10 20:00:00,0,0,0.0,Hell's Kitchen
2023-03-11 06:00:00,17,23,74.15,Hell's Kitchen
2023-03-11 07:00:00,27,42,144.65,Hell's Kitchen
2023-03-11 08:00:00,47,65,206.20000000000002,Hell's Kitchen
2023-03-11 09:00:00,14,20,62.55,Hell's Kitchen
2023-03-11 10:00:00,40,60,197.3,Hell's Kitchen
2023-03-11 11:00:00,23,31,85.6,Hell's Kitchen
2023-03-11 12:00:00,5,7,22.25,Hell's Kitchen
2023-03-11 13:00:00,13,21,69.1,Hell's Kitchen
2023-03-11 14:00:00,11,17,60.45,Hell's Kitchen
2023-03-11 15:00:00,12,15,43.65,Hell's Kitchen
2023-03-11 16:00:00,8,11,28.5,Hell's Kitchen
2023-03-11 17:00:00,12,18,47.4,Hell's Kitchen
2023-03-11 18:00:00,12,18,52.9,Hell's Kitchen
2023-03-11 19:00:00,11,15,46.1,Hell's Kitchen
2023-03-11 20:00:00,0,0,0.0,Hell's Kitchen
2023-03-12 06:00:00,16,23,61.75,Hell's Kitchen
2023-03-12 07:00:00,23,33,96.05,Hell's Kitchen
2023-03-12 08:00:00,29,42,127.6,Hell's Kitchen
2023-03-12 09:00:00,41,55,242.95,Hell's Kitchen
2023-03-12 10:00:00,37,53,169.7,Hell's Kitchen
2023-03-12 11:00:00,18,25,70.7,Hell's Kitchen
2023-03-12 12:00:00,9,12,30.95,Hell's Kitchen
2023-03-12 13:00:00,16,24,74.95,Hell's Kitchen
2023-03-12 14:00:00,15,20,63.55,Hell's Kitchen
2023-03-12 15:00:00,10,13,56.25,Hell's Kitchen
2023-03-12 16:00:00,9,9,67.3,Hell's Kitchen
2023-03-12 17:00:00,18,27,107.65,Hell's Kitchen
2023-03-12 18:00:00,12,18,47.55,Hell's Kitchen
2023-03-12 19:00:00,13,16,61.1,Hell's Kitchen
2023-03-12 20:00:00,0,0,0.0,Hell's Kitchen
2023-03-13 06:00:00,0,0,0.0,Hell's Kitchen
2023-03-13 07:00:00,0,0,0.0,Hell's Kitchen
2023-03-13 08:00:00,59,88,310.7,Hell's Kitchen
2023-03-13 09:00:00,46,73,254.5,Hell's Kitchen
2023-03-13 10:00:00,59,91,320.5,Hell's Kitchen
2023-03-13 11:00:00,5,7,22.1,Hell's Kitchen
2023-03-13 12:00:00,9,17,51.2,Hell's Kitchen
2023-03-13 13:00:00,8,13,38.75,Hell's Kitchen
2023-03-13 14:00:00,19,29,106.85,Hell's Kitchen
2023-03-13 15:00:00,9,15,61.7,Hell's Kitchen
2023-03-13 16:00:00,18,26,88.65,Hell's Kitchen
2023-03-13 17:00:00,8,15,53.95,Hell's Kitchen
2023-03-13 18:00:00,8,14,35.9,Hell's Kitchen
2023-03-13 19:00:00,8,14,35.45,Hell's Kitchen
2023-03-13 20:00:00,13,21,60.65,Hell's Kitchen
2023-03-14 06:00:00,0,0,0.0,Hell's Kitchen
2023-03-14 07:00:00,0,0,0.0,Hell's Kitchen
2023-03-14 08:00:00,72,93,337.28,Hell's Kitchen
2023-03-14 09:00:00,62,84,350.5,Hell's Kitchen
2023-03-14 10:00:00,60,80,226.65,Hell's Kitchen
2023-03-14 11:00:00,8,12,34.85,Hell's Kitchen
2023-03-14 12:00:00,7,8,30.95,Hell's Kitchen
2023-03-14 13:00:00,12,17,69.75,Hell's Kitchen
2023-03-14 14:00:00,6,7,35.3,Hell's Kitchen
2023-03-14 15:00:00,9,10,36.15,Hell's Kitchen
2023-03-14 16:00:00,19,24,88.45,Hell's Kitchen
2023-03-14 17:00:00,7,12,53.65,Hell's Kitchen
2023-03-14 18:00:00,8,10,37.75,Hell's Kitchen
2023-03-14 19:00:00,11,13,42.3,Hell's Kitchen
2023-03-14 20:00:00,8,10,36.25,Hell's Kitchen
2023-03-15 06:00:00,12,18,57.15,Hell's Kitchen
2023-03-15 07:00:00,28,41,127.55,Hell's Kitchen
2023-03-15 08:00:00,32,40,122.85,Hell's Kitchen
2023-03-15 09:00:00,30,45,140.35,Hell's Kitchen
2023-03-15 10:00:00,25,36,110.4,Hell's Kitchen
2023-03-15 11:00:00,20,26,80.95,Hell's Kitchen
2023-03-15 12:00:00,10,14,57.95,Hell's Kitchen
2023-03-15 13:00:00,13,16,46.7,Hell's Kitchen
2023-03-15 14:00:00,10,11,44.23,Hell's Kitchen
2023-03-15 15:00:00,3,4,11.0,Hell's Kitchen
2023-03-15 16:00:00,10,12,39.9,Hell's Kitchen
2023-03-15 17:00:00,21,30,95.0,Hell's Kitchen
2023-03-15 18:00:00,6,9,21.65,Hell's Kitchen
2023-03-15 19:00:00,9,15,49.6,Hell's Kitchen
2023-03-15 20:00:00,0,0,0.0,Hell's Kitchen
2023-03-16 06:00:00,16,23,88.3,Hell's Kitchen
2023-03-16 07:00:00,42,56,169.25,Hell's Kitchen
2023-03-16 08:00:00,34,48,137.7,Hell's Kitchen
2023-03-16 09:00:00,23,27,87.5,Hell's Kitchen
2023-03-16 10:00:00,48,64,239.45,Hell's Kitchen
2023-03-16 11:00:00,30,37,132.93,Hell's Kitchen
2023-03-16 12:00:00,5,7,23.2,Hell's Kitchen
2023-03-16 13:00:00,10,16,47.3,Hell's Kitchen
2023-03-16 14:00:00,14,19,56.35,Hell's Kitchen
2023-03-16 15:00:00,1,2,5.0,Hell's Kitchen
2023-03-16 16:00:00,10,13,44.2,Hell's Kitchen
2023-03-16 17:00:00,8,12,37.5,Hell's Kitchen
2023-03-16 18:00:00,11,14,39.9,Hell's Kitchen
2023-03-16 19:00:00,8,12,33.85,Hell's Kitchen
2023-03-16 20:00:00,0,0,0.0,Hell's Kitchen
2023-03-17 06:00:00,12,15,62.85,Hell's Kitchen
2023-03-17 07:00:00,26,35,138.15,Hell's Kitchen
2023-03-17 08:00:00,16,24,67.55,Hell's Kitchen
2023-03-17 09:00:00,27,32,113.2,Hell's Kitchen
2023-03-17 10:00:00,29,40,116.6,Hell's Kitchen
2023-03-17 11:00:00,15,21,61.55,Hell's Kitchen
2023-03-17 12:00:00,7,9,39.35,Hell's Kitchen
2023-03-17 13:00:00,9,10,46.35,Hell's Kitchen
2023-03-17 14:00:00,5,7,17.9,Hell's Kitchen
2023-03-17 15:00:00,7,9,26.7,Hell's Kitchen
2023-03-17 16:00:00,7,11,29.6,Hell's Kitchen
2023-03-17 17:00:00,3,4,12.5,Hell's Kitchen
2023-03-17 18:00:00,10,14,41.85,Hell's Kitchen
2023-03-17 19:00:00,3,5,14.3,Hell's Kitchen
2023-03-17 20:00:00,0,0,0.0,Hell's Kitchen
2023-03-18 06:00:00,9,12,53.75,Hell's Kitchen
2023-03-18 07:00:00,40,52,162.55,Hell's Kitchen
2023-03-18 08:00:00,41,55,218.05,Hell's Kitchen
2023-03-18 09:00:00,36,53,161.65,Hell's Kitchen
2023-03-18 10:00:00,33,47,169.15,Hell's Kitchen
2023-03-18 11:00:00,13,18,60.1,Hell's Kitchen
2023-03-18 12:00:00,11,17,51.5,Hell's Kitchen
2023-03-18 13:00:00,8,11,38.95,Hell's Kitchen
2023-03-18 14:00:00,13,19,71.9,Hell's Kitchen
2023-03-18 15:00:00,8,13,34.0,Hell's Kitchen
2023-03-18 16:00:00,5,7,26.75,Hell's Kitchen
2023-03-18 17:00:00,11,15,45.55,Hell's Kitchen
2023-03-18 18:00:00,3,4,27.0,Hell's Kitchen
2023-03-18 19:00:00,9,14,42.35,Hell's Kitchen
2023-03-18 20:00:00,0,0,0.0,Hell's Kitchen
2023-03-19 06:00:00,24,33,116.58,Hell's Kitchen
2023-03-19 07:00:00,40,49,152.65,Hell's Kitchen
2023-03-19 08:00:00,39,54,179.65,Hell's Kitchen
2023-03-19 09:00:00,24,28,83.25,Hell's Kitchen
2023-03-19 10:00:00,35,50,177.95,Hell's Kitchen
2023-03-19 11:00:00,22,27,82.9,Hell's Kitchen
2023-03-19 12:00:00,11,14,41.75,Hell's Kitchen
2023-03-19 13:00:00,5,7,20.6,Hell's Kitchen
2023-03-19 14:00:00,6,7,21.9,Hell's Kitchen
2023-03-19 15:00:00,10,14,38.15,Hell's Kitchen
2023-03-19 16:00:00,12,20,55.9,Hell's Kitchen
2023-03-19 17:00:00,10,12,37.55,Hell's Kitchen
2023-03-19 18:00:00,14,19,59.9,Hell's Kitchen
2023-03-19 19:00:00,4,6,16.45,Hell's Kitchen
2023-03-19 20:00:00,0,0,0.0,Hell's Kitchen
2023-03-20 06:00:00,0,0,0.0,Hell's Kitchen
2023-03-20 07:00:00,0,0,0.0,Hell's Kitchen
2023-03-20 08:00:00,47,65,216.4,Hell's Kitchen
2023-03-20 09:00:00,54,74,232.45,Hell's Kitchen
2023-03-20 10:00:00,48,66,223.65,Hell's Kitchen
2023-03-20 11:00:00,8,12,34.05,Hell's Kitchen
2023-03-20 12:00:00,6,10,51.25,Hell's Kitchen
2023-03-20 13:00:00,12,16,44.5,Hell's Kitchen
2023-03-20 14:00:00,14,19,50.15,Hell's Kitchen
2023-03-20 15:00:00,10,15,55.3,Hell's Kitchen
2023-03-20 16:00:00,15,20,62.85,Hell's Kitchen
2023-03-20 17:00:00,8,14,40.95,Hell's Kitchen
2023-03-20 18:00:00,5,10,28.0,Hell's Kitchen
2023-03-20 19:00:00,12,18,43.4,Hell's Kitchen
2023-03-20 20:00:00,7,12,31.15,Hell's Kitchen
2023-03-21 06:00:00,0,0,0.0,Hell's Kitchen
2023-03-21 07:00:00,0,0,0.0,Hell's Kitchen
2023-03-21 08:00:00,75,102,352.05,Hell's Kitchen
2023-03-21 09:00:00,48,61,200.0,Hell's Kitchen
2023-03-21 10:00:00,54,70,262.85,Hell's Kitchen
2023-03-21 11:00:00,8,10,29.5,Hell's Kitchen
2023-03-21 12:00:00,9,15,40.7,Hell's Kitchen
2023-03-21 13:00:00,17,25,67.55,Hell's Kitchen
2023-03-21 14:00:00,12,15,49.25,Hell's Kitchen
2023-03-21 15:00:00,9,12,35.55,Hell's Kitchen
2023-03-21 16:00:00,15,20,59.15,Hell's Kitchen
2023-03-21 17:00:00,10,14,35.2,Hell's Kitchen
2023-03-21 18:00:00,18,27,74.4,Hell's Kitchen
2023-03-21 19:00:00,5,8,22.2,Hell's Kitchen
2023-03-21 20:00:00,13,15,88.3,Hell's Kitchen
2023-03-22 06:00:00,8,11,33.2,Hell's Kitchen
2023-03-22 07:00:00,18,26,93.95,Hell's Kitchen
2023-03-22 08:00:00,27,38,110.3,Hell's Kitchen
2023-03-22 09:00:00,25,32,116.95,Hell's Kitchen
2023-03-22 10:00:00,21,27,115.55,Hell's Kitchen
2023-03-22 11:00:00,20,24,78.15,Hell's Kitchen
2023-03-22 12:00:00,7,10,33.1,Hell's Kitchen
2023-03-22 13:00:00,8,12,35.0,Hell's Kitchen
2023-03-22 14:00:00,10,15,49.3,Hell's Kitchen
2023-03-22 15:00:00,10,13,39.1,Hell's Kitchen
2023-03-22 16:00:00,13,17,50.55,Hell's Kitchen
2023-03-22 17:00:00,14,18,67.75,Hell's Kitchen
2023-03-22 18:00:00,16,23,66.1,Hell's Kitchen
2023-03-22 19:00:00,10,11,34.9,Hell's Kitchen
2023-03-22 20:00:00,0,0,0.0,Hell's Kitchen
2023-03-23 06:00:00,20,29,90.5,Hell's Kitchen
2023-03-23 07:00:00,23,30,91.1,Hell's Kitchen
2023-03-23 08:00:00,32,48,179.05,Hell's Kitchen
2023-03-23 09:00:00,35,47,145.8,Hell's Kitchen
2023-03-23 10:00:00,23,32,121.68,Hell's Kitchen
2023-03-23 11:00:00,18,25,157.25,Hell's Kitchen
2023-03-23 12:00:00,6,9,27.5,Hell's Kitchen
2023-03-23 13:00:00,7,9,29.85,Hell's Kitchen
2023-03-23 14:00:00,18,22,85.6,Hell's Kitchen
2023-03-23 15:00:00,12,14,40.05,Hell's Kitchen
2023-03-23 16:00:00,7,10,26.35,Hell's Kitchen
2023-03-23 17:00:00,18,27,80.2,Hell's Kitchen
2023-03-23 18:00:00,9,12,35.15,Hell's Kitchen
2023-03-23 19:00:00,9,11,32.25,Hell's Kitchen
2023-03-23 20:00:00,0,0,0.0,Hell's Kitchen
2023-03-24 06:00:00,16,23,68.9,Hell's Kitchen
2023-03-24 07:00:00,23,33,110.15,Hell's Kitchen
2023-03-24 08:00:00,27,37,127.8,Hell's Kitchen
2023-03-24 09:00:00,25,30,87.5,Hell's Kitchen
2023-03-24 10:00:00,31,45,168.8,Hell's Kitchen
2023-03-24 11:00:00,13,20,61.5,Hell's Kitchen
2023-03-24 12:00:00,12,16,41.95,Hell's Kitchen
2023-03-24 13:00:00,6,8,27.75,Hell's Kitchen
2023-03-24 14:00:00,10,17,56.75,Hell's Kitchen
2023-03-24 15:00:00,12,18,54.3,Hell's Kitchen
2023-03-24 16:00:00,11,15,62.8,Hell's Kitchen
2023-03-24 17:00:00,9,13,39.5,Hell's Kitchen
2023-03-24 18:00:00,9,11,55.55,Hell's Kitchen
2023-03-24 19:00:00,9,14,52.65,Hell's Kitchen
2023-03-24 20:00:00,0,0,0.0,Hell's Kitchen
2023-03-25 06:00:00,13,18,60.5,Hell's Kitchen
2023-03-25 07:00:00,29,39,117.85,Hell's Kitchen
2023-03-25 08:00:00,24,32,137.4,Hell's Kitchen
2023-03-25 09:00:00,27,37,114.7,Hell's Kitchen
2023-03-25 10:00:00,28,39,148.75,Hell's Kitchen
2023-03-25 11:00:00,13,20,59.7,Hell's Kitchen
2023-03-25 12:00:00,23,31,106.55,Hell's Kitchen
2023-03-25 13:00:00,6,9,30.75,Hell's Kitchen
2023-03-25 14:00:00,6,8,29.9,Hell's Kitchen
2023-03-25 15:00:00,6,10,29.4,Hell's Kitchen
2023-03-25 16:00:00,12,19,59.55,Hell's Kitchen
2023-03-25 17:00:00,10,11,40.6,Hell's Kitchen
2023-03-25 18:00:00,6,7,22.15,Hell's Kitchen
2023-03-25 19:00:00,10,17,48.5,Hell's Kitchen
2023-03-25 20:00:00,0,0,0.0,Hell's Kitchen
2023-03-26 06:00:00,13,17,66.05,Hell's Kitchen
2023-03-26 07:00:00,32,41,160.95,Hell's Kitchen
2023-03-26 08:00:00,29,41,119.85,Hell's Kitchen
2023-03-26 09:00:00,20,27,103.6,Hell's Kitchen
2023-03-26 10:00:00,22,28,82.4,Hell's Kitchen
2023-03-26 11:00:00,17,25,84.25,Hell's Kitchen
2023-03-26 12:00:00,6,8,36.35,Hell's Kitchen
2023-03-26 13:00:00,11,15,49.4,Hell's Kitchen
2023-03-26 14:00:00,6,7,30.75,Hell's Kitchen
2023-03-26 15:00:00,7,12,30.25,Hell's Kitchen
2023-03-26 16:00:00,13,20,62.4,Hell's Kitchen
2023-03-26 17:00:00,16,26,71.55,Hell's Kitchen
2023-03-26 18:00:00,8,8,39.78,Hell's Kitchen
2023-03-26 19:00:00,8,12,34.05,Hell's Kitchen
2023-03-26 20:00:00,0,0,0.0,Hell's Kitchen
2023-03-27 06:00:00,0,0,0.0,Hell's Kitchen
2023-03-27 07:00:00,0,0,0.0,Hell's Kitchen
2023-03-27 08:00:00,45,64,184.55,Hell's Kitchen
2023-03-27 09:00:00,59,76,218.45,Hell's Kitchen
2023-03-27 10:00:00,58,88,246.1,Hell's Kitchen
2023-03-27 11:00:00,6,10,26.85,Hell's Kitchen
2023-03-27 12:00:00,11,17,46.85,Hell's Kitchen
2023-03-27 13:00:00,15,21,56.4,Hell's Kitchen
2023-03-27 14:00:00,6,8,19.9,Hell's Kitchen
2023-03-27 15:00:00,18,28,76.2,Hell's Kitchen
2023-03-27 16:00:00,4,6,21.2,Hell's Kitchen
2023-03-27 17:00:00,15,23,58.2,Hell's Kitchen
2023-03-27 18:00:00,11,17,45.95,Hell's Kitchen
2023-03-27 19:00:00,7,9,27.25,Hell's Kitchen
2023-03-27 20:00:00,8,13,32.7,Hell's Kitchen
2023-03-28 06:00:00,0,0,0.0,Hell's Kitchen
2023-03-28 07:00:00,0,0,0.0,Hell's Kitchen
2023-03-28 08:00:00,17,26,79.1,Hell's Kitchen
2023-03-28 09:00:00,14,18,60.45,Hell's Kitchen
2023-03-28 10:00:00,13,19,60.05,Hell's Kitchen
2023-03-28 11:00:00,14,21,63.0,Hell's Kitchen
2023-03-28 12:00:00,15,20,70.7,Hell's Kitchen
2023-03-28 13:00:00,19,24,76.15,Hell's Kitchen
2023-03-28 14:00:00,13,19,61.6,Hell's Kitchen
2023-03-28 15:00:00,18,25,78.5,Hell's Kitchen
2023-03-28 16:00:00,26,36,118.3,Hell's Kitchen
2023-03-28 17:00:00,26,34,111.3,Hell's Kitchen
2023-03-28 18:00:00,15,20,60.95,Hell's Kitchen
2023-03-28 19:00:00,16,18,52.45,Hell's Kitchen
2023-03-28 20:00:00,0,0,0.0,Hell's Kitchen
2023-03-29 06:00:00,0,0,0.0,Hell's Kitchen
2023-03-29 07:00:00,0,0,0.0,Hell's Kitchen
2023-03-29 08:00:00,11,13,40.65,Hell's Kitchen
2023-03-29 09:00:00,12,17,51.3,Hell's Kitchen
2023-03-29 10:00:00,13,17,56.15,Hell's Kitchen
2023-03-29 11:00:00,18,26,76.65,Hell's Kitchen
2023-03-29 12:00:00,13,18,58.6,Hell's Kitchen
2023-03-29 13:00:00,11,17,55.0,Hell's Kitchen
2023-03-29 14:00:00,15,22,64.0,Hell's Kitchen
2023-03-29 15:00:00,14,20,54.2,Hell's Kitchen
2023-03-29 16:00:00,14,23,67.7,Hell's Kitchen
2023-03-29 17:00:00,11,15,44.55,Hell's Kitchen
2023-03-29 18:00:00,8,12,38.6,Hell's Kitchen
2023-03-29 19:00:00,17,21,65.5,Hell's Kitchen
2023-03-29 20:00:00,0,0,0.0,Hell's Kitchen
2023-03-30 06:00:00,9,14,43.8,Hell's Kitchen
2023-03-30 07:00:00,21,29,90.55,Hell's Kitchen
2023-03-30 08:00:00,36,54,186.4,Hell's Kitchen
2023-03-30 09:00:00,34,42,173.35,Hell's Kitchen
2023-03-30 10:00:00,31,44,134.28,Hell's Kitchen
2023-03-30 11:00:00,7,9,25.9,Hell's Kitchen
2023-03-30 12:00:00,10,12,47.25,Hell's Kitchen
2023-03-30 13:00:00,9,10,45.75,Hell's Kitchen
2023-03-30 14:00:00,8,13,41.2,Hell's Kitchen
2023-03-30 15:00:00,9,12,37.0,Hell's Kitchen
2023-03-30 16:00:00,9,12,49.25,Hell's Kitchen
2023-03-30 17:00:00,8,10,34.6,Hell's Kitchen
2023-03-30 18:00:00,9,14,45.7,Hell's Kitchen
2023-03-30 19:00:00,8,11,32.1,Hell's Kitchen
2023-03-30 20:00:00,3,5,11.85,Hell's Kitchen
2023-03-31 06:00:00,6,8,24.0,Hell's Kitchen
2023-03-31 07:00:00,13,18,63.15,Hell's Kitchen
2023-03-31 08:00:00,37,54,165.2,Hell's Kitchen
2023-03-31 09:00:00,39,52,165.8,Hell's Kitchen
2023-03-31 10:00:00,34,48,187.65,Hell's Kitchen
2023-03-31 11:00:00,14,21,62.2,Hell's Kitchen
2023-03-31 12:00:00,7,10,32.0,Hell's Kitchen
2023-03-31 13:00:00,7,10,28.25,Hell's Kitchen
2023-03-31 14:00:00,8,12,32.1,Hell's Kitchen
2023-03-31 15:00:00,8,11,31.3,Hell's Kitchen
2023-03-31 16:00:00,4,7,17.85,Hell's Kitchen
2023-03-31 17:00:00,6,10,28.15,Hell's Kitchen
2023-03-31 18:00:00,12,18,52.8,Hell's Kitchen
2023-03-31 19:00:00,6,8,24.45,Hell's Kitchen
2023-03-31 20:00:00,2,3,8.5,Hell's Kitchen
2023-04-01 06:00:00,0,0,0.0,Hell's Kitchen
2023-04-01 07:00:00,0,0,0.0,Hell's Kitchen
2023-04-01 08:00:00,11,14,42.75,Hell's Kitchen
2023-04-01 09:00:00,24,39,120.5,Hell's Kitchen
2023-04-01 10:00:00,19,26,80.45,Hell's Kitchen
2023-04-01 11:00:00,19,34,109.45,Hell's Kitchen
2023-04-01 12:00:00,29,40,122.65,Hell's Kitchen
2023-04-01 13:00:00,30,43,133.85,Hell's Kitchen
2023-04-01 14:00:00,13,20,66.0,Hell's Kitchen
2023-04-01 15:00:00,24,35,105.4,Hell's Kitchen
2023-04-01 16:00:00,15,20,59.25,Hell's Kitchen
2023-04-01 17:00:00,27,40,125.85,Hell's Kitchen
2023-04-01 18:00:00,26,45,136.0,Hell's Kitchen
2023-04-01 19:00:00,24,34,113.2,Hell's Kitchen
2023-04-01 20:00:00,0,0,0.0,Hell's Kitchen
2023-04-02 06:00:00,0,0,0.0,Hell's Kitchen
2023-04-02 07:00:00,0,0,0.0,Hell's Kitchen
2023-04-02 08:00:00,24,38,106.0,Hell's Kitchen
2023-04-02 09:00:00,22,31,98.4,Hell's Kitchen
2023-04-02 10:00:00,16,22,70.95,Hell's Kitchen
2023-04-02 11:00:00,21,32,104.2,Hell's Kitchen
2023-04-02 12:00:00,19,28,80.8,Hell's Kitchen
2023-04-02 13:00:00,31,44,141.2,Hell's Kitchen
2023-04-02 14:00:00,20,29,99.1,Hell's Kitchen
2023-04-02 15:00:00,28,42,120.4,Hell's Kitchen
2023-04-02 16:00:00,23,32,99.75,Hell's Kitchen
2023-04-02 17:00:00,30,42,125.6,Hell's Kitchen
2023-04-02 18:00:00,16,23,69.95,Hell's Kitchen
2023-04-02 19:00:00,25,36,105.95,Hell's Kitchen
2023-04-02 20:00:00,0,0,0.0,Hell's Kitchen
2023-04-03 06:00:00,0,0,0.0,Hell's Kitchen
2023-04-03 07:00:00,0,0,0.0,Hell's Kitchen
2023-04-03 08:00:00,21,31,96.5,Hell's Kitchen
2023-04-03 09:00:00,10,16,46.0,Hell's Kitchen
2023-04-03 10:00:00,19,26,79.1,Hell's Kitchen
2023-04-03 11:00:00,28,42,145.65,Hell's Kitchen
2023-04-03 12:00:00,27,41,126.35,Hell's Kitchen
2023-04-03 13:00:00,16,21,67.65,Hell's Kitchen
2023-04-03 14:00:00,30,44,132.6,Hell's Kitchen
2023-04-03 15:00:00,21,29,95.5,Hell's Kitchen
2023-04-03 16:00:00,23,30,90.2,Hell's Kitchen
2023-04-03 17:00:00,16,22,65.75,Hell's Kitchen
2023-04-03 18:00:00,28,40,119.4,Hell's Kitchen
2023-04-03 19:00:00,18,25,79.3,Hell's Kitchen
2023-04-03 20:00:00,0,0,0.0,Hell's Kitchen
2023-04-04 06:00:00,0,0,0.0,Hell's Kitchen
2023-04-04 07:00:00,0,0,0.0,Hell's Kitchen
2023-04-04 08:00:00,22,29,86.95,Hell's Kitchen
2023-04-04 09:00:00,24,35,109.5,Hell's Kitchen
2023-04-04 10:00:00,23,32,93.45,Hell's Kitchen
2023-04-04 11:00:00,23,35,102.45,Hell's Kitchen
2023-04-04 12:00:00,18,24,70.0,Hell's Kitchen
2023-04-04 13:00:00,15,22,71.05,Hell's Kitchen
2023-04-04 14:00:00,19,26,75.4,Hell's Kitchen
2023-04-04 15:00:00,14,24,73.75,Hell's Kitchen
2023-04-04 16:00:00,22,31,96.5,Hell's Kitchen
2023-04-04 17:00:00,25,32,101.6,Hell's Kitchen
2023-04-04 18:00:00,24,35,105.95,Hell's Kitchen
2023-04-04 19:00:00,21,30,97.95,Hell's Kitchen
2023-04-04 20:00:00,0,0,0.0,Hell's Kitchen
2023-04-05 06:00:00,0,0,0.0,Hell's Kitchen
2023-04-05 07:00:00,0,0,0.0,Hell's Kitchen
2023-04-05 08:00:00,19,27,85.8,Hell's Kitchen
2023-04-05 09:00:00,22,30,92.6,Hell's Kitchen
2023-04-05 10:00:00,24,38,125.1,Hell's Kitchen
2023-04-05 11:00:00,21,25,82.4,Hell's Kitchen
2023-04-05 12:00:00,13,20,58.7,Hell's Kitchen
2023-04-05 13:00:00,24,34,114.0,Hell's Kitchen
2023-04-05 14:00:00,27,41,122.7,Hell's Kitchen
2023-04-05 15:00:00,18,29,84.3,Hell's Kitchen
2023-04-05 16:00:00,19,25,69.4,Hell's Kitchen
2023-04-05 17:00:00,23,31,97.1,Hell's Kitchen
2023-04-05 18:00:00,19,27,77.3,Hell's Kitchen
2023-04-05 19:00:00,21,29,98.9,Hell's Kitchen
2023-04-05 20:00:00,0,0,0.0,Hell's Kitchen
2023-04-06 06:00:00,0,0,0.0,Hell's Kitchen
2023-04-06 07:00:00,0,0,0.0,Hell's Kitchen
2023-04-06 08:00:00,23,33,92.4,Hell's Kitchen
2023-04-06 09:00:00,23,33,92.75,Hell's Kitchen
2023-04-06 10:00:00,12,16,47.7,Hell's Kitchen
2023-04-06 11:00:00,23,31,98.95,Hell's Kitchen
2023-04-06 12:00:00,15,27,79.5,Hell's Kitchen
2023-04-06 13:00:00,21,30,89.3,Hell's Kitchen
2023-04-06 14:00:00,32,48,155.35,Hell's Kitchen
2023-04-06 15:00:00,26,35,108.9,Hell's Kitchen
2023-04-06 16:00:00,24,37,106.7,Hell's Kitchen
2023-04-06 17:00:00,27,39,112.95,Hell's Kitchen
2023-04-06 18:00:00,16,25,73.4,Hell's Kitchen
2023-04-06 19:00:00,25,35,109.1,Hell's Kitchen
2023-04-06 20:00:00,0,0,0.0,Hell's Kitchen
2023-04-07 06:00:00,0,0,0.0,Hell's Kitchen
2023-04-07 07:00:00,0,0,0.0,Hell's Kitchen
2023-04-07 08:00:00,54,80,231.0,Hell's Kitchen
2023-04-07 09:00:00,55,79,274.15,Hell's Kitchen
2023-04-07 10:00:00,59,86,292.4,Hell's Kitchen
2023-04-07 11:00:00,30,43,130.05,Hell's Kitchen
2023-04-07 12:00:00,14,20,67.45,Hell's Kitchen
2023-04-07 13:00:00,21,29,86.2,Hell's Kitchen
2023-04-07 14:00:00,15,23,70.6,Hell's Kitchen
2023-04-07 15:00:00,15,22,71.5,Hell's Kitchen
2023-04-07 16:00:00,10,14,37.85,Hell's Kitchen
2023-04-07 17:00:00,16,22,68.4,Hell's Kitchen
2023-04-07 18:00:00,24,34,97.5,Hell's Kitchen
2023-04-07 19:00:00,11,16,44.5,Hell's Kitchen
2023-04-07 20:00:00,14,22,57.85,Hell's Kitchen
2023-04-08 06:00:00,15,25,66.15,Hell's Kitchen
2023-04-08 07:00:00,41,59,205.6,Hell's Kitchen
2023-04-08 08:00:00,27,39,119.15,Hell's Kitchen
2023-04-08 09:00:00,34,48,188.55,Hell's Kitchen
2023-04-08 10:00:00,59,74,239.6,Hell's Kitchen
2023-04-08 11:00:00,33,45,134.0,Hell's Kitchen
2023-04-08 12:00:00,16,22,66.7,Hell's Kitchen
2023-04-08 13:00:00,10,16,46.7,Hell's Kitchen
2023-04-08 14:00:00,23,34,96.3,Hell's Kitchen
2023-04-08 15:00:00,11,15,48.4,Hell's Kitchen
2023-04-08 16:00:00,18,22,79.13,Hell's Kitchen
2023-04-08 17:00:00,15,22,74.0,Hell's Kitchen
2023-04-08 18:00:00,6,10,27.7,Hell's Kitchen
2023-04-08 19:00:00,7,12,35.8,Hell's Kitchen
2023-04-08 20:00:00,0,0,0.0,Hell's Kitchen
2023-04-09 06:00:00,17,21,61.2,Hell's Kitchen
2023-04-09 07:00:00,44,62,177.65,Hell's Kitchen
2023-04-09 08:00:00,33,45,143.6,Hell's Kitchen
2023-04-09 09:00:00,45,64,201.1,Hell's Kitchen
2023-04-09 10:00:00,44,63,197.8,Hell's Kitchen
2023-04-09 11:00:00,34,47,145.8,Hell's Kitchen
2023-04-09 12:00:00,17,21,68.35,Hell's Kitchen
2023-04-09 13:00:00,15,21,69.3,Hell's Kitchen
2023-04-09 14:00:00,15,18,61.6,Hell's Kitchen
2023-04-09 15:00:00,17,24,78.45,Hell's Kitchen
2023-04-09 16:00:00,9,15,55.1,Hell's Kitchen
2023-04-09 17:00:00,15,21,69.7,Hell's Kitchen
2023-04-09 18:00:00,9,14,39.65,Hell's Kitchen
2023-04-09 19:00:00,16,24,62.1,Hell's Kitchen
2023-04-09 20:00:00,0,0,0.0,Hell's Kitchen
2023-04-10 06:00:00,25,34,104.4,Hell's Kitchen
2023-04-10 07:00:00,39,54,185.55,Hell's Kitchen
2023-04-10 08:00:00,31,35,133.8,Hell's Kitchen
2023-04-10 09:00:00,44,59,189.8,Hell's Kitchen
2023-04-10 10:00:00,41,58,195.95,Hell's Kitchen
2023-04-10 11:00:00,25,37,135.55,Hell's Kitchen
2023-04-10 12:00:00,9,12,47.25,Hell's Kitchen
2023-04-10 13:00:00,18,24,77.85,Hell's Kitchen
2023-04-10 14:00:00,11,17,46.45,Hell's Kitchen
2023-04-10 15:00:00,19,25,85.25,Hell's Kitchen
2023-04-10 16:00:00,10,15,49.25,Hell's Kitchen
2023-04-10 17:00:00,17,23,67.95,Hell's Kitchen
2023-04-10 18:00:00,15,22,60.15,Hell's Kitchen
2023-04-10 19:00:00,7,10,31.85,Hell's Kitchen
2023-04-10 20:00:00,0,0,0.0,Hell's Kitchen
2023-04-11 06:00:00,17,25,80.55,Hell's Kitchen
2023-04-11 07:00:00,27,36,114.55,Hell's Kitchen
2023-04-11 08:00:00,50,70,225.1,Hell's Kitchen
2023-04-11 09:00:00,28,38,116.6,Hell's Kitchen
2023-04-11 10:00:00,48,66,253.6,Hell's Kitchen
2023-04-11 11:00:00,29,38,120.98,Hell's Kitchen
2023-04-11 12:00:00,11,13,48.75,Hell's Kitchen
2023-04-11 13:00:00,14,22,62.8,Hell's Kitchen
2023-04-11 14:00:00,15,22,64.55,Hell's Kitchen
2023-04-11 15:00:00,19,25,71.4,Hell's Kitchen
2023-04-11 16:00:00,8,12,33.75,Hell's Kitchen
2023-04-11 17:00:00,10,14,38.65,Hell's Kitchen
2023-04-11 18:00:00,10,15,42.0,Hell's Kitchen
2023-04-11 19:00:00,18,24,88.75,Hell's Kitchen
2023-04-11 20:00:00,0,0,0.0,Hell's Kitchen
2023-04-12 06:00:00,21,32,87.5,Hell's Kitchen
2023-04-12 07:00:00,27,39,120.3,Hell's Kitchen
2023-04-12 08:00:00,44,63,229.1,Hell's Kitchen
2023-04-12 09:00:00,45,61,197.45,Hell's Kitchen
2023-04-12 10:00:00,35,51,167.65,Hell's Kitchen
2023-04-12 11:00:00,23,34,94.15,Hell's Kitchen
2023-04-12 12:00:00,24,35,97.75,Hell's Kitchen
2023-04-12 13:00:00,20,29,111.1,Hell's Kitchen
2023-04-12 14:00:00,15,18,59.55,Hell's Kitchen
2023-04-12 15:00:00,7,10,34.0,Hell's Kitchen
2023-04-12 16:00:00,22,28,120.05,Hell's Kitchen
2023-04-12 17:00:00,20,29,87.9,Hell's Kitchen
2023-04-12 18:00:00,23,33,94.5,Hell's Kitchen
2023-04-12 19:00:00,11,14,68.0,Hell's Kitchen
2023-04-12 20:00:00,0,0,0.0,Hell's Kitchen
2023-04-13 06:00:00,0,0,0.0,Hell's Kitchen
2023-04-13 07:00:00,0,0,0.0,Hell's Kitchen
2023-04-13 08:00:00,77,118,382.0,Hell's Kitchen
2023-04-13 09:00:00,68,102,332.0,Hell's Kitchen
2023-04-13 10:00:00,77,120,396.5,Hell's Kitchen
2023-04-13 11:00:00,4,7,21.5,Hell's Kitchen
2023-04-13 12:00:00,14,22,73.0,Hell's Kitchen
2023-04-13 13:00:00,18,30,109.9,Hell's Kitchen
2023-04-13 14:00:00,14,24,73.85,Hell's Kitchen
2023-04-13 15:00:00,10,16,60.1,Hell's Kitchen
2023-04-13 16:00:00,16,23,66.75,Hell's Kitchen
2023-04-13 17:00:00,4,7,24.15,Hell's Kitchen
2023-04-13 18:00:00,22,32,132.15,Hell's Kitchen
2023-04-13 19:00:00,17,25,66.65,Hell's Kitchen
2023-04-13 20:00:00,13,21,58.85,Hell's Kitchen
2023-04-14 06:00:00,0,0,0.0,Hell's Kitchen
2023-04-14 07:00:00,0,0,0.0,Hell's Kitchen
2023-04-14 08:00:00,73,94,333.93,Hell's Kitchen
2023-04-14 09:00:00,93,127,484.6,Hell's Kitchen
2023-04-14 10:00:00,71,98,381.3,Hell's Kitchen
2023-04-14 11:00:00,13,19,54.25,Hell's Kitchen
2023-04-14 12:00:00,8,11,39.45,Hell's Kitchen
2023-04-14 13:00:00,4,6,17.5,Hell's Kitchen
2023-04-14 14:00:00,8,10,41.95,Hell's Kitchen
2023-04-14 15:00:00,15,18,76.4,Hell's Kitchen
2023-04-14 16:00:00,13,17,44.75,Hell's Kitchen
2023-04-14 17:00:00,15,23,95.05,Hell's Kitchen
2023-04-14 18:00:00,13,19,62.65,Hell's Kitchen
2023-04-14 19:00:00,17,22,88.7,Hell's Kitchen
2023-04-14 20:00:00,15,19,97.93,Hell's Kitchen
2023-04-15 06:00:00,8,13,39.2,Hell's Kitchen
2023-04-15 07:00:00,46,61,217.8,Hell's Kitchen
2023-04-15 08:00:00,39,51,154.9,Hell's Kitchen
2023-04-15 09:00:00,29,40,125.2,Hell's Kitchen
2023-04-15 10:00:00,43,58,205.5,Hell's Kitchen
2023-04-15 11:00:00,21,29,88.1,Hell's Kitchen
2023-04-15 12:00:00,8,12,37.4,Hell's Kitchen
2023-04-15 13:00:00,10,14,40.35,Hell's Kitchen
2023-04-15 14:00:00,12,16,67.68,Hell's Kitchen
2023-04-15 15:00:00,10,13,55.3,Hell's Kitchen
2023-04-15 16:00:00,10,15,47.55,Hell's Kitchen
2023-04-15 17:00:00,14,20,59.2,Hell's Kitchen
2023-04-15 18:00:00,8,12,34.8,Hell's Kitchen
2023-04-15 19:00:00,12,18,56.1,Hell's Kitchen
2023-04-15 20:00:00,0,0,0.0,Hell's Kitchen
2023-04-16 06:00:00,29,44,143.35,Hell's Kitchen
2023-04-16 07:00:00,56,75,270.4,Hell's Kitchen
2023-04-16 08:00:00,46,63,212.3,Hell's Kitchen
2023-04-16 09:00:00,45,58,187.2,Hell's Kitchen
2023-04-16 10:00:00,50,66,245.35,Hell's Kitchen
2023-04-16 11:00:00,28,37,144.08,Hell's Kitchen
2023-04-16 12:00:00,5,6,18.75,Hell's Kitchen
2023-04-16 13:00:00,10,14,43.7,Hell's Kitchen
2023-04-16 14:00:00,13,18,52.9,Hell's Kitchen
2023-04-16 15:00:00,9,14,38.7,Hell's Kitchen
2023-04-16 16:00:00,12,18,55.9,Hell's Kitchen
2023-04-16 17:00:00,11,15,47.0,Hell's Kitchen
2023-04-16 18:00:00,12,18,48.7,Hell's Kitchen
2023-04-16 19:00:00,9,15,47.1,Hell's Kitchen
2023-04-16 20:00:00,0,0,0.0,Hell's Kitchen
2023-04-17 06:00:00,16,21,63.85,Hell's Kitchen
2023-04-17 07:00:00,33,43,161.4,Hell's Kitchen
2023-04-17 08:00:00,19,29,100.6,Hell's Kitchen
2023-04-17 09:00:00,30,43,465.7,Hell's Kitchen
2023-04-17 10:00:00,43,58,166.0,Hell's Kitchen
2023-04-17 11:00:00,19,34,447.1,Hell's Kitchen
2023-04-17 12:00:00,5,9,34.0,Hell's Kitchen
2023-04-17 13:00:00,5,6,40.0,Hell's Kitchen
2023-04-17 14:00:00,8,12,52.9,Hell's Kitchen
2023-04-17 15:00:00,7,9,26.4,Hell's Kitchen
2023-04-17 16:00:00,7,9,28.0,Hell's Kitchen
2023-04-17 17:00:00,6,7,20.65,Hell's Kitchen
2023-04-17 18:00:00,3,5,14.1,Hell's Kitchen
2023-04-17 19:00:00,4,6,17.75,Hell's Kitchen
2023-04-17 20:00:00,0,0,0.0,Hell's Kitchen
2023-04-18 06:00:00,23,31,101.8,Hell's Kitchen
2023-04-18 07:00:00,51,72,232.85,Hell's Kitchen
2023-04-18 08:00:00,51,71,227.6,Hell's Kitchen
2023-04-18 09:00:00,44,66,210.25,Hell's Kitchen
2023-04-18 10:00:00,42,57,245.55,Hell's Kitchen
2023-04-18 11:00:00,29,40,139.15,Hell's Kitchen
2023-04-18 12:00:00,7,12,33.8,Hell's Kitchen
2023-04-18 13:00:00,9,14,39.55,Hell's Kitchen
2023-04-18 14:00:00,8,12,38.45,Hell's Kitchen
2023-04-18 15:00:00,15,24,62.5,Hell's Kitchen
2023-04-18 16:00:00,10,14,61.85,Hell's Kitchen
2023-04-18 17:00:00,21,28,77.5,Hell's Kitchen
2023-04-18 18:00:00,8,13,53.2,Hell's Kitchen
2023-04-18 19:00:00,11,16,56.55,Hell's Kitchen
2023-04-18 20:00:00,0,0,0.0,Hell's Kitchen
2023-04-19 06:00:00,28,40,125.48,Hell's Kitchen
2023-04-19 07:00:00,51,66,229.95,Hell's Kitchen
2023-04-19 08:00:00,42,58,195.15,Hell's Kitchen
2023-04-19 09:00:00,36,47,148.15,Hell's Kitchen
2023-04-19 10:00:00,42,54,234.9,Hell's Kitchen
2023-04-19 11:00:00,20,26,83.7,Hell's Kitchen
2023-04-19 12:00:00,22,30,92.55,Hell's Kitchen
2023-04-19 13:00:00,6,9,22.6,Hell's Kitchen
2023-04-19 14:00:00,7,9,30.450000000000003,Hell's Kitchen
2023-04-19 15:00:00,19,26,74.6,Hell's Kitchen
2023-04-19 16:00:00,11,16,72.3,Hell's Kitchen
2023-04-19 17:00:00,10,15,62.6,Hell's Kitchen
2023-04-19 18:00:00,7,9,41.5,Hell's Kitchen
2023-04-19 19:00:00,8,13,35.25,Hell's Kitchen
2023-04-19 20:00:00,0,0,0.0,Hell's Kitchen
2023-04-20 06:00:00,0,0,0.0,Hell's Kitchen
2023-04-20 07:00:00,0,0,0.0,Hell's Kitchen
2023-04-20 08:00:00,72,105,333.1,Hell's Kitchen
2023-04-20 09:00:00,58,82,241.1,Hell's Kitchen
2023-04-20 10:00:00,58,82,250.8,Hell's Kitchen
2023-04-20 11:00:00,7,12,34.05,Hell's Kitchen
2023-04-20 12:00:00,10,16,63.25,Hell's Kitchen
2023-04-20 13:00:00,11,17,54.2,Hell's Kitchen
2023-04-20 14:00:00,13,19,50.15,Hell's Kitchen
2023-04-20 15:00:00,15,21,65.85,Hell's Kitchen
2023-04-20 16:00:00,13,19,58.55,Hell's Kitchen
2023-04-20 17:00:00,3,6,18.6,Hell's Kitchen
2023-04-20 18:00:00,7,12,32.6,Hell's Kitchen
2023-04-20 19:00:00,8,14,34.4,Hell's Kitchen
2023-04-20 20:00:00,11,17,80.75,Hell's Kitchen
2023-04-21 06:00:00,0,0,0.0,Hell's Kitchen
2023-04-21 07:00:00,0,0,0.0,Hell's Kitchen
2023-04-21 08:00:00,55,74,239.4,Hell's Kitchen
2023-04-21 09:00:00,61,83,272.1,Hell's Kitchen
2023-04-21 10:00:00,87,122,446.0,Hell's Kitchen
2023-04-21 11:00:00,10,13,35.05,Hell's Kitchen
2023-04-21 12:00:00,13,19,51.4,Hell's Kitchen
2023-04-21 13:00:00,23,31,119.05,Hell's Kitchen
2023-04-21 14:00:00,15,22,65.3,Hell's Kitchen
2023-04-21 15:00:00,12,14,41.35,Hell's Kitchen
2023-04-21 16:00:00,11,13,31.95,Hell's Kitchen
2023-04-21 17:00:00,12,15,47.1,Hell's Kitchen
2023-04-21 18:00:00,21,30,84.95,Hell's Kitchen
2023-04-21 19:00:00,5,9,25.85,Hell's Kitchen
2023-04-21 20:00:00,15,21,62.35,Hell's Kitchen
2023-04-22 06:00:00,18,24,78.55,Hell's Kitchen
2023-04-22 07:00:00,23,37,122.35,Hell's Kitchen
2023-04-22 08:00:00,24,33,97.6,Hell's Kitchen
2023-04-22 09:00:00,25,32,121.95,Hell's Kitchen
2023-04-22 10:00:00,20,28,120.7,Hell's Kitchen
2023-04-22 11:00:00,21,27,96.25,Hell's Kitchen
2023-04-22 12:00:00,5,7,19.3,Hell's Kitchen
2023-04-22 13:00:00,9,12,34.0,Hell's Kitchen
2023-04-22 14:00:00,19,28,80.5,Hell's Kitchen
2023-04-22 15:00:00,13,18,57.5,Hell's Kitchen
2023-04-22 16:00:00,13,18,60.2,Hell's Kitchen
2023-04-22 17:00:00,10,14,41.15,Hell's Kitchen
2023-04-22 18:00:00,18,27,74.25,Hell's Kitchen
2023-04-22 19:00:00,8,10,31.15,Hell's Kitchen
2023-04-22 20:00:00,0,0,0.0,Hell's Kitchen
2023-04-23 06:00:00,18,25,81.75,Hell's Kitchen
2023-04-23 07:00:00,40,54,163.85,Hell's Kitchen
2023-04-23 08:00:00,36,53,168.65,Hell's Kitchen
2023-04-23 09:00:00,38,60,220.45,Hell's Kitchen
2023-04-23 10:00:00,29,40,156.33,Hell's Kitchen
2023-04-23 11:00:00,25,31,192.1,Hell's Kitchen
2023-04-23 12:00:00,13,19,69.35,Hell's Kitchen
2023-04-23 13:00:00,8,12,36.5,Hell's Kitchen
2023-04-23 14:00:00,20,23,85.35,Hell's Kitchen
2023-04-23 15:00:00,9,10,27.45,Hell's Kitchen
2023-04-23 16:00:00,9,14,36.8,Hell's Kitchen
2023-04-23 17:00:00,8,10,28.45,Hell's Kitchen
2023-04-23 18:00:00,19,29,94.6,Hell's Kitchen
2023-04-23 19:00:00,12,16,52.85,Hell's Kitchen
2023-04-23 20:00:00,0,0,0.0,Hell's Kitchen
2023-04-24 06:00:00,14,19,56.15,Hell's Kitchen
2023-04-24 07:00:00,28,38,140.35,Hell's Kitchen
2023-04-24 08:00:00,35,46,134.5,Hell's Kitchen
2023-04-24 09:00:00,26,37,116.95,Hell's Kitchen
2023-04-24 10:00:00,38,49,216.3,Hell's Kitchen
2023-04-24 11:00:00,13,21,61.3,Hell's Kitchen
2023-04-24 12:00:00,17,22,61.4,Hell's Kitchen
2023-04-24 13:00:00,10,15,44.5,Hell's Kitchen
2023-04-24 14:00:00,8,13,38.6,Hell's Kitchen
2023-04-24 15:00:00,9,13,39.6,Hell's Kitchen
2023-04-24 16:00:00,19,25,89.2,Hell's Kitchen
2023-04-24 17:00:00,11,18,57.75,Hell's Kitchen
2023-04-24 18:00:00,9,15,47.65,Hell's Kitchen
2023-04-24 19:00:00,11,17,62.5,Hell's Kitchen
2023-04-24 20:00:00,0,0,0.0,Hell's Kitchen
2023-04-25 06:00:00,12,17,53.5,Hell's Kitchen
2023-04-25 07:00:00,35,48,144.05,Hell's Kitchen
2023-04-25 08:00:00,35,51,167.25,Hell's Kitchen
2023-04-25 09:00:00,29,37,125.1,Hell's Kitchen
2023-04-25 10:00:00,33,45,174.3,Hell's Kitchen
2023-04-25 11:00:00,26,35,114.35,Hell's Kitchen
2023-04-25 12:00:00,17,26,98.9,Hell's Kitchen
2023-04-25 13:00:00,9,15,47.25,Hell's Kitchen
2023-04-25 14:00:00,11,17,63.95,Hell's Kitchen
2023-04-25 15:00:00,13,17,77.1,Hell's Kitchen
2023-04-25 16:00:00,17,25,75.65,Hell's Kitchen
2023-04-25 17:00:00,11,15,55.75,Hell's Kitchen
2023-04-25 18:00:00,6,7,28.2,Hell's Kitchen
2023-04-25 19:00:00,12,21,59.2,Hell's Kitchen
2023-04-25 20:00:00,0,0,0.0,Hell's Kitchen
2023-04-26 06:00:00,15,20,60.85,Hell's Kitchen
2023-04-26 07:00:00,38,48,193.9,Hell's Kitchen
2023-04-26 08:00:00,39,58,190.6,Hell's Kitchen
2023-04-26 09:00:00,34,44,145.6,Hell's Kitchen
2023-04-26 10:00:00,39,48,192.6,Hell's Kitchen
2023-04-26 11:00:00,23,33,123.65,Hell's Kitchen
2023-04-26 12:00:00,11,17,49.25,Hell's Kitchen
2023-04-26 13:00:00,14,21,74.85,Hell's Kitchen
2023-04-26 14:00:00,15,19,66.2,Hell's Kitchen
2023-04-26 15:00:00,12,18,65.1,Hell's Kitchen
2023-04-26 16:00:00,14,18,58.35,Hell's Kitchen
2023-04-26 17:00:00,22,34,96.65,Hell's Kitchen
2023-04-26 18:00:00,12,17,46.55,Hell's Kitchen
2023-04-26 19:00:00,16,22,63.35,Hell's Kitchen
2023-04-26 20:00:00,0,0,0.0,Hell's Kitchen
2023-04-27 06:00:00,0,0,0.0,Hell's Kitchen
2023-04-27 07:00:00,0,0,0.0,Hell's Kitchen
2023-04-27 08:00:00,47,67,184.0,Hell's Kitchen
2023-04-27 09:00:00,70,99,282.55,Hell's Kitchen
2023-04-27 10:00:00,65,100,289.8,Hell's Kitchen
2023-04-27 11:00:00,5,7,21.45,Hell's Kitchen
2023-04-27 12:00:00,18,29,81.0,Hell's Kitchen
2023-04-27 13:00:00,8,10,25.85,Hell's Kitchen
2023-04-27 14:00:00,12,17,46.45,Hell's Kitchen
2023-04-27 15:00:00,23,32,83.15,Hell's Kitchen
2023-04-27 16:00:00,14,19,62.4,Hell's Kitchen
2023-04-27 17:00:00,15,23,62.45,Hell's Kitchen
2023-04-27 18:00:00,12,20,49.7,Hell's Kitchen
2023-04-27 19:00:00,17,21,60.2,Hell's Kitchen
2023-04-27 20:00:00,13,18,52.45,Hell's Kitchen
2023-04-28 06:00:00,0,0,0.0,Hell's Kitchen
2023-04-28 07:00:00,0,0,0.0,Hell's Kitchen
2023-04-28 08:00:00,29,40,125.2,Hell's Kitchen
2023-04-28 09:00:00,14,22,67.0,Hell's Kitchen
2023-04-28 10:00:00,20,25,79.8,Hell's Kitchen
2023-04-28 11:00:00,16,21,70.15,Hell's Kitchen
2023-04-28 12:00:00,13,21,66.65,Hell's Kitchen
2023-04-28 13:00:00,21,30,102.0,Hell's Kitchen
2023-04-28 14:00:00,18,29,91.15,Hell's Kitchen
2023-04-28 15:00:00,22,29,91.75,Hell's Kitchen
2023-04-28 16:00:00,34,44,144.3,Hell's Kitchen
2023-04-28 17:00:00,29,42,128.6,Hell's Kitchen
2023-04-28 18:00:00,18,24,73.65,Hell's Kitchen
2023-04-28 19:00:00,14,17,49.7,Hell's Kitchen
2023-04-28 20:00:00,0,0,0.0,Hell's Kitchen
2023-04-29 06:00:00,0,0,0.0,Hell's Kitchen
2023-04-29 07:00:00,0,0,0.0,Hell's Kitchen
2023-04-29 08:00:00,11,17,46.8,Hell's Kitchen
2023-04-29 09:00:00,16,21,62.6,Hell's Kitchen
2023-04-29 10:00:00,16,25,78.4,Hell's Kitchen
2023-04-29 11:00:00,14,21,60.75,Hell's Kitchen
2023-04-29 12:00:00,17,24,79.9,Hell's Kitchen
2023-04-29 13:00:00,23,32,99.7,Hell's Kitchen
2023-04-29 14:00:00,16,24,69.9,Hell's Kitchen
2023-04-29 15:00:00,16,26,77.3,Hell's Kitchen
2023-04-29 16:00:00,27,39,119.7,Hell's Kitchen
2023-04-29 17:00:00,15,20,65.3,Hell's Kitchen
2023-04-29 18:00:00,12,17,49.85,Hell's Kitchen
2023-04-29 19:00:00,16,24,82.35,Hell's Kitchen
2023-04-29 20:00:00,0,0,0.0,Hell's Kitchen
2023-04-30 06:00:00,10,14,41.45,Hell's Kitchen
2023-04-30 07:00:00,16,24,81.3,Hell's Kitchen
2023-04-30 08:00:00,49,64,216.55,Hell's Kitchen
2023-04-30 09:00:00,32,46,157.45,Hell's Kitchen
2023-04-30 10:00:00,48,62,202.25,Hell's Kitchen
2023-04-30 11:00:00,20,29,82.8,Hell's Kitchen
2023-04-30 12:00:00,9,12,35.7,Hell's Kitchen
2023-04-30 13:00:00,5,6,18.75,Hell's Kitchen
2023-04-30 14:00:00,4,7,17.9,Hell's Kitchen
2023-04-30 15:00:00,12,14,43.45,Hell's Kitchen
2023-04-30 16:00:00,14,21,64.0,Hell's Kitchen
2023-04-30 17:00:00,13,17,53.45,Hell's Kitchen
2023-04-30 18:00:00,12,16,47.05,Hell's Kitchen
2023-04-30 19:00:00,6,8,25.8,Hell's Kitchen
2023-04-30 20:00:00,4,6,23.5,Hell's Kitchen
2023-05-01 06:00:00,0,0,0.0,Hell's Kitchen
2023-05-01 07:00:00,0,0,0.0,Hell's Kitchen
2023-05-01 08:00:00,23,34,110.15,Hell's Kitchen
2023-05-01 09:00:00,26,38,115.65,Hell's Kitchen
2023-05-01 10:00:00,27,37,111.1,Hell's Kitchen
2023-05-01 11:00:00,30,50,166.35,Hell's Kitchen
2023-05-01 12:00:00,31,45,142.4,Hell's Kitchen
2023-05-01 13:00:00,28,41,123.75,Hell's Kitchen
2023-05-01 14:00:00,32,45,139.9,Hell's Kitchen
2023-05-01 15:00:00,23,35,102.9,Hell's Kitchen
2023-05-01 16:00:00,28,41,122.0,Hell's Kitchen
2023-05-01 17:00:00,37,55,172.15,Hell's Kitchen
2023-05-01 18:00:00,33,52,166.2,Hell's Kitchen
2023-05-01 19:00:00,29,39,125.85,Hell's Kitchen
2023-05-01 20:00:00,0,0,0.0,Hell's Kitchen
2023-05-02 06:00:00,0,0,0.0,Hell's Kitchen
2023-05-02 07:00:00,0,0,0.0,Hell's Kitchen
2023-05-02 08:00:00,32,48,137.95,Hell's Kitchen
2023-05-02 09:00:00,22,31,100.65,Hell's Kitchen
2023-05-02 10:00:00,30,42,133.75,Hell's Kitchen
2023-05-02 11:00:00,29,42,137.1,Hell's Kitchen
2023-05-02 12:00:00,23,30,87.05,Hell's Kitchen
2023-05-02 13:00:00,33,49,156.3,Hell's Kitchen
2023-05-02 14:00:00,28,39,123.35,Hell's Kitchen
2023-05-02 15:00:00,32,48,135.95,Hell's Kitchen
2023-05-02 16:00:00,30,44,132.9,Hell's Kitchen
2023-05-02 17:00:00,39,56,166.1,Hell's Kitchen
2023-05-02 18:00:00,22,32,98.05,Hell's Kitchen
2023-05-02 19:00:00,38,56,181.4,Hell's Kitchen
2023-05-02 20:00:00,0,0,0.0,Hell's Kitchen
2023-05-03 06:00:00,0,0,0.0,Hell's Kitchen
2023-05-03 07:00:00,0,0,0.0,Hell's Kitchen
2023-05-03 08:00:00,39,52,161.95,Hell's Kitchen
2023-05-03 09:00:00,22,31,96.8,Hell's Kitchen
2023-05-03 10:00:00,22,30,84.85,Hell's Kitchen
2023-05-03 11:00:00,31,45,143.4,Hell's Kitchen
2023-05-03 12:00:00,33,46,147.4,Hell's Kitchen
2023-05-03 13:00:00,23,29,92.8,Hell's Kitchen
2023-05-03 14:00:00,39,58,182.1,Hell's Kitchen
2023-05-03 15:00:00,27,35,118.2,Hell's Kitchen
2023-05-03 16:00:00,23,35,99.7,Hell's Kitchen
2023-05-03 17:00:00,31,46,134.5,Hell's Kitchen
2023-05-03 18:00:00,41,58,174.8,Hell's Kitchen
2023-05-03 19:00:00,26,38,116.0,Hell's Kitchen
2023-05-03 20:00:00,0,0,0.0,Hell's Kitchen
2023-05-04 06:00:00,0,0,0.0,Hell's Kitchen
2023-05-04 07:00:00,0,0,0.0,Hell's Kitchen
2023-05-04 08:00:00,24,34,103.65,Hell's Kitchen
2023-05-04 09:00:00,22,36,109.6,Hell's Kitchen
2023-05-04 10:00:00,24,36,115.65,Hell's Kitchen
2023-05-04 11:00:00,32,46,149.95,Hell's Kitchen
2023-05-04 12:00:00,22,29,89.15,Hell's Kitchen
2023-05-04 13:00:00,28,43,137.35,Hell's Kitchen
2023-05-04 14:00:00,35,48,145.45,Hell's Kitchen
2023-05-04 15:00:00,22,35,106.7,Hell's Kitchen
2023-05-04 16:00:00,27,36,113.4,Hell's Kitchen
2023-05-04 17:00:00,26,39,117.35,Hell's Kitchen
2023-05-04 18:00:00,34,48,135.5,Hell's Kitchen
2023-05-04 19:00:00,27,37,124.8,Hell's Kitchen
2023-05-04 20:00:00,0,0,0.0,Hell's Kitchen
2023-05-05 06:00:00,0,0,0.0,Hell's Kitchen
2023-05-05 07:00:00,0,0,0.0,Hell's Kitchen
2023-05-05 08:00:00,30,44,144.5,Hell's Kitchen
2023-05-05 09:00:00,30,45,142.75,Hell's Kitchen
2023-05-05 10:00:00,26,40,136.35,Hell's Kitchen
2023-05-05 11:00:00,22,28,90.65,Hell's Kitchen
2023-05-05 12:00:00,26,41,124.85,Hell's Kitchen
2023-05-05 13:00:00,31,43,132.2,Hell's Kitchen
2023-05-05 14:00:00,25,37,116.75,Hell's Kitchen
2023-05-05 15:00:00,23,35,100.4,Hell's Kitchen
2023-05-05 16:00:00,26,35,105.7,Hell's Kitchen
2023-05-05 17:00:00,36,47,143.4,Hell's Kitchen
2023-05-05 18:00:00,27,40,114.7,Hell's Kitchen
2023-05-05 19:00:00,20,28,93.45,Hell's Kitchen
2023-05-05 20:00:00,0,0,0.0,Hell's Kitchen
2023-05-06 06:00:00,0,0,0.0,Hell's Kitchen
2023-05-06 07:00:00,0,0,0.0,Hell's Kitchen
2023-05-06 08:00:00,26,38,110.35,Hell's Kitchen
2023-05-06 09:00:00,23,31,91.0,Hell's Kitchen
2023-05-06 10:00:00,16,26,78.05,Hell's Kitchen
2023-05-06 11:00:00,24,33,104.55,Hell's Kitchen
2023-05-06 12:00:00,29,47,133.4,Hell's Kitchen
2023-05-06 13:00:00,31,49,149.55,Hell's Kitchen
2023-05-06 14:00:00,25,33,101.8,Hell's Kitchen
2023-05-06 15:00:00,34,46,135.75,Hell's Kitchen
2023-05-06 16:00:00,32,46,131.15,Hell's Kitchen
2023-05-06 17:00:00,30,45,128.15,Hell's Kitchen
2023-05-06 18:00:00,27,40,124.85,Hell's Kitchen
2023-05-06 19:00:00,30,44,144.5,Hell's Kitchen
2023-05-06 20:00:00,0,0,0.0,Hell's Kitchen
2023-05-07 06:00:00,0,0,0.0,Hell's Kitchen
2023-05-07 07:00:00,0,0,0.0,Hell's Kitchen
2023-05-07 08:00:00,72,106,308.45,Hell's Kitchen
2023-05-07 09:00:00,66,94,315.35,Hell's Kitchen
2023-05-07 10:00:00,78,115,364.6,Hell's Kitchen
2023-05-07 11:00:00,38,53,165.75,Hell's Kitchen
2023-05-07 12:00:00,19,26,80.95,Hell's Kitchen
2023-05-07 13:00:00,21,28,86.6,Hell's Kitchen
2023-05-07 14:00:00,14,22,68.85,Hell's Kitchen
2023-05-07 15:00:00,13,23,70.8,Hell's Kitchen
2023-05-07 16:00:00,14,19,55.55,Hell's Kitchen
2023-05-07 17:00:00,30,43,128.45,Hell's Kitchen
2023-05-07 18:00:00,27,37,106.1,Hell's Kitchen
2023-05-07 19:00:00,21,32,98.1,Hell's Kitchen
2023-05-07 20:00:00,24,37,108.0,Hell's Kitchen
2023-05-08 06:00:00,17,24,65.9,Hell's Kitchen
2023-05-08 07:00:00,51,75,236.05,Hell's Kitchen
2023-05-08 08:00:00,42,58,184.3,Hell's Kitchen
2023-05-08 09:00:00,52,75,269.05,Hell's Kitchen
2023-05-08 10:00:00,52,72,225.3,Hell's Kitchen
2023-05-08 11:00:00,36,48,137.9,Hell's Kitchen
2023-05-08 12:00:00,14,19,57.85,Hell's Kitchen
2023-05-08 13:00:00,18,27,79.45,Hell's Kitchen
2023-05-08 14:00:00,34,48,132.2,Hell's Kitchen
2023-05-08 15:00:00,12,18,58.4,Hell's Kitchen
2023-05-08 16:00:00,22,28,97.78,Hell's Kitchen
2023-05-08 17:00:00,21,29,100.25,Hell's Kitchen
2023-05-08 18:00:00,17,27,86.3,Hell's Kitchen
2023-05-08 19:00:00,8,12,36.65,Hell's Kitchen
2023-05-08 20:00:00,0,0,0.0,Hell's Kitchen
2023-05-09 06:00:00,24,31,95.6,Hell's Kitchen
2023-05-09 07:00:00,68,96,285.6,Hell's Kitchen
2023-05-09 08:00:00,47,66,216.85,Hell's Kitchen
2023-05-09 09:00:00,61,87,288.1,Hell's Kitchen
2023-05-09 10:00:00,66,94,330.25,Hell's Kitchen
2023-05-09 11:00:00,31,43,129.6,Hell's Kitchen
2023-05-09 12:00:00,21,28,84.9,Hell's Kitchen
2023-05-09 13:00:00,15,21,62.1,Hell's Kitchen
2023-05-09 14:00:00,16,23,63.75,Hell's Kitchen
2023-05-09 15:00:00,14,20,63.1,Hell's Kitchen
2023-05-09 16:00:00,14,21,82.35,Hell's Kitchen
2023-05-09 17:00:00,18,24,66.45,Hell's Kitchen
2023-05-09 18:00:00,17,26,74.75,Hell's Kitchen
2023-05-09 19:00:00,18,28,72.8,Hell's Kitchen
2023-05-09 20:00:00,0,0,0.0,Hell's Kitchen
2023-05-10 06:00:00,31,41,129.75,Hell's Kitchen
2023-05-10 07:00:00,55,78,272.6,Hell's Kitchen
2023-05-10 08:00:00,49,62,221.88,Hell's Kitchen
2023-05-10 09:00:00,55,76,257.25,Hell's Kitchen
2023-05-10 10:00:00,53,76,235.4,Hell's Kitchen
2023-05-10 11:00:00,35,49,187.6,Hell's Kitchen
2023-05-10 12:00:00,15,21,75.95,Hell's Kitchen
2023-05-10 13:00:00,22,30,99.0,Hell's Kitchen
2023-05-10 14:00:00,16,28,79.45,Hell's Kitchen
2023-05-10 15:00:00,24,32,96.2,Hell's Kitchen
2023-05-10 16:00:00,16,23,68.85,Hell's Kitchen
2023-05-10 17:00:00,18,25,87.6,Hell's Kitchen
2023-05-10 18:00:00,20,27,73.75,Hell's Kitchen
2023-05-10 19:00:00,13,18,57.35,Hell's Kitchen
2023-05-10 20:00:00,0,0,0.0,Hell's Kitchen
2023-05-11 06:00:00,32,41,129.55,Hell's Kitchen
2023-05-11 07:00:00,48,68,241.2,Hell's Kitchen
2023-05-11 08:00:00,52,73,243.9,Hell's Kitchen
2023-05-11 09:00:00,29,37,123.1,Hell's Kitchen
2023-05-11 10:00:00,65,89,315.85,Hell's Kitchen
2023-05-11 11:00:00,42,58,237.58,Hell's Kitchen
2023-05-11 12:00:00,15,20,67.55,Hell's Kitchen
2023-05-11 13:00:00,20,31,86.7,Hell's Kitchen
2023-05-11 14:00:00,25,37,123.95,Hell's Kitchen
2023-05-11 15:00:00,17,23,65.75,Hell's Kitchen
2023-05-11 16:00:00,12,18,49.2,Hell's Kitchen
2023-05-11 17:00:00,16,24,64.25,Hell's Kitchen
2023-05-11 18:00:00,18,25,73.5,Hell's Kitchen
2023-05-11 19:00:00,13,18,83.23,Hell's Kitchen
2023-05-11 20:00:00,0,0,0.0,Hell's Kitchen
2023-05-12 06:00:00,33,49,131.8,Hell's Kitchen
2023-05-12 07:00:00,42,60,178.75,Hell's Kitchen
2023-05-12 08:00:00,39,56,215.2,Hell's Kitchen
2023-05-12 09:00:00,57,77,319.45,Hell's Kitchen
2023-05-12 10:00:00,47,70,221.5,Hell's Kitchen
2023-05-12 11:00:00,30,42,118.8,Hell's Kitchen
2023-05-12 12:00:00,24,35,95.35,Hell's Kitchen
2023-05-12 13:00:00,28,39,135.65,Hell's Kitchen
2023-05-12 14:00:00,12,19,55.05,Hell's Kitchen
2023-05-12 15:00:00,16,22,86.95,Hell's Kitchen
2023-05-12 16:00:00,13,17,45.45,Hell's Kitchen
2023-05-12 17:00:00,25,38,113.9,Hell's Kitchen
2023-05-12 18:00:00,27,36,103.4,Hell's Kitchen
2023-05-12 19:00:00,18,23,75.15,Hell's Kitchen
2023-05-12 20:00:00,0,0,0.0,Hell's Kitchen
2023-05-13 06:00:00,0,0,0.0,Hell's Kitchen
2023-05-13 07:00:00,0,0,0.0,Hell's Kitchen
2023-05-13 08:00:00,100,151,482.65,Hell's Kitchen
2023-05-13 09:00:00,94,144,505.5,Hell's Kitchen
2023-05-13 10:00:00,96,150,506.35,Hell's Kitchen
2023-05-13 11:00:00,5,8,24.7,Hell's Kitchen
2023-05-13 12:00:00,12,21,71.2,Hell's Kitchen
2023-05-13 13:00:00,19,29,105.55,Hell's Kitchen
2023-05-13 14:00:00,17,26,79.35,Hell's Kitchen
2023-05-13 15:00:00,12,20,67.65,Hell's Kitchen
2023-05-13 16:00:00,27,36,127.3,Hell's Kitchen
2023-05-13 17:00:00,7,12,59.45,Hell's Kitchen
2023-05-13 18:00:00,19,29,121.85,Hell's Kitchen
2023-05-13 19:00:00,18,29,75.05,Hell's Kitchen
2023-05-13 20:00:00,19,29,86.0,Hell's Kitchen
2023-05-14 06:00:00,0,0,0.0,Hell's Kitchen
2023-05-14 07:00:00,0,0,0.0,Hell's Kitchen
2023-05-14 08:00:00,105,137,453.63,Hell's Kitchen
2023-05-14 09:00:00,115,152,562.6,Hell's Kitchen
2023-05-14 10:00:00,74,101,319.25,Hell's Kitchen
2023-05-14 11:00:00,9,14,40.35,Hell's Kitchen
2023-05-14 12:00:00,11,14,47.95,Hell's Kitchen
2023-05-14 13:00:00,13,19,78.75,Hell's Kitchen
2023-05-14 14:00:00,7,8,38.85,Hell's Kitchen
2023-05-14 15:00:00,21,25,96.5,Hell's Kitchen
2023-05-14 16:00:00,13,15,47.8,Hell's Kitchen
2023-05-14 17:00:00,17,26,107.8,Hell's Kitchen
2023-05-14 18:00:00,13,19,61.85,Hell's Kitchen
2023-05-14 19:00:00,14,17,59.85,Hell's Kitchen
2023-05-14 20:00:00,12,14,64.53,Hell's Kitchen
2023-05-15 06:00:00,7,12,32.2,Hell's Kitchen
2023-05-15 07:00:00,55,78,277.55,Hell's Kitchen
2023-05-15 08:00:00,52,73,218.4,Hell's Kitchen
2023-05-15 09:00:00,49,68,215.35,Hell's Kitchen
2023-05-15 10:00:00,41,56,186.65,Hell's Kitchen
2023-05-15 11:00:00,35,47,188.65,Hell's Kitchen
2023-05-15 12:00:00,17,24,83.55,Hell's Kitchen
2023-05-15 13:00:00,12,17,50.85,Hell's Kitchen
2023-05-15 14:00:00,8,11,34.65,Hell's Kitchen
2023-05-15 15:00:00,15,21,76.4,Hell's Kitchen
2023-05-15 16:00:00,7,10,26.2,Hell's Kitchen
2023-05-15 17:00:00,19,27,95.45,Hell's Kitchen
2023-05-15 18:00:00,7,10,31.25,Hell's Kitchen
2023-05-15 19:00:00,18,26,75.5,Hell's Kitchen
2023-05-15 20:00:00,0,0,0.0,Hell's Kitchen
2023-05-16 06:00:00,27,39,122.2,Hell's Kitchen
2023-05-16 07:00:00,65,81,307.1,Hell's Kitchen
2023-05-16 08:00:00,43,61,185.05,Hell's Kitchen
2023-05-16 09:00:00,47,61,204.4,Hell's Kitchen
2023-05-16 10:00:00,64,90,314.85,Hell's Kitchen
2023-05-16 11:00:00,48,60,221.13,Hell's Kitchen
2023-05-16 12:00:00,8,11,34.5,Hell's Kitchen
2023-05-16 13:00:00,14,21,65.2,Hell's Kitchen
2023-05-16 14:00:00,23,30,91.15,Hell's Kitchen
2023-05-16 15:00:00,9,13,37.5,Hell's Kitchen
2023-05-16 16:00:00,9,15,47.5,Hell's Kitchen
2023-05-16 17:00:00,13,17,59.7,Hell's Kitchen
2023-05-16 18:00:00,16,22,64.95,Hell's Kitchen
2023-05-16 19:00:00,13,20,60.55,Hell's Kitchen
2023-05-16 20:00:00,0,0,0.0,Hell's Kitchen
2023-05-17 06:00:00,18,26,85.6,Hell's Kitchen
2023-05-17 07:00:00,26,35,123.1,Hell's Kitchen
2023-05-17 08:00:00,35,48,142.8,Hell's Kitchen
2023-05-17 09:00:00,41,60,515.7,Hell's Kitchen
2023-05-17 10:00:00,38,52,152.75,Hell's Kitchen
2023-05-17 11:00:00,23,38,452.40000000000003,Hell's Kitchen
2023-05-17 12:00:00,8,11,36.25,Hell's Kitchen
2023-05-17 13:00:00,11,15,57.85,Hell's Kitchen
2023-05-17 14:00:00,6,8,21.1,Hell's Kitchen
2023-05-17 15:00:00,10,16,57.45,Hell's Kitchen
2023-05-17 16:00:00,9,13,38.0,Hell's Kitchen
2023-05-17 17:00:00,4,6,18.15,Hell's Kitchen
2023-05-17 18:00:00,11,20,59.95,Hell's Kitchen
2023-05-17 19:00:00,7,11,30.25,Hell's Kitchen
2023-05-17 20:00:00,0,0,0.0,Hell's Kitchen
2023-05-18 06:00:00,29,37,120.95,Hell's Kitchen
2023-05-18 07:00:00,52,69,222.6,Hell's Kitchen
2023-05-18 08:00:00,58,78,285.75,Hell's Kitchen
2023-05-18 09:00:00,63,87,300.28,Hell's Kitchen
2023-05-18 10:00:00,67,92,306.55,Hell's Kitchen
2023-05-18 11:00:00,30,39,138.35,Hell's Kitchen
2023-05-18 12:00:00,18,28,86.75,Hell's Kitchen
2023-05-18 13:00:00,20,31,96.45,Hell's Kitchen
2023-05-18 14:00:00,13,19,54.75,Hell's Kitchen
2023-05-18 15:00:00,15,26,69.55,Hell's Kitchen
2023-05-18 16:00:00,16,22,87.6,Hell's Kitchen
2023-05-18 17:00:00,14,18,57.45,Hell's Kitchen
2023-05-18 18:00:00,9,15,44.75,Hell's Kitchen
2023-05-18 19:00:00,15,22,77.55,Hell's Kitchen
2023-05-18 20:00:00,0,0,0.0,Hell's Kitchen
2023-05-19 06:00:00,32,48,155.18,Hell's Kitchen
2023-05-19 07:00:00,75,96,358.9,Hell's Kitchen
2023-05-19 08:00:00,56,78,244.0,Hell's Kitchen
2023-05-19 09:00:00,43,56,164.05,Hell's Kitchen
2023-05-19 10:00:00,57,81,306.35,Hell's Kitchen
2023-05-19 11:00:00,23,32,103.65,Hell's Kitchen
2023-05-19 12:00:00,21,29,95.4,Hell's Kitchen
2023-05-19 13:00:00,18,26,78.05,Hell's Kitchen
2023-05-19 14:00:00,7,8,23.9,Hell's Kitchen
2023-05-19 15:00:00,18,27,87.05,Hell's Kitchen
2023-05-19 16:00:00,14,20,84.4,Hell's Kitchen
2023-05-19 17:00:00,11,17,67.2,Hell's Kitchen
2023-05-19 18:00:00,16,23,82.6,Hell's Kitchen
2023-05-19 19:00:00,14,20,58.1,Hell's Kitchen
2023-05-19 20:00:00,0,0,0.0,Hell's Kitchen
2023-05-20 06:00:00,0,0,0.0,Hell's Kitchen
2023-05-20 07:00:00,0,0,0.0,Hell's Kitchen
2023-05-20 08:00:00,95,138,465.15,Hell's Kitchen
2023-05-20 09:00:00,76,100,341.2,Hell's Kitchen
2023-05-20 10:00:00,82,118,393.15,Hell's Kitchen
2023-05-20 11:00:00,6,9,24.35,Hell's Kitchen
2023-05-20 12:00:00,7,12,35.75,Hell's Kitchen
2023-05-20 13:00:00,13,18,54.15,Hell's Kitchen
2023-05-20 14:00:00,22,31,86.25,Hell's Kitchen
2023-05-20 15:00:00,18,26,127.35,Hell's Kitchen
2023-05-20 16:00:00,17,24,71.75,Hell's Kitchen
2023-05-20 17:00:00,7,14,43.6,Hell's Kitchen
2023-05-20 18:00:00,8,13,38.25,Hell's Kitchen
2023-05-20 19:00:00,23,36,92.2,Hell's Kitchen
2023-05-20 20:00:00,19,29,110.0,Hell's Kitchen
2023-05-21 06:00:00,0,0,0.0,Hell's Kitchen
2023-05-21 07:00:00,0,0,0.0,Hell's Kitchen
2023-05-21 08:00:00,72,103,383.53000000000003,Hell's Kitchen
2023-05-21 09:00:00,85,108,367.6,Hell's Kitchen
2023-05-21 10:00:00,100,139,445.2,Hell's Kitchen
2023-05-21 11:00:00,9,13,35.3,Hell's Kitchen
2023-05-21 12:00:00,19,28,141.0,Hell's Kitchen
2023-05-21 13:00:00,21,32,128.45,Hell's Kitchen
2023-05-21 14:00:00,19,25,74.65,Hell's Kitchen
2023-05-21 15:00:00,20,24,68.6,Hell's Kitchen
2023-05-21 16:00:00,12,18,52.9,Hell's Kitchen
2023-05-21 17:00:00,18,26,75.2,Hell's Kitchen
2023-05-21 18:00:00,27,39,111.35,Hell's Kitchen
2023-05-21 19:00:00,12,18,60.0,Hell's Kitchen
2023-05-21 20:00:00,22,32,141.3,Hell's Kitchen
2023-05-22 06:00:00,17,26,78.75,Hell's Kitchen
2023-05-22 07:00:00,26,38,125.05,Hell's Kitchen
2023-05-22 08:00:00,37,50,170.95,Hell's Kitchen
2023-05-22 09:00:00,35,46,184.8,Hell's Kitchen
2023-05-22 10:00:00,41,58,224.45,Hell's Kitchen
2023-05-22 11:00:00,30,38,120.1,Hell's Kitchen
2023-05-22 12:00:00,16,22,67.15,Hell's Kitchen
2023-05-22 13:00:00,15,22,64.4,Hell's Kitchen
2023-05-22 14:00:00,18,25,71.35,Hell's Kitchen
2023-05-22 15:00:00,20,29,105.05,Hell's Kitchen
2023-05-22 16:00:00,17,21,65.55,Hell's Kitchen
2023-05-22 17:00:00,14,19,70.0,Hell's Kitchen
2023-05-22 18:00:00,18,27,74.6,Hell's Kitchen
2023-05-22 19:00:00,16,21,88.75,Hell's Kitchen
2023-05-22 20:00:00,0,0,0.0,Hell's Kitchen
2023-05-23 06:00:00,27,38,121.75,Hell's Kitchen
2023-05-23 07:00:00,52,69,221.1,Hell's Kitchen
2023-05-23 08:00:00,47,64,219.4,Hell's Kitchen
2023-05-23 09:00:00,55,79,298.8,Hell's Kitchen
2023-05-23 10:00:00,42,55,202.58,Hell's Kitchen
2023-05-23 11:00:00,31,46,156.7,Hell's Kitchen
2023-05-23 12:00:00,14,19,67.25,Hell's Kitchen
2023-05-23 13:00:00,13,18,68.5,Hell's Kitchen
2023-05-23 14:00:00,29,38,129.45,Hell's Kitchen
2023-05-23 15:00:00,19,24,70.0,Hell's Kitchen
2023-05-23 16:00:00,11,18,49.55,Hell's Kitchen
2023-05-23 17:00:00,15,23,68.25,Hell's Kitchen
2023-05-23 18:00:00,24,35,108.9,Hell's Kitchen
2023-05-23 19:00:00,15,18,53.7,Hell's Kitchen
2023-05-23 20:00:00,0,0,0.0,Hell's Kitchen
2023-05-24 06:00:00,12,18,51.75,Hell's Kitchen
2023-05-24 07:00:00,31,41,177.55,Hell's Kitchen
2023-05-24 08:00:00,45,60,212.0,Hell's Kitchen
2023-05-24 09:00:00,33,41,131.2,Hell's Kitchen
2023-05-24 10:00:00,43,64,242.55,Hell's Kitchen
2023-05-24 11:00:00,23,31,97.05,Hell's Kitchen
2023-05-24 12:00:00,23,30,86.35,Hell's Kitchen
2023-05-24 13:00:00,20,31,114.75,Hell's Kitchen
2023-05-24 14:00:00,11,16,46.95,Hell's Kitchen
2023-05-24 15:00:00,13,23,62.9,Hell's Kitchen
2023-05-24 16:00:00,18,23,85.35,Hell's Kitchen
2023-05-24 17:00:00,12,20,62.3,Hell's Kitchen
2023-05-24 18:00:00,19,27,106.4,Hell's Kitchen
2023-05-24 19:00:00,11,19,56.1,Hell's Kitchen
2023-05-24 20:00:00,0,0,0.0,Hell's Kitchen
2023-05-25 06:00:00,16,22,65.9,Hell's Kitchen
2023-05-25 07:00:00,35,47,160.2,Hell's Kitchen
2023-05-25 08:00:00,46,63,264.85,Hell's Kitchen
2023-05-25 09:00:00,37,53,169.6,Hell's Kitchen
2023-05-25 10:00:00,49,69,233.95,Hell's Kitchen
2023-05-25 11:00:00,27,36,127.6,Hell's Kitchen
2023-05-25 12:00:00,14,23,89.15,Hell's Kitchen
2023-05-25 13:00:00,17,27,79.35,Hell's Kitchen
2023-05-25 14:00:00,14,21,84.0,Hell's Kitchen
2023-05-25 15:00:00,10,13,59.75,Hell's Kitchen
2023-05-25 16:00:00,20,30,94.7,Hell's Kitchen
2023-05-25 17:00:00,16,21,75.05,Hell's Kitchen
2023-05-25 18:00:00,11,16,48.5,Hell's Kitchen
2023-05-25 19:00:00,9,15,44.8,Hell's Kitchen
2023-05-25 20:00:00,0,0,0.0,Hell's Kitchen
2023-05-26 06:00:00,20,24,102.8,Hell's Kitchen
2023-05-26 07:00:00,36,46,186.9,Hell's Kitchen
2023-05-26 08:00:00,43,57,168.75,Hell's Kitchen
2023-05-26 09:00:00,40,55,189.7,Hell's Kitchen
2023-05-26 10:00:00,46,57,185.75,Hell's Kitchen
2023-05-26 11:00:00,29,40,143.15,Hell's Kitchen
2023-05-26 12:00:00,11,16,58.65,Hell's Kitchen
2023-05-26 13:00:00,13,17,58.35,Hell's Kitchen
2023-05-26 14:00:00,16,21,63.7,Hell's Kitchen
2023-05-26 15:00:00,13,21,54.55,Hell's Kitchen
2023-05-26 16:00:00,15,19,60.8,Hell's Kitchen
2023-05-26 17:00:00,22,34,99.35,Hell's Kitchen
2023-05-26 18:00:00,18,24,75.4,Hell's Kitchen
2023-05-26 19:00:00,15,20,59.45,Hell's Kitchen
2023-05-26 20:00:00,0,0,0.0,Hell's Kitchen
2023-05-27 06:00:00,0,0,0.0,Hell's Kitchen
2023-05-27 07:00:00,0,0,0.0,Hell's Kitchen
2023-05-27 08:00:00,70,94,266.85,Hell's Kitchen
2023-05-27 09:00:00,94,128,357.05,Hell's Kitchen
2023-05-27 10:00:00,92,140,413.95,Hell's Kitchen
2023-05-27 11:00:00,5,6,16.1,Hell's Kitchen
2023-05-27 12:00:00,19,31,87.2,Hell's Kitchen
2023-05-27 13:00:00,13,19,57.75,Hell's Kitchen
2023-05-27 14:00:00,14,19,57.2,Hell's Kitchen
2023-05-27 15:00:00,19,27,74.95,Hell's Kitchen
2023-05-27 16:00:00,12,18,53.65,Hell's Kitchen
2023-05-27 17:00:00,17,25,64.45,Hell's Kitchen
2023-05-27 18:00:00,13,21,59.05,Hell's Kitchen
2023-05-27 19:00:00,18,24,68.8,Hell's Kitchen
2023-05-27 20:00:00,20,30,78.25,Hell's Kitchen
2023-05-28 06:00:00,0,0,0.0,Hell's Kitchen
2023-05-28 07:00:00,0,0,0.0,Hell's Kitchen
2023-05-28 08:00:00,23,31,97.5,Hell's Kitchen
2023-05-28 09:00:00,22,31,99.25,Hell's Kitchen
2023-05-28 10:00:00,30,39,124.3,Hell's Kitchen
2023-05-28 11:00:00,22,30,85.65,Hell's Kitchen
2023-05-28 12:00:00,19,29,95.8,Hell's Kitchen
2023-05-28 13:00:00,26,36,113.7,Hell's Kitchen
2023-05-28 14:00:00,26,37,111.7,Hell's Kitchen
2023-05-28 15:00:00,27,35,108.9,Hell's Kitchen
2023-05-28 16:00:00,35,47,146.2,Hell's Kitchen
2023-05-28 17:00:00,30,39,130.75,Hell's Kitchen
2023-05-28 18:00:00,20,27,83.95,Hell's Kitchen
2023-05-28 19:00:00,19,23,67.05,Hell's Kitchen
2023-05-28 20:00:00,0,0,0.0,Hell's Kitchen
2023-05-29 06:00:00,0,0,0.0,Hell's Kitchen
2023-05-29 07:00:00,0,0,0.0,Hell's Kitchen
2023-05-29 08:00:00,23,33,98.9,Hell's Kitchen
2023-05-29 09:00:00,21,28,83.05,Hell's Kitchen
2023-05-29 10:00:00,22,32,108.9,Hell's Kitchen
2023-05-29 11:00:00,28,39,116.65,Hell's Kitchen
2023-05-29 12:00:00,19,24,79.1,Hell's Kitchen
2023-05-29 13:00:00,20,30,93.0,Hell's Kitchen
2023-05-29 14:00:00,23,31,92.6,Hell's Kitchen
2023-05-29 15:00:00,20,31,87.8,Hell's Kitchen
2023-05-29 16:00:00,36,52,157.55,Hell's Kitchen
2023-05-29 17:00:00,25,32,101.0,Hell's Kitchen
2023-05-29 18:00:00,7,11,36.0,Hell's Kitchen
2023-05-29 19:00:00,13,20,70.6,Hell's Kitchen
2023-05-29 20:00:00,0,0,0.0,Hell's Kitchen
2023-05-30 06:00:00,18,26,77.05,Hell's Kitchen
2023-05-30 07:00:00,15,22,69.1,Hell's Kitchen
2023-05-30 08:00:00,44,62,230.6,Hell's Kitchen
2023-05-30 09:00:00,65,84,318.5,Hell's Kitchen
2023-05-30 10:00:00,54,81,256.8,Hell's Kitchen
2023-05-30 11:00:00,23,29,88.05,Hell's Kitchen
2023-05-30 12:00:00,18,24,80.8,Hell's Kitchen
2023-05-30 13:00:00,6,10,32.15,Hell's Kitchen
2023-05-30 14:00:00,13,19,52.6,Hell's Kitchen
2023-05-30 15:00:00,10,14,43.25,Hell's Kitchen
2023-05-30 16:00:00,13,18,70.5,Hell's Kitchen
2023-05-30 17:00:00,11,14,45.0,Hell's Kitchen
2023-05-30 18:00:00,10,14,40.65,Hell's Kitchen
2023-05-30 19:00:00,7,9,27.450000000000003,Hell's Kitchen
2023-05-30 20:00:00,0,0,0.0,Hell's Kitchen
2023-05-31 06:00:00,9,12,34.25,Hell's Kitchen
2023-05-31 07:00:00,24,30,94.05,Hell's Kitchen
2023-05-31 08:00:00,36,48,200.2,Hell's Kitchen
2023-05-31 09:00:00,45,65,218.4,Hell's Kitchen
2023-05-31 10:00:00,64,91,304.3,Hell's Kitchen
2023-05-31 11:00:00,15,18,55.45,Hell's Kitchen
2023-05-31 12:00:00,9,16,41.95,Hell's Kitchen
2023-05-31 13:00:00,14,18,66.85,Hell's Kitchen
2023-05-31 14:00:00,11,17,57.15,Hell's Kitchen
2023-05-31 15:00:00,15,24,72.85,Hell's Kitchen
2023-05-31 16:00:00,15,21,60.45,Hell's Kitchen
2023-05-31 17:00:00,15,20,57.1,Hell's Kitchen
2023-05-31 18:00:00,7,13,38.4,Hell's Kitchen
2023-05-31 19:00:00,13,19,54.0,Hell's Kitchen
2023-05-31 20:00:00,3,4,8.35,Hell's Kitchen
2023-06-01 06:00:00,0,0,0.0,Hell's Kitchen
2023-06-01 07:00:00,0,0,0.0,Hell's Kitchen
2023-06-01 08:00:00,26,36,113.15,Hell's Kitchen
2023-06-01 09:00:00,27,40,126.25,Hell's Kitchen
2023-06-01 10:00:00,24,37,118.0,Hell's Kitchen
2023-06-01 11:00:00,40,65,206.15,Hell's Kitchen
2023-06-01 12:00:00,38,54,170.0,Hell's Kitchen
2023-06-01 13:00:00,39,60,186.6,Hell's Kitchen
2023-06-01 14:00:00,32,46,141.2,Hell's Kitchen
2023-06-01 15:00:00,27,39,124.2,Hell's Kitchen
2023-06-01 16:00:00,27,39,117.75,Hell's Kitchen
2023-06-01 17:00:00,42,58,180.9,Hell's Kitchen
2023-06-01 18:00:00,39,65,200.4,Hell's Kitchen
2023-06-01 19:00:00,31,43,144.6,Hell's Kitchen
2023-06-01 20:00:00,0,0,0.0,Hell's Kitchen
2023-06-02 06:00:00,0,0,0.0,Hell's Kitchen
2023-06-02 07:00:00,0,0,0.0,Hell's Kitchen
2023-06-02 08:00:00,30,43,123.7,Hell's Kitchen
2023-06-02 09:00:00,27,39,114.15,Hell's Kitchen
2023-06-02 10:00:00,25,38,121.1,Hell's Kitchen
2023-06-02 11:00:00,33,48,152.3,Hell's Kitchen
2023-06-02 12:00:00,25,33,99.3,Hell's Kitchen
2023-06-02 13:00:00,38,56,175.1,Hell's Kitchen
2023-06-02 14:00:00,37,55,176.05,Hell's Kitchen
2023-06-02 15:00:00,26,42,116.85,Hell's Kitchen
2023-06-02 16:00:00,30,44,132.45,Hell's Kitchen
2023-06-02 17:00:00,43,62,187.25,Hell's Kitchen
2023-06-02 18:00:00,34,48,150.35,Hell's Kitchen
2023-06-02 19:00:00,33,47,153.0,Hell's Kitchen
2023-06-02 20:00:00,0,0,0.0,Hell's Kitchen
2023-06-03 06:00:00,0,0,0.0,Hell's Kitchen
2023-06-03 07:00:00,0,0,0.0,Hell's Kitchen
2023-06-03 08:00:00,29,42,132.75,Hell's Kitchen
2023-06-03 09:00:00,24,35,107.3,Hell's Kitchen
2023-06-03 10:00:00,27,36,106.5,Hell's Kitchen
2023-06-03 11:00:00,29,43,135.8,Hell's Kitchen
2023-06-03 12:00:00,34,51,161.65,Hell's Kitchen
2023-06-03 13:00:00,15,18,58.45,Hell's Kitchen
2023-06-03 14:00:00,31,46,136.6,Hell's Kitchen
2023-06-03 15:00:00,33,45,145.95,Hell's Kitchen
2023-06-03 16:00:00,33,47,146.5,Hell's Kitchen
2023-06-03 17:00:00,34,52,158.85,Hell's Kitchen
2023-06-03 18:00:00,43,64,190.05,Hell's Kitchen
2023-06-03 19:00:00,28,43,132.4,Hell's Kitchen
2023-06-03 20:00:00,0,0,0.0,Hell's Kitchen
2023-06-04 06:00:00,0,0,0.0,Hell's Kitchen
2023-06-04 07:00:00,0,0,0.0,Hell's Kitchen
2023-06-04 08:00:00,27,37,116.45,Hell's Kitchen
2023-06-04 09:00:00,37,56,169.95,Hell's Kitchen
2023-06-04 10:00:00,26,40,125.9,Hell's Kitchen
2023-06-04 11:00:00,37,57,174.25,Hell's Kitchen
2023-06-04 12:00:00,24,35,104.9,Hell's Kitchen
2023-06-04 13:00:00,23,36,113.8,Hell's Kitchen
2023-06-04 14:00:00,40,55,161.0,Hell's Kitchen
2023-06-04 15:00:00,29,45,135.35,Hell's Kitchen
2023-06-04 16:00:00,33,44,137.35,Hell's Kitchen
2023-06-04 17:00:00,26,37,114.65,Hell's Kitchen
2023-06-04 18:00:00,32,45,135.55,Hell's Kitchen
2023-06-04 19:00:00,29,42,139.75,Hell's Kitchen
2023-06-04 20:00:00,0,0,0.0,Hell's Kitchen
2023-06-05 06:00:00,0,0,0.0,Hell's Kitchen
2023-06-05 07:00:00,0,0,0.0,Hell's Kitchen
2023-06-05 08:00:00,27,39,115.9,Hell's Kitchen
2023-06-05 09:00:00,39,56,169.8,Hell's Kitchen
2023-06-05 10:00:00,25,35,116.75,Hell's Kitchen
2023-06-05 11:00:00,29,33,115.35,Hell's Kitchen
2023-06-05 12:00:00,27,42,127.6,Hell's Kitchen
2023-06-05 13:00:00,36,53,168.45,Hell's Kitchen
2023-06-05 14:00:00,32,50,151.95,Hell's Kitchen
2023-06-05 15:00:00,24,38,106.15,Hell's Kitchen
2023-06-05 16:00:00,33,45,138.85,Hell's Kitchen
2023-06-05 17:00:00,25,34,106.25,Hell's Kitchen
2023-06-05 18:00:00,21,29,86.7,Hell's Kitchen
2023-06-05 19:00:00,28,41,127.95,Hell's Kitchen
2023-06-05 20:00:00,0,0,0.0,Hell's Kitchen
2023-06-06 06:00:00,0,0,0.0,Hell's Kitchen
2023-06-06 07:00:00,0,0,0.0,Hell's Kitchen
2023-06-06 08:00:00,30,43,128.45,Hell's Kitchen
2023-06-06 09:00:00,28,41,121.75,Hell's Kitchen
2023-06-06 10:00:00,25,39,118.75,Hell's Kitchen
2023-06-06 11:00:00,27,36,115.55,Hell's Kitchen
2023-06-06 12:00:00,24,40,119.05,Hell's Kitchen
2023-06-06 13:00:00,39,59,176.15,Hell's Kitchen
2023-06-06 14:00:00,31,44,129.3,Hell's Kitchen
2023-06-06 15:00:00,32,46,144.55,Hell's Kitchen
2023-06-06 16:00:00,40,56,162.8,Hell's Kitchen
2023-06-06 17:00:00,30,43,126.2,Hell's Kitchen
2023-06-06 18:00:00,28,44,131.75,Hell's Kitchen
2023-06-06 19:00:00,28,42,137.1,Hell's Kitchen
2023-06-06 20:00:00,0,0,0.0,Hell's Kitchen
2023-06-07 06:00:00,0,0,0.0,Hell's Kitchen
2023-06-07 07:00:00,0,0,0.0,Hell's Kitchen
2023-06-07 08:00:00,80,113,334.85,Hell's Kitchen
2023-06-07 09:00:00,68,95,323.95,Hell's Kitchen
2023-06-07 10:00:00,88,128,419.7,Hell's Kitchen
2023-06-07 11:00:00,30,44,135.6,Hell's Kitchen
2023-06-07 12:00:00,24,37,121.4,Hell's Kitchen
2023-06-07 13:00:00,18,26,73.45,Hell's Kitchen
2023-06-07 14:00:00,19,27,84.05,Hell's Kitchen
2023-06-07 15:00:00,22,34,111.0,Hell's Kitchen
2023-06-07 16:00:00,16,23,66.25,Hell's Kitchen
2023-06-07 17:00:00,23,32,97.4,Hell's Kitchen
2023-06-07 18:00:00,23,33,93.75,Hell's Kitchen
2023-06-07 19:00:00,19,26,79.2,Hell's Kitchen
2023-06-07 20:00:00,23,34,104.9,Hell's Kitchen
2023-06-08 06:00:00,24,38,102.5,Hell's Kitchen
2023-06-08 07:00:00,59,85,280.85,Hell's Kitchen
2023-06-08 08:00:00,42,55,172.3,Hell's Kitchen
2023-06-08 09:00:00,51,71,291.23,Hell's Kitchen
2023-06-08 10:00:00,57,77,245.4,Hell's Kitchen
2023-06-08 11:00:00,49,67,199.85,Hell's Kitchen
2023-06-08 12:00:00,17,22,68.3,Hell's Kitchen
2023-06-08 13:00:00,17,23,74.65,Hell's Kitchen
2023-06-08 14:00:00,35,50,138.9,Hell's Kitchen
2023-06-08 15:00:00,11,16,52.1,Hell's Kitchen
2023-06-08 16:00:00,30,37,121.98,Hell's Kitchen
2023-06-08 17:00:00,24,32,131.45,Hell's Kitchen
2023-06-08 18:00:00,19,31,95.3,Hell's Kitchen
2023-06-08 19:00:00,13,19,53.3,Hell's Kitchen
2023-06-08 20:00:00,0,0,0.0,Hell's Kitchen
2023-06-09 06:00:00,25,33,116.1,Hell's Kitchen
2023-06-09 07:00:00,57,80,234.3,Hell's Kitchen
2023-06-09 08:00:00,50,69,231.45,Hell's Kitchen
2023-06-09 09:00:00,72,104,332.85,Hell's Kitchen
2023-06-09 10:00:00,64,91,291.95,Hell's Kitchen
2023-06-09 11:00:00,47,64,197.35,Hell's Kitchen
2023-06-09 12:00:00,23,33,102.1,Hell's Kitchen
2023-06-09 13:00:00,24,32,96.95,Hell's Kitchen
2023-06-09 14:00:00,23,31,93.05,Hell's Kitchen
2023-06-09 15:00:00,18,26,81.2,Hell's Kitchen
2023-06-09 16:00:00,20,28,105.75,Hell's Kitchen
2023-06-09 17:00:00,24,34,114.7,Hell's Kitchen
2023-06-09 18:00:00,21,31,90.9,Hell's Kitchen
2023-06-09 19:00:00,23,37,100.95,Hell's Kitchen
2023-06-09 20:00:00,0,0,0.0,Hell's Kitchen
2023-06-10 06:00:00,35,49,161.0,Hell's Kitchen
2023-06-10 07:00:00,47,72,226.75,Hell's Kitchen
2023-06-10 08:00:00,43,54,184.4,Hell's Kitchen
2023-06-10 09:00:00,61,82,278.4,Hell's Kitchen
2023-06-10 10:00:00,67,92,292.95,Hell's Kitchen
2023-06-10 11:00:00,31,46,174.2,Hell's Kitchen
2023-06-10 12:00:00,15,22,79.7,Hell's Kitchen
2023-06-10 13:00:00,24,32,87.7,Hell's Kitchen
2023-06-10 14:00:00,18,29,82.75,Hell's Kitchen
2023-06-10 15:00:00,27,37,118.4,Hell's Kitchen
2023-06-10 16:00:00,18,23,70.9,Hell's Kitchen
2023-06-10 17:00:00,21,30,104.75,Hell's Kitchen
2023-06-10 18:00:00,24,34,97.85,Hell's Kitchen
2023-06-10 19:00:00,8,10,30.95,Hell's Kitchen
2023-06-10 20:00:00,0,0,0.0,Hell's Kitchen
2023-06-11 06:00:00,31,39,128.75,Hell's Kitchen
2023-06-11 07:00:00,49,68,206.5,Hell's Kitchen
2023-06-11 08:00:00,77,109,342.7,Hell's Kitchen
2023-06-11 09:00:00,42,55,173.2,Hell's Kitchen
2023-06-11 10:00:00,60,86,292.85,Hell's Kitchen
2023-06-11 11:00:00,50,69,224.98,Hell's Kitchen
2023-06-11 12:00:00,16,21,69.55,Hell's Kitchen
2023-06-11 13:00:00,19,31,102.1,Hell's Kitchen
2023-06-11 14:00:00,28,42,134.0,Hell's Kitchen
2023-06-11 15:00:00,17,23,65.4,Hell's Kitchen
2023-06-11 16:00:00,16,23,64.45,Hell's Kitchen
2023-06-11 17:00:00,13,19,51.5,Hell's Kitchen
2023-06-11 18:00:00,19,28,76.85,Hell's Kitchen
2023-06-11 19:00:00,18,23,69.7,Hell's Kitchen
2023-06-11 20:00:00,0,0,0.0,Hell's Kitchen
2023-06-12 06:00:00,34,52,139.65,Hell's Kitchen
2023-06-12 07:00:00,46,68,201.45,Hell's Kitchen
2023-06-12 08:00:00,47,67,189.05,Hell's Kitchen
2023-06-12 09:00:00,61,84,374.45,Hell's Kitchen
2023-06-12 10:00:00,57,84,262.8,Hell's Kitchen
2023-06-12 11:00:00,28,40,108.35000000000001,Hell's Kitchen
2023-06-12 12:00:00,24,34,98.65,Hell's Kitchen
2023-06-12 13:00:00,25,36,113.7,Hell's Kitchen
2023-06-12 14:00:00,16,22,69.7,Hell's Kitchen
2023-06-12 15:00:00,15,21,77.5,Hell's Kitchen
2023-06-12 16:00:00,19,26,71.25,Hell's Kitchen
2023-06-12 17:00:00,32,45,160.0,Hell's Kitchen
2023-06-12 18:00:00,28,38,118.3,Hell's Kitchen
2023-06-12 19:00:00,21,27,121.75,Hell's Kitchen
2023-06-12 20:00:00,0,0,0.0,Hell's Kitchen
2023-06-13 06:00:00,0,0,0.0,Hell's Kitchen
2023-06-13 07:00:00,0,0,0.0,Hell's Kitchen
2023-06-13 08:00:00,120,185,578.95,Hell's Kitchen
2023-06-13 09:00:00,102,154,506.25,Hell's Kitchen
2023-06-13 10:00:00,94,152,496.4,Hell's Kitchen
2023-06-13 11:00:00,6,8,25.85,Hell's Kitchen
2023-06-13 12:00:00,13,23,88.9,Hell's Kitchen
2023-06-13 13:00:00,17,27,99.45,Hell's Kitchen
2023-06-13 14:00:00,16,25,77.05,Hell's Kitchen
2023-06-13 15:00:00,17,29,96.65,Hell's Kitchen
2023-06-13 16:00:00,30,42,173.55,Hell's Kitchen
2023-06-13 17:00:00,11,19,65.05,Hell's Kitchen
2023-06-13 18:00:00,24,37,140.0,Hell's Kitchen
2023-06-13 19:00:00,18,27,67.1,Hell's Kitchen
2023-06-13 20:00:00,25,41,119.6,Hell's Kitchen
2023-06-14 06:00:00,0,0,0.0,Hell's Kitchen
2023-06-14 07:00:00,0,0,0.0,Hell's Kitchen
2023-06-14 08:00:00,123,163,556.9,Hell's Kitchen
2023-06-14 09:00:00,118,163,602.4,Hell's Kitchen
2023-06-14 10:00:00,102,135,519.4,Hell's Kitchen
2023-06-14 11:00:00,12,20,55.35,Hell's Kitchen
2023-06-14 12:00:00,13,17,56.45,Hell's Kitchen
2023-06-14 13:00:00,19,26,104.0,Hell's Kitchen
2023-06-14 14:00:00,12,15,67.53,Hell's Kitchen
2023-06-14 15:00:00,14,18,72.6,Hell's Kitchen
2023-06-14 16:00:00,18,24,90.65,Hell's Kitchen
2023-06-14 17:00:00,13,20,87.9,Hell's Kitchen
2023-06-14 18:00:00,17,26,85.25,Hell's Kitchen
2023-06-14 19:00:00,19,23,86.15,Hell's Kitchen
2023-06-14 20:00:00,18,22,112.03,Hell's Kitchen
2023-06-15 06:00:00,10,15,41.0,Hell's Kitchen
2023-06-15 07:00:00,68,94,335.9,Hell's Kitchen
2023-06-15 08:00:00,49,70,207.3,Hell's Kitchen
2023-06-15 09:00:00,53,72,222.9,Hell's Kitchen
2023-06-15 10:00:00,48,67,225.0,Hell's Kitchen
2023-06-15 11:00:00,34,47,164.25,Hell's Kitchen
2023-06-15 12:00:00,11,17,59.7,Hell's Kitchen
2023-06-15 13:00:00,18,26,72.8,Hell's Kitchen
2023-06-15 14:00:00,15,18,75.13,Hell's Kitchen
2023-06-15 15:00:00,13,17,65.55,Hell's Kitchen
2023-06-15 16:00:00,19,27,85.95,Hell's Kitchen
2023-06-15 17:00:00,21,31,94.95,Hell's Kitchen
2023-06-15 18:00:00,12,18,50.65,Hell's Kitchen
2023-06-15 19:00:00,21,30,87.1,Hell's Kitchen
2023-06-15 20:00:00,0,0,0.0,Hell's Kitchen
2023-06-16 06:00:00,28,42,134.0,Hell's Kitchen
2023-06-16 07:00:00,79,103,353.0,Hell's Kitchen
2023-06-16 08:00:00,53,78,247.15,Hell's Kitchen
2023-06-16 09:00:00,53,65,227.75,Hell's Kitchen
2023-06-16 10:00:00,60,83,291.35,Hell's Kitchen
2023-06-16 11:00:00,37,48,175.75,Hell's Kitchen
2023-06-16 12:00:00,15,21,64.95,Hell's Kitchen
2023-06-16 13:00:00,16,22,66.45,Hell's Kitchen
2023-06-16 14:00:00,24,32,102.55,Hell's Kitchen
2023-06-16 15:00:00,9,13,40.75,Hell's Kitchen
2023-06-16 16:00:00,14,19,55.6,Hell's Kitchen
2023-06-16 17:00:00,13,19,65.45,Hell's Kitchen
2023-06-16 18:00:00,20,28,81.55,Hell's Kitchen
2023-06-16 19:00:00,15,24,69.65,Hell's Kitchen
2023-06-16 20:00:00,0,0,0.0,Hell's Kitchen
2023-06-17 06:00:00,28,38,177.05,Hell's Kitchen
2023-06-17 07:00:00,35,46,153.55,Hell's Kitchen
2023-06-17 08:00:00,26,34,104.3,Hell's Kitchen
2023-06-17 09:00:00,41,61,519.75,Hell's Kitchen
2023-06-17 10:00:00,46,68,527.55,Hell's Kitchen
2023-06-17 11:00:00,24,41,462.3,Hell's Kitchen
2023-06-17 12:00:00,15,24,75.6,Hell's Kitchen
2023-06-17 13:00:00,12,16,78.6,Hell's Kitchen
2023-06-17 14:00:00,7,9,42.8,Hell's Kitchen
2023-06-17 15:00:00,10,15,50.25,Hell's Kitchen
2023-06-17 16:00:00,8,12,32.0,Hell's Kitchen
2023-06-17 17:00:00,10,14,40.7,Hell's Kitchen
2023-06-17 18:00:00,7,13,37.65,Hell's Kitchen
2023-06-17 19:00:00,4,6,18.0,Hell's Kitchen
2023-06-17 20:00:00,0,0,0.0,Hell's Kitchen
2023-06-18 06:00:00,25,33,119.95,Hell's Kitchen
2023-06-18 07:00:00,67,89,278.0,Hell's Kitchen
2023-06-18 08:00:00,73,97,344.55,Hell's Kitchen
2023-06-18 09:00:00,58,83,286.58,Hell's Kitchen
2023-06-18 10:00:00,64,89,336.6,Hell's Kitchen
2023-06-18 11:00:00,33,44,152.65,Hell's Kitchen
2023-06-18 12:00:00,18,28,87.45,Hell's Kitchen
2023-06-18 13:00:00,18,28,86.95,Hell's Kitchen
2023-06-18 14:00:00,15,25,73.3,Hell's Kitchen
2023-06-18 15:00:00,15,24,67.55,Hell's Kitchen
2023-06-18 16:00:00,16,24,91.25,Hell's Kitchen
2023-06-18 17:00:00,21,31,92.4,Hell's Kitchen
2023-06-18 18:00:00,10,17,66.3,Hell's Kitchen
2023-06-18 19:00:00,18,26,92.4,Hell's Kitchen
2023-06-18 20:00:00,0,0,0.0,Hell's Kitchen
2023-06-19 06:00:00,47,69,234.83,Hell's Kitchen
2023-06-19 07:00:00,68,90,353.95,Hell's Kitchen
2023-06-19 08:00:00,68,93,304.25,Hell's Kitchen
2023-06-19 09:00:00,53,73,220.15,Hell's Kitchen
2023-06-19 10:00:00,52,73,291.65,Hell's Kitchen
2023-06-19 11:00:00,32,42,129.15,Hell's Kitchen
2023-06-19 12:00:00,25,35,107.0,Hell's Kitchen
2023-06-19 13:00:00,12,17,53.3,Hell's Kitchen
2023-06-19 14:00:00,9,9,24.8,Hell's Kitchen
2023-06-19 15:00:00,24,31,100.1,Hell's Kitchen
2023-06-19 16:00:00,19,29,106.8,Hell's Kitchen
2023-06-19 17:00:00,13,18,51.65,Hell's Kitchen
2023-06-19 18:00:00,17,24,90.8,Hell's Kitchen
2023-06-19 19:00:00,15,21,55.65,Hell's Kitchen
2023-06-19 20:00:00,0,0,0.0,Hell's Kitchen
2023-06-20 06:00:00,0,0,0.0,Hell's Kitchen
2023-06-20 07:00:00,0,0,0.0,Hell's Kitchen
2023-06-20 08:00:00,94,133,428.4,Hell's Kitchen
2023-06-20 09:00:00,74,102,341.7,Hell's Kitchen
2023-06-20 10:00:00,82,121,390.75,Hell's Kitchen
2023-06-20 11:00:00,8,12,34.05,Hell's Kitchen
2023-06-20 12:00:00,8,13,55.25,Hell's Kitchen
2023-06-20 13:00:00,13,19,59.85,Hell's Kitchen
2023-06-20 14:00:00,26,37,99.6,Hell's Kitchen
2023-06-20 15:00:00,15,21,105.65,Hell's Kitchen
2023-06-20 16:00:00,16,23,72.15,Hell's Kitchen
2023-06-20 17:00:00,10,16,48.5,Hell's Kitchen
2023-06-20 18:00:00,9,14,36.85,Hell's Kitchen
2023-06-20 19:00:00,20,31,86.5,Hell's Kitchen
2023-06-20 20:00:00,21,33,126.4,Hell's Kitchen
2023-06-21 06:00:00,0,0,0.0,Hell's Kitchen
2023-06-21 07:00:00,0,0,0.0,Hell's Kitchen
2023-06-21 08:00:00,92,128,484.13,Hell's Kitchen
2023-06-21 09:00:00,100,130,431.1,Hell's Kitchen
2023-06-21 10:00:00,99,143,491.8,Hell's Kitchen
2023-06-21 11:00:00,9,12,34.05,Hell's Kitchen
2023-06-21 12:00:00,19,26,116.6,Hell's Kitchen
2023-06-21 13:00:00,27,37,135.65,Hell's Kitchen
2023-06-21 14:00:00,26,35,104.05,Hell's Kitchen
2023-06-21 15:00:00,22,27,77.35,Hell's Kitchen
2023-06-21 16:00:00,15,21,63.05,Hell's Kitchen
2023-06-21 17:00:00,13,20,59.85,Hell's Kitchen
2023-06-21 18:00:00,22,31,81.2,Hell's Kitchen
2023-06-21 19:00:00,15,24,74.7,Hell's Kitchen
2023-06-21 20:00:00,26,37,150.3,Hell's Kitchen
2023-06-22 06:00:00,16,21,68.95,Hell's Kitchen
2023-06-22 07:00:00,34,51,173.35,Hell's Kitchen
2023-06-22 08:00:00,45,62,187.45,Hell's Kitchen
2023-06-22 09:00:00,39,50,192.45,Hell's Kitchen
2023-06-22 10:00:00,37,52,176.75,Hell's Kitchen
2023-06-22 11:00:00,26,34,102.75,Hell's Kitchen
2023-06-22 12:00:00,16,24,74.85,Hell's Kitchen
2023-06-22 13:00:00,18,23,67.95,Hell's Kitchen
2023-06-22 14:00:00,18,26,82.1,Hell's Kitchen
2023-06-22 15:00:00,20,28,102.0,Hell's Kitchen
2023-06-22 16:00:00,16,22,73.0,Hell's Kitchen
2023-06-22 17:00:00,16,21,75.8,Hell's Kitchen
2023-06-22 18:00:00,18,26,69.85,Hell's Kitchen
2023-06-22 19:00:00,22,29,109.85,Hell's Kitchen
2023-06-22 20:00:00,0,0,0.0,Hell's Kitchen
2023-06-23 06:00:00,29,43,135.75,Hell's Kitchen
2023-06-23 07:00:00,51,70,223.55,Hell's Kitchen
2023-06-23 08:00:00,48,67,256.95,Hell's Kitchen
2023-06-23 09:00:00,59,84,307.05,Hell's Kitchen
2023-06-23 10:00:00,31,42,144.08,Hell's Kitchen
2023-06-23 11:00:00,33,46,239.8,Hell's Kitchen
2023-06-23 12:00:00,16,24,72.85,Hell's Kitchen
2023-06-23 13:00:00,15,23,78.45,Hell's Kitchen
2023-06-23 14:00:00,26,36,116.85,Hell's Kitchen
2023-06-23 15:00:00,20,26,74.5,Hell's Kitchen
2023-06-23 16:00:00,11,14,43.5,Hell's Kitchen
2023-06-23 17:00:00,17,26,75.65,Hell's Kitchen
2023-06-23 18:00:00,26,43,133.75,Hell's Kitchen
2023-06-23 19:00:00,20,26,81.35,Hell's Kitchen
2023-06-23 20:00:00,0,0,0.0,Hell's Kitchen
2023-06-24 06:00:00,21,30,94.6,Hell's Kitchen
2023-06-24 07:00:00,46,61,209.05,Hell's Kitchen
2023-06-24 08:00:00,44,58,189.4,Hell's Kitchen
2023-06-24 09:00:00,37,52,157.9,Hell's Kitchen
2023-06-24 10:00:00,41,60,217.8,Hell's Kitchen
2023-06-24 11:00:00,23,35,110.05,Hell's Kitchen
2023-06-24 12:00:00,25,33,114.4,Hell's Kitchen
2023-06-24 13:00:00,15,24,72.05,Hell's Kitchen
2023-06-24 14:00:00,21,31,90.8,Hell's Kitchen
2023-06-24 15:00:00,20,31,96.4,Hell's Kitchen
2023-06-24 16:00:00,16,22,68.95,Hell's Kitchen
2023-06-24 17:00:00,16,26,85.9,Hell's Kitchen
2023-06-24 18:00:00,18,25,103.85,Hell's Kitchen
2023-06-24 19:00:00,16,23,79.65,Hell's Kitchen
2023-06-24 20:00:00,0,0,0.0,Hell's Kitchen
2023-06-25 06:00:00,21,29,89.5,Hell's Kitchen
2023-06-25 07:00:00,51,68,225.5,Hell's Kitchen
2023-06-25 08:00:00,49,68,245.15,Hell's Kitchen
2023-06-25 09:00:00,42,58,186.85,Hell's Kitchen
2023-06-25 10:00:00,42,60,202.05,Hell's Kitchen
2023-06-25 11:00:00,33,45,153.4,Hell's Kitchen
2023-06-25 12:00:00,19,29,108.95,Hell's Kitchen
2023-06-25 13:00:00,17,25,78.1,Hell's Kitchen
2023-06-25 14:00:00,15,20,78.1,Hell's Kitchen
2023-06-25 15:00:00,12,17,59.5,Hell's Kitchen
2023-06-25 16:00:00,22,30,86.45,Hell's Kitchen
2023-06-25 17:00:00,20,27,98.65,Hell's Kitchen
2023-06-25 18:00:00,17,25,80.8,Hell's Kitchen
2023-06-25 19:00:00,16,26,76.2,Hell's Kitchen
2023-06-25 20:00:00,0,0,0.0,Hell's Kitchen
2023-06-26 06:00:00,20,27,108.0,Hell's Kitchen
2023-06-26 07:00:00,48,63,244.7,Hell's Kitchen
2023-06-26 08:00:00,47,64,213.2,Hell's Kitchen
2023-06-26 09:00:00,52,69,234.55,Hell's Kitchen
2023-06-26 10:00:00,51,64,201.75,Hell's Kitchen
2023-06-26 11:00:00,31,46,142.5,Hell's Kitchen
2023-06-26 12:00:00,11,16,52.0,Hell's Kitchen
2023-06-26 13:00:00,24,34,117.1,Hell's Kitchen
2023-06-26 14:00:00,20,27,82.45,Hell's Kitchen
2023-06-26 15:00:00,12,19,47.75,Hell's Kitchen
2023-06-26 16:00:00,17,24,69.05,Hell's Kitchen
2023-06-26 17:00:00,20,31,88.5,Hell's Kitchen
2023-06-26 18:00:00,20,27,94.15,Hell's Kitchen
2023-06-26 19:00:00,14,17,50.4,Hell's Kitchen
2023-06-26 20:00:00,0,0,0.0,Hell's Kitchen
2023-06-27 06:00:00,0,0,0.0,Hell's Kitchen
2023-06-27 07:00:00,0,0,0.0,Hell's Kitchen
2023-06-27 08:00:00,71,94,265.1,Hell's Kitchen
2023-06-27 09:00:00,97,135,378.1,Hell's Kitchen
2023-06-27 10:00:00,99,143,415.45,Hell's Kitchen
2023-06-27 11:00:00,8,13,37.85,Hell's Kitchen
2023-06-27 12:00:00,21,36,102.65,Hell's Kitchen
2023-06-27 13:00:00,14,20,58.55,Hell's Kitchen
2023-06-27 14:00:00,8,12,34.6,Hell's Kitchen
2023-06-27 15:00:00,20,30,85.1,Hell's Kitchen
2023-06-27 16:00:00,12,13,40.95,Hell's Kitchen
2023-06-27 17:00:00,19,31,76.5,Hell's Kitchen
2023-06-27 18:00:00,14,23,62.35,Hell's Kitchen
2023-06-27 19:00:00,11,13,39.25,Hell's Kitchen
2023-06-27 20:00:00,20,31,80.25,Hell's Kitchen
2023-06-28 06:00:00,0,0,0.0,Hell's Kitchen
2023-06-28 07:00:00,0,0,0.0,Hell's Kitchen
2023-06-28 08:00:00,28,37,114.8,Hell's Kitchen
2023-06-28 09:00:00,27,40,126.2,Hell's Kitchen
2023-06-28 10:00:00,28,37,121.35,Hell's Kitchen
2023-06-28 11:00:00,22,32,94.65,Hell's Kitchen
2023-06-28 12:00:00,23,32,105.9,Hell's Kitchen
2023-06-28 13:00:00,36,50,155.5,Hell's Kitchen
2023-06-28 14:00:00,34,52,160.5,Hell's Kitchen
2023-06-28 15:00:00,24,32,105.6,Hell's Kitchen
2023-06-28 16:00:00,32,42,131.0,Hell's Kitchen
2023-06-28 17:00:00,29,39,135.95,Hell's Kitchen
2023-06-28 18:00:00,24,34,102.6,Hell's Kitchen
2023-06-28 19:00:00,27,32,91.8,Hell's Kitchen
2023-06-28 20:00:00,0,0,0.0,Hell's Kitchen
2023-06-29 06:00:00,0,0,0.0,Hell's Kitchen
2023-06-29 07:00:00,0,0,0.0,Hell's Kitchen
2023-06-29 08:00:00,23,33,97.85,Hell's Kitchen
2023-06-29 09:00:00,25,35,102.15,Hell's Kitchen
2023-06-29 10:00:00,24,35,114.35,Hell's Kitchen
2023-06-29 11:00:00,32,47,140.65,Hell's Kitchen
2023-06-29 12:00:00,19,27,87.1,Hell's Kitchen
2023-06-29 13:00:00,25,36,111.7,Hell's Kitchen
2023-06-29 14:00:00,22,31,95.3,Hell's Kitchen
2023-06-29 15:00:00,19,29,88.3,Hell's Kitchen
2023-06-29 16:00:00,32,47,138.35,Hell's Kitchen
2023-06-29 17:00:00,32,43,136.7,Hell's Kitchen
2023-06-29 18:00:00,15,21,66.85,Hell's Kitchen
2023-06-29 19:00:00,26,36,119.25,Hell's Kitchen
2023-06-29 20:00:00,0,0,0.0,Hell's Kitchen
2023-06-30 06:00:00,20,25,84.55,Hell's Kitchen
2023-06-30 07:00:00,27,39,121.6,Hell's Kitchen
2023-06-30 08:00:00,57,84,251.5,Hell's Kitchen
2023-06-30 09:00:00,62,88,266.35,Hell's Kitchen
2023-06-30 10:00:00,60,79,303.38,Hell's Kitchen
2023-06-30 11:00:00,28,45,475.65,Hell's Kitchen
2023-06-30 12:00:00,8,12,39.85,Hell's Kitchen
2023-06-30 13:00:00,11,15,54.85,Hell's Kitchen
2023-06-30 14:00:00,11,15,49.55,Hell's Kitchen
2023-06-30 15:00:00,13,16,47.9,Hell's Kitchen
2023-06-30 16:00:00,5,6,19.0,Hell's Kitchen
2023-06-30 17:00:00,15,19,67.4,Hell's Kitchen
2023-06-30 18:00:00,6,6,17.45,Hell's Kitchen
2023-06-30 19:00:00,14,19,78.55,Hell's Kitchen
2023-06-30 20:00:00,6,10,27.35,Hell's Kitchen
2023-01-01 06:00:00,0,0,0.0,Lower Manhattan
2023-01-01 07:00:00,17,26,81.05,Lower Manhattan
2023-01-01 08:00:00,10,14,42.6,Lower Manhattan
2023-01-01 09:00:00,24,34,102.5,Lower Manhattan
2023-01-01 10:00:00,15,21,70.75,Lower Manhattan
2023-01-01 11:00:00,16,24,76.7,Lower Manhattan
2023-01-01 12:00:00,13,17,53.45,Lower Manhattan
2023-01-01 13:00:00,21,31,92.05,Lower Manhattan
2023-01-01 14:00:00,17,27,88.05,Lower Manhattan
2023-01-01 15:00:00,14,22,69.35,Lower Manhattan
2023-01-01 16:00:00,13,15,41.55,Lower Manhattan
2023-01-01 17:00:00,9,12,36.3,Lower Manhattan
2023-01-01 18:00:00,7,12,34.0,Lower Manhattan
2023-01-01 19:00:00,0,0,0.0,Lower Manhattan
2023-01-01 20:00:00,0,0,0.0,Lower Manhattan
2023-01-02 06:00:00,0,0,0.0,Lower Manhattan
2023-01-02 07:00:00,14,17,55.1,Lower Manhattan
2023-01-02 08:00:00,10,13,37.7,Lower Manhattan
2023-01-02 09:00:00,11,14,39.9,Lower Manhattan
2023-01-02 10:00:00,11,12,35.45,Lower Manhattan
2023-01-02 11:00:00,11,17,46.2,Lower Manhattan
2023-01-02 12:00:00,17,22,65.95,Lower Manhattan
2023-01-02 13:00:00,9,12,34.15,Lower Manhattan
2023-01-02 14:00:00,15,23,68.2,Lower Manhattan
2023-01-02 15:00:00,25,39,116.25,Lower Manhattan
2023-01-02 16:00:00,20,25,73.2,Lower Manhattan
2023-01-02 17:00:00,9,14,44.3,Lower Manhattan
2023-01-02 18:00:00,7,9,32.65,Lower Manhattan
2023-01-02 19:00:00,0,0,0.0,Lower Manhattan
2023-01-02 20:00:00,0,0,0.0,Lower Manhattan
2023-01-03 06:00:00,0,0,0.0,Lower Manhattan
2023-01-03 07:00:00,7,11,36.35,Lower Manhattan
2023-01-03 08:00:00,14,22,79.0,Lower Manhattan
2023-01-03 09:00:00,14,21,60.45,Lower Manhattan
2023-01-03 10:00:00,17,24,75.95,Lower Manhattan
2023-01-03 11:00:00,20,29,84.5,Lower Manhattan
2023-01-03 12:00:00,10,14,41.8,Lower Manhattan
2023-01-03 13:00:00,9,12,36.8,Lower Manhattan
2023-01-03 14:00:00,17,28,88.9,Lower Manhattan
2023-01-03 15:00:00,21,33,102.55,Lower Manhattan
2023-01-03 16:00:00,18,22,71.2,Lower Manhattan
2023-01-03 17:00:00,17,23,72.0,Lower Manhattan
2023-01-03 18:00:00,2,2,6.5,Lower Manhattan
2023-01-03 19:00:00,0,0,0.0,Lower Manhattan
2023-01-03 20:00:00,0,0,0.0,Lower Manhattan
2023-01-04 06:00:00,0,0,0.0,Lower Manhattan
2023-01-04 07:00:00,9,11,31.7,Lower Manhattan
2023-01-04 08:00:00,8,11,32.25,Lower Manhattan
2023-01-04 09:00:00,13,20,58.45,Lower Manhattan
2023-01-04 10:00:00,9,14,40.8,Lower Manhattan
2023-01-04 11:00:00,8,11,34.25,Lower Manhattan
2023-01-04 12:00:00,14,22,63.55,Lower Manhattan
2023-01-04 13:00:00,9,14,40.05,Lower Manhattan
2023-01-04 14:00:00,22,32,104.6,Lower Manhattan
2023-01-04 15:00:00,17,24,74.75,Lower Manhattan
2023-01-04 16:00:00,8,15,43.2,Lower Manhattan
2023-01-04 17:00:00,15,23,71.75,Lower Manhattan
2023-01-04 18:00:00,8,11,34.85,Lower Manhattan
2023-01-04 19:00:00,0,0,0.0,Lower Manhattan
2023-01-04 20:00:00,0,0,0.0,Lower Manhattan
2023-01-05 06:00:00,0,0,0.0,Lower Manhattan
2023-01-05 07:00:00,13,17,51.75,Lower Manhattan
2023-01-05 08:00:00,22,30,94.6,Lower Manhattan
2023-01-05 09:00:00,14,20,60.65,Lower Manhattan
2023-01-05 10:00:00,18,24,75.25,Lower Manhattan
2023-01-05 11:00:00,22,30,97.8,Lower Manhattan
2023-01-05 12:00:00,19,28,85.7,Lower Manhattan
2023-01-05 13:00:00,15,21,62.1,Lower Manhattan
2023-01-05 14:00:00,16,25,75.4,Lower Manhattan
2023-01-05 15:00:00,20,28,90.05,Lower Manhattan
2023-01-05 16:00:00,11,17,52.2,Lower Manhattan
2023-01-05 17:00:00,7,11,28.9,Lower Manhattan
2023-01-05 18:00:00,4,7,26.5,Lower Manhattan
2023-01-05 19:00:00,0,0,0.0,Lower Manhattan
2023-01-05 20:00:00,0,0,0.0,Lower Manhattan
2023-01-06 06:00:00,0,0,0.0,Lower Manhattan
2023-01-06 07:00:00,22,29,92.75,Lower Manhattan
2023-01-06 08:00:00,18,27,82.15,Lower Manhattan
2023-01-06 09:00:00,14,20,58.2,Lower Manhattan
2023-01-06 10:00:00,12,15,47.2,Lower Manhattan
2023-01-06 11:00:00,16,23,75.2,Lower Manhattan
2023-01-06 12:00:00,10,17,51.0,Lower Manhattan
2023-01-06 13:00:00,15,18,52.0,Lower Manhattan
2023-01-06 14:00:00,16,22,63.75,Lower Manhattan
2023-01-06 15:00:00,26,35,112.75,Lower Manhattan
2023-01-06 16:00:00,13,20,64.7,Lower Manhattan
2023-01-06 17:00:00,14,23,66.9,Lower Manhattan
2023-01-06 18:00:00,5,7,24.0,Lower Manhattan
2023-01-06 19:00:00,0,0,0.0,Lower Manhattan
2023-01-06 20:00:00,0,0,0.0,Lower Manhattan
2023-01-07 06:00:00,4,7,22.35,Lower Manhattan
2023-01-07 07:00:00,34,44,199.15,Lower Manhattan
2023-01-07 08:00:00,32,48,128.35,Lower Manhattan
2023-01-07 09:00:00,26,36,159.2,Lower Manhattan
2023-01-07 10:00:00,41,57,198.35,Lower Manhattan
2023-01-07 11:00:00,8,11,31.1,Lower Manhattan
2023-01-07 12:00:00,11,16,49.75,Lower Manhattan
2023-01-07 13:00:00,0,0,0.0,Lower Manhattan
2023-01-07 14:00:00,0,0,0.0,Lower Manhattan
2023-01-07 15:00:00,0,0,0.0,Lower Manhattan
2023-01-07 16:00:00,0,0,0.0,Lower Manhattan
2023-01-07 17:00:00,0,0,0.0,Lower Manhattan
2023-01-07 18:00:00,0,0,0.0,Lower Manhattan
2023-01-07 19:00:00,0,0,0.0,Lower Manhattan
2023-01-07 20:00:00,0,0,0.0,Lower Manhattan
2023-01-08 06:00:00,0,0,0.0,Lower Manhattan
2023-01-08 07:00:00,13,18,66.45,Lower Manhattan
2023-01-08 08:00:00,35,50,199.65,Lower Manhattan
2023-01-08 09:00:00,40,56,201.9,Lower Manhattan
2023-01-08 10:00:00,36,56,171.15,Lower Manhattan
2023-01-08 11:00:00,11,18,48.15,Lower Manhattan
2023-01-08 12:00:00,9,16,40.7,Lower Manhattan
2023-01-08 13:00:00,9,12,32.75,Lower Manhattan
2023-01-08 14:00:00,5,7,22.5,Lower Manhattan
2023-01-08 15:00:00,8,11,33.8,Lower Manhattan
2023-01-08 16:00:00,10,15,42.6,Lower Manhattan
2023-01-08 17:00:00,4,5,13.5,Lower Manhattan
2023-01-08 18:00:00,8,11,28.95,Lower Manhattan
2023-01-08 19:00:00,7,13,31.05,Lower Manhattan
2023-01-08 20:00:00,10,14,39.4,Lower Manhattan
2023-01-09 06:00:00,0,0,0.0,Lower Manhattan
2023-01-09 07:00:00,24,36,120.65,Lower Manhattan
2023-01-09 08:00:00,30,41,154.82999999999998,Lower Manhattan
2023-01-09 09:00:00,42,55,243.13,Lower Manhattan
2023-01-09 10:00:00,35,46,203.69,Lower Manhattan
2023-01-09 11:00:00,7,10,27.81,Lower Manhattan
2023-01-09 12:00:00,10,17,54.19,Lower Manhattan
2023-01-09 13:00:00,8,10,29.08,Lower Manhattan
2023-01-09 14:00:00,7,11,33.25,Lower Manhattan
2023-01-09 15:00:00,5,6,19.04,Lower Manhattan
2023-01-09 16:00:00,6,8,33.83,Lower Manhattan
2023-01-09 17:00:00,0,0,0.0,Lower Manhattan
2023-01-09 18:00:00,7,7,22.19,Lower Manhattan
2023-01-09 19:00:00,9,13,60.51,Lower Manhattan
2023-01-09 20:00:00,2,2,6.0,Lower Manhattan
2023-01-10 06:00:00,19,24,72.95,Lower Manhattan
2023-01-10 07:00:00,28,35,99.35,Lower Manhattan
2023-01-10 08:00:00,29,35,121.55,Lower Manhattan
2023-01-10 09:00:00,31,44,182.3,Lower Manhattan
2023-01-10 10:00:00,24,33,106.65,Lower Manhattan
2023-01-10 11:00:00,17,24,95.0,Lower Manhattan
2023-01-10 12:00:00,4,5,28.75,Lower Manhattan
2023-01-10 13:00:00,10,14,38.25,Lower Manhattan
2023-01-10 14:00:00,15,22,63.95,Lower Manhattan
2023-01-10 15:00:00,7,11,35.4,Lower Manhattan
2023-01-10 16:00:00,12,19,57.25,Lower Manhattan
2023-01-10 17:00:00,2,3,9.5,Lower Manhattan
2023-01-10 18:00:00,5,8,19.65,Lower Manhattan
2023-01-10 19:00:00,0,0,0.0,Lower Manhattan
2023-01-10 20:00:00,0,0,0.0,Lower Manhattan
2023-01-11 06:00:00,27,41,134.75,Lower Manhattan
2023-01-11 07:00:00,21,31,111.95,Lower Manhattan
2023-01-11 08:00:00,26,35,108.6,Lower Manhattan
2023-01-11 09:00:00,20,24,71.3,Lower Manhattan
2023-01-11 10:00:00,13,20,56.45,Lower Manhattan
2023-01-11 11:00:00,6,8,26.55,Lower Manhattan
2023-01-11 12:00:00,10,14,37.6,Lower Manhattan
2023-01-11 13:00:00,16,19,105.45,Lower Manhattan
2023-01-11 14:00:00,6,9,28.0,Lower Manhattan
2023-01-11 15:00:00,11,16,47.85,Lower Manhattan
2023-01-11 16:00:00,14,18,50.15,Lower Manhattan
2023-01-11 17:00:00,8,10,30.0,Lower Manhattan
2023-01-11 18:00:00,9,13,32.4,Lower Manhattan
2023-01-11 19:00:00,0,0,0.0,Lower Manhattan
2023-01-11 20:00:00,0,0,0.0,Lower Manhattan
2023-01-12 06:00:00,25,37,101.85,Lower Manhattan
2023-01-12 07:00:00,28,41,113.6,Lower Manhattan
2023-01-12 08:00:00,18,29,82.8,Lower Manhattan
2023-01-12 09:00:00,28,40,117.55,Lower Manhattan
2023-01-12 10:00:00,31,45,144.55,Lower Manhattan
2023-01-12 11:00:00,8,15,35.5,Lower Manhattan
2023-01-12 12:00:00,5,7,18.9,Lower Manhattan
2023-01-12 13:00:00,9,12,35.2,Lower Manhattan
2023-01-12 14:00:00,14,20,70.5,Lower Manhattan
2023-01-12 15:00:00,4,5,14.8,Lower Manhattan
2023-01-12 16:00:00,19,22,76.6,Lower Manhattan
2023-01-12 17:00:00,15,19,56.65,Lower Manhattan
2023-01-12 18:00:00,7,10,46.6,Lower Manhattan
2023-01-12 19:00:00,0,0,0.0,Lower Manhattan
2023-01-12 20:00:00,0,0,0.0,Lower Manhattan
2023-01-13 06:00:00,0,0,0.0,Lower Manhattan
2023-01-13 07:00:00,39,61,179.95,Lower Manhattan
2023-01-13 08:00:00,30,46,157.35,Lower Manhattan
2023-01-13 09:00:00,26,38,123.3,Lower Manhattan
2023-01-13 10:00:00,24,33,107.55,Lower Manhattan
2023-01-13 11:00:00,8,12,36.45,Lower Manhattan
2023-01-13 12:00:00,14,23,92.6,Lower Manhattan
2023-01-13 13:00:00,3,4,11.5,Lower Manhattan
2023-01-13 14:00:00,16,26,87.15,Lower Manhattan
2023-01-13 15:00:00,11,19,50.9,Lower Manhattan
2023-01-13 16:00:00,8,10,51.8,Lower Manhattan
2023-01-13 17:00:00,8,12,36.35,Lower Manhattan
2023-01-13 18:00:00,6,11,30.3,Lower Manhattan
2023-01-13 19:00:00,0,0,0.0,Lower Manhattan
2023-01-13 20:00:00,0,0,0.0,Lower Manhattan
2023-01-14 06:00:00,0,0,0.0,Lower Manhattan
2023-01-14 07:00:00,25,34,106.2,Lower Manhattan
2023-01-14 08:00:00,34,46,144.75,Lower Manhattan
2023-01-14 09:00:00,25,31,106.75,Lower Manhattan
2023-01-14 10:00:00,24,31,78.85,Lower Manhattan
2023-01-14 11:00:00,8,12,31.95,Lower Manhattan
2023-01-14 12:00:00,9,11,31.35,Lower Manhattan
2023-01-14 13:00:00,15,18,112.8,Lower Manhattan
2023-01-14 14:00:00,5,6,19.25,Lower Manhattan
2023-01-14 15:00:00,9,10,28.05,Lower Manhattan
2023-01-14 16:00:00,7,11,36.6,Lower Manhattan
2023-01-14 17:00:00,14,18,66.75,Lower Manhattan
2023-01-14 18:00:00,4,4,11.7,Lower Manhattan
2023-01-14 19:00:00,0,0,0.0,Lower Manhattan
2023-01-14 20:00:00,0,0,0.0,Lower Manhattan
2023-01-15 06:00:00,28,43,130.2,Lower Manhattan
2023-01-15 07:00:00,25,37,126.2,Lower Manhattan
2023-01-15 08:00:00,15,23,63.7,Lower Manhattan
2023-01-15 09:00:00,25,40,132.4,Lower Manhattan
2023-01-15 10:00:00,27,37,106.75,Lower Manhattan
2023-01-15 11:00:00,7,9,27.75,Lower Manhattan
2023-01-15 12:00:00,14,18,47.85,Lower Manhattan
2023-01-15 13:00:00,16,20,65.9,Lower Manhattan
2023-01-15 14:00:00,10,16,48.9,Lower Manhattan
2023-01-15 15:00:00,8,9,24.9,Lower Manhattan
2023-01-15 16:00:00,16,20,50.9,Lower Manhattan
2023-01-15 17:00:00,2,3,7.9,Lower Manhattan
2023-01-15 18:00:00,6,7,23.0,Lower Manhattan
2023-01-15 19:00:00,0,0,0.0,Lower Manhattan
2023-01-15 20:00:00,0,0,0.0,Lower Manhattan
2023-01-16 06:00:00,19,27,84.5,Lower Manhattan
2023-01-16 07:00:00,25,35,102.55,Lower Manhattan
2023-01-16 08:00:00,23,32,161.33,Lower Manhattan
2023-01-16 09:00:00,26,37,112.05,Lower Manhattan
2023-01-16 10:00:00,24,33,96.85,Lower Manhattan
2023-01-16 11:00:00,12,17,52.0,Lower Manhattan
2023-01-16 12:00:00,13,16,38.55,Lower Manhattan
2023-01-16 13:00:00,5,7,17.35,Lower Manhattan
2023-01-16 14:00:00,9,12,34.6,Lower Manhattan
2023-01-16 15:00:00,10,11,31.25,Lower Manhattan
2023-01-16 16:00:00,17,23,88.55,Lower Manhattan
2023-01-16 17:00:00,5,5,20.6,Lower Manhattan
2023-01-16 18:00:00,4,4,10.5,Lower Manhattan
2023-01-16 19:00:00,0,0,0.0,Lower Manhattan
2023-01-16 20:00:00,0,0,0.0,Lower Manhattan
2023-01-17 06:00:00,29,39,112.9,Lower Manhattan
2023-01-17 07:00:00,20,30,95.3,Lower Manhattan
2023-01-17 08:00:00,24,32,82.1,Lower Manhattan
2023-01-17 09:00:00,18,27,106.3,Lower Manhattan
2023-01-17 10:00:00,23,30,94.9,Lower Manhattan
2023-01-17 11:00:00,11,14,40.5,Lower Manhattan
2023-01-17 12:00:00,14,18,81.3,Lower Manhattan
2023-01-17 13:00:00,5,8,28.25,Lower Manhattan
2023-01-17 14:00:00,7,8,20.85,Lower Manhattan
2023-01-17 15:00:00,11,14,38.05,Lower Manhattan
2023-01-17 16:00:00,12,15,42.5,Lower Manhattan
2023-01-17 17:00:00,8,12,29.7,Lower Manhattan
2023-01-17 18:00:00,3,4,16.25,Lower Manhattan
2023-01-17 19:00:00,0,0,0.0,Lower Manhattan
2023-01-17 20:00:00,0,0,0.0,Lower Manhattan
2023-01-18 06:00:00,21,34,106.45,Lower Manhattan
2023-01-18 07:00:00,25,39,127.58,Lower Manhattan
2023-01-18 08:00:00,15,19,51.05,Lower Manhattan
2023-01-18 09:00:00,25,38,108.7,Lower Manhattan
2023-01-18 10:00:00,24,37,112.7,Lower Manhattan
2023-01-18 11:00:00,8,13,40.2,Lower Manhattan
2023-01-18 12:00:00,12,14,38.35,Lower Manhattan
2023-01-18 13:00:00,9,10,41.95,Lower Manhattan
2023-01-18 14:00:00,5,6,17.25,Lower Manhattan
2023-01-18 15:00:00,16,23,72.3,Lower Manhattan
2023-01-18 16:00:00,14,20,60.6,Lower Manhattan
2023-01-18 17:00:00,8,11,36.45,Lower Manhattan
2023-01-18 18:00:00,4,5,12.25,Lower Manhattan
2023-01-18 19:00:00,0,0,0.0,Lower Manhattan
2023-01-18 20:00:00,0,0,0.0,Lower Manhattan
2023-01-19 06:00:00,27,39,109.7,Lower Manhattan
2023-01-19 07:00:00,18,24,99.85,Lower Manhattan
2023-01-19 08:00:00,13,19,58.0,Lower Manhattan
2023-01-19 09:00:00,23,31,86.25,Lower Manhattan
2023-01-19 10:00:00,18,26,70.85,Lower Manhattan
2023-01-19 11:00:00,14,19,52.2,Lower Manhattan
2023-01-19 12:00:00,16,22,69.8,Lower Manhattan
2023-01-19 13:00:00,9,11,43.2,Lower Manhattan
2023-01-19 14:00:00,6,9,21.9,Lower Manhattan
2023-01-19 15:00:00,13,14,71.55,Lower Manhattan
2023-01-19 16:00:00,11,16,49.15,Lower Manhattan
2023-01-19 17:00:00,11,15,39.95,Lower Manhattan
2023-01-19 18:00:00,5,7,15.65,Lower Manhattan
2023-01-19 19:00:00,0,0,0.0,Lower Manhattan
2023-01-19 20:00:00,0,0,0.0,Lower Manhattan
2023-01-20 06:00:00,0,0,0.0,Lower Manhattan
2023-01-20 07:00:00,33,52,146.7,Lower Manhattan
2023-01-20 08:00:00,23,41,113.45,Lower Manhattan
2023-01-20 09:00:00,18,27,74.9,Lower Manhattan
2023-01-20 10:00:00,34,52,168.4,Lower Manhattan
2023-01-20 11:00:00,9,12,48.85,Lower Manhattan
2023-01-20 12:00:00,4,7,20.25,Lower Manhattan
2023-01-20 13:00:00,12,17,46.75,Lower Manhattan
2023-01-20 14:00:00,1,3,7.5,Lower Manhattan
2023-01-20 15:00:00,10,18,45.5,Lower Manhattan
2023-01-20 16:00:00,9,14,41.75,Lower Manhattan
2023-01-20 17:00:00,10,17,54.0,Lower Manhattan
2023-01-20 18:00:00,5,8,23.5,Lower Manhattan
2023-01-20 19:00:00,0,0,0.0,Lower Manhattan
2023-01-20 20:00:00,0,0,0.0,Lower Manhattan
2023-01-21 06:00:00,0,0,0.0,Lower Manhattan
2023-01-21 07:00:00,37,58,183.4,Lower Manhattan
2023-01-21 08:00:00,25,41,124.55,Lower Manhattan
2023-01-21 09:00:00,35,60,200.55,Lower Manhattan
2023-01-21 10:00:00,28,49,184.95,Lower Manhattan
2023-01-21 11:00:00,5,10,26.65,Lower Manhattan
2023-01-21 12:00:00,9,12,32.8,Lower Manhattan
2023-01-21 13:00:00,9,10,70.0,Lower Manhattan
2023-01-21 14:00:00,11,17,74.7,Lower Manhattan
2023-01-21 15:00:00,9,16,41.7,Lower Manhattan
2023-01-21 16:00:00,9,15,53.0,Lower Manhattan
2023-01-21 17:00:00,2,5,17.0,Lower Manhattan
2023-01-21 18:00:00,2,2,5.7,Lower Manhattan
2023-01-21 19:00:00,0,0,0.0,Lower Manhattan
2023-01-21 20:00:00,0,0,0.0,Lower Manhattan
2023-01-22 06:00:00,24,42,120.6,Lower Manhattan
2023-01-22 07:00:00,23,40,145.58,Lower Manhattan
2023-01-22 08:00:00,21,30,107.35,Lower Manhattan
2023-01-22 09:00:00,20,40,113.7,Lower Manhattan
2023-01-22 10:00:00,26,49,144.35,Lower Manhattan
2023-01-22 11:00:00,12,22,56.199999999999996,Lower Manhattan
2023-01-22 12:00:00,12,20,60.8,Lower Manhattan
2023-01-22 13:00:00,10,17,56.2,Lower Manhattan
2023-01-22 14:00:00,4,9,22.6,Lower Manhattan
2023-01-22 15:00:00,8,15,39.85,Lower Manhattan
2023-01-22 16:00:00,6,13,39.6,Lower Manhattan
2023-01-22 17:00:00,16,26,72.0,Lower Manhattan
2023-01-22 18:00:00,4,9,24.25,Lower Manhattan
2023-01-22 19:00:00,0,0,0.0,Lower Manhattan
2023-01-22 20:00:00,0,0,0.0,Lower Manhattan
2023-01-23 06:00:00,13,26,77.0,Lower Manhattan
2023-01-23 07:00:00,12,19,54.55,Lower Manhattan
2023-01-23 08:00:00,19,33,119.55,Lower Manhattan
2023-01-23 09:00:00,28,45,151.75,Lower Manhattan
2023-01-23 10:00:00,23,34,102.8,Lower Manhattan
2023-01-23 11:00:00,9,17,52.3,Lower Manhattan
2023-01-23 12:00:00,7,13,52.3,Lower Manhattan
2023-01-23 13:00:00,9,17,46.9,Lower Manhattan
2023-01-23 14:00:00,14,19,56.05,Lower Manhattan
2023-01-23 15:00:00,6,12,30.85,Lower Manhattan
2023-01-23 16:00:00,6,13,36.1,Lower Manhattan
2023-01-23 17:00:00,14,22,61.9,Lower Manhattan
2023-01-23 18:00:00,10,19,56.7,Lower Manhattan
2023-01-23 19:00:00,0,0,0.0,Lower Manhattan
2023-01-23 20:00:00,0,0,0.0,Lower Manhattan
2023-01-24 06:00:00,22,35,132.3,Lower Manhattan
2023-01-24 07:00:00,21,46,141.3,Lower Manhattan
2023-01-24 08:00:00,20,31,118.95,Lower Manhattan
2023-01-24 09:00:00,30,46,134.95,Lower Manhattan
2023-01-24 10:00:00,34,55,170.35,Lower Manhattan
2023-01-24 11:00:00,17,27,90.8,Lower Manhattan
2023-01-24 12:00:00,8,10,36.25,Lower Manhattan
2023-01-24 13:00:00,13,26,76.75,Lower Manhattan
2023-01-24 14:00:00,21,29,86.0,Lower Manhattan
2023-01-24 15:00:00,12,21,57.2,Lower Manhattan
2023-01-24 16:00:00,7,11,27.35,Lower Manhattan
2023-01-24 17:00:00,6,8,24.1,Lower Manhattan
2023-01-24 18:00:00,2,4,9.5,Lower Manhattan
2023-01-24 19:00:00,0,0,0.0,Lower Manhattan
2023-01-24 20:00:00,0,0,0.0,Lower Manhattan
2023-01-25 06:00:00,22,46,140.65,Lower Manhattan
2023-01-25 07:00:00,22,36,129.75,Lower Manhattan
2023-01-25 08:00:00,19,30,101.45,Lower Manhattan
2023-01-25 09:00:00,30,54,189.25,Lower Manhattan
2023-01-25 10:00:00,17,27,84.35,Lower Manhattan
2023-01-25 11:00:00,6,12,33.5,Lower Manhattan
2023-01-25 12:00:00,17,29,90.05,Lower Manhattan
2023-01-25 13:00:00,12,14,50.65,Lower Manhattan
2023-01-25 14:00:00,11,24,62.75,Lower Manhattan
2023-01-25 15:00:00,8,15,49.9,Lower Manhattan
2023-01-25 16:00:00,13,27,75.45,Lower Manhattan
2023-01-25 17:00:00,8,16,45.1,Lower Manhattan
2023-01-25 18:00:00,2,4,11.0,Lower Manhattan
2023-01-25 19:00:00,0,0,0.0,Lower Manhattan
2023-01-25 20:00:00,0,0,0.0,Lower Manhattan
2023-01-26 06:00:00,27,50,189.4,Lower Manhattan
2023-01-26 07:00:00,19,33,110.95,Lower Manhattan
2023-01-26 08:00:00,24,41,121.5,Lower Manhattan
2023-01-26 09:00:00,29,52,163.75,Lower Manhattan
2023-01-26 10:00:00,25,43,121.15,Lower Manhattan
2023-01-26 11:00:00,11,18,82.75,Lower Manhattan
2023-01-26 12:00:00,8,14,39.3,Lower Manhattan
2023-01-26 13:00:00,8,15,41.65,Lower Manhattan
2023-01-26 14:00:00,6,9,30.4,Lower Manhattan
2023-01-26 15:00:00,6,11,33.15,Lower Manhattan
2023-01-26 16:00:00,2,2,5.75,Lower Manhattan
2023-01-26 17:00:00,15,26,98.0,Lower Manhattan
2023-01-26 18:00:00,6,10,29.6,Lower Manhattan
2023-01-26 19:00:00,0,0,0.0,Lower Manhattan
2023-01-26 20:00:00,0,0,0.0,Lower Manhattan
2023-01-27 06:00:00,0,0,0.0,Lower Manhattan
2023-01-27 07:00:00,31,51,191.6,Lower Manhattan
2023-01-27 08:00:00,26,46,147.25,Lower Manhattan
2023-01-27 09:00:00,30,50,150.95,Lower Manhattan
2023-01-27 10:00:00,35,53,183.95,Lower Manhattan
2023-01-27 11:00:00,8,12,42.4,Lower Manhattan
2023-01-27 12:00:00,5,9,36.85,Lower Manhattan
2023-01-27 13:00:00,10,13,34.25,Lower Manhattan
2023-01-27 14:00:00,11,23,68.45,Lower Manhattan
2023-01-27 15:00:00,23,39,127.5,Lower Manhattan
2023-01-27 16:00:00,8,18,57.65,Lower Manhattan
2023-01-27 17:00:00,17,29,84.35,Lower Manhattan
2023-01-27 18:00:00,2,6,18.3,Lower Manhattan
2023-01-27 19:00:00,0,0,0.0,Lower Manhattan
2023-01-27 20:00:00,0,0,0.0,Lower Manhattan
2023-01-28 06:00:00,0,0,0.0,Lower Manhattan
2023-01-28 07:00:00,6,9,24.1,Lower Manhattan
2023-01-28 08:00:00,18,27,80.8,Lower Manhattan
2023-01-28 09:00:00,12,19,52.4,Lower Manhattan
2023-01-28 10:00:00,13,15,49.5,Lower Manhattan
2023-01-28 11:00:00,14,19,60.0,Lower Manhattan
2023-01-28 12:00:00,13,18,52.75,Lower Manhattan
2023-01-28 13:00:00,10,14,43.25,Lower Manhattan
2023-01-28 14:00:00,15,22,71.1,Lower Manhattan
2023-01-28 15:00:00,14,20,55.05,Lower Manhattan
2023-01-28 16:00:00,13,19,62.25,Lower Manhattan
2023-01-28 17:00:00,6,10,29.0,Lower Manhattan
2023-01-28 18:00:00,6,9,24.0,Lower Manhattan
2023-01-28 19:00:00,0,0,0.0,Lower Manhattan
2023-01-28 20:00:00,0,0,0.0,Lower Manhattan
2023-01-29 06:00:00,0,0,0.0,Lower Manhattan
2023-01-29 07:00:00,8,12,37.15,Lower Manhattan
2023-01-29 08:00:00,8,12,36.65,Lower Manhattan
2023-01-29 09:00:00,11,14,46.8,Lower Manhattan
2023-01-29 10:00:00,16,21,67.7,Lower Manhattan
2023-01-29 11:00:00,15,21,65.95,Lower Manhattan
2023-01-29 12:00:00,13,18,59.3,Lower Manhattan
2023-01-29 13:00:00,13,17,59.4,Lower Manhattan
2023-01-29 14:00:00,15,21,63.5,Lower Manhattan
2023-01-29 15:00:00,9,14,44.4,Lower Manhattan
2023-01-29 16:00:00,14,21,63.95,Lower Manhattan
2023-01-29 17:00:00,10,13,46.05,Lower Manhattan
2023-01-29 18:00:00,8,12,37.05,Lower Manhattan
2023-01-29 19:00:00,0,0,0.0,Lower Manhattan
2023-01-29 20:00:00,0,0,0.0,Lower Manhattan
2023-01-30 06:00:00,15,21,60.5,Lower Manhattan
2023-01-30 07:00:00,19,28,115.03,Lower Manhattan
2023-01-30 08:00:00,13,20,108.1,Lower Manhattan
2023-01-30 09:00:00,19,23,100.6,Lower Manhattan
2023-01-30 10:00:00,26,44,129.75,Lower Manhattan
2023-01-30 11:00:00,6,9,28.5,Lower Manhattan
2023-01-30 12:00:00,14,23,68.6,Lower Manhattan
2023-01-30 13:00:00,0,0,0.0,Lower Manhattan
2023-01-30 14:00:00,12,18,60.03,Lower Manhattan
2023-01-30 15:00:00,2,4,9.4,Lower Manhattan
2023-01-30 16:00:00,7,8,23.15,Lower Manhattan
2023-01-30 17:00:00,4,5,17.75,Lower Manhattan
2023-01-30 18:00:00,5,5,13.0,Lower Manhattan
2023-01-30 19:00:00,0,0,0.0,Lower Manhattan
2023-01-30 20:00:00,1,1,3.0,Lower Manhattan
2023-01-31 06:00:00,11,19,74.15,Lower Manhattan
2023-01-31 07:00:00,25,36,150.93,Lower Manhattan
2023-01-31 08:00:00,16,29,90.25,Lower Manhattan
2023-01-31 09:00:00,18,24,73.6,Lower Manhattan
2023-01-31 10:00:00,18,28,115.8,Lower Manhattan
2023-01-31 11:00:00,8,9,27.05,Lower Manhattan
2023-01-31 12:00:00,7,9,26.55,Lower Manhattan
2023-01-31 13:00:00,7,11,34.05,Lower Manhattan
2023-01-31 14:00:00,8,11,35.7,Lower Manhattan
2023-01-31 15:00:00,2,4,31.75,Lower Manhattan
2023-01-31 16:00:00,11,18,73.5,Lower Manhattan
2023-01-31 17:00:00,5,7,22.5,Lower Manhattan
2023-01-31 18:00:00,1,2,6.2,Lower Manhattan
2023-01-31 19:00:00,0,0,0.0,Lower Manhattan
2023-01-31 20:00:00,1,1,2.2,Lower Manhattan
2023-02-01 06:00:00,0,0,0.0,Lower Manhattan
2023-02-01 07:00:00,18,28,84.85,Lower Manhattan
2023-02-01 08:00:00,15,21,64.05,Lower Manhattan
2023-02-01 09:00:00,20,25,74.25,Lower Manhattan
2023-02-01 10:00:00,9,12,37.9,Lower Manhattan
2023-02-01 11:00:00,11,16,48.7,Lower Manhattan
2023-02-01 12:00:00,11,16,49.2,Lower Manhattan
2023-02-01 13:00:00,18,26,82.25,Lower Manhattan
2023-02-01 14:00:00,15,21,67.4,Lower Manhattan
2023-02-01 15:00:00,24,37,123.0,Lower Manhattan
2023-02-01 16:00:00,14,19,48.45,Lower Manhattan
2023-02-01 17:00:00,18,24,74.15,Lower Manhattan
2023-02-01 18:00:00,6,10,29.0,Lower Manhattan
2023-02-01 19:00:00,0,0,0.0,Lower Manhattan
2023-02-01 20:00:00,0,0,0.0,Lower Manhattan
2023-02-02 06:00:00,0,0,0.0,Lower Manhattan
2023-02-02 07:00:00,14,19,56.55,Lower Manhattan
2023-02-02 08:00:00,17,27,86.65,Lower Manhattan
2023-02-02 09:00:00,14,20,57.25,Lower Manhattan
2023-02-02 10:00:00,7,9,26.25,Lower Manhattan
2023-02-02 11:00:00,8,12,38.3,Lower Manhattan
2023-02-02 12:00:00,18,26,79.75,Lower Manhattan
2023-02-02 13:00:00,11,14,40.65,Lower Manhattan
2023-02-02 14:00:00,10,14,39.15,Lower Manhattan
2023-02-02 15:00:00,16,25,75.75,Lower Manhattan
2023-02-02 16:00:00,21,29,82.8,Lower Manhattan
2023-02-02 17:00:00,14,20,61.95,Lower Manhattan
2023-02-02 18:00:00,9,10,33.1,Lower Manhattan
2023-02-02 19:00:00,0,0,0.0,Lower Manhattan
2023-02-02 20:00:00,0,0,0.0,Lower Manhattan
2023-02-03 06:00:00,0,0,0.0,Lower Manhattan
2023-02-03 07:00:00,15,23,71.8,Lower Manhattan
2023-02-03 08:00:00,17,24,74.25,Lower Manhattan
2023-02-03 09:00:00,8,9,24.9,Lower Manhattan
2023-02-03 10:00:00,13,18,51.85,Lower Manhattan
2023-02-03 11:00:00,20,28,80.35,Lower Manhattan
2023-02-03 12:00:00,15,25,76.5,Lower Manhattan
2023-02-03 13:00:00,9,11,34.2,Lower Manhattan
2023-02-03 14:00:00,16,24,73.8,Lower Manhattan
2023-02-03 15:00:00,19,28,91.9,Lower Manhattan
2023-02-03 16:00:00,18,24,85.25,Lower Manhattan
2023-02-03 17:00:00,17,24,77.0,Lower Manhattan
2023-02-03 18:00:00,3,4,13.45,Lower Manhattan
2023-02-03 19:00:00,0,0,0.0,Lower Manhattan
2023-02-03 20:00:00,0,0,0.0,Lower Manhattan
2023-02-04 06:00:00,0,0,0.0,Lower Manhattan
2023-02-04 07:00:00,12,17,50.2,Lower Manhattan
2023-02-04 08:00:00,15,19,57.05,Lower Manhattan
2023-02-04 09:00:00,21,27,84.05,Lower Manhattan
2023-02-04 10:00:00,14,23,68.55,Lower Manhattan
2023-02-04 11:00:00,15,23,66.4,Lower Manhattan
2023-02-04 12:00:00,17,30,90.55,Lower Manhattan
2023-02-04 13:00:00,13,18,49.1,Lower Manhattan
2023-02-04 14:00:00,25,39,121.75,Lower Manhattan
2023-02-04 15:00:00,21,29,100.2,Lower Manhattan
2023-02-04 16:00:00,8,14,46.75,Lower Manhattan
2023-02-04 17:00:00,20,28,90.8,Lower Manhattan
2023-02-04 18:00:00,12,18,55.7,Lower Manhattan
2023-02-04 19:00:00,0,0,0.0,Lower Manhattan
2023-02-04 20:00:00,0,0,0.0,Lower Manhattan
2023-02-05 06:00:00,0,0,0.0,Lower Manhattan
2023-02-05 07:00:00,11,17,48.45,Lower Manhattan
2023-02-05 08:00:00,19,25,78.95,Lower Manhattan
2023-02-05 09:00:00,21,28,93.3,Lower Manhattan
2023-02-05 10:00:00,24,33,97.2,Lower Manhattan
2023-02-05 11:00:00,13,19,57.65,Lower Manhattan
2023-02-05 12:00:00,19,28,85.1,Lower Manhattan
2023-02-05 13:00:00,9,12,35.8,Lower Manhattan
2023-02-05 14:00:00,16,21,66.25,Lower Manhattan
2023-02-05 15:00:00,12,17,55.6,Lower Manhattan
2023-02-05 16:00:00,6,10,32.25,Lower Manhattan
2023-02-05 17:00:00,9,14,45.8,Lower Manhattan
2023-02-05 18:00:00,5,8,27.75,Lower Manhattan
2023-02-05 19:00:00,0,0,0.0,Lower Manhattan
2023-02-05 20:00:00,0,0,0.0,Lower Manhattan
2023-02-06 06:00:00,0,0,0.0,Lower Manhattan
2023-02-06 07:00:00,18,30,91.15,Lower Manhattan
2023-02-06 08:00:00,9,13,41.2,Lower Manhattan
2023-02-06 09:00:00,13,16,48.45,Lower Manhattan
2023-02-06 10:00:00,15,20,62.4,Lower Manhattan
2023-02-06 11:00:00,15,19,60.4,Lower Manhattan
2023-02-06 12:00:00,13,22,66.95,Lower Manhattan
2023-02-06 13:00:00,14,19,57.7,Lower Manhattan
2023-02-06 14:00:00,15,21,70.65,Lower Manhattan
2023-02-06 15:00:00,14,21,64.9,Lower Manhattan
2023-02-06 16:00:00,14,17,57.4,Lower Manhattan
2023-02-06 17:00:00,20,30,92.35,Lower Manhattan
2023-02-06 18:00:00,8,11,38.35,Lower Manhattan
2023-02-06 19:00:00,0,0,0.0,Lower Manhattan
2023-02-06 20:00:00,0,0,0.0,Lower Manhattan
2023-02-07 06:00:00,4,8,30.4,Lower Manhattan
2023-02-07 07:00:00,36,42,149.65,Lower Manhattan
2023-02-07 08:00:00,32,45,132.7,Lower Manhattan
2023-02-07 09:00:00,30,42,156.65,Lower Manhattan
2023-02-07 10:00:00,45,69,223.0,Lower Manhattan
2023-02-07 11:00:00,4,6,17.35,Lower Manhattan
2023-02-07 12:00:00,7,10,27.25,Lower Manhattan
2023-02-07 13:00:00,0,0,0.0,Lower Manhattan
2023-02-07 14:00:00,0,0,0.0,Lower Manhattan
2023-02-07 15:00:00,0,0,0.0,Lower Manhattan
2023-02-07 16:00:00,0,0,0.0,Lower Manhattan
2023-02-07 17:00:00,0,0,0.0,Lower Manhattan
2023-02-07 18:00:00,0,0,0.0,Lower Manhattan
2023-02-07 19:00:00,0,0,0.0,Lower Manhattan
2023-02-07 20:00:00,0,0,0.0,Lower Manhattan
2023-02-08 06:00:00,0,0,0.0,Lower Manhattan
2023-02-08 07:00:00,19,24,93.0,Lower Manhattan
2023-02-08 08:00:00,31,43,135.9,Lower Manhattan
2023-02-08 09:00:00,32,46,142.65,Lower Manhattan
2023-02-08 10:00:00,39,55,189.85,Lower Manhattan
2023-02-08 11:00:00,12,18,54.55,Lower Manhattan
2023-02-08 12:00:00,12,20,57.85,Lower Manhattan
2023-02-08 13:00:00,7,10,20.95,Lower Manhattan
2023-02-08 14:00:00,4,6,16.0,Lower Manhattan
2023-02-08 15:00:00,8,10,27.4,Lower Manhattan
2023-02-08 16:00:00,12,20,61.349999999999994,Lower Manhattan
2023-02-08 17:00:00,6,7,18.45,Lower Manhattan
2023-02-08 18:00:00,7,9,23.9,Lower Manhattan
2023-02-08 19:00:00,5,8,22.2,Lower Manhattan
2023-02-08 20:00:00,5,7,19.65,Lower Manhattan
2023-02-09 06:00:00,0,0,0.0,Lower Manhattan
2023-02-09 07:00:00,20,29,96.8,Lower Manhattan
2023-02-09 08:00:00,21,31,102.91,Lower Manhattan
2023-02-09 09:00:00,35,46,180.65,Lower Manhattan
2023-02-09 10:00:00,30,46,178.47,Lower Manhattan
2023-02-09 11:00:00,5,8,31.49,Lower Manhattan
2023-02-09 12:00:00,9,13,43.74,Lower Manhattan
2023-02-09 13:00:00,1,1,3.0,Lower Manhattan
2023-02-09 14:00:00,9,13,38.75,Lower Manhattan
2023-02-09 15:00:00,12,17,63.519999999999996,Lower Manhattan
2023-02-09 16:00:00,1,2,6.2,Lower Manhattan
2023-02-09 17:00:00,7,10,41.39,Lower Manhattan
2023-02-09 18:00:00,9,11,37.89,Lower Manhattan
2023-02-09 19:00:00,7,12,46.06,Lower Manhattan
2023-02-09 20:00:00,5,5,13.71,Lower Manhattan
2023-02-10 06:00:00,22,31,92.2,Lower Manhattan
2023-02-10 07:00:00,27,34,113.6,Lower Manhattan
2023-02-10 08:00:00,24,32,96.8,Lower Manhattan
2023-02-10 09:00:00,31,49,153.45,Lower Manhattan
2023-02-10 10:00:00,23,34,105.35,Lower Manhattan
2023-02-10 11:00:00,20,28,90.95,Lower Manhattan
2023-02-10 12:00:00,12,18,64.4,Lower Manhattan
2023-02-10 13:00:00,7,11,29.15,Lower Manhattan
2023-02-10 14:00:00,14,20,59.8,Lower Manhattan
2023-02-10 15:00:00,9,14,83.55,Lower Manhattan
2023-02-10 16:00:00,8,13,39.95,Lower Manhattan
2023-02-10 17:00:00,5,7,21.35,Lower Manhattan
2023-02-10 18:00:00,3,4,10.75,Lower Manhattan
2023-02-10 19:00:00,0,0,0.0,Lower Manhattan
2023-02-10 20:00:00,0,0,0.0,Lower Manhattan
2023-02-11 06:00:00,23,34,96.75,Lower Manhattan
2023-02-11 07:00:00,24,33,117.45,Lower Manhattan
2023-02-11 08:00:00,36,50,161.05,Lower Manhattan
2023-02-11 09:00:00,17,23,75.5,Lower Manhattan
2023-02-11 10:00:00,23,34,98.0,Lower Manhattan
2023-02-11 11:00:00,5,8,26.0,Lower Manhattan
2023-02-11 12:00:00,15,20,56.5,Lower Manhattan
2023-02-11 13:00:00,9,12,31.95,Lower Manhattan
2023-02-11 14:00:00,13,19,69.83,Lower Manhattan
2023-02-11 15:00:00,8,10,30.25,Lower Manhattan
2023-02-11 16:00:00,6,8,22.2,Lower Manhattan
2023-02-11 17:00:00,3,3,8.55,Lower Manhattan
2023-02-11 18:00:00,9,11,31.45,Lower Manhattan
2023-02-11 19:00:00,0,0,0.0,Lower Manhattan
2023-02-11 20:00:00,0,0,0.0,Lower Manhattan
2023-02-12 06:00:00,26,39,106.85,Lower Manhattan
2023-02-12 07:00:00,34,54,167.15,Lower Manhattan
2023-02-12 08:00:00,17,26,67.5,Lower Manhattan
2023-02-12 09:00:00,22,29,81.65,Lower Manhattan
2023-02-12 10:00:00,44,63,186.0,Lower Manhattan
2023-02-12 11:00:00,3,3,8.25,Lower Manhattan
2023-02-12 12:00:00,8,14,37.3,Lower Manhattan
2023-02-12 13:00:00,13,17,53.2,Lower Manhattan
2023-02-12 14:00:00,17,24,93.65,Lower Manhattan
2023-02-12 15:00:00,10,15,84.45,Lower Manhattan
2023-02-12 16:00:00,15,21,81.35,Lower Manhattan
2023-02-12 17:00:00,14,18,54.4,Lower Manhattan
2023-02-12 18:00:00,11,16,65.85,Lower Manhattan
2023-02-12 19:00:00,0,0,0.0,Lower Manhattan
2023-02-12 20:00:00,0,0,0.0,Lower Manhattan
2023-02-13 06:00:00,0,0,0.0,Lower Manhattan
2023-02-13 07:00:00,40,65,195.6,Lower Manhattan
2023-02-13 08:00:00,30,46,136.85,Lower Manhattan
2023-02-13 09:00:00,27,40,115.95,Lower Manhattan
2023-02-13 10:00:00,25,39,124.28,Lower Manhattan
2023-02-13 11:00:00,19,27,74.9,Lower Manhattan
2023-02-13 12:00:00,11,18,68.05,Lower Manhattan
2023-02-13 13:00:00,11,16,49.65,Lower Manhattan
2023-02-13 14:00:00,10,17,58.9,Lower Manhattan
2023-02-13 15:00:00,10,17,52.0,Lower Manhattan
2023-02-13 16:00:00,11,15,56.7,Lower Manhattan
2023-02-13 17:00:00,8,13,42.25,Lower Manhattan
2023-02-13 18:00:00,10,16,43.300000000000004,Lower Manhattan
2023-02-13 19:00:00,0,0,0.0,Lower Manhattan
2023-02-13 20:00:00,0,0,0.0,Lower Manhattan
2023-02-14 06:00:00,0,0,0.0,Lower Manhattan
2023-02-14 07:00:00,19,27,96.63,Lower Manhattan
2023-02-14 08:00:00,29,38,131.35,Lower Manhattan
2023-02-14 09:00:00,38,51,179.05,Lower Manhattan
2023-02-14 10:00:00,42,53,147.8,Lower Manhattan
2023-02-14 11:00:00,6,9,18.7,Lower Manhattan
2023-02-14 12:00:00,8,10,27.85,Lower Manhattan
2023-02-14 13:00:00,9,11,33.35,Lower Manhattan
2023-02-14 14:00:00,6,10,35.3,Lower Manhattan
2023-02-14 15:00:00,5,7,22.25,Lower Manhattan
2023-02-14 16:00:00,8,11,39.55,Lower Manhattan
2023-02-14 17:00:00,7,8,25.35,Lower Manhattan
2023-02-14 18:00:00,2,2,6.05,Lower Manhattan
2023-02-14 19:00:00,0,0,0.0,Lower Manhattan
2023-02-14 20:00:00,0,0,0.0,Lower Manhattan
2023-02-15 06:00:00,27,37,136.3,Lower Manhattan
2023-02-15 07:00:00,19,30,95.3,Lower Manhattan
2023-02-15 08:00:00,24,32,92.2,Lower Manhattan
2023-02-15 09:00:00,19,34,114.85000000000001,Lower Manhattan
2023-02-15 10:00:00,22,32,90.95,Lower Manhattan
2023-02-15 11:00:00,11,13,37.05,Lower Manhattan
2023-02-15 12:00:00,5,7,20.85,Lower Manhattan
2023-02-15 13:00:00,8,10,37.6,Lower Manhattan
2023-02-15 14:00:00,9,11,31.2,Lower Manhattan
2023-02-15 15:00:00,15,17,76.85,Lower Manhattan
2023-02-15 16:00:00,11,13,40.15,Lower Manhattan
2023-02-15 17:00:00,3,4,12.2,Lower Manhattan
2023-02-15 18:00:00,8,9,37.35,Lower Manhattan
2023-02-15 19:00:00,0,0,0.0,Lower Manhattan
2023-02-15 20:00:00,0,0,0.0,Lower Manhattan
2023-02-16 06:00:00,19,24,87.0,Lower Manhattan
2023-02-16 07:00:00,20,29,90.8,Lower Manhattan
2023-02-16 08:00:00,31,46,148.55,Lower Manhattan
2023-02-16 09:00:00,28,36,106.45,Lower Manhattan
2023-02-16 10:00:00,18,22,116.9,Lower Manhattan
2023-02-16 11:00:00,12,14,46.95,Lower Manhattan
2023-02-16 12:00:00,17,20,72.65,Lower Manhattan
2023-02-16 13:00:00,10,14,42.05,Lower Manhattan
2023-02-16 14:00:00,13,17,61.25,Lower Manhattan
2023-02-16 15:00:00,15,19,68.5,Lower Manhattan
2023-02-16 16:00:00,8,10,34.0,Lower Manhattan
2023-02-16 17:00:00,4,5,15.25,Lower Manhattan
2023-02-16 18:00:00,6,10,33.45,Lower Manhattan
2023-02-16 19:00:00,0,0,0.0,Lower Manhattan
2023-02-16 20:00:00,0,0,0.0,Lower Manhattan
2023-02-17 06:00:00,26,38,121.05,Lower Manhattan
2023-02-17 07:00:00,15,22,66.35,Lower Manhattan
2023-02-17 08:00:00,21,29,80.05,Lower Manhattan
2023-02-17 09:00:00,21,27,86.8,Lower Manhattan
2023-02-17 10:00:00,18,26,88.3,Lower Manhattan
2023-02-17 11:00:00,9,12,36.65,Lower Manhattan
2023-02-17 12:00:00,16,19,63.65,Lower Manhattan
2023-02-17 13:00:00,5,7,18.45,Lower Manhattan
2023-02-17 14:00:00,6,6,16.75,Lower Manhattan
2023-02-17 15:00:00,9,13,31.15,Lower Manhattan
2023-02-17 16:00:00,10,13,36.55,Lower Manhattan
2023-02-17 17:00:00,10,12,31.3,Lower Manhattan
2023-02-17 18:00:00,3,5,18.5,Lower Manhattan
2023-02-17 19:00:00,0,0,0.0,Lower Manhattan
2023-02-17 20:00:00,0,0,0.0,Lower Manhattan
2023-02-18 06:00:00,16,22,85.1,Lower Manhattan
2023-02-18 07:00:00,28,38,116.2,Lower Manhattan
2023-02-18 08:00:00,16,20,74.8,Lower Manhattan
2023-02-18 09:00:00,19,29,79.1,Lower Manhattan
2023-02-18 10:00:00,15,19,51.7,Lower Manhattan
2023-02-18 11:00:00,9,12,36.0,Lower Manhattan
2023-02-18 12:00:00,14,17,47.05,Lower Manhattan
2023-02-18 13:00:00,16,20,72.55,Lower Manhattan
2023-02-18 14:00:00,7,8,19.65,Lower Manhattan
2023-02-18 15:00:00,16,19,79.35,Lower Manhattan
2023-02-18 16:00:00,16,19,54.25,Lower Manhattan
2023-02-18 17:00:00,5,7,22.7,Lower Manhattan
2023-02-18 18:00:00,3,3,8.0,Lower Manhattan
2023-02-18 19:00:00,0,0,0.0,Lower Manhattan
2023-02-18 20:00:00,0,0,0.0,Lower Manhattan
2023-02-19 06:00:00,26,36,109.0,Lower Manhattan
2023-02-19 07:00:00,29,41,163.15,Lower Manhattan
2023-02-19 08:00:00,17,23,66.45,Lower Manhattan
2023-02-19 09:00:00,17,24,68.9,Lower Manhattan
2023-02-19 10:00:00,23,36,97.1,Lower Manhattan
2023-02-19 11:00:00,12,15,80.45,Lower Manhattan
2023-02-19 12:00:00,17,24,72.95,Lower Manhattan
2023-02-19 13:00:00,9,12,47.75,Lower Manhattan
2023-02-19 14:00:00,5,7,21.75,Lower Manhattan
2023-02-19 15:00:00,17,20,56.15,Lower Manhattan
2023-02-19 16:00:00,13,18,54.9,Lower Manhattan
2023-02-19 17:00:00,11,15,42.65,Lower Manhattan
2023-02-19 18:00:00,4,4,9.8,Lower Manhattan
2023-02-19 19:00:00,0,0,0.0,Lower Manhattan
2023-02-19 20:00:00,0,0,0.0,Lower Manhattan
2023-02-20 06:00:00,0,0,0.0,Lower Manhattan
2023-02-20 07:00:00,44,70,199.5,Lower Manhattan
2023-02-20 08:00:00,19,40,115.05,Lower Manhattan
2023-02-20 09:00:00,32,52,161.2,Lower Manhattan
2023-02-20 10:00:00,37,51,189.85,Lower Manhattan
2023-02-20 11:00:00,6,10,31.25,Lower Manhattan
2023-02-20 12:00:00,6,11,41.75,Lower Manhattan
2023-02-20 13:00:00,10,14,38.95,Lower Manhattan
2023-02-20 14:00:00,18,35,109.5,Lower Manhattan
2023-02-20 15:00:00,7,15,42.8,Lower Manhattan
2023-02-20 16:00:00,13,19,56.0,Lower Manhattan
2023-02-20 17:00:00,7,13,46.1,Lower Manhattan
2023-02-20 18:00:00,5,6,24.8,Lower Manhattan
2023-02-20 19:00:00,0,0,0.0,Lower Manhattan
2023-02-20 20:00:00,0,0,0.0,Lower Manhattan
2023-02-21 06:00:00,0,0,0.0,Lower Manhattan
2023-02-21 07:00:00,22,38,128.85,Lower Manhattan
2023-02-21 08:00:00,23,40,129.4,Lower Manhattan
2023-02-21 09:00:00,25,48,147.95,Lower Manhattan
2023-02-21 10:00:00,31,49,183.45,Lower Manhattan
2023-02-21 11:00:00,7,13,36.95,Lower Manhattan
2023-02-21 12:00:00,13,18,56.5,Lower Manhattan
2023-02-21 13:00:00,11,14,88.75,Lower Manhattan
2023-02-21 14:00:00,13,18,68.55,Lower Manhattan
2023-02-21 15:00:00,6,10,30.8,Lower Manhattan
2023-02-21 16:00:00,3,6,14.85,Lower Manhattan
2023-02-21 17:00:00,3,7,23.0,Lower Manhattan
2023-02-21 18:00:00,8,15,45.35,Lower Manhattan
2023-02-21 19:00:00,0,0,0.0,Lower Manhattan
2023-02-21 20:00:00,0,0,0.0,Lower Manhattan
2023-02-22 06:00:00,20,29,83.6,Lower Manhattan
2023-02-22 07:00:00,22,41,118.4,Lower Manhattan
2023-02-22 08:00:00,29,50,215.4,Lower Manhattan
2023-02-22 09:00:00,19,31,84.1,Lower Manhattan
2023-02-22 10:00:00,22,40,158.95,Lower Manhattan
2023-02-22 11:00:00,9,17,47.5,Lower Manhattan
2023-02-22 12:00:00,15,27,86.05,Lower Manhattan
2023-02-22 13:00:00,10,17,54.6,Lower Manhattan
2023-02-22 14:00:00,5,9,23.5,Lower Manhattan
2023-02-22 15:00:00,9,17,49.7,Lower Manhattan
2023-02-22 16:00:00,11,19,66.4,Lower Manhattan
2023-02-22 17:00:00,13,21,58.25,Lower Manhattan
2023-02-22 18:00:00,3,5,14.05,Lower Manhattan
2023-02-22 19:00:00,0,0,0.0,Lower Manhattan
2023-02-22 20:00:00,0,0,0.0,Lower Manhattan
2023-02-23 06:00:00,32,58,189.6,Lower Manhattan
2023-02-23 07:00:00,18,36,102.7,Lower Manhattan
2023-02-23 08:00:00,19,33,97.5,Lower Manhattan
2023-02-23 09:00:00,27,41,128.28,Lower Manhattan
2023-02-23 10:00:00,19,33,98.8,Lower Manhattan
2023-02-23 11:00:00,10,17,45.25,Lower Manhattan
2023-02-23 12:00:00,2,5,15.0,Lower Manhattan
2023-02-23 13:00:00,6,11,31.2,Lower Manhattan
2023-02-23 14:00:00,13,21,78.5,Lower Manhattan
2023-02-23 15:00:00,8,16,53.85,Lower Manhattan
2023-02-23 16:00:00,11,19,56.5,Lower Manhattan
2023-02-23 17:00:00,12,20,52.55,Lower Manhattan
2023-02-23 18:00:00,1,1,3.0,Lower Manhattan
2023-02-23 19:00:00,0,0,0.0,Lower Manhattan
2023-02-23 20:00:00,0,0,0.0,Lower Manhattan
2023-02-24 06:00:00,27,46,150.5,Lower Manhattan
2023-02-24 07:00:00,28,57,176.9,Lower Manhattan
2023-02-24 08:00:00,25,37,104.0,Lower Manhattan
2023-02-24 09:00:00,26,39,120.55,Lower Manhattan
2023-02-24 10:00:00,25,46,127.5,Lower Manhattan
2023-02-24 11:00:00,13,18,84.35,Lower Manhattan
2023-02-24 12:00:00,7,12,35.3,Lower Manhattan
2023-02-24 13:00:00,10,21,62.7,Lower Manhattan
2023-02-24 14:00:00,24,39,107.8,Lower Manhattan
2023-02-24 15:00:00,10,22,63.6,Lower Manhattan
2023-02-24 16:00:00,10,19,58.25,Lower Manhattan
2023-02-24 17:00:00,7,14,39.25,Lower Manhattan
2023-02-24 18:00:00,2,3,8.0,Lower Manhattan
2023-02-24 19:00:00,0,0,0.0,Lower Manhattan
2023-02-24 20:00:00,0,0,0.0,Lower Manhattan
2023-02-25 06:00:00,29,49,153.55,Lower Manhattan
2023-02-25 07:00:00,35,62,212.6,Lower Manhattan
2023-02-25 08:00:00,19,37,107.95,Lower Manhattan
2023-02-25 09:00:00,28,40,126.55,Lower Manhattan
2023-02-25 10:00:00,24,46,163.85,Lower Manhattan
2023-02-25 11:00:00,10,19,53.2,Lower Manhattan
2023-02-25 12:00:00,10,18,58.95,Lower Manhattan
2023-02-25 13:00:00,18,27,81.7,Lower Manhattan
2023-02-25 14:00:00,3,8,22.15,Lower Manhattan
2023-02-25 15:00:00,5,9,25.9,Lower Manhattan
2023-02-25 16:00:00,14,27,73.45,Lower Manhattan
2023-02-25 17:00:00,7,12,40.3,Lower Manhattan
2023-02-25 18:00:00,7,13,36.5,Lower Manhattan
2023-02-25 19:00:00,0,0,0.0,Lower Manhattan
2023-02-25 20:00:00,0,0,0.0,Lower Manhattan
2023-02-26 06:00:00,16,28,100.4,Lower Manhattan
2023-02-26 07:00:00,18,32,96.45,Lower Manhattan
2023-02-26 08:00:00,28,54,159.65,Lower Manhattan
2023-02-26 09:00:00,26,42,121.45,Lower Manhattan
2023-02-26 10:00:00,19,35,93.55,Lower Manhattan
2023-02-26 11:00:00,12,19,86.8,Lower Manhattan
2023-02-26 12:00:00,7,12,32.1,Lower Manhattan
2023-02-26 13:00:00,12,24,81.45,Lower Manhattan
2023-02-26 14:00:00,9,14,52.85,Lower Manhattan
2023-02-26 15:00:00,11,19,77.2,Lower Manhattan
2023-02-26 16:00:00,6,11,46.75,Lower Manhattan
2023-02-26 17:00:00,3,3,33.55,Lower Manhattan
2023-02-26 18:00:00,3,6,15.2,Lower Manhattan
2023-02-26 19:00:00,0,0,0.0,Lower Manhattan
2023-02-26 20:00:00,0,0,0.0,Lower Manhattan
2023-02-27 06:00:00,0,0,0.0,Lower Manhattan
2023-02-27 07:00:00,37,55,224.3,Lower Manhattan
2023-02-27 08:00:00,43,71,207.5,Lower Manhattan
2023-02-27 09:00:00,42,71,225.75,Lower Manhattan
2023-02-27 10:00:00,35,51,175.8,Lower Manhattan
2023-02-27 11:00:00,16,28,101.2,Lower Manhattan
2023-02-27 12:00:00,12,19,106.0,Lower Manhattan
2023-02-27 13:00:00,6,7,21.25,Lower Manhattan
2023-02-27 14:00:00,19,34,95.1,Lower Manhattan
2023-02-27 15:00:00,21,37,137.7,Lower Manhattan
2023-02-27 16:00:00,16,33,98.95,Lower Manhattan
2023-02-27 17:00:00,17,22,58.2,Lower Manhattan
2023-02-27 18:00:00,4,6,17.5,Lower Manhattan
2023-02-27 19:00:00,0,0,0.0,Lower Manhattan
2023-02-27 20:00:00,0,0,0.0,Lower Manhattan
2023-02-28 06:00:00,0,0,0.0,Lower Manhattan
2023-02-28 07:00:00,15,24,72.25,Lower Manhattan
2023-02-28 08:00:00,16,26,79.2,Lower Manhattan
2023-02-28 09:00:00,16,21,69.7,Lower Manhattan
2023-02-28 10:00:00,13,17,50.55,Lower Manhattan
2023-02-28 11:00:00,10,17,55.75,Lower Manhattan
2023-02-28 12:00:00,13,18,52.0,Lower Manhattan
2023-02-28 13:00:00,12,20,61.15,Lower Manhattan
2023-02-28 14:00:00,18,26,80.25,Lower Manhattan
2023-02-28 15:00:00,15,21,65.45,Lower Manhattan
2023-02-28 16:00:00,15,23,73.2,Lower Manhattan
2023-02-28 17:00:00,10,16,49.75,Lower Manhattan
2023-02-28 18:00:00,2,3,9.75,Lower Manhattan
2023-02-28 19:00:00,0,0,0.0,Lower Manhattan
2023-02-28 20:00:00,0,0,0.0,Lower Manhattan
2023-03-01 06:00:00,0,0,0.0,Lower Manhattan
2023-03-01 07:00:00,26,41,126.75,Lower Manhattan
2023-03-01 08:00:00,19,25,84.65,Lower Manhattan
2023-03-01 09:00:00,23,35,114.9,Lower Manhattan
2023-03-01 10:00:00,18,22,71.9,Lower Manhattan
2023-03-01 11:00:00,16,21,62.7,Lower Manhattan
2023-03-01 12:00:00,9,14,40.85,Lower Manhattan
2023-03-01 13:00:00,22,30,93.8,Lower Manhattan
2023-03-01 14:00:00,21,28,89.85,Lower Manhattan
2023-03-01 15:00:00,26,41,133.75,Lower Manhattan
2023-03-01 16:00:00,15,19,57.45,Lower Manhattan
2023-03-01 17:00:00,19,26,77.2,Lower Manhattan
2023-03-01 18:00:00,4,8,24.9,Lower Manhattan
2023-03-01 19:00:00,0,0,0.0,Lower Manhattan
2023-03-01 20:00:00,0,0,0.0,Lower Manhattan
2023-03-02 06:00:00,0,0,0.0,Lower Manhattan
2023-03-02 07:00:00,12,16,51.55,Lower Manhattan
2023-03-02 08:00:00,19,28,86.7,Lower Manhattan
2023-03-02 09:00:00,12,15,43.25,Lower Manhattan
2023-03-02 10:00:00,13,16,49.5,Lower Manhattan
2023-03-02 11:00:00,14,20,66.85,Lower Manhattan
2023-03-02 12:00:00,19,27,84.95,Lower Manhattan
2023-03-02 13:00:00,16,22,64.85,Lower Manhattan
2023-03-02 14:00:00,23,33,109.4,Lower Manhattan
2023-03-02 15:00:00,18,29,91.45,Lower Manhattan
2023-03-02 16:00:00,29,39,118.4,Lower Manhattan
2023-03-02 17:00:00,15,20,65.0,Lower Manhattan
2023-03-02 18:00:00,12,15,55.0,Lower Manhattan
2023-03-02 19:00:00,0,0,0.0,Lower Manhattan
2023-03-02 20:00:00,0,0,0.0,Lower Manhattan
2023-03-03 06:00:00,0,0,0.0,Lower Manhattan
2023-03-03 07:00:00,24,33,103.8,Lower Manhattan
2023-03-03 08:00:00,16,25,76.1,Lower Manhattan
2023-03-03 09:00:00,26,36,99.8,Lower Manhattan
2023-03-03 10:00:00,12,18,59.4,Lower Manhattan
2023-03-03 11:00:00,25,35,107.65,Lower Manhattan
2023-03-03 12:00:00,17,25,78.95,Lower Manhattan
2023-03-03 13:00:00,17,23,73.75,Lower Manhattan
2023-03-03 14:00:00,20,31,99.0,Lower Manhattan
2023-03-03 15:00:00,17,27,81.3,Lower Manhattan
2023-03-03 16:00:00,17,21,64.75,Lower Manhattan
2023-03-03 17:00:00,19,29,88.45,Lower Manhattan
2023-03-03 18:00:00,7,8,24.3,Lower Manhattan
2023-03-03 19:00:00,0,0,0.0,Lower Manhattan
2023-03-03 20:00:00,0,0,0.0,Lower Manhattan
2023-03-04 06:00:00,0,0,0.0,Lower Manhattan
2023-03-04 07:00:00,14,21,64.5,Lower Manhattan
2023-03-04 08:00:00,17,23,78.5,Lower Manhattan
2023-03-04 09:00:00,15,19,60.45,Lower Manhattan
2023-03-04 10:00:00,16,24,76.3,Lower Manhattan
2023-03-04 11:00:00,14,18,59.15,Lower Manhattan
2023-03-04 12:00:00,18,29,85.25,Lower Manhattan
2023-03-04 13:00:00,9,11,35.45,Lower Manhattan
2023-03-04 14:00:00,23,36,116.35,Lower Manhattan
2023-03-04 15:00:00,30,44,137.3,Lower Manhattan
2023-03-04 16:00:00,20,29,82.35,Lower Manhattan
2023-03-04 17:00:00,12,16,53.15,Lower Manhattan
2023-03-04 18:00:00,13,18,56.0,Lower Manhattan
2023-03-04 19:00:00,0,0,0.0,Lower Manhattan
2023-03-04 20:00:00,0,0,0.0,Lower Manhattan
2023-03-05 06:00:00,0,0,0.0,Lower Manhattan
2023-03-05 07:00:00,22,31,94.35,Lower Manhattan
2023-03-05 08:00:00,26,35,106.15,Lower Manhattan
2023-03-05 09:00:00,22,28,89.5,Lower Manhattan
2023-03-05 10:00:00,13,18,60.95,Lower Manhattan
2023-03-05 11:00:00,20,28,88.0,Lower Manhattan
2023-03-05 12:00:00,17,26,86.1,Lower Manhattan
2023-03-05 13:00:00,16,20,65.2,Lower Manhattan
2023-03-05 14:00:00,22,30,90.75,Lower Manhattan
2023-03-05 15:00:00,22,31,98.75,Lower Manhattan
2023-03-05 16:00:00,9,13,41.25,Lower Manhattan
2023-03-05 17:00:00,20,31,101.4,Lower Manhattan
2023-03-05 18:00:00,6,7,21.75,Lower Manhattan
2023-03-05 19:00:00,0,0,0.0,Lower Manhattan
2023-03-05 20:00:00,0,0,0.0,Lower Manhattan
2023-03-06 06:00:00,0,0,0.0,Lower Manhattan
2023-03-06 07:00:00,13,19,56.2,Lower Manhattan
2023-03-06 08:00:00,19,27,83.45,Lower Manhattan
2023-03-06 09:00:00,15,19,58.45,Lower Manhattan
2023-03-06 10:00:00,26,39,123.5,Lower Manhattan
2023-03-06 11:00:00,14,18,61.75,Lower Manhattan
2023-03-06 12:00:00,15,23,66.0,Lower Manhattan
2023-03-06 13:00:00,23,34,112.0,Lower Manhattan
2023-03-06 14:00:00,13,20,67.45,Lower Manhattan
2023-03-06 15:00:00,24,31,103.55,Lower Manhattan
2023-03-06 16:00:00,18,22,68.2,Lower Manhattan
2023-03-06 17:00:00,27,38,118.2,Lower Manhattan
2023-03-06 18:00:00,6,9,31.6,Lower Manhattan
2023-03-06 19:00:00,0,0,0.0,Lower Manhattan
2023-03-06 20:00:00,0,0,0.0,Lower Manhattan
2023-03-07 06:00:00,5,7,27.5,Lower Manhattan
2023-03-07 07:00:00,32,38,177.4,Lower Manhattan
2023-03-07 08:00:00,40,60,173.5,Lower Manhattan
2023-03-07 09:00:00,24,34,143.0,Lower Manhattan
2023-03-07 10:00:00,39,57,164.7,Lower Manhattan
2023-03-07 11:00:00,8,10,31.95,Lower Manhattan
2023-03-07 12:00:00,6,10,28.1,Lower Manhattan
2023-03-07 13:00:00,0,0,0.0,Lower Manhattan
2023-03-07 14:00:00,0,0,0.0,Lower Manhattan
2023-03-07 15:00:00,0,0,0.0,Lower Manhattan
2023-03-07 16:00:00,0,0,0.0,Lower Manhattan
2023-03-07 17:00:00,0,0,0.0,Lower Manhattan
2023-03-07 18:00:00,0,0,0.0,Lower Manhattan
2023-03-07 19:00:00,0,0,0.0,Lower Manhattan
2023-03-07 20:00:00,0,0,0.0,Lower Manhattan
2023-03-08 06:00:00,0,0,0.0,Lower Manhattan
2023-03-08 07:00:00,21,33,96.85,Lower Manhattan
2023-03-08 08:00:00,35,49,164.8,Lower Manhattan
2023-03-08 09:00:00,36,48,177.4,Lower Manhattan
2023-03-08 10:00:00,44,68,231.75,Lower Manhattan
2023-03-08 11:00:00,13,22,57.0,Lower Manhattan
2023-03-08 12:00:00,12,16,49.65,Lower Manhattan
2023-03-08 13:00:00,13,18,57.7,Lower Manhattan
2023-03-08 14:00:00,7,10,29.75,Lower Manhattan
2023-03-08 15:00:00,9,14,38.9,Lower Manhattan
2023-03-08 16:00:00,10,15,45.35,Lower Manhattan
2023-03-08 17:00:00,8,9,27.45,Lower Manhattan
2023-03-08 18:00:00,15,21,63.9,Lower Manhattan
2023-03-08 19:00:00,10,18,62.75,Lower Manhattan
2023-03-08 20:00:00,6,9,26.85,Lower Manhattan
2023-03-09 06:00:00,0,0,0.0,Lower Manhattan
2023-03-09 07:00:00,23,37,127.59,Lower Manhattan
2023-03-09 08:00:00,33,44,137.74,Lower Manhattan
2023-03-09 09:00:00,37,60,271.86,Lower Manhattan
2023-03-09 10:00:00,56,75,316.29,Lower Manhattan
2023-03-09 11:00:00,7,10,28.96,Lower Manhattan
2023-03-09 12:00:00,14,20,62.79,Lower Manhattan
2023-03-09 13:00:00,12,12,54.18,Lower Manhattan
2023-03-09 14:00:00,9,11,33.75,Lower Manhattan
2023-03-09 15:00:00,9,12,46.11,Lower Manhattan
2023-03-09 16:00:00,3,4,9.0,Lower Manhattan
2023-03-09 17:00:00,9,14,46.34,Lower Manhattan
2023-03-09 18:00:00,9,13,57.81,Lower Manhattan
2023-03-09 19:00:00,11,17,69.96000000000001,Lower Manhattan
2023-03-09 20:00:00,5,6,20.06,Lower Manhattan
2023-03-10 06:00:00,26,36,116.2,Lower Manhattan
2023-03-10 07:00:00,31,46,124.9,Lower Manhattan
2023-03-10 08:00:00,30,41,161.95,Lower Manhattan
2023-03-10 09:00:00,35,51,157.25,Lower Manhattan
2023-03-10 10:00:00,33,47,180.85,Lower Manhattan
2023-03-10 11:00:00,20,27,103.45,Lower Manhattan
2023-03-10 12:00:00,9,15,34.4,Lower Manhattan
2023-03-10 13:00:00,5,6,15.0,Lower Manhattan
2023-03-10 14:00:00,13,22,65.8,Lower Manhattan
2023-03-10 15:00:00,7,9,20.15,Lower Manhattan
2023-03-10 16:00:00,14,21,70.2,Lower Manhattan
2023-03-10 17:00:00,8,10,29.45,Lower Manhattan
2023-03-10 18:00:00,5,9,28.6,Lower Manhattan
2023-03-10 19:00:00,0,0,0.0,Lower Manhattan
2023-03-10 20:00:00,0,0,0.0,Lower Manhattan
2023-03-11 06:00:00,36,52,143.55,Lower Manhattan
2023-03-11 07:00:00,32,51,155.05,Lower Manhattan
2023-03-11 08:00:00,34,50,160.65,Lower Manhattan
2023-03-11 09:00:00,26,34,98.85,Lower Manhattan
2023-03-11 10:00:00,14,20,61.75,Lower Manhattan
2023-03-11 11:00:00,8,10,44.45,Lower Manhattan
2023-03-11 12:00:00,17,25,73.45,Lower Manhattan
2023-03-11 13:00:00,12,18,99.65,Lower Manhattan
2023-03-11 14:00:00,18,30,82.05,Lower Manhattan
2023-03-11 15:00:00,12,20,60.1,Lower Manhattan
2023-03-11 16:00:00,9,11,30.0,Lower Manhattan
2023-03-11 17:00:00,10,14,39.35,Lower Manhattan
2023-03-11 18:00:00,8,9,26.7,Lower Manhattan
2023-03-11 19:00:00,0,0,0.0,Lower Manhattan
2023-03-11 20:00:00,0,0,0.0,Lower Manhattan
2023-03-12 06:00:00,35,48,131.05,Lower Manhattan
2023-03-12 07:00:00,34,51,147.4,Lower Manhattan
2023-03-12 08:00:00,19,31,98.05,Lower Manhattan
2023-03-12 09:00:00,33,45,131.15,Lower Manhattan
2023-03-12 10:00:00,38,58,202.2,Lower Manhattan
2023-03-12 11:00:00,8,12,30.6,Lower Manhattan
2023-03-12 12:00:00,9,15,39.25,Lower Manhattan
2023-03-12 13:00:00,10,14,42.25,Lower Manhattan
2023-03-12 14:00:00,10,14,43.1,Lower Manhattan
2023-03-12 15:00:00,11,18,54.4,Lower Manhattan
2023-03-12 16:00:00,16,22,76.05,Lower Manhattan
2023-03-12 17:00:00,19,25,69.9,Lower Manhattan
2023-03-12 18:00:00,15,22,80.75,Lower Manhattan
2023-03-12 19:00:00,0,0,0.0,Lower Manhattan
2023-03-12 20:00:00,0,0,0.0,Lower Manhattan
2023-03-13 06:00:00,0,0,0.0,Lower Manhattan
2023-03-13 07:00:00,44,71,206.95,Lower Manhattan
2023-03-13 08:00:00,38,60,176.45,Lower Manhattan
2023-03-13 09:00:00,25,34,118.4,Lower Manhattan
2023-03-13 10:00:00,32,54,151.35,Lower Manhattan
2023-03-13 11:00:00,24,38,118.45,Lower Manhattan
2023-03-13 12:00:00,23,36,131.65,Lower Manhattan
2023-03-13 13:00:00,10,14,43.85,Lower Manhattan
2023-03-13 14:00:00,14,24,123.45,Lower Manhattan
2023-03-13 15:00:00,24,32,129.5,Lower Manhattan
2023-03-13 16:00:00,11,15,60.15,Lower Manhattan
2023-03-13 17:00:00,7,11,32.8,Lower Manhattan
2023-03-13 18:00:00,10,16,47.65,Lower Manhattan
2023-03-13 19:00:00,0,0,0.0,Lower Manhattan
2023-03-13 20:00:00,0,0,0.0,Lower Manhattan
2023-03-14 06:00:00,0,0,0.0,Lower Manhattan
2023-03-14 07:00:00,32,46,156.63,Lower Manhattan
2023-03-14 08:00:00,35,46,156.05,Lower Manhattan
2023-03-14 09:00:00,41,53,176.0,Lower Manhattan
2023-03-14 10:00:00,45,57,185.95,Lower Manhattan
2023-03-14 11:00:00,6,7,21.1,Lower Manhattan
2023-03-14 12:00:00,13,16,47.45,Lower Manhattan
2023-03-14 13:00:00,12,12,95.3,Lower Manhattan
2023-03-14 14:00:00,10,14,44.4,Lower Manhattan
2023-03-14 15:00:00,5,7,19.7,Lower Manhattan
2023-03-14 16:00:00,2,2,5.5,Lower Manhattan
2023-03-14 17:00:00,15,17,51.15,Lower Manhattan
2023-03-14 18:00:00,3,4,7.050000000000001,Lower Manhattan
2023-03-14 19:00:00,0,0,0.0,Lower Manhattan
2023-03-14 20:00:00,0,0,0.0,Lower Manhattan
2023-03-15 06:00:00,29,40,140.1,Lower Manhattan
2023-03-15 07:00:00,22,35,115.8,Lower Manhattan
2023-03-15 08:00:00,20,27,76.9,Lower Manhattan
2023-03-15 09:00:00,21,29,92.95,Lower Manhattan
2023-03-15 10:00:00,35,45,137.7,Lower Manhattan
2023-03-15 11:00:00,10,13,42.25,Lower Manhattan
2023-03-15 12:00:00,13,20,59.45,Lower Manhattan
2023-03-15 13:00:00,14,17,59.15,Lower Manhattan
2023-03-15 14:00:00,7,12,36.75,Lower Manhattan
2023-03-15 15:00:00,16,20,65.65,Lower Manhattan
2023-03-15 16:00:00,8,9,23.35,Lower Manhattan
2023-03-15 17:00:00,7,8,21.15,Lower Manhattan
2023-03-15 18:00:00,7,10,44.1,Lower Manhattan
2023-03-15 19:00:00,0,0,0.0,Lower Manhattan
2023-03-15 20:00:00,0,0,0.0,Lower Manhattan
2023-03-16 06:00:00,25,38,122.89999999999999,Lower Manhattan
2023-03-16 07:00:00,30,41,147.65,Lower Manhattan
2023-03-16 08:00:00,29,41,152.3,Lower Manhattan
2023-03-16 09:00:00,24,33,102.25,Lower Manhattan
2023-03-16 10:00:00,28,42,126.55,Lower Manhattan
2023-03-16 11:00:00,9,12,29.85,Lower Manhattan
2023-03-16 12:00:00,22,28,80.7,Lower Manhattan
2023-03-16 13:00:00,9,12,37.25,Lower Manhattan
2023-03-16 14:00:00,7,9,27.8,Lower Manhattan
2023-03-16 15:00:00,18,24,73.9,Lower Manhattan
2023-03-16 16:00:00,24,28,123.8,Lower Manhattan
2023-03-16 17:00:00,10,12,43.65,Lower Manhattan
2023-03-16 18:00:00,5,8,25.95,Lower Manhattan
2023-03-16 19:00:00,0,0,0.0,Lower Manhattan
2023-03-16 20:00:00,0,0,0.0,Lower Manhattan
2023-03-17 06:00:00,34,51,179.9,Lower Manhattan
2023-03-17 07:00:00,28,37,117.3,Lower Manhattan
2023-03-17 08:00:00,27,39,106.95,Lower Manhattan
2023-03-17 09:00:00,19,25,76.5,Lower Manhattan
2023-03-17 10:00:00,27,37,119.4,Lower Manhattan
2023-03-17 11:00:00,8,10,30.75,Lower Manhattan
2023-03-17 12:00:00,12,15,74.85,Lower Manhattan
2023-03-17 13:00:00,12,14,40.45,Lower Manhattan
2023-03-17 14:00:00,7,8,24.5,Lower Manhattan
2023-03-17 15:00:00,9,12,31.8,Lower Manhattan
2023-03-17 16:00:00,18,24,76.6,Lower Manhattan
2023-03-17 17:00:00,13,16,43.95,Lower Manhattan
2023-03-17 18:00:00,7,10,29.9,Lower Manhattan
2023-03-17 19:00:00,0,0,0.0,Lower Manhattan
2023-03-17 20:00:00,0,0,0.0,Lower Manhattan
2023-03-18 06:00:00,32,44,154.55,Lower Manhattan
2023-03-18 07:00:00,34,48,149.48,Lower Manhattan
2023-03-18 08:00:00,20,28,79.05,Lower Manhattan
2023-03-18 09:00:00,16,25,117.3,Lower Manhattan
2023-03-18 10:00:00,30,39,110.15,Lower Manhattan
2023-03-18 11:00:00,15,22,71.2,Lower Manhattan
2023-03-18 12:00:00,10,15,45.9,Lower Manhattan
2023-03-18 13:00:00,16,19,77.85,Lower Manhattan
2023-03-18 14:00:00,19,23,87.6,Lower Manhattan
2023-03-18 15:00:00,18,22,66.3,Lower Manhattan
2023-03-18 16:00:00,18,22,67.15,Lower Manhattan
2023-03-18 17:00:00,1,1,3.0,Lower Manhattan
2023-03-18 18:00:00,2,3,8.0,Lower Manhattan
2023-03-18 19:00:00,0,0,0.0,Lower Manhattan
2023-03-18 20:00:00,0,0,0.0,Lower Manhattan
2023-03-19 06:00:00,22,32,94.7,Lower Manhattan
2023-03-19 07:00:00,24,32,117.7,Lower Manhattan
2023-03-19 08:00:00,18,24,70.35,Lower Manhattan
2023-03-19 09:00:00,12,18,51.35,Lower Manhattan
2023-03-19 10:00:00,25,34,92.8,Lower Manhattan
2023-03-19 11:00:00,14,19,53.8,Lower Manhattan
2023-03-19 12:00:00,20,23,72.55,Lower Manhattan
2023-03-19 13:00:00,3,6,23.5,Lower Manhattan
2023-03-19 14:00:00,11,14,36.45,Lower Manhattan
2023-03-19 15:00:00,18,20,68.1,Lower Manhattan
2023-03-19 16:00:00,10,15,35.45,Lower Manhattan
2023-03-19 17:00:00,9,12,30.0,Lower Manhattan
2023-03-19 18:00:00,4,7,19.6,Lower Manhattan
2023-03-19 19:00:00,0,0,0.0,Lower Manhattan
2023-03-19 20:00:00,0,0,0.0,Lower Manhattan
2023-03-20 06:00:00,0,0,0.0,Lower Manhattan
2023-03-20 07:00:00,43,71,210.4,Lower Manhattan
2023-03-20 08:00:00,37,67,184.25,Lower Manhattan
2023-03-20 09:00:00,32,50,155.0,Lower Manhattan
2023-03-20 10:00:00,26,40,118.45,Lower Manhattan
2023-03-20 11:00:00,7,9,28.75,Lower Manhattan
2023-03-20 12:00:00,5,6,18.7,Lower Manhattan
2023-03-20 13:00:00,9,13,45.1,Lower Manhattan
2023-03-20 14:00:00,7,12,37.35,Lower Manhattan
2023-03-20 15:00:00,10,22,55.95,Lower Manhattan
2023-03-20 16:00:00,17,33,100.05,Lower Manhattan
2023-03-20 17:00:00,13,24,66.6,Lower Manhattan
2023-03-20 18:00:00,3,5,14.5,Lower Manhattan
2023-03-20 19:00:00,0,0,0.0,Lower Manhattan
2023-03-20 20:00:00,0,0,0.0,Lower Manhattan
2023-03-21 06:00:00,0,0,0.0,Lower Manhattan
2023-03-21 07:00:00,32,66,222.65,Lower Manhattan
2023-03-21 08:00:00,23,37,117.2,Lower Manhattan
2023-03-21 09:00:00,32,53,177.35,Lower Manhattan
2023-03-21 10:00:00,28,48,158.15,Lower Manhattan
2023-03-21 11:00:00,8,12,30.6,Lower Manhattan
2023-03-21 12:00:00,13,16,49.5,Lower Manhattan
2023-03-21 13:00:00,12,20,89.85,Lower Manhattan
2023-03-21 14:00:00,9,11,52.8,Lower Manhattan
2023-03-21 15:00:00,8,14,40.9,Lower Manhattan
2023-03-21 16:00:00,11,20,61.6,Lower Manhattan
2023-03-21 17:00:00,2,5,12.5,Lower Manhattan
2023-03-21 18:00:00,8,17,44.15,Lower Manhattan
2023-03-21 19:00:00,0,0,0.0,Lower Manhattan
2023-03-21 20:00:00,0,0,0.0,Lower Manhattan
2023-03-22 06:00:00,35,57,173.7,Lower Manhattan
2023-03-22 07:00:00,27,46,154.43,Lower Manhattan
2023-03-22 08:00:00,31,53,268.2,Lower Manhattan
2023-03-22 09:00:00,24,42,118.55,Lower Manhattan
2023-03-22 10:00:00,16,32,110.85,Lower Manhattan
2023-03-22 11:00:00,12,20,51.55,Lower Manhattan
2023-03-22 12:00:00,15,26,74.5,Lower Manhattan
2023-03-22 13:00:00,10,14,44.85,Lower Manhattan
2023-03-22 14:00:00,7,16,58.08,Lower Manhattan
2023-03-22 15:00:00,9,18,48.15,Lower Manhattan
2023-03-22 16:00:00,10,19,59.65,Lower Manhattan
2023-03-22 17:00:00,11,23,61.95,Lower Manhattan
2023-03-22 18:00:00,3,4,11.2,Lower Manhattan
2023-03-22 19:00:00,0,0,0.0,Lower Manhattan
2023-03-22 20:00:00,0,0,0.0,Lower Manhattan
2023-03-23 06:00:00,28,48,148.15,Lower Manhattan
2023-03-23 07:00:00,25,49,136.4,Lower Manhattan
2023-03-23 08:00:00,22,34,99.3,Lower Manhattan
2023-03-23 09:00:00,21,36,131.7,Lower Manhattan
2023-03-23 10:00:00,39,65,197.7,Lower Manhattan
2023-03-23 11:00:00,12,25,68.3,Lower Manhattan
2023-03-23 12:00:00,10,21,64.3,Lower Manhattan
2023-03-23 13:00:00,12,20,54.85,Lower Manhattan
2023-03-23 14:00:00,11,16,44.6,Lower Manhattan
2023-03-23 15:00:00,9,13,35.35,Lower Manhattan
2023-03-23 16:00:00,9,18,57.05,Lower Manhattan
2023-03-23 17:00:00,18,29,80.55,Lower Manhattan
2023-03-23 18:00:00,7,13,40.0,Lower Manhattan
2023-03-23 19:00:00,0,0,0.0,Lower Manhattan
2023-03-23 20:00:00,0,0,0.0,Lower Manhattan
2023-03-24 06:00:00,28,49,149.35,Lower Manhattan
2023-03-24 07:00:00,34,58,181.4,Lower Manhattan
2023-03-24 08:00:00,32,50,161.3,Lower Manhattan
2023-03-24 09:00:00,30,49,170.05,Lower Manhattan
2023-03-24 10:00:00,38,76,242.1,Lower Manhattan
2023-03-24 11:00:00,14,24,90.5,Lower Manhattan
2023-03-24 12:00:00,8,16,44.0,Lower Manhattan
2023-03-24 13:00:00,17,33,93.15,Lower Manhattan
2023-03-24 14:00:00,19,34,113.8,Lower Manhattan
2023-03-24 15:00:00,15,31,89.7,Lower Manhattan
2023-03-24 16:00:00,10,15,38.35,Lower Manhattan
2023-03-24 17:00:00,6,10,32.8,Lower Manhattan
2023-03-24 18:00:00,8,11,40.6,Lower Manhattan
2023-03-24 19:00:00,0,0,0.0,Lower Manhattan
2023-03-24 20:00:00,0,0,0.0,Lower Manhattan
2023-03-25 06:00:00,22,41,129.9,Lower Manhattan
2023-03-25 07:00:00,40,61,182.3,Lower Manhattan
2023-03-25 08:00:00,23,40,189.0,Lower Manhattan
2023-03-25 09:00:00,36,63,205.2,Lower Manhattan
2023-03-25 10:00:00,29,49,172.7,Lower Manhattan
2023-03-25 11:00:00,10,23,61.95,Lower Manhattan
2023-03-25 12:00:00,9,15,47.0,Lower Manhattan
2023-03-25 13:00:00,14,19,62.95,Lower Manhattan
2023-03-25 14:00:00,7,14,40.75,Lower Manhattan
2023-03-25 15:00:00,12,24,67.6,Lower Manhattan
2023-03-25 16:00:00,17,34,92.65,Lower Manhattan
2023-03-25 17:00:00,15,26,77.85000000000001,Lower Manhattan
2023-03-25 18:00:00,4,7,19.05,Lower Manhattan
2023-03-25 19:00:00,0,0,0.0,Lower Manhattan
2023-03-25 20:00:00,0,0,0.0,Lower Manhattan
2023-03-26 06:00:00,26,52,178.7,Lower Manhattan
2023-03-26 07:00:00,20,37,105.65,Lower Manhattan
2023-03-26 08:00:00,36,62,217.95,Lower Manhattan
2023-03-26 09:00:00,32,62,201.9,Lower Manhattan
2023-03-26 10:00:00,17,29,92.95,Lower Manhattan
2023-03-26 11:00:00,12,23,64.65,Lower Manhattan
2023-03-26 12:00:00,9,17,43.05,Lower Manhattan
2023-03-26 13:00:00,14,27,82.3,Lower Manhattan
2023-03-26 14:00:00,9,14,37.8,Lower Manhattan
2023-03-26 15:00:00,12,21,62.1,Lower Manhattan
2023-03-26 16:00:00,3,6,15.5,Lower Manhattan
2023-03-26 17:00:00,4,9,25.0,Lower Manhattan
2023-03-26 18:00:00,1,1,3.0,Lower Manhattan
2023-03-26 19:00:00,0,0,0.0,Lower Manhattan
2023-03-26 20:00:00,0,0,0.0,Lower Manhattan
2023-03-27 06:00:00,0,0,0.0,Lower Manhattan
2023-03-27 07:00:00,35,53,209.15,Lower Manhattan
2023-03-27 08:00:00,37,69,202.45,Lower Manhattan
2023-03-27 09:00:00,34,64,195.55,Lower Manhattan
2023-03-27 10:00:00,43,70,237.65,Lower Manhattan
2023-03-27 11:00:00,10,16,48.4,Lower Manhattan
2023-03-27 12:00:00,15,25,120.2,Lower Manhattan
2023-03-27 13:00:00,12,15,53.4,Lower Manhattan
2023-03-27 14:00:00,5,11,30.8,Lower Manhattan
2023-03-27 15:00:00,23,43,162.1,Lower Manhattan
2023-03-27 16:00:00,16,33,116.35,Lower Manhattan
2023-03-27 17:00:00,19,31,92.4,Lower Manhattan
2023-03-27 18:00:00,3,7,21.3,Lower Manhattan
2023-03-27 19:00:00,0,0,0.0,Lower Manhattan
2023-03-27 20:00:00,0,0,0.0,Lower Manhattan
2023-03-28 06:00:00,0,0,0.0,Lower Manhattan
2023-03-28 07:00:00,19,30,87.65,Lower Manhattan
2023-03-28 08:00:00,14,23,77.55,Lower Manhattan
2023-03-28 09:00:00,17,24,73.85,Lower Manhattan
2023-03-28 10:00:00,20,26,83.0,Lower Manhattan
2023-03-28 11:00:00,16,25,77.7,Lower Manhattan
2023-03-28 12:00:00,14,18,52.25,Lower Manhattan
2023-03-28 13:00:00,20,33,104.75,Lower Manhattan
2023-03-28 14:00:00,19,28,84.35,Lower Manhattan
2023-03-28 15:00:00,17,24,74.7,Lower Manhattan
2023-03-28 16:00:00,21,34,109.65,Lower Manhattan
2023-03-28 17:00:00,19,26,79.3,Lower Manhattan
2023-03-28 18:00:00,11,14,40.5,Lower Manhattan
2023-03-28 19:00:00,0,0,0.0,Lower Manhattan
2023-03-28 20:00:00,0,0,0.0,Lower Manhattan
2023-03-29 06:00:00,0,0,0.0,Lower Manhattan
2023-03-29 07:00:00,11,14,39.3,Lower Manhattan
2023-03-29 08:00:00,12,16,48.05,Lower Manhattan
2023-03-29 09:00:00,16,19,63.35,Lower Manhattan
2023-03-29 10:00:00,21,27,86.4,Lower Manhattan
2023-03-29 11:00:00,6,10,30.25,Lower Manhattan
2023-03-29 12:00:00,21,33,103.5,Lower Manhattan
2023-03-29 13:00:00,15,23,63.75,Lower Manhattan
2023-03-29 14:00:00,17,25,74.9,Lower Manhattan
2023-03-29 15:00:00,18,27,85.8,Lower Manhattan
2023-03-29 16:00:00,23,33,97.1,Lower Manhattan
2023-03-29 17:00:00,23,33,102.95,Lower Manhattan
2023-03-29 18:00:00,11,14,44.95,Lower Manhattan
2023-03-29 19:00:00,0,0,0.0,Lower Manhattan
2023-03-29 20:00:00,0,0,0.0,Lower Manhattan
2023-03-30 06:00:00,27,42,129.05,Lower Manhattan
2023-03-30 07:00:00,30,41,125.25,Lower Manhattan
2023-03-30 08:00:00,25,36,110.9,Lower Manhattan
2023-03-30 09:00:00,29,47,143.98,Lower Manhattan
2023-03-30 10:00:00,36,55,167.51,Lower Manhattan
2023-03-30 11:00:00,9,13,42.5,Lower Manhattan
2023-03-30 12:00:00,10,18,50.9,Lower Manhattan
2023-03-30 13:00:00,6,9,25.05,Lower Manhattan
2023-03-30 14:00:00,10,14,45.85,Lower Manhattan
2023-03-30 15:00:00,3,6,16.8,Lower Manhattan
2023-03-30 16:00:00,8,13,36.6,Lower Manhattan
2023-03-30 17:00:00,14,22,63.2,Lower Manhattan
2023-03-30 18:00:00,3,3,9.2,Lower Manhattan
2023-03-30 19:00:00,0,0,0.0,Lower Manhattan
2023-03-30 20:00:00,0,0,0.0,Lower Manhattan
2023-03-31 06:00:00,5,7,17.0,Lower Manhattan
2023-03-31 07:00:00,31,41,180.65,Lower Manhattan
2023-03-31 08:00:00,31,51,149.23,Lower Manhattan
2023-03-31 09:00:00,33,50,173.95,Lower Manhattan
2023-03-31 10:00:00,32,53,150.9,Lower Manhattan
2023-03-31 11:00:00,12,16,46.95,Lower Manhattan
2023-03-31 12:00:00,13,16,64.15,Lower Manhattan
2023-03-31 13:00:00,5,8,19.5,Lower Manhattan
2023-03-31 14:00:00,8,13,53.7,Lower Manhattan
2023-03-31 15:00:00,7,10,35.25,Lower Manhattan
2023-03-31 16:00:00,12,19,90.7,Lower Manhattan
2023-03-31 17:00:00,12,19,64.05,Lower Manhattan
2023-03-31 18:00:00,1,1,3.5,Lower Manhattan
2023-03-31 19:00:00,0,0,0.0,Lower Manhattan
2023-03-31 20:00:00,0,0,0.0,Lower Manhattan
2023-04-01 06:00:00,0,0,0.0,Lower Manhattan
2023-04-01 07:00:00,27,40,123.25,Lower Manhattan
2023-04-01 08:00:00,20,31,90.1,Lower Manhattan
2023-04-01 09:00:00,32,48,139.8,Lower Manhattan
2023-04-01 10:00:00,21,28,94.35,Lower Manhattan
2023-04-01 11:00:00,18,22,69.3,Lower Manhattan
2023-04-01 12:00:00,19,27,88.3,Lower Manhattan
2023-04-01 13:00:00,26,33,110.95,Lower Manhattan
2023-04-01 14:00:00,25,32,105.1,Lower Manhattan
2023-04-01 15:00:00,26,41,129.1,Lower Manhattan
2023-04-01 16:00:00,20,27,79.65,Lower Manhattan
2023-04-01 17:00:00,25,33,100.65,Lower Manhattan
2023-04-01 18:00:00,8,13,37.5,Lower Manhattan
2023-04-01 19:00:00,0,0,0.0,Lower Manhattan
2023-04-01 20:00:00,0,0,0.0,Lower Manhattan
2023-04-02 06:00:00,0,0,0.0,Lower Manhattan
2023-04-02 07:00:00,16,22,71.3,Lower Manhattan
2023-04-02 08:00:00,16,22,66.65,Lower Manhattan
2023-04-02 09:00:00,20,30,93.65,Lower Manhattan
2023-04-02 10:00:00,13,17,50.4,Lower Manhattan
2023-04-02 11:00:00,15,20,58.8,Lower Manhattan
2023-04-02 12:00:00,19,29,89.15,Lower Manhattan
2023-04-02 13:00:00,22,31,91.5,Lower Manhattan
2023-04-02 14:00:00,19,28,91.9,Lower Manhattan
2023-04-02 15:00:00,34,49,144.55,Lower Manhattan
2023-04-02 16:00:00,25,32,94.1,Lower Manhattan
2023-04-02 17:00:00,23,33,103.55,Lower Manhattan
2023-04-02 18:00:00,11,14,46.65,Lower Manhattan
2023-04-02 19:00:00,0,0,0.0,Lower Manhattan
2023-04-02 20:00:00,0,0,0.0,Lower Manhattan
2023-04-03 06:00:00,0,0,0.0,Lower Manhattan
2023-04-03 07:00:00,21,30,92.6,Lower Manhattan
2023-04-03 08:00:00,29,43,134.8,Lower Manhattan
2023-04-03 09:00:00,23,32,91.55,Lower Manhattan
2023-04-03 10:00:00,23,30,92.05,Lower Manhattan
2023-04-03 11:00:00,30,46,131.6,Lower Manhattan
2023-04-03 12:00:00,27,38,119.65,Lower Manhattan
2023-04-03 13:00:00,19,23,70.8,Lower Manhattan
2023-04-03 14:00:00,16,24,77.05,Lower Manhattan
2023-04-03 15:00:00,21,31,95.4,Lower Manhattan
2023-04-03 16:00:00,19,25,79.25,Lower Manhattan
2023-04-03 17:00:00,23,33,105.1,Lower Manhattan
2023-04-03 18:00:00,8,11,37.7,Lower Manhattan
2023-04-03 19:00:00,0,0,0.0,Lower Manhattan
2023-04-03 20:00:00,0,0,0.0,Lower Manhattan
2023-04-04 06:00:00,0,0,0.0,Lower Manhattan
2023-04-04 07:00:00,22,33,98.55,Lower Manhattan
2023-04-04 08:00:00,11,15,47.55,Lower Manhattan
2023-04-04 09:00:00,25,38,113.15,Lower Manhattan
2023-04-04 10:00:00,19,29,84.05,Lower Manhattan
2023-04-04 11:00:00,16,23,68.65,Lower Manhattan
2023-04-04 12:00:00,22,35,102.85,Lower Manhattan
2023-04-04 13:00:00,14,22,64.15,Lower Manhattan
2023-04-04 14:00:00,33,48,152.05,Lower Manhattan
2023-04-04 15:00:00,25,35,109.75,Lower Manhattan
2023-04-04 16:00:00,16,25,77.55,Lower Manhattan
2023-04-04 17:00:00,20,31,93.65,Lower Manhattan
2023-04-04 18:00:00,18,26,80.05,Lower Manhattan
2023-04-04 19:00:00,0,0,0.0,Lower Manhattan
2023-04-04 20:00:00,0,0,0.0,Lower Manhattan
2023-04-05 06:00:00,0,0,0.0,Lower Manhattan
2023-04-05 07:00:00,25,36,112.0,Lower Manhattan
2023-04-05 08:00:00,27,36,112.15,Lower Manhattan
2023-04-05 09:00:00,23,30,98.5,Lower Manhattan
2023-04-05 10:00:00,30,43,136.95,Lower Manhattan
2023-04-05 11:00:00,33,43,135.1,Lower Manhattan
2023-04-05 12:00:00,18,28,90.7,Lower Manhattan
2023-04-05 13:00:00,17,21,65.1,Lower Manhattan
2023-04-05 14:00:00,21,31,95.2,Lower Manhattan
2023-04-05 15:00:00,31,42,130.2,Lower Manhattan
2023-04-05 16:00:00,21,28,91.0,Lower Manhattan
2023-04-05 17:00:00,20,29,95.6,Lower Manhattan
2023-04-05 18:00:00,8,13,39.75,Lower Manhattan
2023-04-05 19:00:00,0,0,0.0,Lower Manhattan
2023-04-05 20:00:00,0,0,0.0,Lower Manhattan
2023-04-06 06:00:00,0,0,0.0,Lower Manhattan
2023-04-06 07:00:00,15,24,73.1,Lower Manhattan
2023-04-06 08:00:00,26,37,118.65,Lower Manhattan
2023-04-06 09:00:00,22,27,84.5,Lower Manhattan
2023-04-06 10:00:00,25,34,100.85,Lower Manhattan
2023-04-06 11:00:00,17,21,64.05,Lower Manhattan
2023-04-06 12:00:00,19,30,82.6,Lower Manhattan
2023-04-06 13:00:00,24,35,111.25,Lower Manhattan
2023-04-06 14:00:00,14,21,72.65,Lower Manhattan
2023-04-06 15:00:00,28,38,120.6,Lower Manhattan
2023-04-06 16:00:00,13,19,60.45,Lower Manhattan
2023-04-06 17:00:00,29,43,133.8,Lower Manhattan
2023-04-06 18:00:00,13,17,57.75,Lower Manhattan
2023-04-06 19:00:00,0,0,0.0,Lower Manhattan
2023-04-06 20:00:00,0,0,0.0,Lower Manhattan
2023-04-07 06:00:00,4,7,19.25,Lower Manhattan
2023-04-07 07:00:00,48,61,246.05,Lower Manhattan
2023-04-07 08:00:00,37,53,152.45,Lower Manhattan
2023-04-07 09:00:00,42,58,283.2,Lower Manhattan
2023-04-07 10:00:00,50,67,218.25,Lower Manhattan
2023-04-07 11:00:00,7,11,32.2,Lower Manhattan
2023-04-07 12:00:00,14,23,63.35,Lower Manhattan
2023-04-07 13:00:00,0,0,0.0,Lower Manhattan
2023-04-07 14:00:00,0,0,0.0,Lower Manhattan
2023-04-07 15:00:00,0,0,0.0,Lower Manhattan
2023-04-07 16:00:00,0,0,0.0,Lower Manhattan
2023-04-07 17:00:00,0,0,0.0,Lower Manhattan
2023-04-07 18:00:00,0,0,0.0,Lower Manhattan
2023-04-07 19:00:00,0,0,0.0,Lower Manhattan
2023-04-07 20:00:00,0,0,0.0,Lower Manhattan
2023-04-08 06:00:00,0,0,0.0,Lower Manhattan
2023-04-08 07:00:00,35,47,156.75,Lower Manhattan
2023-04-08 08:00:00,53,71,248.65,Lower Manhattan
2023-04-08 09:00:00,51,77,292.05,Lower Manhattan
2023-04-08 10:00:00,57,84,317.35,Lower Manhattan
2023-04-08 11:00:00,11,16,44.25,Lower Manhattan
2023-04-08 12:00:00,10,15,46.35,Lower Manhattan
2023-04-08 13:00:00,10,17,40.65,Lower Manhattan
2023-04-08 14:00:00,9,12,32.15,Lower Manhattan
2023-04-08 15:00:00,17,24,85.35,Lower Manhattan
2023-04-08 16:00:00,14,23,66.85,Lower Manhattan
2023-04-08 17:00:00,9,12,37.2,Lower Manhattan
2023-04-08 18:00:00,16,26,77.65,Lower Manhattan
2023-04-08 19:00:00,5,7,39.6,Lower Manhattan
2023-04-08 20:00:00,5,9,28.5,Lower Manhattan
2023-04-09 06:00:00,0,0,0.0,Lower Manhattan
2023-04-09 07:00:00,22,33,114.69,Lower Manhattan
2023-04-09 08:00:00,26,39,127.24,Lower Manhattan
2023-04-09 09:00:00,70,104,453.66,Lower Manhattan
2023-04-09 10:00:00,56,83,357.03,Lower Manhattan
2023-04-09 11:00:00,7,9,28.4,Lower Manhattan
2023-04-09 12:00:00,15,19,51.19,Lower Manhattan
2023-04-09 13:00:00,7,9,30.28,Lower Manhattan
2023-04-09 14:00:00,11,14,43.03,Lower Manhattan
2023-04-09 15:00:00,8,13,63.05,Lower Manhattan
2023-04-09 16:00:00,8,11,42.53,Lower Manhattan
2023-04-09 17:00:00,11,17,62.79,Lower Manhattan
2023-04-09 18:00:00,11,12,36.7,Lower Manhattan
2023-04-09 19:00:00,9,11,47.56,Lower Manhattan
2023-04-09 20:00:00,3,3,7.15,Lower Manhattan
2023-04-10 06:00:00,41,60,185.65,Lower Manhattan
2023-04-10 07:00:00,33,45,145.35,Lower Manhattan
2023-04-10 08:00:00,49,65,261.75,Lower Manhattan
2023-04-10 09:00:00,42,60,181.95,Lower Manhattan
2023-04-10 10:00:00,31,48,172.15,Lower Manhattan
2023-04-10 11:00:00,17,24,81.45,Lower Manhattan
2023-04-10 12:00:00,17,25,83.15,Lower Manhattan
2023-04-10 13:00:00,15,19,52.65,Lower Manhattan
2023-04-10 14:00:00,17,27,80.75,Lower Manhattan
2023-04-10 15:00:00,11,15,45.2,Lower Manhattan
2023-04-10 16:00:00,15,22,62.8,Lower Manhattan
2023-04-10 17:00:00,17,23,66.0,Lower Manhattan
2023-04-10 18:00:00,9,12,34.95,Lower Manhattan
2023-04-10 19:00:00,0,0,0.0,Lower Manhattan
2023-04-10 20:00:00,0,0,0.0,Lower Manhattan
2023-04-11 06:00:00,39,56,168.1,Lower Manhattan
2023-04-11 07:00:00,33,46,140.55,Lower Manhattan
2023-04-11 08:00:00,41,56,175.9,Lower Manhattan
2023-04-11 09:00:00,30,42,118.6,Lower Manhattan
2023-04-11 10:00:00,37,56,158.6,Lower Manhattan
2023-04-11 11:00:00,11,16,51.45,Lower Manhattan
2023-04-11 12:00:00,16,24,66.9,Lower Manhattan
2023-04-11 13:00:00,13,18,55.15,Lower Manhattan
2023-04-11 14:00:00,22,36,113.33,Lower Manhattan
2023-04-11 15:00:00,5,10,23.9,Lower Manhattan
2023-04-11 16:00:00,14,16,45.5,Lower Manhattan
2023-04-11 17:00:00,11,16,42.8,Lower Manhattan
2023-04-11 18:00:00,10,14,35.05,Lower Manhattan
2023-04-11 19:00:00,0,0,0.0,Lower Manhattan
2023-04-11 20:00:00,0,0,0.0,Lower Manhattan
2023-04-12 06:00:00,36,50,157.9,Lower Manhattan
2023-04-12 07:00:00,45,72,215.9,Lower Manhattan
2023-04-12 08:00:00,23,34,98.35,Lower Manhattan
2023-04-12 09:00:00,34,47,134.4,Lower Manhattan
2023-04-12 10:00:00,45,67,235.85,Lower Manhattan
2023-04-12 11:00:00,13,20,48.5,Lower Manhattan
2023-04-12 12:00:00,14,20,55.05,Lower Manhattan
2023-04-12 13:00:00,12,18,49.9,Lower Manhattan
2023-04-12 14:00:00,19,27,102.55,Lower Manhattan
2023-04-12 15:00:00,20,32,135.4,Lower Manhattan
2023-04-12 16:00:00,27,39,132.45,Lower Manhattan
2023-04-12 17:00:00,26,31,92.7,Lower Manhattan
2023-04-12 18:00:00,13,19,53.6,Lower Manhattan
2023-04-12 19:00:00,0,0,0.0,Lower Manhattan
2023-04-12 20:00:00,0,0,0.0,Lower Manhattan
2023-04-13 06:00:00,0,0,0.0,Lower Manhattan
2023-04-13 07:00:00,39,60,188.95,Lower Manhattan
2023-04-13 08:00:00,33,51,167.9,Lower Manhattan
2023-04-13 09:00:00,38,59,176.8,Lower Manhattan
2023-04-13 10:00:00,44,66,211.73,Lower Manhattan
2023-04-13 11:00:00,23,33,95.85,Lower Manhattan
2023-04-13 12:00:00,11,16,71.75,Lower Manhattan
2023-04-13 13:00:00,7,10,28.0,Lower Manhattan
2023-04-13 14:00:00,13,22,71.9,Lower Manhattan
2023-04-13 15:00:00,14,23,65.95,Lower Manhattan
2023-04-13 16:00:00,11,16,66.7,Lower Manhattan
2023-04-13 17:00:00,14,23,61.1,Lower Manhattan
2023-04-13 18:00:00,10,15,40.800000000000004,Lower Manhattan
2023-04-13 19:00:00,0,0,0.0,Lower Manhattan
2023-04-13 20:00:00,0,0,0.0,Lower Manhattan
2023-04-14 06:00:00,0,0,0.0,Lower Manhattan
2023-04-14 07:00:00,21,26,102.31,Lower Manhattan
2023-04-14 08:00:00,38,50,166.4,Lower Manhattan
2023-04-14 09:00:00,46,63,207.7,Lower Manhattan
2023-04-14 10:00:00,51,64,219.3,Lower Manhattan
2023-04-14 11:00:00,9,14,39.75,Lower Manhattan
2023-04-14 12:00:00,12,14,65.5,Lower Manhattan
2023-04-14 13:00:00,18,20,115.65,Lower Manhattan
2023-04-14 14:00:00,12,17,53.7,Lower Manhattan
2023-04-14 15:00:00,8,9,28.2,Lower Manhattan
2023-04-14 16:00:00,12,16,61.0,Lower Manhattan
2023-04-14 17:00:00,10,13,48.95,Lower Manhattan
2023-04-14 18:00:00,3,3,8.5,Lower Manhattan
2023-04-14 19:00:00,0,0,0.0,Lower Manhattan
2023-04-14 20:00:00,0,0,0.0,Lower Manhattan
2023-04-15 06:00:00,40,67,206.55,Lower Manhattan
2023-04-15 07:00:00,30,46,146.25,Lower Manhattan
2023-04-15 08:00:00,41,57,166.55,Lower Manhattan
2023-04-15 09:00:00,27,45,153.1,Lower Manhattan
2023-04-15 10:00:00,44,55,204.55,Lower Manhattan
2023-04-15 11:00:00,15,20,58.1,Lower Manhattan
2023-04-15 12:00:00,17,23,72.0,Lower Manhattan
2023-04-15 13:00:00,12,16,45.85,Lower Manhattan
2023-04-15 14:00:00,11,14,45.65,Lower Manhattan
2023-04-15 15:00:00,17,22,68.7,Lower Manhattan
2023-04-15 16:00:00,15,19,45.65,Lower Manhattan
2023-04-15 17:00:00,7,9,24.85,Lower Manhattan
2023-04-15 18:00:00,9,10,32.25,Lower Manhattan
2023-04-15 19:00:00,0,0,0.0,Lower Manhattan
2023-04-15 20:00:00,0,0,0.0,Lower Manhattan
2023-04-16 06:00:00,35,46,144.35,Lower Manhattan
2023-04-16 07:00:00,29,40,145.95,Lower Manhattan
2023-04-16 08:00:00,43,63,234.53,Lower Manhattan
2023-04-16 09:00:00,47,67,227.1,Lower Manhattan
2023-04-16 10:00:00,34,44,175.35,Lower Manhattan
2023-04-16 11:00:00,19,25,76.35,Lower Manhattan
2023-04-16 12:00:00,22,28,72.45,Lower Manhattan
2023-04-16 13:00:00,22,27,108.7,Lower Manhattan
2023-04-16 14:00:00,12,13,49.8,Lower Manhattan
2023-04-16 15:00:00,24,27,85.5,Lower Manhattan
2023-04-16 16:00:00,23,25,85.35000000000001,Lower Manhattan
2023-04-16 17:00:00,8,10,28.65,Lower Manhattan
2023-04-16 18:00:00,9,11,28.8,Lower Manhattan
2023-04-16 19:00:00,0,0,0.0,Lower Manhattan
2023-04-16 20:00:00,0,0,0.0,Lower Manhattan
2023-04-17 06:00:00,43,59,182.4,Lower Manhattan
2023-04-17 07:00:00,36,52,139.0,Lower Manhattan
2023-04-17 08:00:00,33,47,136.3,Lower Manhattan
2023-04-17 09:00:00,28,35,124.1,Lower Manhattan
2023-04-17 10:00:00,29,44,126.45,Lower Manhattan
2023-04-17 11:00:00,18,24,74.3,Lower Manhattan
2023-04-17 12:00:00,18,20,64.95,Lower Manhattan
2023-04-17 13:00:00,6,8,22.2,Lower Manhattan
2023-04-17 14:00:00,13,13,48.0,Lower Manhattan
2023-04-17 15:00:00,12,16,51.55,Lower Manhattan
2023-04-17 16:00:00,17,23,93.8,Lower Manhattan
2023-04-17 17:00:00,13,17,50.5,Lower Manhattan
2023-04-17 18:00:00,9,11,36.5,Lower Manhattan
2023-04-17 19:00:00,0,0,0.0,Lower Manhattan
2023-04-17 20:00:00,0,0,0.0,Lower Manhattan
2023-04-18 06:00:00,33,47,158.35,Lower Manhattan
2023-04-18 07:00:00,31,41,150.58,Lower Manhattan
2023-04-18 08:00:00,24,32,109.35,Lower Manhattan
2023-04-18 09:00:00,26,38,115.6,Lower Manhattan
2023-04-18 10:00:00,26,37,99.65,Lower Manhattan
2023-04-18 11:00:00,23,29,104.15,Lower Manhattan
2023-04-18 12:00:00,14,19,68.8,Lower Manhattan
2023-04-18 13:00:00,9,12,28.3,Lower Manhattan
2023-04-18 14:00:00,18,26,92.35,Lower Manhattan
2023-04-18 15:00:00,22,26,88.55,Lower Manhattan
2023-04-18 16:00:00,20,27,75.45,Lower Manhattan
2023-04-18 17:00:00,10,14,63.55,Lower Manhattan
2023-04-18 18:00:00,3,4,10.0,Lower Manhattan
2023-04-18 19:00:00,0,0,0.0,Lower Manhattan
2023-04-18 20:00:00,0,0,0.0,Lower Manhattan
2023-04-19 06:00:00,50,72,202.45,Lower Manhattan
2023-04-19 07:00:00,20,26,74.45,Lower Manhattan
2023-04-19 08:00:00,33,48,139.55,Lower Manhattan
2023-04-19 09:00:00,33,46,152.45,Lower Manhattan
2023-04-19 10:00:00,22,32,91.65,Lower Manhattan
2023-04-19 11:00:00,21,25,110.7,Lower Manhattan
2023-04-19 12:00:00,22,30,87.35,Lower Manhattan
2023-04-19 13:00:00,9,13,39.65,Lower Manhattan
2023-04-19 14:00:00,11,16,46.6,Lower Manhattan
2023-04-19 15:00:00,14,15,71.1,Lower Manhattan
2023-04-19 16:00:00,13,19,54.800000000000004,Lower Manhattan
2023-04-19 17:00:00,7,10,24.35,Lower Manhattan
2023-04-19 18:00:00,8,12,35.1,Lower Manhattan
2023-04-19 19:00:00,0,0,0.0,Lower Manhattan
2023-04-19 20:00:00,0,0,0.0,Lower Manhattan
2023-04-20 06:00:00,0,0,0.0,Lower Manhattan
2023-04-20 07:00:00,52,90,271.05,Lower Manhattan
2023-04-20 08:00:00,37,72,213.03,Lower Manhattan
2023-04-20 09:00:00,34,60,179.9,Lower Manhattan
2023-04-20 10:00:00,56,76,273.55,Lower Manhattan
2023-04-20 11:00:00,16,23,97.1,Lower Manhattan
2023-04-20 12:00:00,9,13,38.55,Lower Manhattan
2023-04-20 13:00:00,18,28,80.35,Lower Manhattan
2023-04-20 14:00:00,14,25,79.4,Lower Manhattan
2023-04-20 15:00:00,16,31,81.2,Lower Manhattan
2023-04-20 16:00:00,16,22,65.7,Lower Manhattan
2023-04-20 17:00:00,11,21,63.6,Lower Manhattan
2023-04-20 18:00:00,0,0,0.0,Lower Manhattan
2023-04-20 19:00:00,0,0,0.0,Lower Manhattan
2023-04-20 20:00:00,0,0,0.0,Lower Manhattan
2023-04-21 06:00:00,0,0,0.0,Lower Manhattan
2023-04-21 07:00:00,54,96,294.25,Lower Manhattan
2023-04-21 08:00:00,27,46,149.95,Lower Manhattan
2023-04-21 09:00:00,43,75,242.5,Lower Manhattan
2023-04-21 10:00:00,34,58,173.8,Lower Manhattan
2023-04-21 11:00:00,16,29,82.1,Lower Manhattan
2023-04-21 12:00:00,9,14,39.6,Lower Manhattan
2023-04-21 13:00:00,10,15,76.05,Lower Manhattan
2023-04-21 14:00:00,24,34,116.75,Lower Manhattan
2023-04-21 15:00:00,11,17,55.0,Lower Manhattan
2023-04-21 16:00:00,13,21,56.7,Lower Manhattan
2023-04-21 17:00:00,8,19,57.2,Lower Manhattan
2023-04-21 18:00:00,7,11,37.75,Lower Manhattan
2023-04-21 19:00:00,0,0,0.0,Lower Manhattan
2023-04-21 20:00:00,0,0,0.0,Lower Manhattan
2023-04-22 06:00:00,38,60,183.2,Lower Manhattan
2023-04-22 07:00:00,35,61,197.3,Lower Manhattan
2023-04-22 08:00:00,45,78,284.5,Lower Manhattan
2023-04-22 09:00:00,29,52,146.25,Lower Manhattan
2023-04-22 10:00:00,45,81,289.9,Lower Manhattan
2023-04-22 11:00:00,15,25,75.05,Lower Manhattan
2023-04-22 12:00:00,17,31,94.75,Lower Manhattan
2023-04-22 13:00:00,17,26,85.1,Lower Manhattan
2023-04-22 14:00:00,9,17,57.93,Lower Manhattan
2023-04-22 15:00:00,9,15,40.95,Lower Manhattan
2023-04-22 16:00:00,12,22,67.7,Lower Manhattan
2023-04-22 17:00:00,21,38,102.9,Lower Manhattan
2023-04-22 18:00:00,2,3,8.65,Lower Manhattan
2023-04-22 19:00:00,0,0,0.0,Lower Manhattan
2023-04-22 20:00:00,0,0,0.0,Lower Manhattan
2023-04-23 06:00:00,36,63,217.9,Lower Manhattan
2023-04-23 07:00:00,31,53,166.2,Lower Manhattan
2023-04-23 08:00:00,32,58,166.95,Lower Manhattan
2023-04-23 09:00:00,38,67,214.68,Lower Manhattan
2023-04-23 10:00:00,36,58,181.43,Lower Manhattan
2023-04-23 11:00:00,16,30,81.4,Lower Manhattan
2023-04-23 12:00:00,13,25,90.45,Lower Manhattan
2023-04-23 13:00:00,12,21,56.9,Lower Manhattan
2023-04-23 14:00:00,17,23,81.45,Lower Manhattan
2023-04-23 15:00:00,12,25,81.9,Lower Manhattan
2023-04-23 16:00:00,7,15,50.25,Lower Manhattan
2023-04-23 17:00:00,15,28,82.9,Lower Manhattan
2023-04-23 18:00:00,10,16,50.35,Lower Manhattan
2023-04-23 19:00:00,0,0,0.0,Lower Manhattan
2023-04-23 20:00:00,0,0,0.0,Lower Manhattan
2023-04-24 06:00:00,30,53,192.25,Lower Manhattan
2023-04-24 07:00:00,37,62,190.65,Lower Manhattan
2023-04-24 08:00:00,30,49,139.5,Lower Manhattan
2023-04-24 09:00:00,34,54,187.85,Lower Manhattan
2023-04-24 10:00:00,41,66,207.25,Lower Manhattan
2023-04-24 11:00:00,19,29,84.8,Lower Manhattan
2023-04-24 12:00:00,7,10,34.75,Lower Manhattan
2023-04-24 13:00:00,13,22,63.15,Lower Manhattan
2023-04-24 14:00:00,29,51,153.35,Lower Manhattan
2023-04-24 15:00:00,15,32,88.5,Lower Manhattan
2023-04-24 16:00:00,16,27,83.3,Lower Manhattan
2023-04-24 17:00:00,17,32,86.85,Lower Manhattan
2023-04-24 18:00:00,10,17,46.7,Lower Manhattan
2023-04-24 19:00:00,0,0,0.0,Lower Manhattan
2023-04-24 20:00:00,0,0,0.0,Lower Manhattan
2023-04-25 06:00:00,31,56,168.75,Lower Manhattan
2023-04-25 07:00:00,42,70,224.45,Lower Manhattan
2023-04-25 08:00:00,36,67,239.75,Lower Manhattan
2023-04-25 09:00:00,35,64,170.5,Lower Manhattan
2023-04-25 10:00:00,42,74,257.0,Lower Manhattan
2023-04-25 11:00:00,14,30,79.0,Lower Manhattan
2023-04-25 12:00:00,18,30,104.1,Lower Manhattan
2023-04-25 13:00:00,17,25,69.7,Lower Manhattan
2023-04-25 14:00:00,10,21,60.9,Lower Manhattan
2023-04-25 15:00:00,13,24,72.35,Lower Manhattan
2023-04-25 16:00:00,18,33,108.35,Lower Manhattan
2023-04-25 17:00:00,15,25,78.0,Lower Manhattan
2023-04-25 18:00:00,5,10,31.5,Lower Manhattan
2023-04-25 19:00:00,0,0,0.0,Lower Manhattan
2023-04-25 20:00:00,0,0,0.0,Lower Manhattan
2023-04-26 06:00:00,36,67,244.7,Lower Manhattan
2023-04-26 07:00:00,32,56,169.95,Lower Manhattan
2023-04-26 08:00:00,40,74,235.65,Lower Manhattan
2023-04-26 09:00:00,43,78,231.05,Lower Manhattan
2023-04-26 10:00:00,27,51,141.3,Lower Manhattan
2023-04-26 11:00:00,13,23,94.1,Lower Manhattan
2023-04-26 12:00:00,17,31,81.35,Lower Manhattan
2023-04-26 13:00:00,21,34,140.5,Lower Manhattan
2023-04-26 14:00:00,12,19,70.05,Lower Manhattan
2023-04-26 15:00:00,16,28,98.85,Lower Manhattan
2023-04-26 16:00:00,10,16,59.25,Lower Manhattan
2023-04-26 17:00:00,13,25,72.0,Lower Manhattan
2023-04-26 18:00:00,10,16,45.7,Lower Manhattan
2023-04-26 19:00:00,0,0,0.0,Lower Manhattan
2023-04-26 20:00:00,0,0,0.0,Lower Manhattan
2023-04-27 06:00:00,0,0,0.0,Lower Manhattan
2023-04-27 07:00:00,42,63,194.3,Lower Manhattan
2023-04-27 08:00:00,45,81,238.85,Lower Manhattan
2023-04-27 09:00:00,51,91,274.45,Lower Manhattan
2023-04-27 10:00:00,58,106,341.6,Lower Manhattan
2023-04-27 11:00:00,8,15,42.2,Lower Manhattan
2023-04-27 12:00:00,13,27,78.6,Lower Manhattan
2023-04-27 13:00:00,13,19,47.9,Lower Manhattan
2023-04-27 14:00:00,17,32,93.95,Lower Manhattan
2023-04-27 15:00:00,23,42,143.45,Lower Manhattan
2023-04-27 16:00:00,17,33,95.15,Lower Manhattan
2023-04-27 17:00:00,31,45,135.65,Lower Manhattan
2023-04-27 18:00:00,0,0,0.0,Lower Manhattan
2023-04-27 19:00:00,0,0,0.0,Lower Manhattan
2023-04-27 20:00:00,0,0,0.0,Lower Manhattan
2023-04-28 06:00:00,0,0,0.0,Lower Manhattan
2023-04-28 07:00:00,25,40,122.4,Lower Manhattan
2023-04-28 08:00:00,19,26,76.65,Lower Manhattan
2023-04-28 09:00:00,16,26,78.6,Lower Manhattan
2023-04-28 10:00:00,18,25,75.8,Lower Manhattan
2023-04-28 11:00:00,24,35,103.45,Lower Manhattan
2023-04-28 12:00:00,20,27,82.9,Lower Manhattan
2023-04-28 13:00:00,20,33,98.6,Lower Manhattan
2023-04-28 14:00:00,22,33,95.85,Lower Manhattan
2023-04-28 15:00:00,34,48,146.9,Lower Manhattan
2023-04-28 16:00:00,19,27,84.95,Lower Manhattan
2023-04-28 17:00:00,22,32,96.85,Lower Manhattan
2023-04-28 18:00:00,12,17,48.2,Lower Manhattan
2023-04-28 19:00:00,0,0,0.0,Lower Manhattan
2023-04-28 20:00:00,0,0,0.0,Lower Manhattan
2023-04-29 06:00:00,0,0,0.0,Lower Manhattan
2023-04-29 07:00:00,15,20,57.25,Lower Manhattan
2023-04-29 08:00:00,21,30,86.6,Lower Manhattan
2023-04-29 09:00:00,17,24,74.65,Lower Manhattan
2023-04-29 10:00:00,16,22,74.95,Lower Manhattan
2023-04-29 11:00:00,14,19,54.9,Lower Manhattan
2023-04-29 12:00:00,18,29,86.95,Lower Manhattan
2023-04-29 13:00:00,24,31,99.95,Lower Manhattan
2023-04-29 14:00:00,26,33,96.35,Lower Manhattan
2023-04-29 15:00:00,16,23,65.75,Lower Manhattan
2023-04-29 16:00:00,20,29,84.3,Lower Manhattan
2023-04-29 17:00:00,28,39,125.1,Lower Manhattan
2023-04-29 18:00:00,8,10,30.15,Lower Manhattan
2023-04-29 19:00:00,0,0,0.0,Lower Manhattan
2023-04-29 20:00:00,0,0,0.0,Lower Manhattan
2023-04-30 06:00:00,25,36,94.75,Lower Manhattan
2023-04-30 07:00:00,35,56,161.53,Lower Manhattan
2023-04-30 08:00:00,50,72,215.75,Lower Manhattan
2023-04-30 09:00:00,30,46,146.2,Lower Manhattan
2023-04-30 10:00:00,31,48,157.5,Lower Manhattan
2023-04-30 11:00:00,8,12,44.9,Lower Manhattan
2023-04-30 12:00:00,14,21,64.4,Lower Manhattan
2023-04-30 13:00:00,10,14,41.75,Lower Manhattan
2023-04-30 14:00:00,13,18,57.5,Lower Manhattan
2023-04-30 15:00:00,12,18,55.95,Lower Manhattan
2023-04-30 16:00:00,15,25,71.0,Lower Manhattan
2023-04-30 17:00:00,4,7,23.0,Lower Manhattan
2023-04-30 18:00:00,6,9,26.1,Lower Manhattan
2023-04-30 19:00:00,1,2,5.0,Lower Manhattan
2023-04-30 20:00:00,0,0,0.0,Lower Manhattan
2023-05-01 06:00:00,0,0,0.0,Lower Manhattan
2023-05-01 07:00:00,41,64,197.6,Lower Manhattan
2023-05-01 08:00:00,26,37,104.6,Lower Manhattan
2023-05-01 09:00:00,32,49,155.9,Lower Manhattan
2023-05-01 10:00:00,31,41,139.25,Lower Manhattan
2023-05-01 11:00:00,23,32,99.75,Lower Manhattan
2023-05-01 12:00:00,23,31,95.7,Lower Manhattan
2023-05-01 13:00:00,35,45,148.1,Lower Manhattan
2023-05-01 14:00:00,26,38,127.4,Lower Manhattan
2023-05-01 15:00:00,33,51,166.25,Lower Manhattan
2023-05-01 16:00:00,19,26,72.6,Lower Manhattan
2023-05-01 17:00:00,24,34,105.25,Lower Manhattan
2023-05-01 18:00:00,14,22,63.0,Lower Manhattan
2023-05-01 19:00:00,0,0,0.0,Lower Manhattan
2023-05-01 20:00:00,0,0,0.0,Lower Manhattan
2023-05-02 06:00:00,0,0,0.0,Lower Manhattan
2023-05-02 07:00:00,24,35,110.7,Lower Manhattan
2023-05-02 08:00:00,28,42,132.65,Lower Manhattan
2023-05-02 09:00:00,25,38,113.95,Lower Manhattan
2023-05-02 10:00:00,26,35,100.65,Lower Manhattan
2023-05-02 11:00:00,12,16,46.2,Lower Manhattan
2023-05-02 12:00:00,25,37,112.1,Lower Manhattan
2023-05-02 13:00:00,25,38,121.15,Lower Manhattan
2023-05-02 14:00:00,27,41,129.15,Lower Manhattan
2023-05-02 15:00:00,38,57,171.1,Lower Manhattan
2023-05-02 16:00:00,27,34,106.4,Lower Manhattan
2023-05-02 17:00:00,22,30,95.35,Lower Manhattan
2023-05-02 18:00:00,10,11,37.1,Lower Manhattan
2023-05-02 19:00:00,0,0,0.0,Lower Manhattan
2023-05-02 20:00:00,0,0,0.0,Lower Manhattan
2023-05-03 06:00:00,0,0,0.0,Lower Manhattan
2023-05-03 07:00:00,33,44,140.05,Lower Manhattan
2023-05-03 08:00:00,30,47,152.95,Lower Manhattan
2023-05-03 09:00:00,26,38,110.0,Lower Manhattan
2023-05-03 10:00:00,30,40,126.3,Lower Manhattan
2023-05-03 11:00:00,41,61,177.25,Lower Manhattan
2023-05-03 12:00:00,22,32,102.7,Lower Manhattan
2023-05-03 13:00:00,17,24,77.25,Lower Manhattan
2023-05-03 14:00:00,26,44,133.3,Lower Manhattan
2023-05-03 15:00:00,35,49,154.0,Lower Manhattan
2023-05-03 16:00:00,24,30,95.0,Lower Manhattan
2023-05-03 17:00:00,24,33,100.05,Lower Manhattan
2023-05-03 18:00:00,9,11,32.8,Lower Manhattan
2023-05-03 19:00:00,0,0,0.0,Lower Manhattan
2023-05-03 20:00:00,0,0,0.0,Lower Manhattan
2023-05-04 06:00:00,0,0,0.0,Lower Manhattan
2023-05-04 07:00:00,21,33,97.85,Lower Manhattan
2023-05-04 08:00:00,21,28,94.05,Lower Manhattan
2023-05-04 09:00:00,35,47,141.3,Lower Manhattan
2023-05-04 10:00:00,22,33,97.9,Lower Manhattan
2023-05-04 11:00:00,27,38,113.75,Lower Manhattan
2023-05-04 12:00:00,29,47,142.1,Lower Manhattan
2023-05-04 13:00:00,22,29,87.3,Lower Manhattan
2023-05-04 14:00:00,39,62,190.5,Lower Manhattan
2023-05-04 15:00:00,36,52,162.5,Lower Manhattan
2023-05-04 16:00:00,19,29,85.4,Lower Manhattan
2023-05-04 17:00:00,30,44,134.6,Lower Manhattan
2023-05-04 18:00:00,20,27,84.05,Lower Manhattan
2023-05-04 19:00:00,0,0,0.0,Lower Manhattan
2023-05-04 20:00:00,0,0,0.0,Lower Manhattan
2023-05-05 06:00:00,0,0,0.0,Lower Manhattan
2023-05-05 07:00:00,28,40,117.8,Lower Manhattan
2023-05-05 08:00:00,35,46,138.3,Lower Manhattan
2023-05-05 09:00:00,37,49,159.05,Lower Manhattan
2023-05-05 10:00:00,34,47,143.2,Lower Manhattan
2023-05-05 11:00:00,41,53,163.75,Lower Manhattan
2023-05-05 12:00:00,31,46,146.45,Lower Manhattan
2023-05-05 13:00:00,19,27,85.35,Lower Manhattan
2023-05-05 14:00:00,28,43,131.75,Lower Manhattan
2023-05-05 15:00:00,37,50,155.55,Lower Manhattan
2023-05-05 16:00:00,19,26,82.7,Lower Manhattan
2023-05-05 17:00:00,31,45,149.75,Lower Manhattan
2023-05-05 18:00:00,13,18,55.0,Lower Manhattan
2023-05-05 19:00:00,0,0,0.0,Lower Manhattan
2023-05-05 20:00:00,0,0,0.0,Lower Manhattan
2023-05-06 06:00:00,0,0,0.0,Lower Manhattan
2023-05-06 07:00:00,38,56,169.45,Lower Manhattan
2023-05-06 08:00:00,26,37,115.85,Lower Manhattan
2023-05-06 09:00:00,28,36,109.55,Lower Manhattan
2023-05-06 10:00:00,31,44,139.4,Lower Manhattan
2023-05-06 11:00:00,21,27,86.7,Lower Manhattan
2023-05-06 12:00:00,26,40,111.25,Lower Manhattan
2023-05-06 13:00:00,30,41,133.95,Lower Manhattan
2023-05-06 14:00:00,23,32,99.45,Lower Manhattan
2023-05-06 15:00:00,35,49,156.65,Lower Manhattan
2023-05-06 16:00:00,30,40,128.25,Lower Manhattan
2023-05-06 17:00:00,33,48,153.85,Lower Manhattan
2023-05-06 18:00:00,16,22,74.65,Lower Manhattan
2023-05-06 19:00:00,0,0,0.0,Lower Manhattan
2023-05-06 20:00:00,0,0,0.0,Lower Manhattan
2023-05-07 06:00:00,6,9,35.0,Lower Manhattan
2023-05-07 07:00:00,60,78,280.7,Lower Manhattan
2023-05-07 08:00:00,54,78,214.95,Lower Manhattan
2023-05-07 09:00:00,40,58,221.4,Lower Manhattan
2023-05-07 10:00:00,60,88,277.8,Lower Manhattan
2023-05-07 11:00:00,17,24,74.1,Lower Manhattan
2023-05-07 12:00:00,14,22,64.6,Lower Manhattan
2023-05-07 13:00:00,0,0,0.0,Lower Manhattan
2023-05-07 14:00:00,0,0,0.0,Lower Manhattan
2023-05-07 15:00:00,0,0,0.0,Lower Manhattan
2023-05-07 16:00:00,0,0,0.0,Lower Manhattan
2023-05-07 17:00:00,0,0,0.0,Lower Manhattan
2023-05-07 18:00:00,0,0,0.0,Lower Manhattan
2023-05-07 19:00:00,0,0,0.0,Lower Manhattan
2023-05-07 20:00:00,0,0,0.0,Lower Manhattan
2023-05-08 06:00:00,0,0,0.0,Lower Manhattan
2023-05-08 07:00:00,41,58,187.7,Lower Manhattan
2023-05-08 08:00:00,76,103,366.45,Lower Manhattan
2023-05-08 09:00:00,63,94,306.05,Lower Manhattan
2023-05-08 10:00:00,77,118,373.15,Lower Manhattan
2023-05-08 11:00:00,21,32,108.75,Lower Manhattan
2023-05-08 12:00:00,12,17,53.25,Lower Manhattan
2023-05-08 13:00:00,16,23,64.65,Lower Manhattan
2023-05-08 14:00:00,9,13,38.45,Lower Manhattan
2023-05-08 15:00:00,16,22,68.45,Lower Manhattan
2023-05-08 16:00:00,20,34,100.2,Lower Manhattan
2023-05-08 17:00:00,10,12,35.45,Lower Manhattan
2023-05-08 18:00:00,17,27,73.2,Lower Manhattan
2023-05-08 19:00:00,13,23,59.1,Lower Manhattan
2023-05-08 20:00:00,8,12,34.3,Lower Manhattan
2023-05-09 06:00:00,0,0,0.0,Lower Manhattan
2023-05-09 07:00:00,29,40,156.19,Lower Manhattan
2023-05-09 08:00:00,50,72,272.1,Lower Manhattan
2023-05-09 09:00:00,69,89,331.18,Lower Manhattan
2023-05-09 10:00:00,72,99,378.06,Lower Manhattan
2023-05-09 11:00:00,8,12,35.57,Lower Manhattan
2023-05-09 12:00:00,20,29,86.34,Lower Manhattan
2023-05-09 13:00:00,13,15,62.98,Lower Manhattan
2023-05-09 14:00:00,9,11,33.15,Lower Manhattan
2023-05-09 15:00:00,22,31,140.59,Lower Manhattan
2023-05-09 16:00:00,10,15,53.53,Lower Manhattan
2023-05-09 17:00:00,14,23,83.85,Lower Manhattan
2023-05-09 18:00:00,17,21,80.46,Lower Manhattan
2023-05-09 19:00:00,14,18,92.21000000000001,Lower Manhattan
2023-05-09 20:00:00,4,5,16.45,Lower Manhattan
2023-05-10 06:00:00,46,64,207.7,Lower Manhattan
2023-05-10 07:00:00,47,63,182.75,Lower Manhattan
2023-05-10 08:00:00,43,51,203.6,Lower Manhattan
2023-05-10 09:00:00,42,62,183.7,Lower Manhattan
2023-05-10 10:00:00,42,60,206.55,Lower Manhattan
2023-05-10 11:00:00,23,35,113.0,Lower Manhattan
2023-05-10 12:00:00,18,27,84.05,Lower Manhattan
2023-05-10 13:00:00,19,30,81.4,Lower Manhattan
2023-05-10 14:00:00,21,33,96.85,Lower Manhattan
2023-05-10 15:00:00,12,16,47.45,Lower Manhattan
2023-05-10 16:00:00,19,27,80.75,Lower Manhattan
2023-05-10 17:00:00,22,27,77.25,Lower Manhattan
2023-05-10 18:00:00,7,12,31.75,Lower Manhattan
2023-05-10 19:00:00,0,0,0.0,Lower Manhattan
2023-05-10 20:00:00,0,0,0.0,Lower Manhattan
2023-05-11 06:00:00,54,76,216.25,Lower Manhattan
2023-05-11 07:00:00,42,60,210.95,Lower Manhattan
2023-05-11 08:00:00,47,67,231.1,Lower Manhattan
2023-05-11 09:00:00,38,54,152.7,Lower Manhattan
2023-05-11 10:00:00,41,61,175.85,Lower Manhattan
2023-05-11 11:00:00,16,22,80.0,Lower Manhattan
2023-05-11 12:00:00,22,32,88.3,Lower Manhattan
2023-05-11 13:00:00,15,21,60.2,Lower Manhattan
2023-05-11 14:00:00,22,36,112.1,Lower Manhattan
2023-05-11 15:00:00,14,24,64.4,Lower Manhattan
2023-05-11 16:00:00,17,25,69.8,Lower Manhattan
2023-05-11 17:00:00,8,10,33.8,Lower Manhattan
2023-05-11 18:00:00,14,19,54.300000000000004,Lower Manhattan
2023-05-11 19:00:00,0,0,0.0,Lower Manhattan
2023-05-11 20:00:00,0,0,0.0,Lower Manhattan
2023-05-12 06:00:00,47,70,200.25,Lower Manhattan
2023-05-12 07:00:00,39,59,162.05,Lower Manhattan
2023-05-12 08:00:00,34,54,158.75,Lower Manhattan
2023-05-12 09:00:00,53,73,225.2,Lower Manhattan
2023-05-12 10:00:00,57,86,237.05,Lower Manhattan
2023-05-12 11:00:00,12,18,46.9,Lower Manhattan
2023-05-12 12:00:00,9,15,41.05,Lower Manhattan
2023-05-12 13:00:00,21,29,81.1,Lower Manhattan
2023-05-12 14:00:00,26,36,136.05,Lower Manhattan
2023-05-12 15:00:00,20,31,88.0,Lower Manhattan
2023-05-12 16:00:00,22,29,103.55,Lower Manhattan
2023-05-12 17:00:00,20,25,68.45,Lower Manhattan
2023-05-12 18:00:00,15,23,61.25,Lower Manhattan
2023-05-12 19:00:00,0,0,0.0,Lower Manhattan
2023-05-12 20:00:00,0,0,0.0,Lower Manhattan
2023-05-13 06:00:00,0,0,0.0,Lower Manhattan
2023-05-13 07:00:00,64,101,299.25,Lower Manhattan
2023-05-13 08:00:00,59,96,285.1,Lower Manhattan
2023-05-13 09:00:00,47,68,216.65,Lower Manhattan
2023-05-13 10:00:00,47,72,216.23,Lower Manhattan
2023-05-13 11:00:00,32,46,141.15,Lower Manhattan
2023-05-13 12:00:00,26,41,140.95,Lower Manhattan
2023-05-13 13:00:00,18,26,76.1,Lower Manhattan
2023-05-13 14:00:00,13,21,109.10000000000001,Lower Manhattan
2023-05-13 15:00:00,25,38,126.55,Lower Manhattan
2023-05-13 16:00:00,28,41,155.45,Lower Manhattan
2023-05-13 17:00:00,16,26,80.9,Lower Manhattan
2023-05-13 18:00:00,13,18,51.65,Lower Manhattan
2023-05-13 19:00:00,0,0,0.0,Lower Manhattan
2023-05-13 20:00:00,0,0,0.0,Lower Manhattan
2023-05-14 06:00:00,0,0,0.0,Lower Manhattan
2023-05-14 07:00:00,45,60,226.06,Lower Manhattan
2023-05-14 08:00:00,59,80,255.1,Lower Manhattan
2023-05-14 09:00:00,63,85,291.05,Lower Manhattan
2023-05-14 10:00:00,65,83,283.18,Lower Manhattan
2023-05-14 11:00:00,13,18,48.7,Lower Manhattan
2023-05-14 12:00:00,17,18,80.5,Lower Manhattan
2023-05-14 13:00:00,22,26,112.45,Lower Manhattan
2023-05-14 14:00:00,16,22,70.45,Lower Manhattan
2023-05-14 15:00:00,17,22,69.95,Lower Manhattan
2023-05-14 16:00:00,16,22,72.85,Lower Manhattan
2023-05-14 17:00:00,15,17,61.25,Lower Manhattan
2023-05-14 18:00:00,6,8,19.4,Lower Manhattan
2023-05-14 19:00:00,0,0,0.0,Lower Manhattan
2023-05-14 20:00:00,0,0,0.0,Lower Manhattan
2023-05-15 06:00:00,48,70,227.85,Lower Manhattan
2023-05-15 07:00:00,45,66,220.3,Lower Manhattan
2023-05-15 08:00:00,47,64,187.55,Lower Manhattan
2023-05-15 09:00:00,32,54,178.45,Lower Manhattan
2023-05-15 10:00:00,47,59,208.2,Lower Manhattan
2023-05-15 11:00:00,21,29,84.4,Lower Manhattan
2023-05-15 12:00:00,24,33,97.75,Lower Manhattan
2023-05-15 13:00:00,20,26,89.45,Lower Manhattan
2023-05-15 14:00:00,23,30,98.0,Lower Manhattan
2023-05-15 15:00:00,23,25,87.0,Lower Manhattan
2023-05-15 16:00:00,26,30,81.0,Lower Manhattan
2023-05-15 17:00:00,4,5,13.4,Lower Manhattan
2023-05-15 18:00:00,7,9,38.1,Lower Manhattan
2023-05-15 19:00:00,0,0,0.0,Lower Manhattan
2023-05-15 20:00:00,0,0,0.0,Lower Manhattan
2023-05-16 06:00:00,27,38,107.4,Lower Manhattan
2023-05-16 07:00:00,35,51,181.05,Lower Manhattan
2023-05-16 08:00:00,46,65,264.2,Lower Manhattan
2023-05-16 09:00:00,57,77,257.5,Lower Manhattan
2023-05-16 10:00:00,41,55,209.45,Lower Manhattan
2023-05-16 11:00:00,22,27,80.35,Lower Manhattan
2023-05-16 12:00:00,20,24,85.1,Lower Manhattan
2023-05-16 13:00:00,21,29,89.2,Lower Manhattan
2023-05-16 14:00:00,17,21,61.7,Lower Manhattan
2023-05-16 15:00:00,34,44,139.35,Lower Manhattan
2023-05-16 16:00:00,30,34,126.9,Lower Manhattan
2023-05-16 17:00:00,12,15,40.55,Lower Manhattan
2023-05-16 18:00:00,8,13,41.45,Lower Manhattan
2023-05-16 19:00:00,0,0,0.0,Lower Manhattan
2023-05-16 20:00:00,0,0,0.0,Lower Manhattan
2023-05-17 06:00:00,52,78,259.25,Lower Manhattan
2023-05-17 07:00:00,59,83,255.3,Lower Manhattan
2023-05-17 08:00:00,40,58,171.25,Lower Manhattan
2023-05-17 09:00:00,39,55,198.4,Lower Manhattan
2023-05-17 10:00:00,39,56,194.05,Lower Manhattan
2023-05-17 11:00:00,19,26,82.25,Lower Manhattan
2023-05-17 12:00:00,19,24,101.65,Lower Manhattan
2023-05-17 13:00:00,19,26,74.6,Lower Manhattan
2023-05-17 14:00:00,17,19,64.65,Lower Manhattan
2023-05-17 15:00:00,16,20,62.4,Lower Manhattan
2023-05-17 16:00:00,21,26,103.3,Lower Manhattan
2023-05-17 17:00:00,20,25,71.4,Lower Manhattan
2023-05-17 18:00:00,9,14,45.65,Lower Manhattan
2023-05-17 19:00:00,0,0,0.0,Lower Manhattan
2023-05-17 20:00:00,0,0,0.0,Lower Manhattan
2023-05-18 06:00:00,43,62,208.15,Lower Manhattan
2023-05-18 07:00:00,40,52,181.6,Lower Manhattan
2023-05-18 08:00:00,34,45,139.45,Lower Manhattan
2023-05-18 09:00:00,25,36,108.5,Lower Manhattan
2023-05-18 10:00:00,50,69,206.8,Lower Manhattan
2023-05-18 11:00:00,23,33,114.2,Lower Manhattan
2023-05-18 12:00:00,23,31,121.3,Lower Manhattan
2023-05-18 13:00:00,22,28,82.9,Lower Manhattan
2023-05-18 14:00:00,23,30,94.65,Lower Manhattan
2023-05-18 15:00:00,27,34,123.6,Lower Manhattan
2023-05-18 16:00:00,39,55,152.6,Lower Manhattan
2023-05-18 17:00:00,18,24,92.95,Lower Manhattan
2023-05-18 18:00:00,9,11,41.5,Lower Manhattan
2023-05-18 19:00:00,0,0,0.0,Lower Manhattan
2023-05-18 20:00:00,0,0,0.0,Lower Manhattan
2023-05-19 06:00:00,56,79,228.95,Lower Manhattan
2023-05-19 07:00:00,36,48,142.75,Lower Manhattan
2023-05-19 08:00:00,47,64,189.55,Lower Manhattan
2023-05-19 09:00:00,30,42,131.1,Lower Manhattan
2023-05-19 10:00:00,40,62,180.3,Lower Manhattan
2023-05-19 11:00:00,24,30,123.7,Lower Manhattan
2023-05-19 12:00:00,26,34,104.2,Lower Manhattan
2023-05-19 13:00:00,19,27,91.0,Lower Manhattan
2023-05-19 14:00:00,10,15,41.2,Lower Manhattan
2023-05-19 15:00:00,20,23,90.45,Lower Manhattan
2023-05-19 16:00:00,19,27,73.35000000000001,Lower Manhattan
2023-05-19 17:00:00,23,29,97.35,Lower Manhattan
2023-05-19 18:00:00,11,17,70.45,Lower Manhattan
2023-05-19 19:00:00,0,0,0.0,Lower Manhattan
2023-05-19 20:00:00,0,0,0.0,Lower Manhattan
2023-05-20 06:00:00,0,0,0.0,Lower Manhattan
2023-05-20 07:00:00,73,122,351.5,Lower Manhattan
2023-05-20 08:00:00,55,97,276.05,Lower Manhattan
2023-05-20 09:00:00,55,92,281.25,Lower Manhattan
2023-05-20 10:00:00,57,91,296.95,Lower Manhattan
2023-05-20 11:00:00,18,28,96.35,Lower Manhattan
2023-05-20 12:00:00,12,21,68.8,Lower Manhattan
2023-05-20 13:00:00,19,29,94.0,Lower Manhattan
2023-05-20 14:00:00,11,21,73.25,Lower Manhattan
2023-05-20 15:00:00,17,34,89.4,Lower Manhattan
2023-05-20 16:00:00,16,28,88.2,Lower Manhattan
2023-05-20 17:00:00,17,30,88.35,Lower Manhattan
2023-05-20 18:00:00,7,9,33.3,Lower Manhattan
2023-05-20 19:00:00,0,0,0.0,Lower Manhattan
2023-05-20 20:00:00,0,0,0.0,Lower Manhattan
2023-05-21 06:00:00,0,0,0.0,Lower Manhattan
2023-05-21 07:00:00,55,102,348.65,Lower Manhattan
2023-05-21 08:00:00,43,69,205.95000000000002,Lower Manhattan
2023-05-21 09:00:00,59,104,331.2,Lower Manhattan
2023-05-21 10:00:00,37,60,196.8,Lower Manhattan
2023-05-21 11:00:00,16,29,76.9,Lower Manhattan
2023-05-21 12:00:00,16,23,63.15,Lower Manhattan
2023-05-21 13:00:00,18,25,90.35,Lower Manhattan
2023-05-21 14:00:00,28,41,138.8,Lower Manhattan
2023-05-21 15:00:00,17,27,82.65,Lower Manhattan
2023-05-21 16:00:00,12,22,62.65,Lower Manhattan
2023-05-21 17:00:00,10,21,60.05,Lower Manhattan
2023-05-21 18:00:00,11,21,59.8,Lower Manhattan
2023-05-21 19:00:00,0,0,0.0,Lower Manhattan
2023-05-21 20:00:00,0,0,0.0,Lower Manhattan
2023-05-22 06:00:00,52,80,230.85,Lower Manhattan
2023-05-22 07:00:00,48,92,293.08,Lower Manhattan
2023-05-22 08:00:00,53,89,338.75,Lower Manhattan
2023-05-22 09:00:00,45,84,239.5,Lower Manhattan
2023-05-22 10:00:00,58,99,361.2,Lower Manhattan
2023-05-22 11:00:00,20,35,113.1,Lower Manhattan
2023-05-22 12:00:00,25,40,122.35,Lower Manhattan
2023-05-22 13:00:00,19,32,101.65,Lower Manhattan
2023-05-22 14:00:00,20,34,113.78,Lower Manhattan
2023-05-22 15:00:00,14,24,69.85,Lower Manhattan
2023-05-22 16:00:00,19,37,108.5,Lower Manhattan
2023-05-22 17:00:00,28,48,133.95,Lower Manhattan
2023-05-22 18:00:00,6,11,30.5,Lower Manhattan
2023-05-22 19:00:00,0,0,0.0,Lower Manhattan
2023-05-22 20:00:00,0,0,0.0,Lower Manhattan
2023-05-23 06:00:00,45,83,262.65,Lower Manhattan
2023-05-23 07:00:00,42,77,247.45,Lower Manhattan
2023-05-23 08:00:00,35,65,207.75,Lower Manhattan
2023-05-23 09:00:00,43,73,224.73,Lower Manhattan
2023-05-23 10:00:00,49,87,272.8,Lower Manhattan
2023-05-23 11:00:00,16,28,76.2,Lower Manhattan
2023-05-23 12:00:00,8,17,48.95,Lower Manhattan
2023-05-23 13:00:00,14,23,62.55,Lower Manhattan
2023-05-23 14:00:00,18,26,92.55,Lower Manhattan
2023-05-23 15:00:00,12,20,54.15,Lower Manhattan
2023-05-23 16:00:00,11,26,69.9,Lower Manhattan
2023-05-23 17:00:00,19,29,80.5,Lower Manhattan
2023-05-23 18:00:00,10,18,53.7,Lower Manhattan
2023-05-23 19:00:00,0,0,0.0,Lower Manhattan
2023-05-23 20:00:00,0,0,0.0,Lower Manhattan
2023-05-24 06:00:00,35,64,238.35,Lower Manhattan
2023-05-24 07:00:00,40,69,200.15,Lower Manhattan
2023-05-24 08:00:00,51,83,275.65,Lower Manhattan
2023-05-24 09:00:00,34,52,167.05,Lower Manhattan
2023-05-24 10:00:00,49,91,273.65,Lower Manhattan
2023-05-24 11:00:00,23,38,138.1,Lower Manhattan
2023-05-24 12:00:00,10,17,51.3,Lower Manhattan
2023-05-24 13:00:00,23,41,121.0,Lower Manhattan
2023-05-24 14:00:00,34,54,159.25,Lower Manhattan
2023-05-24 15:00:00,24,49,143.1,Lower Manhattan
2023-05-24 16:00:00,21,30,80.05,Lower Manhattan
2023-05-24 17:00:00,12,22,58.8,Lower Manhattan
2023-05-24 18:00:00,12,23,62.15,Lower Manhattan
2023-05-24 19:00:00,0,0,0.0,Lower Manhattan
2023-05-24 20:00:00,0,0,0.0,Lower Manhattan
2023-05-25 06:00:00,48,85,277.45,Lower Manhattan
2023-05-25 07:00:00,43,72,231.4,Lower Manhattan
2023-05-25 08:00:00,47,85,327.75,Lower Manhattan
2023-05-25 09:00:00,50,90,263.55,Lower Manhattan
2023-05-25 10:00:00,46,87,272.05,Lower Manhattan
2023-05-25 11:00:00,10,21,61.3,Lower Manhattan
2023-05-25 12:00:00,18,29,100.2,Lower Manhattan
2023-05-25 13:00:00,19,29,84.6,Lower Manhattan
2023-05-25 14:00:00,8,14,37.65,Lower Manhattan
2023-05-25 15:00:00,17,34,107.0,Lower Manhattan
2023-05-25 16:00:00,25,45,122.35,Lower Manhattan
2023-05-25 17:00:00,20,34,107.75,Lower Manhattan
2023-05-25 18:00:00,2,4,12.25,Lower Manhattan
2023-05-25 19:00:00,0,0,0.0,Lower Manhattan
2023-05-25 20:00:00,0,0,0.0,Lower Manhattan
2023-05-26 06:00:00,52,95,336.4,Lower Manhattan
2023-05-26 07:00:00,35,65,200.8,Lower Manhattan
2023-05-26 08:00:00,38,70,224.75,Lower Manhattan
2023-05-26 09:00:00,53,95,300.5,Lower Manhattan
2023-05-26 10:00:00,40,77,216.95,Lower Manhattan
2023-05-26 11:00:00,13,23,84.9,Lower Manhattan
2023-05-26 12:00:00,20,35,93.1,Lower Manhattan
2023-05-26 13:00:00,17,31,94.45,Lower Manhattan
2023-05-26 14:00:00,18,33,112.55,Lower Manhattan
2023-05-26 15:00:00,18,31,118.6,Lower Manhattan
2023-05-26 16:00:00,11,19,54.95,Lower Manhattan
2023-05-26 17:00:00,16,27,77.3,Lower Manhattan
2023-05-26 18:00:00,12,18,51.75,Lower Manhattan
2023-05-26 19:00:00,0,0,0.0,Lower Manhattan
2023-05-26 20:00:00,0,0,0.0,Lower Manhattan
2023-05-27 06:00:00,0,0,0.0,Lower Manhattan
2023-05-27 07:00:00,64,102,373.95,Lower Manhattan
2023-05-27 08:00:00,43,74,223.25,Lower Manhattan
2023-05-27 09:00:00,60,101,305.8,Lower Manhattan
2023-05-27 10:00:00,74,132,403.3,Lower Manhattan
2023-05-27 11:00:00,10,17,54.5,Lower Manhattan
2023-05-27 12:00:00,18,32,134.6,Lower Manhattan
2023-05-27 13:00:00,18,27,87.6,Lower Manhattan
2023-05-27 14:00:00,22,39,116.2,Lower Manhattan
2023-05-27 15:00:00,31,60,207.4,Lower Manhattan
2023-05-27 16:00:00,26,50,163.3,Lower Manhattan
2023-05-27 17:00:00,31,49,144.95,Lower Manhattan
2023-05-27 18:00:00,6,10,28.0,Lower Manhattan
2023-05-27 19:00:00,0,0,0.0,Lower Manhattan
2023-05-27 20:00:00,0,0,0.0,Lower Manhattan
2023-05-28 06:00:00,0,0,0.0,Lower Manhattan
2023-05-28 07:00:00,30,43,141.5,Lower Manhattan
2023-05-28 08:00:00,29,42,142.95,Lower Manhattan
2023-05-28 09:00:00,27,37,108.3,Lower Manhattan
2023-05-28 10:00:00,25,34,105.4,Lower Manhattan
2023-05-28 11:00:00,27,39,122.75,Lower Manhattan
2023-05-28 12:00:00,17,22,68.3,Lower Manhattan
2023-05-28 13:00:00,31,49,152.95,Lower Manhattan
2023-05-28 14:00:00,29,43,130.0,Lower Manhattan
2023-05-28 15:00:00,34,46,136.75,Lower Manhattan
2023-05-28 16:00:00,39,57,186.25,Lower Manhattan
2023-05-28 17:00:00,29,40,119.45,Lower Manhattan
2023-05-28 18:00:00,11,15,46.45,Lower Manhattan
2023-05-28 19:00:00,0,0,0.0,Lower Manhattan
2023-05-28 20:00:00,0,0,0.0,Lower Manhattan
2023-05-29 06:00:00,0,0,0.0,Lower Manhattan
2023-05-29 07:00:00,18,24,70.75,Lower Manhattan
2023-05-29 08:00:00,24,34,103.4,Lower Manhattan
2023-05-29 09:00:00,25,33,104.15,Lower Manhattan
2023-05-29 10:00:00,26,35,110.95,Lower Manhattan
2023-05-29 11:00:00,13,18,60.75,Lower Manhattan
2023-05-29 12:00:00,18,30,89.1,Lower Manhattan
2023-05-29 13:00:00,35,48,141.85,Lower Manhattan
2023-05-29 14:00:00,27,34,102.0,Lower Manhattan
2023-05-29 15:00:00,24,35,106.0,Lower Manhattan
2023-05-29 16:00:00,32,42,130.65,Lower Manhattan
2023-05-29 17:00:00,34,45,139.75,Lower Manhattan
2023-05-29 18:00:00,10,13,37.9,Lower Manhattan
2023-05-29 19:00:00,0,0,0.0,Lower Manhattan
2023-05-29 20:00:00,0,0,0.0,Lower Manhattan
2023-05-30 06:00:00,33,42,150.2,Lower Manhattan
2023-05-30 07:00:00,49,71,259.7,Lower Manhattan
2023-05-30 08:00:00,51,75,284.33,Lower Manhattan
2023-05-30 09:00:00,52,83,358.4,Lower Manhattan
2023-05-30 10:00:00,32,48,144.25,Lower Manhattan
2023-05-30 11:00:00,7,13,37.6,Lower Manhattan
2023-05-30 12:00:00,15,19,50.35,Lower Manhattan
2023-05-30 13:00:00,20,30,93.25,Lower Manhattan
2023-05-30 14:00:00,24,33,100.35,Lower Manhattan
2023-05-30 15:00:00,13,26,83.55,Lower Manhattan
2023-05-30 16:00:00,19,28,86.55,Lower Manhattan
2023-05-30 17:00:00,9,15,42.4,Lower Manhattan
2023-05-30 18:00:00,6,12,27.5,Lower Manhattan
2023-05-30 19:00:00,3,5,13.6,Lower Manhattan
2023-05-30 20:00:00,0,0,0.0,Lower Manhattan
2023-05-31 06:00:00,22,40,125.25,Lower Manhattan
2023-05-31 07:00:00,45,69,224.96,Lower Manhattan
2023-05-31 08:00:00,47,75,223.6,Lower Manhattan
2023-05-31 09:00:00,41,64,216.75,Lower Manhattan
2023-05-31 10:00:00,54,83,289.75,Lower Manhattan
2023-05-31 11:00:00,15,25,78.35,Lower Manhattan
2023-05-31 12:00:00,17,26,73.25,Lower Manhattan
2023-05-31 13:00:00,13,19,52.55,Lower Manhattan
2023-05-31 14:00:00,18,27,121.55,Lower Manhattan
2023-05-31 15:00:00,9,11,34.26,Lower Manhattan
2023-05-31 16:00:00,13,21,69.15,Lower Manhattan
2023-05-31 17:00:00,12,21,54.35,Lower Manhattan
2023-05-31 18:00:00,11,15,74.55,Lower Manhattan
2023-05-31 19:00:00,1,1,2.2,Lower Manhattan
2023-05-31 20:00:00,2,3,8.75,Lower Manhattan
2023-06-01 06:00:00,0,0,0.0,Lower Manhattan
2023-06-01 07:00:00,40,64,195.15,Lower Manhattan
2023-06-01 08:00:00,28,37,110.75,Lower Manhattan
2023-06-01 09:00:00,42,65,197.2,Lower Manhattan
2023-06-01 10:00:00,28,38,127.6,Lower Manhattan
2023-06-01 11:00:00,32,45,142.5,Lower Manhattan
2023-06-01 12:00:00,24,33,101.65,Lower Manhattan
2023-06-01 13:00:00,32,46,153.35,Lower Manhattan
2023-06-01 14:00:00,30,42,141.4,Lower Manhattan
2023-06-01 15:00:00,37,58,180.75,Lower Manhattan
2023-06-01 16:00:00,20,28,84.45,Lower Manhattan
2023-06-01 17:00:00,23,33,101.65,Lower Manhattan
2023-06-01 18:00:00,14,22,66.5,Lower Manhattan
2023-06-01 19:00:00,0,0,0.0,Lower Manhattan
2023-06-01 20:00:00,0,0,0.0,Lower Manhattan
2023-06-02 06:00:00,0,0,0.0,Lower Manhattan
2023-06-02 07:00:00,32,43,139.2,Lower Manhattan
2023-06-02 08:00:00,35,51,162.35,Lower Manhattan
2023-06-02 09:00:00,27,38,113.85,Lower Manhattan
2023-06-02 10:00:00,26,33,94.15,Lower Manhattan
2023-06-02 11:00:00,23,33,101.2,Lower Manhattan
2023-06-02 12:00:00,36,49,149.4,Lower Manhattan
2023-06-02 13:00:00,22,34,107.35,Lower Manhattan
2023-06-02 14:00:00,34,51,165.25,Lower Manhattan
2023-06-02 15:00:00,29,43,122.65,Lower Manhattan
2023-06-02 16:00:00,29,38,110.0,Lower Manhattan
2023-06-02 17:00:00,26,38,120.55,Lower Manhattan
2023-06-02 18:00:00,11,14,53.5,Lower Manhattan
2023-06-02 19:00:00,0,0,0.0,Lower Manhattan
2023-06-02 20:00:00,0,0,0.0,Lower Manhattan
2023-06-03 06:00:00,0,0,0.0,Lower Manhattan
2023-06-03 07:00:00,35,48,150.7,Lower Manhattan
2023-06-03 08:00:00,31,47,155.4,Lower Manhattan
2023-06-03 09:00:00,30,43,120.4,Lower Manhattan
2023-06-03 10:00:00,32,44,133.2,Lower Manhattan
2023-06-03 11:00:00,37,58,170.5,Lower Manhattan
2023-06-03 12:00:00,42,61,188.9,Lower Manhattan
2023-06-03 13:00:00,27,36,113.6,Lower Manhattan
2023-06-03 14:00:00,27,43,136.35,Lower Manhattan
2023-06-03 15:00:00,34,48,147.45,Lower Manhattan
2023-06-03 16:00:00,27,34,107.6,Lower Manhattan
2023-06-03 17:00:00,28,39,122.05,Lower Manhattan
2023-06-03 18:00:00,11,15,54.2,Lower Manhattan
2023-06-03 19:00:00,0,0,0.0,Lower Manhattan
2023-06-03 20:00:00,0,0,0.0,Lower Manhattan
2023-06-04 06:00:00,0,0,0.0,Lower Manhattan
2023-06-04 07:00:00,25,39,116.45,Lower Manhattan
2023-06-04 08:00:00,25,34,109.55,Lower Manhattan
2023-06-04 09:00:00,35,52,160.45,Lower Manhattan
2023-06-04 10:00:00,29,47,139.15,Lower Manhattan
2023-06-04 11:00:00,30,42,132.0,Lower Manhattan
2023-06-04 12:00:00,29,46,135.0,Lower Manhattan
2023-06-04 13:00:00,21,29,88.9,Lower Manhattan
2023-06-04 14:00:00,30,47,147.45,Lower Manhattan
2023-06-04 15:00:00,47,68,216.1,Lower Manhattan
2023-06-04 16:00:00,20,29,90.2,Lower Manhattan
2023-06-04 17:00:00,39,57,175.25,Lower Manhattan
2023-06-04 18:00:00,21,28,84.85,Lower Manhattan
2023-06-04 19:00:00,0,0,0.0,Lower Manhattan
2023-06-04 20:00:00,0,0,0.0,Lower Manhattan
2023-06-05 06:00:00,0,0,0.0,Lower Manhattan
2023-06-05 07:00:00,25,37,115.1,Lower Manhattan
2023-06-05 08:00:00,37,49,152.35,Lower Manhattan
2023-06-05 09:00:00,29,39,123.15,Lower Manhattan
2023-06-05 10:00:00,35,49,149.95,Lower Manhattan
2023-06-05 11:00:00,35,47,155.0,Lower Manhattan
2023-06-05 12:00:00,32,45,138.8,Lower Manhattan
2023-06-05 13:00:00,22,31,94.1,Lower Manhattan
2023-06-05 14:00:00,39,54,166.25,Lower Manhattan
2023-06-05 15:00:00,34,49,159.65,Lower Manhattan
2023-06-05 16:00:00,19,25,78.5,Lower Manhattan
2023-06-05 17:00:00,28,42,136.9,Lower Manhattan
2023-06-05 18:00:00,13,20,67.25,Lower Manhattan
2023-06-05 19:00:00,0,0,0.0,Lower Manhattan
2023-06-05 20:00:00,0,0,0.0,Lower Manhattan
2023-06-06 06:00:00,0,0,0.0,Lower Manhattan
2023-06-06 07:00:00,43,62,193.0,Lower Manhattan
2023-06-06 08:00:00,29,43,137.35,Lower Manhattan
2023-06-06 09:00:00,30,38,113.2,Lower Manhattan
2023-06-06 10:00:00,36,50,151.0,Lower Manhattan
2023-06-06 11:00:00,28,36,116.55,Lower Manhattan
2023-06-06 12:00:00,30,49,142.55,Lower Manhattan
2023-06-06 13:00:00,30,41,131.45,Lower Manhattan
2023-06-06 14:00:00,30,41,120.8,Lower Manhattan
2023-06-06 15:00:00,37,51,158.25,Lower Manhattan
2023-06-06 16:00:00,28,38,116.9,Lower Manhattan
2023-06-06 17:00:00,32,49,152.6,Lower Manhattan
2023-06-06 18:00:00,13,17,56.75,Lower Manhattan
2023-06-06 19:00:00,0,0,0.0,Lower Manhattan
2023-06-06 20:00:00,0,0,0.0,Lower Manhattan
2023-06-07 06:00:00,6,9,36.5,Lower Manhattan
2023-06-07 07:00:00,56,74,264.3,Lower Manhattan
2023-06-07 08:00:00,60,90,264.9,Lower Manhattan
2023-06-07 09:00:00,45,62,264.05,Lower Manhattan
2023-06-07 10:00:00,77,111,328.0,Lower Manhattan
2023-06-07 11:00:00,15,20,58.65,Lower Manhattan
2023-06-07 12:00:00,16,24,65.65,Lower Manhattan
2023-06-07 13:00:00,0,0,0.0,Lower Manhattan
2023-06-07 14:00:00,0,0,0.0,Lower Manhattan
2023-06-07 15:00:00,0,0,0.0,Lower Manhattan
2023-06-07 16:00:00,0,0,0.0,Lower Manhattan
2023-06-07 17:00:00,0,0,0.0,Lower Manhattan
2023-06-07 18:00:00,0,0,0.0,Lower Manhattan
2023-06-07 19:00:00,0,0,0.0,Lower Manhattan
2023-06-07 20:00:00,0,0,0.0,Lower Manhattan
2023-06-08 06:00:00,0,0,0.0,Lower Manhattan
2023-06-08 07:00:00,38,54,155.1,Lower Manhattan
2023-06-08 08:00:00,75,105,402.45,Lower Manhattan
2023-06-08 09:00:00,57,79,282.05,Lower Manhattan
2023-06-08 10:00:00,81,117,402.75,Lower Manhattan
2023-06-08 11:00:00,22,35,115.5,Lower Manhattan
2023-06-08 12:00:00,19,28,84.05,Lower Manhattan
2023-06-08 13:00:00,17,25,68.95,Lower Manhattan
2023-06-08 14:00:00,8,14,44.7,Lower Manhattan
2023-06-08 15:00:00,15,19,57.25,Lower Manhattan
2023-06-08 16:00:00,14,22,62.35,Lower Manhattan
2023-06-08 17:00:00,9,11,35.75,Lower Manhattan
2023-06-08 18:00:00,27,42,118.7,Lower Manhattan
2023-06-08 19:00:00,15,25,82.9,Lower Manhattan
2023-06-08 20:00:00,10,15,42.3,Lower Manhattan
2023-06-09 06:00:00,0,0,0.0,Lower Manhattan
2023-06-09 07:00:00,42,60,223.37,Lower Manhattan
2023-06-09 08:00:00,51,77,308.7,Lower Manhattan
2023-06-09 09:00:00,74,106,461.39,Lower Manhattan
2023-06-09 10:00:00,85,122,474.62,Lower Manhattan
2023-06-09 11:00:00,11,17,60.09,Lower Manhattan
2023-06-09 12:00:00,18,26,70.84,Lower Manhattan
2023-06-09 13:00:00,13,15,45.38,Lower Manhattan
2023-06-09 14:00:00,17,22,70.28,Lower Manhattan
2023-06-09 15:00:00,18,26,98.23,Lower Manhattan
2023-06-09 16:00:00,8,12,43.730000000000004,Lower Manhattan
2023-06-09 17:00:00,12,18,63.94,Lower Manhattan
2023-06-09 18:00:00,22,28,117.59,Lower Manhattan
2023-06-09 19:00:00,14,19,94.97,Lower Manhattan
2023-06-09 20:00:00,7,8,25.95,Lower Manhattan
2023-06-10 06:00:00,47,67,212.6,Lower Manhattan
2023-06-10 07:00:00,50,67,234.85,Lower Manhattan
2023-06-10 08:00:00,55,70,285.6,Lower Manhattan
2023-06-10 09:00:00,61,88,308.0,Lower Manhattan
2023-06-10 10:00:00,41,57,178.6,Lower Manhattan
2023-06-10 11:00:00,20,29,99.65,Lower Manhattan
2023-06-10 12:00:00,23,34,103.25,Lower Manhattan
2023-06-10 13:00:00,19,29,77.15,Lower Manhattan
2023-06-10 14:00:00,23,38,111.3,Lower Manhattan
2023-06-10 15:00:00,13,17,91.75,Lower Manhattan
2023-06-10 16:00:00,20,30,90.5,Lower Manhattan
2023-06-10 17:00:00,13,17,48.9,Lower Manhattan
2023-06-10 18:00:00,11,15,44.45,Lower Manhattan
2023-06-10 19:00:00,0,0,0.0,Lower Manhattan
2023-06-10 20:00:00,0,0,0.0,Lower Manhattan
2023-06-11 06:00:00,60,81,237.15,Lower Manhattan
2023-06-11 07:00:00,52,71,223.85,Lower Manhattan
2023-06-11 08:00:00,49,69,212.3,Lower Manhattan
2023-06-11 09:00:00,38,50,139.65,Lower Manhattan
2023-06-11 10:00:00,46,68,196.35,Lower Manhattan
2023-06-11 11:00:00,6,8,26.75,Lower Manhattan
2023-06-11 12:00:00,25,36,95.5,Lower Manhattan
2023-06-11 13:00:00,21,28,166.1,Lower Manhattan
2023-06-11 14:00:00,25,42,150.08,Lower Manhattan
2023-06-11 15:00:00,20,32,96.7,Lower Manhattan
2023-06-11 16:00:00,19,27,77.9,Lower Manhattan
2023-06-11 17:00:00,13,16,46.05,Lower Manhattan
2023-06-11 18:00:00,11,15,44.05,Lower Manhattan
2023-06-11 19:00:00,0,0,0.0,Lower Manhattan
2023-06-11 20:00:00,0,0,0.0,Lower Manhattan
2023-06-12 06:00:00,53,76,227.35,Lower Manhattan
2023-06-12 07:00:00,58,88,259.5,Lower Manhattan
2023-06-12 08:00:00,36,56,161.25,Lower Manhattan
2023-06-12 09:00:00,48,67,197.35,Lower Manhattan
2023-06-12 10:00:00,77,111,362.5,Lower Manhattan
2023-06-12 11:00:00,12,18,47.6,Lower Manhattan
2023-06-12 12:00:00,20,28,80.55,Lower Manhattan
2023-06-12 13:00:00,14,23,62.9,Lower Manhattan
2023-06-12 14:00:00,29,40,153.3,Lower Manhattan
2023-06-12 15:00:00,23,36,143.5,Lower Manhattan
2023-06-12 16:00:00,27,39,131.85,Lower Manhattan
2023-06-12 17:00:00,24,31,86.1,Lower Manhattan
2023-06-12 18:00:00,15,23,63.75,Lower Manhattan
2023-06-12 19:00:00,0,0,0.0,Lower Manhattan
2023-06-12 20:00:00,0,0,0.0,Lower Manhattan
2023-06-13 06:00:00,0,0,0.0,Lower Manhattan
2023-06-13 07:00:00,71,113,328.05,Lower Manhattan
2023-06-13 08:00:00,68,109,355.9,Lower Manhattan
2023-06-13 09:00:00,63,92,295.03,Lower Manhattan
2023-06-13 10:00:00,64,98,282.23,Lower Manhattan
2023-06-13 11:00:00,28,42,127.85,Lower Manhattan
2023-06-13 12:00:00,25,41,130.45,Lower Manhattan
2023-06-13 13:00:00,15,19,61.8,Lower Manhattan
2023-06-13 14:00:00,23,40,175.1,Lower Manhattan
2023-06-13 15:00:00,32,46,164.5,Lower Manhattan
2023-06-13 16:00:00,26,39,148.25,Lower Manhattan
2023-06-13 17:00:00,19,30,91.75,Lower Manhattan
2023-06-13 18:00:00,13,20,54.2,Lower Manhattan
2023-06-13 19:00:00,0,0,0.0,Lower Manhattan
2023-06-13 20:00:00,0,0,0.0,Lower Manhattan
2023-06-14 06:00:00,0,0,0.0,Lower Manhattan
2023-06-14 07:00:00,55,76,254.03,Lower Manhattan
2023-06-14 08:00:00,67,90,305.05,Lower Manhattan
2023-06-14 09:00:00,62,83,270.8,Lower Manhattan
2023-06-14 10:00:00,77,96,322.13,Lower Manhattan
2023-06-14 11:00:00,15,20,54.45,Lower Manhattan
2023-06-14 12:00:00,11,12,57.35,Lower Manhattan
2023-06-14 13:00:00,23,29,142.4,Lower Manhattan
2023-06-14 14:00:00,16,22,72.4,Lower Manhattan
2023-06-14 15:00:00,19,23,79.3,Lower Manhattan
2023-06-14 16:00:00,22,29,98.1,Lower Manhattan
2023-06-14 17:00:00,16,19,64.95,Lower Manhattan
2023-06-14 18:00:00,10,12,30.4,Lower Manhattan
2023-06-14 19:00:00,0,0,0.0,Lower Manhattan
2023-06-14 20:00:00,0,0,0.0,Lower Manhattan
2023-06-15 06:00:00,52,78,243.3,Lower Manhattan
2023-06-15 07:00:00,39,57,182.05,Lower Manhattan
2023-06-15 08:00:00,40,54,154.2,Lower Manhattan
2023-06-15 09:00:00,30,50,164.75,Lower Manhattan
2023-06-15 10:00:00,65,86,294.05,Lower Manhattan
2023-06-15 11:00:00,22,27,82.05,Lower Manhattan
2023-06-15 12:00:00,23,30,88.45,Lower Manhattan
2023-06-15 13:00:00,20,27,87.7,Lower Manhattan
2023-06-15 14:00:00,24,33,104.9,Lower Manhattan
2023-06-15 15:00:00,20,24,86.6,Lower Manhattan
2023-06-15 16:00:00,22,25,68.1,Lower Manhattan
2023-06-15 17:00:00,6,9,22.85,Lower Manhattan
2023-06-15 18:00:00,14,18,65.85,Lower Manhattan
2023-06-15 19:00:00,0,0,0.0,Lower Manhattan
2023-06-15 20:00:00,0,0,0.0,Lower Manhattan
2023-06-16 06:00:00,33,44,157.6,Lower Manhattan
2023-06-16 07:00:00,32,45,134.5,Lower Manhattan
2023-06-16 08:00:00,58,85,294.18,Lower Manhattan
2023-06-16 09:00:00,51,71,218.25,Lower Manhattan
2023-06-16 10:00:00,48,63,228.35,Lower Manhattan
2023-06-16 11:00:00,26,32,99.05,Lower Manhattan
2023-06-16 12:00:00,35,44,134.15,Lower Manhattan
2023-06-16 13:00:00,18,24,74.45,Lower Manhattan
2023-06-16 14:00:00,21,26,94.75,Lower Manhattan
2023-06-16 15:00:00,39,51,161.05,Lower Manhattan
2023-06-16 16:00:00,35,41,143.75,Lower Manhattan
2023-06-16 17:00:00,7,9,25.35,Lower Manhattan
2023-06-16 18:00:00,9,13,40.25,Lower Manhattan
2023-06-16 19:00:00,0,0,0.0,Lower Manhattan
2023-06-16 20:00:00,0,0,0.0,Lower Manhattan
2023-06-17 06:00:00,56,79,264.1,Lower Manhattan
2023-06-17 07:00:00,56,81,234.4,Lower Manhattan
2023-06-17 08:00:00,46,67,192.65,Lower Manhattan
2023-06-17 09:00:00,43,61,215.25,Lower Manhattan
2023-06-17 10:00:00,48,68,228.45,Lower Manhattan
2023-06-17 11:00:00,19,27,81.35,Lower Manhattan
2023-06-17 12:00:00,23,26,105.1,Lower Manhattan
2023-06-17 13:00:00,21,27,83.15,Lower Manhattan
2023-06-17 14:00:00,14,16,43.55,Lower Manhattan
2023-06-17 15:00:00,14,21,51.5,Lower Manhattan
2023-06-17 16:00:00,21,25,94.9,Lower Manhattan
2023-06-17 17:00:00,22,29,99.3,Lower Manhattan
2023-06-17 18:00:00,8,10,31.15,Lower Manhattan
2023-06-17 19:00:00,0,0,0.0,Lower Manhattan
2023-06-17 20:00:00,0,0,0.0,Lower Manhattan
2023-06-18 06:00:00,47,66,220.25,Lower Manhattan
2023-06-18 07:00:00,45,62,219.38,Lower Manhattan
2023-06-18 08:00:00,38,51,143.35,Lower Manhattan
2023-06-18 09:00:00,44,66,237.65,Lower Manhattan
2023-06-18 10:00:00,48,63,207.25,Lower Manhattan
2023-06-18 11:00:00,20,26,93.85,Lower Manhattan
2023-06-18 12:00:00,22,28,109.4,Lower Manhattan
2023-06-18 13:00:00,28,35,115.6,Lower Manhattan
2023-06-18 14:00:00,31,39,139.85,Lower Manhattan
2023-06-18 15:00:00,25,30,93.95,Lower Manhattan
2023-06-18 16:00:00,30,40,110.95,Lower Manhattan
2023-06-18 17:00:00,14,19,70.3,Lower Manhattan
2023-06-18 18:00:00,10,12,43.5,Lower Manhattan
2023-06-18 19:00:00,0,0,0.0,Lower Manhattan
2023-06-18 20:00:00,0,0,0.0,Lower Manhattan
2023-06-19 06:00:00,57,85,244.3,Lower Manhattan
2023-06-19 07:00:00,45,59,221.7,Lower Manhattan
2023-06-19 08:00:00,51,71,206.15,Lower Manhattan
2023-06-19 09:00:00,36,50,145.15,Lower Manhattan
2023-06-19 10:00:00,40,58,164.9,Lower Manhattan
2023-06-19 11:00:00,26,33,135.75,Lower Manhattan
2023-06-19 12:00:00,34,42,126.5,Lower Manhattan
2023-06-19 13:00:00,19,28,97.4,Lower Manhattan
2023-06-19 14:00:00,19,27,71.85,Lower Manhattan
2023-06-19 15:00:00,25,29,110.55,Lower Manhattan
2023-06-19 16:00:00,21,28,75.65,Lower Manhattan
2023-06-19 17:00:00,15,18,60.35,Lower Manhattan
2023-06-19 18:00:00,12,18,73.15,Lower Manhattan
2023-06-19 19:00:00,0,0,0.0,Lower Manhattan
2023-06-19 20:00:00,0,0,0.0,Lower Manhattan
2023-06-20 06:00:00,0,0,0.0,Lower Manhattan
2023-06-20 07:00:00,76,124,359.6,Lower Manhattan
2023-06-20 08:00:00,51,96,281.23,Lower Manhattan
2023-06-20 09:00:00,47,79,229.4,Lower Manhattan
2023-06-20 10:00:00,72,109,361.25,Lower Manhattan
2023-06-20 11:00:00,19,29,110.7,Lower Manhattan
2023-06-20 12:00:00,7,10,28.0,Lower Manhattan
2023-06-20 13:00:00,16,26,84.0,Lower Manhattan
2023-06-20 14:00:00,20,36,112.8,Lower Manhattan
2023-06-20 15:00:00,21,41,107.15,Lower Manhattan
2023-06-20 16:00:00,16,32,99.60000000000001,Lower Manhattan
2023-06-20 17:00:00,21,39,125.6,Lower Manhattan
2023-06-20 18:00:00,6,8,30.3,Lower Manhattan
2023-06-20 19:00:00,0,0,0.0,Lower Manhattan
2023-06-20 20:00:00,0,0,0.0,Lower Manhattan
2023-06-21 06:00:00,0,0,0.0,Lower Manhattan
2023-06-21 07:00:00,64,111,370.65,Lower Manhattan
2023-06-21 08:00:00,45,73,223.35,Lower Manhattan
2023-06-21 09:00:00,46,82,253.65,Lower Manhattan
2023-06-21 10:00:00,57,95,317.85,Lower Manhattan
2023-06-21 11:00:00,20,38,105.7,Lower Manhattan
2023-06-21 12:00:00,20,28,76.35,Lower Manhattan
2023-06-21 13:00:00,21,31,147.4,Lower Manhattan
2023-06-21 14:00:00,29,41,139.0,Lower Manhattan
2023-06-21 15:00:00,14,23,65.9,Lower Manhattan
2023-06-21 16:00:00,13,22,73.6,Lower Manhattan
2023-06-21 17:00:00,9,20,55.7,Lower Manhattan
2023-06-21 18:00:00,13,22,61.15,Lower Manhattan
2023-06-21 19:00:00,0,0,0.0,Lower Manhattan
2023-06-21 20:00:00,0,0,0.0,Lower Manhattan
2023-06-22 06:00:00,58,91,270.75,Lower Manhattan
2023-06-22 07:00:00,44,79,247.55,Lower Manhattan
2023-06-22 08:00:00,52,93,310.5,Lower Manhattan
2023-06-22 09:00:00,46,80,233.65,Lower Manhattan
2023-06-22 10:00:00,47,81,267.95,Lower Manhattan
2023-06-22 11:00:00,21,37,116.5,Lower Manhattan
2023-06-22 12:00:00,23,39,117.95,Lower Manhattan
2023-06-22 13:00:00,16,25,85.6,Lower Manhattan
2023-06-22 14:00:00,22,37,122.05,Lower Manhattan
2023-06-22 15:00:00,19,35,101.95,Lower Manhattan
2023-06-22 16:00:00,22,41,128.85,Lower Manhattan
2023-06-22 17:00:00,23,39,112.15,Lower Manhattan
2023-06-22 18:00:00,6,11,30.5,Lower Manhattan
2023-06-22 19:00:00,0,0,0.0,Lower Manhattan
2023-06-22 20:00:00,0,0,0.0,Lower Manhattan
2023-06-23 06:00:00,43,73,240.05,Lower Manhattan
2023-06-23 07:00:00,45,80,259.45,Lower Manhattan
2023-06-23 08:00:00,33,59,157.25,Lower Manhattan
2023-06-23 09:00:00,49,85,244.45,Lower Manhattan
2023-06-23 10:00:00,59,100,314.93,Lower Manhattan
2023-06-23 11:00:00,21,43,123.25,Lower Manhattan
2023-06-23 12:00:00,17,31,105.9,Lower Manhattan
2023-06-23 13:00:00,14,28,75.55,Lower Manhattan
2023-06-23 14:00:00,22,30,104.2,Lower Manhattan
2023-06-23 15:00:00,13,26,80.75,Lower Manhattan
2023-06-23 16:00:00,15,30,90.6,Lower Manhattan
2023-06-23 17:00:00,15,27,77.65,Lower Manhattan
2023-06-23 18:00:00,10,19,59.35,Lower Manhattan
2023-06-23 19:00:00,0,0,0.0,Lower Manhattan
2023-06-23 20:00:00,0,0,0.0,Lower Manhattan
2023-06-24 06:00:00,45,72,267.55,Lower Manhattan
2023-06-24 07:00:00,42,72,220.8,Lower Manhattan
2023-06-24 08:00:00,48,76,262.0,Lower Manhattan
2023-06-24 09:00:00,41,68,232.95,Lower Manhattan
2023-06-24 10:00:00,60,107,326.05,Lower Manhattan
2023-06-24 11:00:00,21,37,133.4,Lower Manhattan
2023-06-24 12:00:00,3,6,17.0,Lower Manhattan
2023-06-24 13:00:00,19,32,97.25,Lower Manhattan
2023-06-24 14:00:00,31,50,158.05,Lower Manhattan
2023-06-24 15:00:00,25,49,130.05,Lower Manhattan
2023-06-24 16:00:00,21,38,110.05,Lower Manhattan
2023-06-24 17:00:00,13,26,75.7,Lower Manhattan
2023-06-24 18:00:00,14,24,66.9,Lower Manhattan
2023-06-24 19:00:00,0,0,0.0,Lower Manhattan
2023-06-24 20:00:00,0,0,0.0,Lower Manhattan
2023-06-25 06:00:00,45,78,247.35,Lower Manhattan
2023-06-25 07:00:00,55,91,291.3,Lower Manhattan
2023-06-25 08:00:00,57,105,368.75,Lower Manhattan
2023-06-25 09:00:00,52,88,283.0,Lower Manhattan
2023-06-25 10:00:00,45,77,243.3,Lower Manhattan
2023-06-25 11:00:00,11,23,63.4,Lower Manhattan
2023-06-25 12:00:00,14,19,71.2,Lower Manhattan
2023-06-25 13:00:00,29,40,122.25,Lower Manhattan
2023-06-25 14:00:00,14,34,90.0,Lower Manhattan
2023-06-25 15:00:00,24,48,144.4,Lower Manhattan
2023-06-25 16:00:00,33,61,190.95,Lower Manhattan
2023-06-25 17:00:00,15,26,77.55,Lower Manhattan
2023-06-25 18:00:00,8,17,51.5,Lower Manhattan
2023-06-25 19:00:00,0,0,0.0,Lower Manhattan
2023-06-25 20:00:00,0,0,0.0,Lower Manhattan
2023-06-26 06:00:00,50,92,313.3,Lower Manhattan
2023-06-26 07:00:00,46,87,256.65,Lower Manhattan
2023-06-26 08:00:00,51,91,262.3,Lower Manhattan
2023-06-26 09:00:00,54,93,309.85,Lower Manhattan
2023-06-26 10:00:00,38,68,191.8,Lower Manhattan
2023-06-26 11:00:00,18,33,110.7,Lower Manhattan
2023-06-26 12:00:00,18,33,85.6,Lower Manhattan
2023-06-26 13:00:00,17,34,138.35,Lower Manhattan
2023-06-26 14:00:00,20,34,118.3,Lower Manhattan
2023-06-26 15:00:00,20,34,126.95,Lower Manhattan
2023-06-26 16:00:00,13,24,72.45,Lower Manhattan
2023-06-26 17:00:00,20,36,126.8,Lower Manhattan
2023-06-26 18:00:00,11,15,41.65,Lower Manhattan
2023-06-26 19:00:00,0,0,0.0,Lower Manhattan
2023-06-26 20:00:00,0,0,0.0,Lower Manhattan
2023-06-27 06:00:00,0,0,0.0,Lower Manhattan
2023-06-27 07:00:00,62,102,369.0,Lower Manhattan
2023-06-27 08:00:00,61,114,327.6,Lower Manhattan
2023-06-27 09:00:00,73,130,387.05,Lower Manhattan
2023-06-27 10:00:00,77,138,413.8,Lower Manhattan
2023-06-27 11:00:00,19,33,112.05,Lower Manhattan
2023-06-27 12:00:00,17,29,119.2,Lower Manhattan
2023-06-27 13:00:00,18,24,67.7,Lower Manhattan
2023-06-27 14:00:00,15,28,72.05,Lower Manhattan
2023-06-27 15:00:00,36,64,230.5,Lower Manhattan
2023-06-27 16:00:00,25,48,156.15,Lower Manhattan
2023-06-27 17:00:00,33,50,154.0,Lower Manhattan
2023-06-27 18:00:00,6,10,28.3,Lower Manhattan
2023-06-27 19:00:00,0,0,0.0,Lower Manhattan
2023-06-27 20:00:00,0,0,0.0,Lower Manhattan
2023-06-28 06:00:00,0,0,0.0,Lower Manhattan
2023-06-28 07:00:00,31,47,144.45,Lower Manhattan
2023-06-28 08:00:00,27,42,131.2,Lower Manhattan
2023-06-28 09:00:00,30,39,119.0,Lower Manhattan
2023-06-28 10:00:00,33,43,133.45,Lower Manhattan
2023-06-28 11:00:00,31,46,146.15,Lower Manhattan
2023-06-28 12:00:00,25,35,104.6,Lower Manhattan
2023-06-28 13:00:00,32,51,161.6,Lower Manhattan
2023-06-28 14:00:00,31,46,139.1,Lower Manhattan
2023-06-28 15:00:00,38,52,160.3,Lower Manhattan
2023-06-28 16:00:00,28,41,129.55,Lower Manhattan
2023-06-28 17:00:00,25,36,110.3,Lower Manhattan
2023-06-28 18:00:00,12,14,45.25,Lower Manhattan
2023-06-28 19:00:00,0,0,0.0,Lower Manhattan
2023-06-28 20:00:00,0,0,0.0,Lower Manhattan
2023-06-29 06:00:00,0,0,0.0,Lower Manhattan
2023-06-29 07:00:00,15,22,66.0,Lower Manhattan
2023-06-29 08:00:00,26,39,115.1,Lower Manhattan
2023-06-29 09:00:00,24,32,98.25,Lower Manhattan
2023-06-29 10:00:00,25,30,94.45,Lower Manhattan
2023-06-29 11:00:00,21,30,88.3,Lower Manhattan
2023-06-29 12:00:00,24,39,121.15,Lower Manhattan
2023-06-29 13:00:00,39,54,165.1,Lower Manhattan
2023-06-29 14:00:00,29,39,112.45,Lower Manhattan
2023-06-29 15:00:00,25,34,102.65,Lower Manhattan
2023-06-29 16:00:00,37,51,165.05,Lower Manhattan
2023-06-29 17:00:00,31,42,132.55,Lower Manhattan
2023-06-29 18:00:00,9,12,38.4,Lower Manhattan
2023-06-29 19:00:00,0,0,0.0,Lower Manhattan
2023-06-29 20:00:00,0,0,0.0,Lower Manhattan
2023-06-30 06:00:00,22,38,99.6,Lower Manhattan
2023-06-30 07:00:00,51,82,257.36,Lower Manhattan
2023-06-30 08:00:00,49,78,229.3,Lower Manhattan
2023-06-30 09:00:00,56,85,326.6,Lower Manhattan
2023-06-30 10:00:00,57,85,310.1,Lower Manhattan
2023-06-30 11:00:00,15,22,70.65,Lower Manhattan
2023-06-30 12:00:00,5,7,19.7,Lower Manhattan
2023-06-30 13:00:00,18,23,115.88,Lower Manhattan
2023-06-30 14:00:00,15,26,72.55,Lower Manhattan
2023-06-30 15:00:00,18,25,91.05,Lower Manhattan
2023-06-30 16:00:00,16,24,62.5,Lower Manhattan
2023-06-30 17:00:00,10,18,51.2,Lower Manhattan
2023-06-30 18:00:00,14,18,50.25,Lower Manhattan
2023-06-30 19:00:00,1,2,7.0,Lower Manhattan
2023-06-30 20:00:00,1,2,5.0,Lower Manhattan
