datetime,transactions,lag_1,lag_24,lag_168,roll_24,roll_168,store_location,hour,dayofweek,is_weekend,day_index,store_Astoria,store_Hell's Kitchen,store_Lower Manhattan
2023-01-08 07:00:00,6.0,,19.0,0.0,14.153846153846153,14.593406593406593,Astoria,7,6,1,7,1,0,0
2023-01-08 08:00:00,17.0,6.0,21.0,0.0,13.153846153846153,14.659340659340659,Astoria,8,6,1,7,1,0,0
2023-01-08 09:00:00,8.0,17.0,4.0,0.0,12.846153846153847,14.846153846153847,Astoria,9,6,1,7,1,0,0
2023-01-08 10:00:00,13.0,8.0,14.0,0.0,13.153846153846153,14.934065934065934,Astoria,10,6,1,7,1,0,0
2023-01-08 11:00:00,15.0,13.0,14.0,22.0,13.076923076923077,15.076923076923077,Astoria,11,6,1,7,1,0,0
2023-01-08 12:00:00,10.0,15.0,20.0,27.0,13.153846153846153,15.0,Astoria,12,6,1,7,1,0,0
2023-01-08 13:00:00,19.0,10.0,16.0,19.0,12.384615384615385,14.813186813186814,Astoria,13,6,1,7,1,0,0
2023-01-08 14:00:00,13.0,19.0,12.0,14.0,12.615384615384615,14.813186813186814,Astoria,14,6,1,7,1,0,0
2023-01-08 15:00:00,13.0,13.0,16.0,20.0,12.692307692307692,14.802197802197803,Astoria,15,6,1,7,1,0,0
2023-01-08 16:00:00,7.0,13.0,7.0,22.0,12.461538461538462,14.725274725274724,Astoria,16,6,1,7,1,0,0
2023-01-08 17:00:00,13.0,7.0,5.0,19.0,12.461538461538462,14.56043956043956,Astoria,17,6,1,7,1,0,0
2023-01-08 18:00:00,9.0,13.0,23.0,27.0,13.076923076923077,14.494505494505495,Astoria,18,6,1,7,1,0,0
2023-01-08 19:00:00,18.0,9.0,13.0,20.0,12.0,14.296703296703297,Astoria,19,6,1,7,1,0,0
2023-01-09 07:00:00,29.0,,6.0,0.0,12.384615384615385,14.274725274725276,Astoria,7,0,0,8,1,0,0
2023-01-09 08:00:00,37.0,29.0,17.0,0.0,14.153846153846153,14.593406593406593,Astoria,8,0,0,8,1,0,0
2023-01-09 09:00:00,19.0,37.0,8.0,0.0,15.692307692307692,15.0,Astoria,9,0,0,8,1,0,0
2023-01-09 10:00:00,27.0,19.0,13.0,0.0,16.53846153846154,15.208791208791208,Astoria,10,0,0,8,1,0,0
2023-01-09 11:00:00,5.0,27.0,15.0,26.0,17.615384615384617,15.505494505494505,Astoria,11,0,0,8,1,0,0
2023-01-09 12:00:00,9.0,5.0,10.0,26.0,16.846153846153847,15.274725274725276,Astoria,12,0,0,8,1,0,0
2023-01-09 13:00:00,6.0,9.0,19.0,23.0,16.76923076923077,15.087912087912088,Astoria,13,0,0,8,1,0,0
2023-01-09 14:00:00,4.0,6.0,13.0,21.0,15.76923076923077,14.901098901098901,Astoria,14,0,0,8,1,0,0
2023-01-09 15:00:00,4.0,4.0,13.0,20.0,15.076923076923077,14.714285714285714,Astoria,15,0,0,8,1,0,0
2023-01-09 16:00:00,6.0,4.0,7.0,27.0,14.384615384615385,14.538461538461538,Astoria,16,0,0,8,1,0,0
2023-01-09 17:00:00,8.0,6.0,13.0,27.0,14.307692307692308,14.307692307692308,Astoria,17,0,0,8,1,0,0
2023-01-09 18:00:00,8.0,8.0,9.0,24.0,13.923076923076923,14.098901098901099,Astoria,18,0,0,8,1,0,0
2023-01-09 19:00:00,3.0,8.0,18.0,18.0,13.846153846153847,13.923076923076923,Astoria,19,0,0,8,1,0,0
2023-01-10 07:00:00,36.0,,29.0,0.0,12.692307692307692,13.758241758241759,Astoria,7,1,0,9,1,0,0
2023-01-10 08:00:00,44.0,36.0,37.0,0.0,13.23076923076923,14.153846153846153,Astoria,8,1,0,9,1,0,0
2023-01-10 09:00:00,40.0,44.0,19.0,0.0,13.76923076923077,14.637362637362637,Astoria,9,1,0,9,1,0,0
2023-01-10 10:00:00,24.0,40.0,27.0,0.0,15.384615384615385,15.076923076923077,Astoria,10,1,0,9,1,0,0
2023-01-10 11:00:00,8.0,24.0,5.0,21.0,15.153846153846153,15.340659340659341,Astoria,11,1,0,9,1,0,0
2023-01-10 12:00:00,7.0,8.0,9.0,16.0,15.384615384615385,15.197802197802197,Astoria,12,1,0,9,1,0,0
2023-01-10 13:00:00,11.0,7.0,6.0,24.0,15.23076923076923,15.098901098901099,Astoria,13,1,0,9,1,0,0
2023-01-10 14:00:00,10.0,11.0,4.0,28.0,15.615384615384615,14.956043956043956,Astoria,14,1,0,9,1,0,0
2023-01-10 15:00:00,6.0,10.0,4.0,28.0,16.076923076923077,14.758241758241759,Astoria,15,1,0,9,1,0,0
2023-01-10 16:00:00,7.0,6.0,6.0,18.0,16.23076923076923,14.516483516483516,Astoria,16,1,0,9,1,0,0
2023-01-10 17:00:00,3.0,7.0,8.0,18.0,16.307692307692307,14.395604395604396,Astoria,17,1,0,9,1,0,0
2023-01-10 18:00:00,9.0,3.0,8.0,27.0,15.923076923076923,14.23076923076923,Astoria,18,1,0,9,1,0,0
2023-01-10 19:00:00,5.0,9.0,3.0,25.0,16.0,14.032967032967033,Astoria,19,1,0,9,1,0,0
2023-01-11 07:00:00,20.0,,36.0,0.0,16.153846153846153,13.813186813186814,Astoria,7,2,0,10,1,0,0
2023-01-11 08:00:00,22.0,20.0,44.0,0.0,14.923076923076923,14.032967032967033,Astoria,8,2,0,10,1,0,0
2023-01-11 09:00:00,25.0,22.0,40.0,0.0,13.23076923076923,14.274725274725276,Astoria,9,2,0,10,1,0,0
2023-01-11 10:00:00,32.0,25.0,24.0,0.0,12.076923076923077,14.54945054945055,Astoria,10,2,0,10,1,0,0
2023-01-11 11:00:00,8.0,32.0,8.0,15.0,12.692307692307692,14.901098901098901,Astoria,11,2,0,10,1,0,0
2023-01-11 12:00:00,6.0,8.0,7.0,31.0,12.692307692307692,14.824175824175825,Astoria,12,2,0,10,1,0,0
2023-01-11 13:00:00,8.0,6.0,11.0,24.0,12.615384615384615,14.54945054945055,Astoria,13,2,0,10,1,0,0
2023-01-11 14:00:00,5.0,8.0,10.0,20.0,12.384615384615385,14.373626373626374,Astoria,14,2,0,10,1,0,0
2023-01-11 15:00:00,0.0,5.0,6.0,18.0,12.0,14.208791208791208,Astoria,15,2,0,10,1,0,0
2023-01-11 16:00:00,8.0,0.0,7.0,14.0,11.538461538461538,14.010989010989011,Astoria,16,2,0,10,1,0,0
2023-01-11 17:00:00,12.0,8.0,3.0,26.0,11.615384615384615,13.945054945054945,Astoria,17,2,0,10,1,0,0
2023-01-11 18:00:00,8.0,12.0,9.0,16.0,12.307692307692308,13.791208791208792,Astoria,18,2,0,10,1,0,0
2023-01-11 19:00:00,8.0,8.0,5.0,23.0,12.23076923076923,13.703296703296703,Astoria,19,2,0,10,1,0,0
2023-01-12 07:00:00,17.0,,20.0,0.0,12.461538461538462,13.538461538461538,Astoria,7,3,0,11,1,0,0
2023-01-12 08:00:00,25.0,17.0,22.0,0.0,12.23076923076923,13.725274725274724,Astoria,8,3,0,11,1,0,0
2023-01-12 09:00:00,23.0,25.0,25.0,0.0,12.461538461538462,14.0,Astoria,9,3,0,11,1,0,0
2023-01-12 10:00:00,20.0,23.0,32.0,0.0,12.307692307692308,14.252747252747254,Astoria,10,3,0,11,1,0,0
2023-01-12 11:00:00,7.0,20.0,8.0,15.0,11.384615384615385,14.472527472527473,Astoria,11,3,0,11,1,0,0
2023-01-12 12:00:00,1.0,7.0,6.0,31.0,11.307692307692308,14.384615384615385,Astoria,12,3,0,11,1,0,0
2023-01-12 13:00:00,7.0,1.0,8.0,32.0,10.923076923076923,14.054945054945055,Astoria,13,3,0,11,1,0,0
2023-01-12 14:00:00,7.0,7.0,5.0,14.0,10.846153846153847,13.780219780219781,Astoria,14,3,0,11,1,0,0
2023-01-12 15:00:00,8.0,7.0,0.0,25.0,11.0,13.703296703296703,Astoria,15,3,0,11,1,0,0
2023-01-12 16:00:00,3.0,8.0,8.0,22.0,11.615384615384615,13.516483516483516,Astoria,16,3,0,11,1,0,0
2023-01-12 17:00:00,11.0,3.0,12.0,16.0,11.23076923076923,13.307692307692308,Astoria,17,3,0,11,1,0,0
2023-01-12 18:00:00,8.0,11.0,8.0,23.0,11.153846153846153,13.252747252747254,Astoria,18,3,0,11,1,0,0
2023-01-12 19:00:00,7.0,8.0,8.0,20.0,11.153846153846153,13.087912087912088,Astoria,19,3,0,11,1,0,0
2023-01-13 07:00:00,32.0,,17.0,0.0,11.076923076923077,12.945054945054945,Astoria,7,4,0,12,1,0,0
2023-01-13 08:00:00,19.0,32.0,25.0,0.0,12.23076923076923,13.296703296703297,Astoria,8,4,0,12,1,0,0
2023-01-13 09:00:00,17.0,19.0,23.0,0.0,11.76923076923077,13.505494505494505,Astoria,9,4,0,12,1,0,0
2023-01-13 10:00:00,42.0,17.0,20.0,0.0,11.307692307692308,13.692307692307692,Astoria,10,4,0,12,1,0,0
2023-01-13 11:00:00,7.0,42.0,7.0,14.0,13.0,14.153846153846153,Astoria,11,4,0,12,1,0,0
2023-01-13 12:00:00,8.0,7.0,1.0,25.0,13.0,14.076923076923077,Astoria,12,4,0,12,1,0,0
2023-01-13 13:00:00,7.0,8.0,7.0,13.0,13.538461538461538,13.89010989010989,Astoria,13,4,0,12,1,0,0
2023-01-13 14:00:00,2.0,7.0,7.0,15.0,13.538461538461538,13.824175824175825,Astoria,14,4,0,12,1,0,0
2023-01-13 15:00:00,10.0,2.0,8.0,17.0,13.153846153846153,13.68131868131868,Astoria,15,4,0,12,1,0,0
2023-01-13 16:00:00,2.0,10.0,3.0,14.0,13.307692307692308,13.604395604395604,Astoria,16,4,0,12,1,0,0
2023-01-13 17:00:00,9.0,2.0,11.0,17.0,13.23076923076923,13.472527472527473,Astoria,17,4,0,12,1,0,0
2023-01-13 18:00:00,9.0,9.0,8.0,22.0,13.076923076923077,13.384615384615385,Astoria,18,4,0,12,1,0,0
2023-01-13 19:00:00,11.0,9.0,7.0,15.0,13.153846153846153,13.241758241758241,Astoria,19,4,0,12,1,0,0
2023-01-14 07:00:00,0.0,,32.0,19.0,13.461538461538462,13.197802197802197,Astoria,7,5,1,13,1,0,0
2023-01-14 08:00:00,38.0,0.0,19.0,21.0,11.0,12.989010989010989,Astoria,8,5,1,13,1,0,0
2023-01-14 09:00:00,30.0,38.0,17.0,4.0,12.461538461538462,13.175824175824175,Astoria,9,5,1,13,1,0,0
2023-01-14 10:00:00,30.0,30.0,42.0,14.0,13.461538461538462,13.461538461538462,Astoria,10,5,1,13,1,0,0
2023-01-14 11:00:00,6.0,30.0,7.0,14.0,12.538461538461538,13.637362637362637,Astoria,11,5,1,13,1,0,0
2023-01-14 12:00:00,5.0,6.0,8.0,20.0,12.461538461538462,13.54945054945055,Astoria,12,5,1,13,1,0,0
2023-01-14 13:00:00,11.0,5.0,7.0,16.0,12.23076923076923,13.384615384615385,Astoria,13,5,1,13,1,0,0
2023-01-14 14:00:00,2.0,11.0,2.0,12.0,12.538461538461538,13.32967032967033,Astoria,14,5,1,13,1,0,0
2023-01-14 15:00:00,12.0,2.0,10.0,16.0,12.538461538461538,13.219780219780219,Astoria,15,5,1,13,1,0,0
2023-01-14 16:00:00,3.0,12.0,2.0,7.0,12.692307692307692,13.175824175824175,Astoria,16,5,1,13,1,0,0
2023-01-14 17:00:00,8.0,3.0,9.0,5.0,12.76923076923077,13.131868131868131,Astoria,17,5,1,13,1,0,0
2023-01-14 18:00:00,1.0,8.0,9.0,23.0,12.692307692307692,13.164835164835164,Astoria,18,5,1,13,1,0,0
2023-01-14 19:00:00,11.0,1.0,11.0,13.0,12.076923076923077,12.923076923076923,Astoria,19,5,1,13,1,0,0
2023-01-15 07:00:00,23.0,,0.0,6.0,12.076923076923077,12.901098901098901,Astoria,7,6,1,14,1,0,0
2023-01-15 08:00:00,32.0,23.0,38.0,17.0,13.846153846153847,13.087912087912088,Astoria,8,6,1,14,1,0,0
2023-01-15 09:00:00,47.0,32.0,30.0,8.0,13.384615384615385,13.252747252747254,Astoria,9,6,1,14,1,0,0
2023-01-15 10:00:00,56.0,47.0,30.0,13.0,14.692307692307692,13.68131868131868,Astoria,10,6,1,14,1,0,0
2023-01-15 11:00:00,5.0,56.0,6.0,15.0,16.692307692307693,14.153846153846153,Astoria,11,6,1,14,1,0,0
2023-01-15 12:00:00,8.0,5.0,5.0,10.0,16.615384615384617,14.043956043956044,Astoria,12,6,1,14,1,0,0
2023-01-15 13:00:00,14.0,8.0,11.0,19.0,16.846153846153847,14.021978021978022,Astoria,13,6,1,14,1,0,0
2023-01-15 14:00:00,11.0,14.0,2.0,13.0,17.076923076923077,13.967032967032967,Astoria,14,6,1,14,1,0,0
2023-01-15 15:00:00,12.0,11.0,12.0,13.0,17.76923076923077,13.945054945054945,Astoria,15,6,1,14,1,0,0
2023-01-15 16:00:00,5.0,12.0,3.0,7.0,17.76923076923077,13.934065934065934,Astoria,16,6,1,14,1,0,0
2023-01-15 17:00:00,17.0,5.0,8.0,13.0,17.923076923076923,13.912087912087912,Astoria,17,6,1,14,1,0,0
2023-01-15 18:00:00,18.0,17.0,1.0,9.0,18.615384615384617,13.956043956043956,Astoria,18,6,1,14,1,0,0
2023-01-15 19:00:00,14.0,18.0,11.0,18.0,19.923076923076923,14.054945054945055,Astoria,19,6,1,14,1,0,0
2023-01-16 07:00:00,34.0,,23.0,29.0,20.153846153846153,14.010989010989011,Astoria,7,0,0,15,1,0,0
2023-01-16 08:00:00,26.0,34.0,32.0,37.0,21.0,14.065934065934066,Astoria,8,0,0,15,1,0,0
2023-01-16 09:00:00,36.0,26.0,47.0,19.0,20.53846153846154,13.945054945054945,Astoria,9,0,0,15,1,0,0
2023-01-16 10:00:00,39.0,36.0,56.0,27.0,19.692307692307693,14.131868131868131,Astoria,10,0,0,15,1,0,0
2023-01-16 11:00:00,12.0,39.0,5.0,5.0,18.384615384615383,14.263736263736265,Astoria,11,0,0,15,1,0,0
2023-01-16 12:00:00,5.0,12.0,8.0,9.0,18.923076923076923,14.340659340659341,Astoria,12,0,0,15,1,0,0
2023-01-16 13:00:00,13.0,5.0,14.0,6.0,18.692307692307693,14.296703296703297,Astoria,13,0,0,15,1,0,0
2023-01-16 14:00:00,12.0,13.0,11.0,4.0,18.615384615384617,14.373626373626374,Astoria,14,0,0,15,1,0,0
2023-01-16 15:00:00,10.0,12.0,12.0,4.0,18.692307692307693,14.461538461538462,Astoria,15,0,0,15,1,0,0
2023-01-16 16:00:00,8.0,10.0,5.0,6.0,18.53846153846154,14.527472527472527,Astoria,16,0,0,15,1,0,0
2023-01-16 17:00:00,11.0,8.0,17.0,8.0,18.76923076923077,14.54945054945055,Astoria,17,0,0,15,1,0,0
2023-01-16 18:00:00,11.0,11.0,18.0,8.0,18.307692307692307,14.582417582417582,Astoria,18,0,0,15,1,0,0
2023-01-16 19:00:00,12.0,11.0,14.0,3.0,17.76923076923077,14.615384615384615,Astoria,19,0,0,15,1,0,0
2023-01-17 07:00:00,44.0,,34.0,36.0,17.615384615384617,14.714285714285714,Astoria,7,1,0,16,1,0,0
2023-01-17 08:00:00,24.0,44.0,26.0,44.0,18.384615384615383,14.802197802197803,Astoria,8,1,0,16,1,0,0
2023-01-17 09:00:00,24.0,24.0,36.0,40.0,18.23076923076923,14.582417582417582,Astoria,9,1,0,16,1,0,0
2023-01-17 10:00:00,48.0,24.0,39.0,24.0,17.307692307692307,14.406593406593407,Astoria,10,1,0,16,1,0,0
2023-01-17 11:00:00,8.0,48.0,12.0,8.0,18.0,14.67032967032967,Astoria,11,1,0,16,1,0,0
2023-01-17 12:00:00,7.0,8.0,5.0,7.0,17.692307692307693,14.67032967032967,Astoria,12,1,0,16,1,0,0
2023-01-17 13:00:00,9.0,7.0,13.0,11.0,17.846153846153847,14.67032967032967,Astoria,13,1,0,16,1,0,0
2023-01-17 14:00:00,7.0,9.0,12.0,10.0,17.53846153846154,14.648351648351648,Astoria,14,1,0,16,1,0,0
2023-01-17 15:00:00,6.0,7.0,10.0,6.0,17.153846153846153,14.615384615384615,Astoria,15,1,0,16,1,0,0
2023-01-17 16:00:00,6.0,6.0,8.0,7.0,16.846153846153847,14.615384615384615,Astoria,16,1,0,16,1,0,0
2023-01-17 17:00:00,13.0,6.0,11.0,3.0,16.692307692307693,14.604395604395604,Astoria,17,1,0,16,1,0,0
2023-01-17 18:00:00,5.0,13.0,11.0,9.0,16.846153846153847,14.714285714285714,Astoria,18,1,0,16,1,0,0
2023-01-17 19:00:00,8.0,5.0,12.0,5.0,16.384615384615383,14.67032967032967,Astoria,19,1,0,16,1,0,0
2023-01-18 07:00:00,35.0,,44.0,20.0,16.076923076923077,14.703296703296703,Astoria,7,2,0,17,1,0,0
2023-01-18 08:00:00,28.0,35.0,24.0,22.0,15.384615384615385,14.868131868131869,Astoria,8,2,0,17,1,0,0
2023-01-18 09:00:00,32.0,28.0,24.0,25.0,15.692307692307692,14.934065934065934,Astoria,9,2,0,17,1,0,0
2023-01-18 10:00:00,46.0,32.0,48.0,32.0,16.307692307692307,15.010989010989011,Astoria,10,2,0,17,1,0,0
2023-01-18 11:00:00,9.0,46.0,8.0,8.0,16.153846153846153,15.164835164835164,Astoria,11,2,0,17,1,0,0
2023-01-18 12:00:00,3.0,9.0,7.0,6.0,16.23076923076923,15.175824175824175,Astoria,12,2,0,17,1,0,0
2023-01-18 13:00:00,8.0,3.0,9.0,8.0,15.923076923076923,15.142857142857142,Astoria,13,2,0,17,1,0,0
2023-01-18 14:00:00,11.0,8.0,7.0,5.0,15.846153846153847,15.142857142857142,Astoria,14,2,0,17,1,0,0
2023-01-18 15:00:00,8.0,11.0,6.0,0.0,16.153846153846153,15.208791208791208,Astoria,15,2,0,17,1,0,0
2023-01-18 16:00:00,10.0,8.0,6.0,8.0,16.307692307692307,15.296703296703297,Astoria,16,2,0,17,1,0,0
2023-01-18 17:00:00,10.0,10.0,13.0,12.0,16.615384615384617,15.31868131868132,Astoria,17,2,0,17,1,0,0
2023-01-18 18:00:00,3.0,10.0,5.0,8.0,16.384615384615383,15.296703296703297,Astoria,18,2,0,17,1,0,0
2023-01-18 19:00:00,11.0,3.0,8.0,8.0,16.23076923076923,15.241758241758241,Astoria,19,2,0,17,1,0,0
2023-01-19 07:00:00,35.0,,35.0,17.0,16.46153846153846,15.274725274725276,Astoria,7,3,0,18,1,0,0
2023-01-19 08:00:00,33.0,35.0,28.0,25.0,16.46153846153846,15.472527472527473,Astoria,8,3,0,18,1,0,0
2023-01-19 09:00:00,36.0,33.0,32.0,23.0,16.846153846153847,15.56043956043956,Astoria,9,3,0,18,1,0,0
2023-01-19 10:00:00,42.0,36.0,46.0,20.0,17.153846153846153,15.703296703296703,Astoria,10,3,0,18,1,0,0
2023-01-19 11:00:00,7.0,42.0,9.0,7.0,16.846153846153847,15.945054945054945,Astoria,11,3,0,18,1,0,0
2023-01-19 12:00:00,7.0,7.0,3.0,1.0,16.692307692307693,15.945054945054945,Astoria,12,3,0,18,1,0,0
2023-01-19 13:00:00,8.0,7.0,8.0,7.0,17.0,16.01098901098901,Astoria,13,3,0,18,1,0,0
2023-01-19 14:00:00,9.0,8.0,11.0,7.0,17.0,16.021978021978022,Astoria,14,3,0,18,1,0,0
2023-01-19 15:00:00,6.0,9.0,8.0,8.0,16.846153846153847,16.043956043956044,Astoria,15,3,0,18,1,0,0
2023-01-19 16:00:00,6.0,6.0,10.0,3.0,16.692307692307693,16.021978021978022,Astoria,16,3,0,18,1,0,0
2023-01-19 17:00:00,6.0,6.0,10.0,11.0,16.384615384615383,16.054945054945055,Astoria,17,3,0,18,1,0,0
2023-01-19 18:00:00,13.0,6.0,3.0,8.0,16.076923076923077,16.0,Astoria,18,3,0,18,1,0,0
2023-01-19 19:00:00,12.0,13.0,11.0,7.0,16.846153846153847,16.054945054945055,Astoria,19,3,0,18,1,0,0
2023-01-20 07:00:00,18.0,,35.0,32.0,16.923076923076923,16.10989010989011,Astoria,7,4,0,19,1,0,0
2023-01-20 08:00:00,43.0,18.0,33.0,19.0,15.615384615384615,15.956043956043956,Astoria,8,4,0,19,1,0,0
2023-01-20 09:00:00,35.0,43.0,36.0,17.0,16.384615384615383,16.21978021978022,Astoria,9,4,0,19,1,0,0
2023-01-20 10:00:00,18.0,35.0,42.0,42.0,16.307692307692307,16.417582417582416,Astoria,10,4,0,19,1,0,0
2023-01-20 11:00:00,7.0,18.0,7.0,7.0,14.461538461538462,16.153846153846153,Astoria,11,4,0,19,1,0,0
2023-01-20 12:00:00,8.0,7.0,7.0,8.0,14.461538461538462,16.153846153846153,Astoria,12,4,0,19,1,0,0
2023-01-20 13:00:00,7.0,8.0,8.0,7.0,14.538461538461538,16.153846153846153,Astoria,13,4,0,19,1,0,0
2023-01-20 14:00:00,9.0,7.0,9.0,2.0,14.461538461538462,16.153846153846153,Astoria,14,4,0,19,1,0,0
2023-01-20 15:00:00,10.0,9.0,6.0,10.0,14.461538461538462,16.23076923076923,Astoria,15,4,0,19,1,0,0
2023-01-20 16:00:00,19.0,10.0,6.0,2.0,14.76923076923077,16.23076923076923,Astoria,16,4,0,19,1,0,0
2023-01-20 17:00:00,7.0,19.0,6.0,9.0,15.76923076923077,16.417582417582416,Astoria,17,4,0,19,1,0,0
2023-01-20 18:00:00,13.0,7.0,13.0,9.0,15.846153846153847,16.395604395604394,Astoria,18,4,0,19,1,0,0
2023-01-20 19:00:00,18.0,13.0,12.0,11.0,15.846153846153847,16.439560439560438,Astoria,19,4,0,19,1,0,0
2023-01-21 07:00:00,0.0,,18.0,0.0,16.307692307692307,16.516483516483518,Astoria,7,5,1,20,1,0,0
2023-01-21 08:00:00,37.0,0.0,43.0,38.0,14.923076923076923,16.516483516483518,Astoria,8,5,1,20,1,0,0
2023-01-21 09:00:00,42.0,37.0,35.0,30.0,14.461538461538462,16.505494505494507,Astoria,9,5,1,20,1,0,0
2023-01-21 10:00:00,28.0,42.0,18.0,30.0,15.0,16.63736263736264,Astoria,10,5,1,20,1,0,0
2023-01-21 11:00:00,8.0,28.0,7.0,6.0,15.76923076923077,16.615384615384617,Astoria,11,5,1,20,1,0,0
2023-01-21 12:00:00,7.0,8.0,8.0,5.0,15.846153846153847,16.63736263736264,Astoria,12,5,1,20,1,0,0
2023-01-21 13:00:00,6.0,7.0,7.0,11.0,15.76923076923077,16.65934065934066,Astoria,13,5,1,20,1,0,0
2023-01-21 14:00:00,3.0,6.0,9.0,2.0,15.692307692307692,16.604395604395606,Astoria,14,5,1,20,1,0,0
2023-01-21 15:00:00,8.0,3.0,10.0,12.0,15.23076923076923,16.615384615384617,Astoria,15,5,1,20,1,0,0
2023-01-21 16:00:00,5.0,8.0,19.0,3.0,15.076923076923077,16.571428571428573,Astoria,16,5,1,20,1,0,0
2023-01-21 17:00:00,13.0,5.0,7.0,8.0,14.0,16.593406593406595,Astoria,17,5,1,20,1,0,0
2023-01-21 18:00:00,11.0,13.0,13.0,1.0,14.461538461538462,16.64835164835165,Astoria,18,5,1,20,1,0,0
2023-01-21 19:00:00,15.0,11.0,18.0,11.0,14.307692307692308,16.75824175824176,Astoria,19,5,1,20,1,0,0
2023-01-22 07:00:00,13.0,,0.0,23.0,14.076923076923077,16.802197802197803,Astoria,7,6,1,21,1,0,0
2023-01-22 08:00:00,14.0,13.0,37.0,32.0,15.076923076923077,16.692307692307693,Astoria,8,6,1,21,1,0,0
2023-01-22 09:00:00,14.0,14.0,42.0,47.0,13.307692307692308,16.494505494505493,Astoria,9,6,1,21,1,0,0
2023-01-22 10:00:00,13.0,14.0,28.0,56.0,11.153846153846153,16.13186813186813,Astoria,10,6,1,21,1,0,0
2023-01-22 11:00:00,14.0,13.0,8.0,5.0,10.0,15.659340659340659,Astoria,11,6,1,21,1,0,0
2023-01-22 12:00:00,14.0,14.0,7.0,8.0,10.461538461538462,15.758241758241759,Astoria,12,6,1,21,1,0,0
2023-01-22 13:00:00,14.0,14.0,6.0,14.0,11.0,15.824175824175825,Astoria,13,6,1,21,1,0,0
2023-01-22 14:00:00,9.0,14.0,3.0,11.0,11.615384615384615,15.824175824175825,Astoria,14,6,1,21,1,0,0
2023-01-22 15:00:00,11.0,9.0,8.0,12.0,12.076923076923077,15.802197802197803,Astoria,15,6,1,21,1,0,0
2023-01-22 16:00:00,19.0,11.0,5.0,5.0,12.307692307692308,15.791208791208792,Astoria,16,6,1,21,1,0,0
2023-01-22 17:00:00,16.0,19.0,13.0,17.0,13.384615384615385,15.945054945054945,Astoria,17,6,1,21,1,0,0
2023-01-22 18:00:00,9.0,16.0,11.0,18.0,13.615384615384615,15.934065934065934,Astoria,18,6,1,21,1,0,0
2023-01-22 19:00:00,6.0,9.0,15.0,14.0,13.461538461538462,15.835164835164836,Astoria,19,6,1,21,1,0,0
2023-01-23 07:00:00,16.0,,13.0,34.0,12.76923076923077,15.747252747252746,Astoria,7,0,0,22,1,0,0
2023-01-23 08:00:00,15.0,16.0,14.0,26.0,13.0,15.54945054945055,Astoria,8,0,0,22,1,0,0
2023-01-23 09:00:00,13.0,15.0,14.0,36.0,13.076923076923077,15.428571428571429,Astoria,9,0,0,22,1,0,0
2023-01-23 10:00:00,20.0,13.0,13.0,39.0,13.0,15.175824175824175,Astoria,10,0,0,22,1,0,0
2023-01-23 11:00:00,12.0,20.0,14.0,12.0,13.538461538461538,14.967032967032967,Astoria,11,0,0,22,1,0,0
2023-01-23 12:00:00,15.0,12.0,14.0,5.0,13.384615384615385,14.967032967032967,Astoria,12,0,0,22,1,0,0
2023-01-23 13:00:00,15.0,15.0,14.0,13.0,13.461538461538462,15.076923076923077,Astoria,13,0,0,22,1,0,0
2023-01-23 14:00:00,16.0,15.0,9.0,12.0,13.538461538461538,15.098901098901099,Astoria,14,0,0,22,1,0,0
2023-01-23 15:00:00,12.0,16.0,11.0,10.0,14.076923076923077,15.142857142857142,Astoria,15,0,0,22,1,0,0
2023-01-23 16:00:00,25.0,12.0,19.0,8.0,14.153846153846153,15.164835164835164,Astoria,16,0,0,22,1,0,0
2023-01-23 17:00:00,21.0,25.0,16.0,11.0,14.615384615384615,15.351648351648352,Astoria,17,0,0,22,1,0,0
2023-01-23 18:00:00,9.0,21.0,9.0,11.0,15.0,15.461538461538462,Astoria,18,0,0,22,1,0,0
2023-01-23 19:00:00,13.0,9.0,6.0,12.0,15.0,15.43956043956044,Astoria,19,0,0,22,1,0,0
2023-01-24 07:00:00,16.0,,16.0,44.0,15.538461538461538,15.45054945054945,Astoria,7,1,0,23,1,0,0
2023-01-24 08:00:00,16.0,16.0,15.0,24.0,15.538461538461538,15.142857142857142,Astoria,8,1,0,23,1,0,0
2023-01-24 09:00:00,19.0,16.0,13.0,24.0,15.615384615384615,15.054945054945055,Astoria,9,1,0,23,1,0,0
2023-01-24 10:00:00,12.0,19.0,20.0,48.0,16.076923076923077,15.0,Astoria,10,1,0,23,1,0,0
2023-01-24 11:00:00,21.0,12.0,12.0,8.0,15.461538461538462,14.604395604395604,Astoria,11,1,0,23,1,0,0
2023-01-24 12:00:00,10.0,21.0,15.0,7.0,16.153846153846153,14.747252747252746,Astoria,12,1,0,23,1,0,0
2023-01-24 13:00:00,19.0,10.0,15.0,9.0,15.76923076923077,14.780219780219781,Astoria,13,1,0,23,1,0,0
2023-01-24 14:00:00,16.0,19.0,16.0,7.0,16.076923076923077,14.89010989010989,Astoria,14,1,0,23,1,0,0
2023-01-24 15:00:00,14.0,16.0,12.0,6.0,16.076923076923077,14.989010989010989,Astoria,15,1,0,23,1,0,0
2023-01-24 16:00:00,20.0,14.0,25.0,6.0,16.23076923076923,15.076923076923077,Astoria,16,1,0,23,1,0,0
2023-01-24 17:00:00,19.0,20.0,21.0,13.0,15.846153846153847,15.23076923076923,Astoria,17,1,0,23,1,0,0
2023-01-24 18:00:00,7.0,19.0,9.0,5.0,15.692307692307692,15.296703296703297,Astoria,18,1,0,23,1,0,0
2023-01-24 19:00:00,13.0,7.0,13.0,8.0,15.538461538461538,15.31868131868132,Astoria,19,1,0,23,1,0,0
2023-01-25 07:00:00,21.0,,16.0,35.0,15.538461538461538,15.373626373626374,Astoria,7,2,0,24,1,0,0
2023-01-25 08:00:00,24.0,21.0,16.0,28.0,15.923076923076923,15.219780219780219,Astoria,8,2,0,24,1,0,0
2023-01-25 09:00:00,8.0,24.0,19.0,32.0,16.53846153846154,15.175824175824175,Astoria,9,2,0,24,1,0,0
2023-01-25 10:00:00,19.0,8.0,12.0,46.0,15.692307692307692,14.912087912087912,Astoria,10,2,0,24,1,0,0
2023-01-25 11:00:00,19.0,19.0,21.0,9.0,16.23076923076923,14.615384615384615,Astoria,11,2,0,24,1,0,0
2023-01-25 12:00:00,15.0,19.0,10.0,3.0,16.076923076923077,14.725274725274724,Astoria,12,2,0,24,1,0,0
2023-01-25 13:00:00,22.0,15.0,19.0,8.0,16.46153846153846,14.857142857142858,Astoria,13,2,0,24,1,0,0
2023-01-25 14:00:00,13.0,22.0,16.0,11.0,16.692307692307693,15.010989010989011,Astoria,14,2,0,24,1,0,0
2023-01-25 15:00:00,15.0,13.0,14.0,8.0,16.46153846153846,15.032967032967033,Astoria,15,2,0,24,1,0,0
2023-01-25 16:00:00,17.0,15.0,20.0,10.0,16.53846153846154,15.10989010989011,Astoria,16,2,0,24,1,0,0
2023-01-25 17:00:00,16.0,17.0,19.0,10.0,16.307692307692307,15.186813186813186,Astoria,17,2,0,24,1,0,0
2023-01-25 18:00:00,15.0,16.0,7.0,3.0,16.076923076923077,15.252747252747254,Astoria,18,2,0,24,1,0,0
2023-01-25 19:00:00,12.0,15.0,13.0,11.0,16.692307692307693,15.384615384615385,Astoria,19,2,0,24,1,0,0
2023-01-26 07:00:00,21.0,,21.0,35.0,16.615384615384617,15.395604395604396,Astoria,7,3,0,25,1,0,0
2023-01-26 08:00:00,20.0,21.0,24.0,33.0,16.615384615384617,15.241758241758241,Astoria,8,3,0,25,1,0,0
2023-01-26 09:00:00,16.0,20.0,8.0,36.0,16.307692307692307,15.098901098901099,Astoria,9,3,0,25,1,0,0
2023-01-26 10:00:00,14.0,16.0,19.0,42.0,16.923076923076923,14.87912087912088,Astoria,10,3,0,25,1,0,0
2023-01-26 11:00:00,12.0,14.0,19.0,7.0,16.53846153846154,14.571428571428571,Astoria,11,3,0,25,1,0,0
2023-01-26 12:00:00,22.0,12.0,15.0,7.0,16.0,14.626373626373626,Astoria,12,3,0,25,1,0,0
2023-01-26 13:00:00,13.0,22.0,22.0,8.0,16.53846153846154,14.791208791208792,Astoria,13,3,0,25,1,0,0
2023-01-26 14:00:00,20.0,13.0,13.0,9.0,15.846153846153847,14.846153846153847,Astoria,14,3,0,25,1,0,0
2023-01-26 15:00:00,17.0,20.0,15.0,6.0,16.384615384615383,14.967032967032967,Astoria,15,3,0,25,1,0,0
2023-01-26 16:00:00,24.0,17.0,17.0,6.0,16.53846153846154,15.087912087912088,Astoria,16,3,0,25,1,0,0
2023-01-26 17:00:00,16.0,24.0,16.0,6.0,17.076923076923077,15.285714285714286,Astoria,17,3,0,25,1,0,0
2023-01-26 18:00:00,11.0,16.0,15.0,13.0,17.076923076923077,15.395604395604396,Astoria,18,3,0,25,1,0,0
2023-01-26 19:00:00,9.0,11.0,12.0,12.0,16.76923076923077,15.373626373626374,Astoria,19,3,0,25,1,0,0
2023-01-27 07:00:00,9.0,,21.0,18.0,16.53846153846154,15.340659340659341,Astoria,7,4,0,26,1,0,0
2023-01-27 08:00:00,8.0,9.0,20.0,43.0,15.615384615384615,15.241758241758241,Astoria,8,4,0,26,1,0,0
2023-01-27 09:00:00,17.0,8.0,16.0,35.0,14.692307692307692,14.857142857142858,Astoria,9,4,0,26,1,0,0
2023-01-27 10:00:00,14.0,17.0,14.0,18.0,14.76923076923077,14.659340659340659,Astoria,10,4,0,26,1,0,0
2023-01-27 11:00:00,19.0,14.0,12.0,7.0,14.76923076923077,14.615384615384615,Astoria,11,4,0,26,1,0,0
2023-01-27 12:00:00,13.0,19.0,22.0,8.0,15.307692307692308,14.747252747252746,Astoria,12,4,0,26,1,0,0
2023-01-27 13:00:00,16.0,13.0,13.0,7.0,14.615384615384615,14.802197802197803,Astoria,13,4,0,26,1,0,0
2023-01-27 14:00:00,15.0,16.0,20.0,9.0,14.846153846153847,14.901098901098901,Astoria,14,4,0,26,1,0,0
2023-01-27 15:00:00,16.0,15.0,17.0,10.0,14.461538461538462,14.967032967032967,Astoria,15,4,0,26,1,0,0
2023-01-27 16:00:00,12.0,16.0,24.0,19.0,14.384615384615385,15.032967032967033,Astoria,16,4,0,26,1,0,0
2023-01-27 17:00:00,14.0,12.0,16.0,7.0,13.461538461538462,14.956043956043956,Astoria,17,4,0,26,1,0,0
2023-01-27 18:00:00,20.0,14.0,11.0,13.0,13.307692307692308,15.032967032967033,Astoria,18,4,0,26,1,0,0
2023-01-27 19:00:00,19.0,20.0,9.0,18.0,14.0,15.10989010989011,Astoria,19,4,0,26,1,0,0
2023-01-28 07:00:00,18.0,,9.0,0.0,14.76923076923077,15.12087912087912,Astoria,7,5,1,27,1,0,0
2023-01-28 08:00:00,14.0,18.0,8.0,37.0,15.461538461538462,15.31868131868132,Astoria,8,5,1,27,1,0,0
2023-01-28 09:00:00,8.0,14.0,17.0,42.0,15.923076923076923,15.065934065934066,Astoria,9,5,1,27,1,0,0
2023-01-28 10:00:00,14.0,8.0,14.0,28.0,15.23076923076923,14.692307692307692,Astoria,10,5,1,27,1,0,0
2023-01-28 11:00:00,18.0,14.0,19.0,8.0,15.23076923076923,14.538461538461538,Astoria,11,5,1,27,1,0,0
2023-01-28 12:00:00,10.0,18.0,13.0,7.0,15.153846153846153,14.648351648351648,Astoria,12,5,1,27,1,0,0
2023-01-28 13:00:00,5.0,10.0,16.0,6.0,14.923076923076923,14.68131868131868,Astoria,13,5,1,27,1,0,0
2023-01-28 14:00:00,8.0,5.0,15.0,3.0,14.076923076923077,14.67032967032967,Astoria,14,5,1,27,1,0,0
2023-01-28 15:00:00,16.0,8.0,16.0,8.0,13.538461538461538,14.725274725274724,Astoria,15,5,1,27,1,0,0
2023-01-28 16:00:00,18.0,16.0,12.0,5.0,13.538461538461538,14.813186813186814,Astoria,16,5,1,27,1,0,0
2023-01-28 17:00:00,10.0,18.0,14.0,13.0,14.0,14.956043956043956,Astoria,17,5,1,27,1,0,0
2023-01-28 18:00:00,7.0,10.0,20.0,11.0,13.692307692307692,14.923076923076923,Astoria,18,5,1,27,1,0,0
2023-01-28 19:00:00,22.0,7.0,19.0,15.0,12.692307692307692,14.87912087912088,Astoria,19,5,1,27,1,0,0
2023-01-29 07:00:00,10.0,,18.0,13.0,12.923076923076923,14.956043956043956,Astoria,7,6,1,28,1,0,0
2023-01-29 08:00:00,16.0,10.0,14.0,14.0,12.307692307692308,14.923076923076923,Astoria,8,6,1,28,1,0,0
2023-01-29 09:00:00,22.0,16.0,8.0,14.0,12.461538461538462,14.945054945054945,Astoria,9,6,1,28,1,0,0
2023-01-29 10:00:00,18.0,22.0,14.0,13.0,13.538461538461538,15.032967032967033,Astoria,10,6,1,28,1,0,0
2023-01-29 11:00:00,5.0,18.0,18.0,14.0,13.846153846153847,15.087912087912088,Astoria,11,6,1,28,1,0,0
2023-01-29 12:00:00,19.0,5.0,10.0,14.0,12.846153846153847,14.989010989010989,Astoria,12,6,1,28,1,0,0
2023-01-29 13:00:00,13.0,19.0,5.0,14.0,13.538461538461538,15.043956043956044,Astoria,13,6,1,28,1,0,0
2023-01-29 14:00:00,10.0,13.0,8.0,9.0,14.153846153846153,15.032967032967033,Astoria,14,6,1,28,1,0,0
2023-01-29 15:00:00,19.0,10.0,16.0,11.0,14.307692307692308,15.043956043956044,Astoria,15,6,1,28,1,0,0
2023-01-29 16:00:00,22.0,19.0,18.0,19.0,14.538461538461538,15.131868131868131,Astoria,16,6,1,28,1,0,0
2023-01-29 17:00:00,8.0,22.0,10.0,16.0,14.846153846153847,15.164835164835164,Astoria,17,6,1,28,1,0,0
2023-01-29 18:00:00,11.0,8.0,7.0,9.0,14.692307692307692,15.076923076923077,Astoria,18,6,1,28,1,0,0
2023-01-29 19:00:00,11.0,11.0,22.0,6.0,15.0,15.098901098901099,Astoria,19,6,1,28,1,0,0
2023-01-30 07:00:00,13.0,,10.0,16.0,14.153846153846153,15.153846153846153,Astoria,7,0,0,29,1,0,0
2023-01-30 08:00:00,22.0,13.0,16.0,15.0,14.384615384615385,15.12087912087912,Astoria,8,0,0,29,1,0,0
2023-01-30 09:00:00,11.0,22.0,22.0,13.0,14.846153846153847,15.197802197802197,Astoria,9,0,0,29,1,0,0
2023-01-30 10:00:00,28.0,11.0,18.0,20.0,14.0,15.175824175824175,Astoria,10,0,0,29,1,0,0
2023-01-30 11:00:00,7.0,28.0,5.0,12.0,14.76923076923077,15.263736263736265,Astoria,11,0,0,29,1,0,0
2023-01-30 12:00:00,21.0,7.0,19.0,15.0,14.923076923076923,15.208791208791208,Astoria,12,0,0,29,1,0,0
2023-01-30 13:00:00,5.0,21.0,13.0,15.0,15.076923076923077,15.274725274725276,Astoria,13,0,0,29,1,0,0
2023-01-30 14:00:00,16.0,5.0,10.0,16.0,14.461538461538462,15.164835164835164,Astoria,14,0,0,29,1,0,0
2023-01-30 15:00:00,10.0,16.0,19.0,12.0,14.923076923076923,15.164835164835164,Astoria,15,0,0,29,1,0,0
2023-01-30 16:00:00,8.0,10.0,22.0,25.0,14.23076923076923,15.142857142857142,Astoria,16,0,0,29,1,0,0
2023-01-30 17:00:00,14.0,8.0,8.0,21.0,13.153846153846153,14.956043956043956,Astoria,17,0,0,29,1,0,0
2023-01-30 18:00:00,8.0,14.0,11.0,9.0,13.615384615384615,14.87912087912088,Astoria,18,0,0,29,1,0,0
2023-01-30 19:00:00,9.0,8.0,11.0,13.0,13.384615384615385,14.868131868131869,Astoria,19,0,0,29,1,0,0
2023-01-31 07:00:00,21.0,,13.0,16.0,13.23076923076923,14.824175824175825,Astoria,7,1,0,30,1,0,0
2023-01-31 08:00:00,21.0,21.0,22.0,16.0,13.846153846153847,14.87912087912088,Astoria,8,1,0,30,1,0,0
2023-01-31 09:00:00,23.0,21.0,11.0,19.0,13.76923076923077,14.934065934065934,Astoria,9,1,0,30,1,0,0
2023-01-31 10:00:00,18.0,23.0,28.0,12.0,14.692307692307692,14.978021978021978,Astoria,10,1,0,30,1,0,0
2023-01-31 11:00:00,10.0,18.0,7.0,21.0,13.923076923076923,15.043956043956044,Astoria,11,1,0,30,1,0,0
2023-01-31 12:00:00,9.0,10.0,21.0,10.0,14.153846153846153,14.923076923076923,Astoria,12,1,0,30,1,0,0
2023-01-31 13:00:00,6.0,9.0,5.0,19.0,13.23076923076923,14.912087912087912,Astoria,13,1,0,30,1,0,0
2023-01-31 14:00:00,8.0,6.0,16.0,16.0,13.307692307692308,14.76923076923077,Astoria,14,1,0,30,1,0,0
2023-01-31 15:00:00,6.0,8.0,10.0,14.0,12.692307692307692,14.68131868131868,Astoria,15,1,0,30,1,0,0
2023-01-31 16:00:00,16.0,6.0,8.0,20.0,12.384615384615385,14.593406593406593,Astoria,16,1,0,30,1,0,0
2023-01-31 17:00:00,7.0,16.0,14.0,19.0,13.0,14.54945054945055,Astoria,17,1,0,30,1,0,0
2023-01-31 18:00:00,6.0,7.0,8.0,7.0,12.461538461538462,14.417582417582418,Astoria,18,1,0,30,1,0,0
2023-01-31 19:00:00,14.0,6.0,9.0,13.0,12.307692307692308,14.406593406593407,Astoria,19,1,0,30,1,0,0
2023-02-01 07:00:00,0.0,,21.0,21.0,12.692307692307692,14.417582417582418,Astoria,7,2,0,31,1,0,0
2023-02-01 08:00:00,0.0,0.0,21.0,24.0,11.076923076923077,14.186813186813186,Astoria,8,2,0,31,1,0,0
2023-02-01 09:00:00,0.0,0.0,23.0,8.0,9.461538461538462,13.923076923076923,Astoria,9,2,0,31,1,0,0
2023-02-01 10:00:00,0.0,0.0,18.0,19.0,7.6923076923076925,13.835164835164836,Astoria,10,2,0,31,1,0,0
2023-02-01 11:00:00,15.0,0.0,10.0,19.0,6.3076923076923075,13.626373626373626,Astoria,11,2,0,31,1,0,0
2023-02-01 12:00:00,33.0,15.0,9.0,15.0,6.6923076923076925,13.582417582417582,Astoria,12,2,0,31,1,0,0
2023-02-01 13:00:00,19.0,33.0,6.0,22.0,8.538461538461538,13.780219780219781,Astoria,13,2,0,31,1,0,0
2023-02-01 14:00:00,19.0,19.0,8.0,13.0,9.538461538461538,13.747252747252746,Astoria,14,2,0,31,1,0,0
2023-02-01 15:00:00,28.0,19.0,6.0,15.0,10.384615384615385,13.813186813186814,Astoria,15,2,0,31,1,0,0
2023-02-01 16:00:00,20.0,28.0,16.0,17.0,12.076923076923077,13.956043956043956,Astoria,16,2,0,31,1,0,0
2023-02-01 17:00:00,15.0,20.0,7.0,16.0,12.384615384615385,13.989010989010989,Astoria,17,2,0,31,1,0,0
2023-02-01 18:00:00,14.0,15.0,6.0,15.0,13.0,13.978021978021978,Astoria,18,2,0,31,1,0,0
2023-02-01 19:00:00,25.0,14.0,14.0,12.0,13.615384615384615,13.967032967032967,Astoria,19,2,0,31,1,0,0
2023-02-02 07:00:00,0.0,,0.0,21.0,14.461538461538462,14.10989010989011,Astoria,7,3,0,32,1,0,0
2023-02-02 08:00:00,0.0,0.0,0.0,20.0,14.461538461538462,13.87912087912088,Astoria,8,3,0,32,1,0,0
2023-02-02 09:00:00,0.0,0.0,0.0,16.0,14.461538461538462,13.659340659340659,Astoria,9,3,0,32,1,0,0
2023-02-02 10:00:00,0.0,0.0,0.0,14.0,14.461538461538462,13.483516483516484,Astoria,10,3,0,32,1,0,0
2023-02-02 11:00:00,15.0,0.0,15.0,12.0,14.461538461538462,13.32967032967033,Astoria,11,3,0,32,1,0,0
2023-02-02 12:00:00,28.0,15.0,33.0,22.0,14.461538461538462,13.362637362637363,Astoria,12,3,0,32,1,0,0
2023-02-02 13:00:00,29.0,28.0,19.0,13.0,14.076923076923077,13.428571428571429,Astoria,13,3,0,32,1,0,0
2023-02-02 14:00:00,29.0,29.0,19.0,20.0,14.846153846153847,13.604395604395604,Astoria,14,3,0,32,1,0,0
2023-02-02 15:00:00,17.0,29.0,28.0,17.0,15.615384615384615,13.703296703296703,Astoria,15,3,0,32,1,0,0
2023-02-02 16:00:00,20.0,17.0,20.0,24.0,14.76923076923077,13.703296703296703,Astoria,16,3,0,32,1,0,0
2023-02-02 17:00:00,23.0,20.0,15.0,16.0,14.76923076923077,13.659340659340659,Astoria,17,3,0,32,1,0,0
2023-02-02 18:00:00,21.0,23.0,14.0,11.0,15.384615384615385,13.736263736263735,Astoria,18,3,0,32,1,0,0
2023-02-02 19:00:00,28.0,21.0,25.0,9.0,15.923076923076923,13.846153846153847,Astoria,19,3,0,32,1,0,0
2023-02-03 07:00:00,0.0,,0.0,9.0,16.153846153846153,14.054945054945055,Astoria,7,4,0,33,1,0,0
2023-02-03 08:00:00,0.0,0.0,0.0,8.0,16.153846153846153,13.956043956043956,Astoria,8,4,0,33,1,0,0
2023-02-03 09:00:00,0.0,0.0,0.0,17.0,16.153846153846153,13.868131868131869,Astoria,9,4,0,33,1,0,0
2023-02-03 10:00:00,0.0,0.0,0.0,14.0,16.153846153846153,13.68131868131868,Astoria,10,4,0,33,1,0,0
2023-02-03 11:00:00,18.0,0.0,15.0,19.0,16.153846153846153,13.527472527472527,Astoria,11,4,0,33,1,0,0
2023-02-03 12:00:00,24.0,18.0,28.0,13.0,16.384615384615383,13.516483516483516,Astoria,12,4,0,33,1,0,0
2023-02-03 13:00:00,27.0,24.0,29.0,16.0,16.076923076923077,13.637362637362637,Astoria,13,4,0,33,1,0,0
2023-02-03 14:00:00,21.0,27.0,29.0,15.0,15.923076923076923,13.758241758241759,Astoria,14,4,0,33,1,0,0
2023-02-03 15:00:00,31.0,21.0,17.0,16.0,15.307692307692308,13.824175824175825,Astoria,15,4,0,33,1,0,0
2023-02-03 16:00:00,32.0,31.0,20.0,12.0,16.384615384615383,13.989010989010989,Astoria,16,4,0,33,1,0,0
2023-02-03 17:00:00,10.0,32.0,23.0,14.0,17.307692307692307,14.208791208791208,Astoria,17,4,0,33,1,0,0
2023-02-03 18:00:00,24.0,10.0,21.0,20.0,16.307692307692307,14.164835164835164,Astoria,18,4,0,33,1,0,0
2023-02-03 19:00:00,27.0,24.0,28.0,19.0,16.53846153846154,14.208791208791208,Astoria,19,4,0,33,1,0,0
2023-02-04 07:00:00,0.0,,0.0,18.0,16.46153846153846,14.296703296703297,Astoria,7,5,1,34,1,0,0
2023-02-04 08:00:00,0.0,0.0,0.0,14.0,16.46153846153846,14.098901098901099,Astoria,8,5,1,34,1,0,0
2023-02-04 09:00:00,0.0,0.0,0.0,8.0,16.46153846153846,13.945054945054945,Astoria,9,5,1,34,1,0,0
2023-02-04 10:00:00,0.0,0.0,0.0,14.0,16.46153846153846,13.857142857142858,Astoria,10,5,1,34,1,0,0
2023-02-04 11:00:00,24.0,0.0,18.0,18.0,16.46153846153846,13.703296703296703,Astoria,11,5,1,34,1,0,0
2023-02-04 12:00:00,33.0,24.0,24.0,10.0,16.923076923076923,13.76923076923077,Astoria,12,5,1,34,1,0,0
2023-02-04 13:00:00,18.0,33.0,27.0,5.0,17.615384615384617,14.021978021978022,Astoria,13,5,1,34,1,0,0
2023-02-04 14:00:00,21.0,18.0,21.0,8.0,16.923076923076923,14.164835164835164,Astoria,14,5,1,34,1,0,0
2023-02-04 15:00:00,16.0,21.0,31.0,16.0,16.923076923076923,14.307692307692308,Astoria,15,5,1,34,1,0,0
2023-02-04 16:00:00,24.0,16.0,32.0,18.0,15.76923076923077,14.307692307692308,Astoria,16,5,1,34,1,0,0
2023-02-04 17:00:00,23.0,24.0,10.0,10.0,15.153846153846153,14.373626373626374,Astoria,17,5,1,34,1,0,0
2023-02-04 18:00:00,19.0,23.0,24.0,7.0,16.153846153846153,14.516483516483516,Astoria,18,5,1,34,1,0,0
2023-02-04 19:00:00,13.0,19.0,27.0,22.0,15.76923076923077,14.648351648351648,Astoria,19,5,1,34,1,0,0
2023-02-05 07:00:00,0.0,,0.0,10.0,14.692307692307692,14.54945054945055,Astoria,7,6,1,35,1,0,0
2023-02-05 08:00:00,0.0,0.0,0.0,16.0,14.692307692307692,14.43956043956044,Astoria,8,6,1,35,1,0,0
2023-02-05 09:00:00,0.0,0.0,0.0,22.0,14.692307692307692,14.263736263736265,Astoria,9,6,1,35,1,0,0
2023-02-05 10:00:00,0.0,0.0,0.0,18.0,14.692307692307692,14.021978021978022,Astoria,10,6,1,35,1,0,0
2023-02-05 11:00:00,23.0,0.0,24.0,5.0,14.692307692307692,13.824175824175825,Astoria,11,6,1,35,1,0,0
2023-02-05 12:00:00,27.0,23.0,33.0,19.0,14.615384615384615,14.021978021978022,Astoria,12,6,1,35,1,0,0
2023-02-05 13:00:00,27.0,27.0,18.0,13.0,14.153846153846153,14.10989010989011,Astoria,13,6,1,35,1,0,0
2023-02-05 14:00:00,24.0,27.0,21.0,10.0,14.846153846153847,14.263736263736265,Astoria,14,6,1,35,1,0,0
2023-02-05 15:00:00,21.0,24.0,16.0,19.0,15.076923076923077,14.417582417582418,Astoria,15,6,1,35,1,0,0
2023-02-05 16:00:00,27.0,21.0,24.0,22.0,15.461538461538462,14.43956043956044,Astoria,16,6,1,35,1,0,0
2023-02-05 17:00:00,14.0,27.0,23.0,8.0,15.692307692307692,14.494505494505495,Astoria,17,6,1,35,1,0,0
2023-02-05 18:00:00,23.0,14.0,19.0,11.0,15.0,14.56043956043956,Astoria,18,6,1,35,1,0,0
2023-02-05 19:00:00,22.0,23.0,13.0,11.0,15.307692307692308,14.692307692307692,Astoria,19,6,1,35,1,0,0
2023-02-06 07:00:00,0.0,,0.0,13.0,16.0,14.813186813186814,Astoria,7,0,0,36,1,0,0
2023-02-06 08:00:00,0.0,0.0,0.0,22.0,16.0,14.67032967032967,Astoria,8,0,0,36,1,0,0
2023-02-06 09:00:00,0.0,0.0,0.0,11.0,16.0,14.428571428571429,Astoria,9,0,0,36,1,0,0
2023-02-06 10:00:00,0.0,0.0,0.0,28.0,16.0,14.307692307692308,Astoria,10,0,0,36,1,0,0
2023-02-06 11:00:00,12.0,0.0,23.0,7.0,16.0,14.0,Astoria,11,0,0,36,1,0,0
2023-02-06 12:00:00,19.0,12.0,27.0,21.0,15.153846153846153,14.054945054945055,Astoria,12,0,0,36,1,0,0
2023-02-06 13:00:00,5.0,19.0,27.0,5.0,14.538461538461538,14.032967032967033,Astoria,13,0,0,36,1,0,0
2023-02-06 14:00:00,19.0,5.0,24.0,16.0,12.846153846153847,14.032967032967033,Astoria,14,0,0,36,1,0,0
2023-02-06 15:00:00,23.0,19.0,21.0,10.0,12.461538461538462,14.065934065934066,Astoria,15,0,0,36,1,0,0
2023-02-06 16:00:00,15.0,23.0,27.0,8.0,12.615384615384615,14.208791208791208,Astoria,16,0,0,36,1,0,0
2023-02-06 17:00:00,18.0,15.0,14.0,14.0,11.692307692307692,14.285714285714286,Astoria,17,0,0,36,1,0,0
2023-02-06 18:00:00,14.0,18.0,23.0,8.0,12.0,14.32967032967033,Astoria,18,0,0,36,1,0,0
2023-02-06 19:00:00,14.0,14.0,22.0,9.0,11.307692307692308,14.395604395604396,Astoria,19,0,0,36,1,0,0
2023-02-07 07:00:00,16.0,,0.0,21.0,10.692307692307692,14.45054945054945,Astoria,7,1,0,37,1,0,0
2023-02-07 08:00:00,12.0,16.0,0.0,21.0,11.923076923076923,14.395604395604396,Astoria,8,1,0,37,1,0,0
2023-02-07 09:00:00,22.0,12.0,0.0,23.0,12.846153846153847,14.296703296703297,Astoria,9,1,0,37,1,0,0
2023-02-07 10:00:00,15.0,22.0,0.0,18.0,14.538461538461538,14.285714285714286,Astoria,10,1,0,37,1,0,0
2023-02-07 11:00:00,13.0,15.0,12.0,10.0,15.692307692307692,14.252747252747254,Astoria,11,1,0,37,1,0,0
2023-02-07 12:00:00,12.0,13.0,19.0,9.0,15.76923076923077,14.285714285714286,Astoria,12,1,0,37,1,0,0
2023-02-07 13:00:00,14.0,12.0,5.0,6.0,15.23076923076923,14.31868131868132,Astoria,13,1,0,37,1,0,0
2023-02-07 14:00:00,10.0,14.0,19.0,8.0,15.923076923076923,14.406593406593407,Astoria,14,1,0,37,1,0,0
2023-02-07 15:00:00,11.0,10.0,23.0,6.0,15.23076923076923,14.428571428571429,Astoria,15,1,0,37,1,0,0
2023-02-07 16:00:00,16.0,11.0,15.0,16.0,14.307692307692308,14.483516483516484,Astoria,16,1,0,37,1,0,0
2023-02-07 17:00:00,11.0,16.0,18.0,7.0,14.384615384615385,14.483516483516484,Astoria,17,1,0,37,1,0,0
2023-02-07 18:00:00,17.0,11.0,14.0,6.0,13.846153846153847,14.527472527472527,Astoria,18,1,0,37,1,0,0
2023-02-07 19:00:00,16.0,17.0,14.0,14.0,14.076923076923077,14.648351648351648,Astoria,19,1,0,37,1,0,0
2023-02-08 07:00:00,14.0,,16.0,0.0,14.23076923076923,14.67032967032967,Astoria,7,2,0,38,1,0,0
2023-02-08 08:00:00,13.0,14.0,12.0,0.0,14.076923076923077,14.824175824175825,Astoria,8,2,0,38,1,0,0
2023-02-08 09:00:00,15.0,13.0,22.0,0.0,14.153846153846153,14.967032967032967,Astoria,9,2,0,38,1,0,0
2023-02-08 10:00:00,12.0,15.0,15.0,0.0,13.615384615384615,15.131868131868131,Astoria,10,2,0,38,1,0,0
2023-02-08 11:00:00,15.0,12.0,13.0,15.0,13.384615384615385,15.263736263736265,Astoria,11,2,0,38,1,0,0
2023-02-08 12:00:00,15.0,15.0,12.0,33.0,13.538461538461538,15.263736263736265,Astoria,12,2,0,38,1,0,0
2023-02-08 13:00:00,18.0,15.0,14.0,19.0,13.76923076923077,15.065934065934066,Astoria,13,2,0,38,1,0,0
2023-02-08 14:00:00,21.0,18.0,10.0,19.0,14.076923076923077,15.054945054945055,Astoria,14,2,0,38,1,0,0
2023-02-08 15:00:00,12.0,21.0,11.0,28.0,14.923076923076923,15.076923076923077,Astoria,15,2,0,38,1,0,0
2023-02-08 16:00:00,10.0,12.0,16.0,20.0,15.0,14.901098901098901,Astoria,16,2,0,38,1,0,0
2023-02-08 17:00:00,14.0,10.0,11.0,15.0,14.538461538461538,14.791208791208792,Astoria,17,2,0,38,1,0,0
2023-02-08 18:00:00,19.0,14.0,17.0,14.0,14.76923076923077,14.780219780219781,Astoria,18,2,0,38,1,0,0
2023-02-08 19:00:00,13.0,19.0,16.0,25.0,14.923076923076923,14.835164835164836,Astoria,19,2,0,38,1,0,0
2023-02-09 07:00:00,25.0,,14.0,0.0,14.692307692307692,14.703296703296703,Astoria,7,3,0,39,1,0,0
2023-02-09 08:00:00,24.0,25.0,13.0,0.0,15.538461538461538,14.978021978021978,Astoria,8,3,0,39,1,0,0
2023-02-09 09:00:00,36.0,24.0,15.0,0.0,16.384615384615383,15.241758241758241,Astoria,9,3,0,39,1,0,0
2023-02-09 10:00:00,31.0,36.0,12.0,0.0,18.0,15.637362637362637,Astoria,10,3,0,39,1,0,0
2023-02-09 11:00:00,7.0,31.0,15.0,15.0,19.46153846153846,15.978021978021978,Astoria,11,3,0,39,1,0,0
2023-02-09 12:00:00,8.0,7.0,15.0,28.0,18.846153846153847,15.89010989010989,Astoria,12,3,0,39,1,0,0
2023-02-09 13:00:00,5.0,8.0,18.0,29.0,18.307692307692307,15.67032967032967,Astoria,13,3,0,39,1,0,0
2023-02-09 14:00:00,5.0,5.0,21.0,29.0,17.307692307692307,15.406593406593407,Astoria,14,3,0,39,1,0,0
2023-02-09 15:00:00,4.0,5.0,12.0,17.0,16.076923076923077,15.142857142857142,Astoria,15,3,0,39,1,0,0
2023-02-09 16:00:00,17.0,4.0,10.0,20.0,15.461538461538462,15.0,Astoria,16,3,0,39,1,0,0
2023-02-09 17:00:00,6.0,17.0,14.0,23.0,16.0,14.967032967032967,Astoria,17,3,0,39,1,0,0
2023-02-09 18:00:00,9.0,6.0,19.0,21.0,15.384615384615385,14.780219780219781,Astoria,18,3,0,39,1,0,0
2023-02-09 19:00:00,5.0,9.0,13.0,28.0,14.615384615384615,14.648351648351648,Astoria,19,3,0,39,1,0,0
2023-02-10 07:00:00,26.0,,25.0,0.0,14.0,14.395604395604396,Astoria,7,4,0,40,1,0,0
2023-02-10 08:00:00,38.0,26.0,24.0,0.0,14.076923076923077,14.68131868131868,Astoria,8,4,0,40,1,0,0
2023-02-10 09:00:00,30.0,38.0,36.0,0.0,15.153846153846153,15.098901098901099,Astoria,9,4,0,40,1,0,0
2023-02-10 10:00:00,39.0,30.0,31.0,0.0,14.692307692307692,15.428571428571429,Astoria,10,4,0,40,1,0,0
2023-02-10 11:00:00,7.0,39.0,7.0,18.0,15.307692307692308,15.857142857142858,Astoria,11,4,0,40,1,0,0
2023-02-10 12:00:00,6.0,7.0,8.0,24.0,15.307692307692308,15.736263736263735,Astoria,12,4,0,40,1,0,0
2023-02-10 13:00:00,8.0,6.0,5.0,27.0,15.153846153846153,15.538461538461538,Astoria,13,4,0,40,1,0,0
2023-02-10 14:00:00,13.0,8.0,5.0,21.0,15.384615384615385,15.32967032967033,Astoria,14,4,0,40,1,0,0
2023-02-10 15:00:00,5.0,13.0,4.0,31.0,16.0,15.241758241758241,Astoria,15,4,0,40,1,0,0
2023-02-10 16:00:00,10.0,5.0,17.0,32.0,16.076923076923077,14.956043956043956,Astoria,16,4,0,40,1,0,0
2023-02-10 17:00:00,5.0,10.0,6.0,10.0,15.538461538461538,14.714285714285714,Astoria,17,4,0,40,1,0,0
2023-02-10 18:00:00,7.0,5.0,9.0,24.0,15.461538461538462,14.659340659340659,Astoria,18,4,0,40,1,0,0
2023-02-10 19:00:00,5.0,7.0,5.0,27.0,15.307692307692308,14.472527472527473,Astoria,19,4,0,40,1,0,0
2023-02-11 07:00:00,22.0,,26.0,0.0,15.307692307692308,14.23076923076923,Astoria,7,5,1,41,1,0,0
2023-02-11 08:00:00,27.0,22.0,38.0,0.0,15.0,14.472527472527473,Astoria,8,5,1,41,1,0,0
2023-02-11 09:00:00,24.0,27.0,30.0,0.0,14.153846153846153,14.76923076923077,Astoria,9,5,1,41,1,0,0
2023-02-11 10:00:00,24.0,24.0,39.0,0.0,13.692307692307692,15.032967032967033,Astoria,10,5,1,41,1,0,0
2023-02-11 11:00:00,6.0,24.0,7.0,24.0,12.538461538461538,15.296703296703297,Astoria,11,5,1,41,1,0,0
2023-02-11 12:00:00,5.0,6.0,6.0,33.0,12.461538461538462,15.098901098901099,Astoria,12,5,1,41,1,0,0
2023-02-11 13:00:00,12.0,5.0,8.0,18.0,12.384615384615385,14.791208791208792,Astoria,13,5,1,41,1,0,0
2023-02-11 14:00:00,5.0,12.0,13.0,21.0,12.692307692307692,14.725274725274724,Astoria,14,5,1,41,1,0,0
2023-02-11 15:00:00,4.0,5.0,5.0,16.0,12.076923076923077,14.54945054945055,Astoria,15,5,1,41,1,0,0
2023-02-11 16:00:00,10.0,4.0,10.0,24.0,12.0,14.417582417582418,Astoria,16,5,1,41,1,0,0
2023-02-11 17:00:00,6.0,10.0,5.0,23.0,12.0,14.263736263736265,Astoria,17,5,1,41,1,0,0
2023-02-11 18:00:00,5.0,6.0,7.0,19.0,12.076923076923077,14.076923076923077,Astoria,18,5,1,41,1,0,0
2023-02-11 19:00:00,5.0,5.0,5.0,13.0,11.923076923076923,13.923076923076923,Astoria,19,5,1,41,1,0,0
2023-02-12 07:00:00,17.0,,22.0,0.0,11.923076923076923,13.835164835164836,Astoria,7,6,1,42,1,0,0
2023-02-12 08:00:00,17.0,17.0,27.0,0.0,11.538461538461538,14.021978021978022,Astoria,8,6,1,42,1,0,0
2023-02-12 09:00:00,29.0,17.0,24.0,0.0,10.76923076923077,14.208791208791208,Astoria,9,6,1,42,1,0,0
2023-02-12 10:00:00,26.0,29.0,24.0,0.0,11.153846153846153,14.527472527472527,Astoria,10,6,1,42,1,0,0
2023-02-12 11:00:00,8.0,26.0,6.0,23.0,11.307692307692308,14.813186813186814,Astoria,11,6,1,42,1,0,0
2023-02-12 12:00:00,2.0,8.0,5.0,27.0,11.461538461538462,14.648351648351648,Astoria,12,6,1,42,1,0,0
2023-02-12 13:00:00,7.0,2.0,12.0,27.0,11.23076923076923,14.373626373626374,Astoria,13,6,1,42,1,0,0
2023-02-12 14:00:00,7.0,7.0,5.0,24.0,10.846153846153847,14.153846153846153,Astoria,14,6,1,42,1,0,0
2023-02-12 15:00:00,12.0,7.0,4.0,21.0,11.0,13.967032967032967,Astoria,15,6,1,42,1,0,0
2023-02-12 16:00:00,2.0,12.0,10.0,27.0,11.615384615384615,13.868131868131869,Astoria,16,6,1,42,1,0,0
2023-02-12 17:00:00,8.0,2.0,6.0,14.0,11.0,13.593406593406593,Astoria,17,6,1,42,1,0,0
2023-02-12 18:00:00,5.0,8.0,5.0,23.0,11.153846153846153,13.527472527472527,Astoria,18,6,1,42,1,0,0
2023-02-12 19:00:00,2.0,5.0,5.0,22.0,11.153846153846153,13.32967032967033,Astoria,19,6,1,42,1,0,0
2023-02-13 07:00:00,23.0,,17.0,0.0,10.923076923076923,13.10989010989011,Astoria,7,0,0,43,1,0,0
2023-02-13 08:00:00,16.0,23.0,17.0,0.0,11.384615384615385,13.362637362637363,Astoria,8,0,0,43,1,0,0
2023-02-13 09:00:00,17.0,16.0,29.0,0.0,11.307692307692308,13.538461538461538,Astoria,9,0,0,43,1,0,0
2023-02-13 10:00:00,34.0,17.0,26.0,0.0,10.384615384615385,13.725274725274724,Astoria,10,0,0,43,1,0,0
2023-02-13 11:00:00,4.0,34.0,8.0,12.0,11.0,14.098901098901099,Astoria,11,0,0,43,1,0,0
2023-02-13 12:00:00,7.0,4.0,2.0,19.0,10.692307692307692,14.010989010989011,Astoria,12,0,0,43,1,0,0
2023-02-13 13:00:00,7.0,7.0,7.0,5.0,11.076923076923077,13.87912087912088,Astoria,13,0,0,43,1,0,0
2023-02-13 14:00:00,5.0,7.0,7.0,19.0,11.076923076923077,13.901098901098901,Astoria,14,0,0,43,1,0,0
2023-02-13 15:00:00,8.0,5.0,12.0,23.0,10.923076923076923,13.747252747252746,Astoria,15,0,0,43,1,0,0
2023-02-13 16:00:00,6.0,8.0,2.0,15.0,10.615384615384615,13.582417582417582,Astoria,16,0,0,43,1,0,0
2023-02-13 17:00:00,9.0,6.0,8.0,18.0,10.923076923076923,13.483516483516484,Astoria,17,0,0,43,1,0,0
2023-02-13 18:00:00,6.0,9.0,5.0,14.0,11.0,13.384615384615385,Astoria,18,0,0,43,1,0,0
2023-02-13 19:00:00,7.0,6.0,2.0,14.0,11.076923076923077,13.296703296703297,Astoria,19,0,0,43,1,0,0
2023-02-14 07:00:00,0.0,,23.0,16.0,11.461538461538462,13.219780219780219,Astoria,7,1,0,44,1,0,0
2023-02-14 08:00:00,32.0,0.0,16.0,12.0,9.692307692307692,13.043956043956044,Astoria,8,1,0,44,1,0,0
2023-02-14 09:00:00,38.0,32.0,17.0,22.0,10.923076923076923,13.263736263736265,Astoria,9,1,0,44,1,0,0
2023-02-14 10:00:00,28.0,38.0,34.0,15.0,12.538461538461538,13.43956043956044,Astoria,10,1,0,44,1,0,0
2023-02-14 11:00:00,8.0,28.0,4.0,13.0,12.076923076923077,13.582417582417582,Astoria,11,1,0,44,1,0,0
2023-02-14 12:00:00,2.0,8.0,7.0,12.0,12.384615384615385,13.527472527472527,Astoria,12,1,0,44,1,0,0
2023-02-14 13:00:00,6.0,2.0,7.0,14.0,12.0,13.417582417582418,Astoria,13,1,0,44,1,0,0
2023-02-14 14:00:00,3.0,6.0,5.0,10.0,11.923076923076923,13.32967032967033,Astoria,14,1,0,44,1,0,0
2023-02-14 15:00:00,6.0,3.0,8.0,11.0,11.76923076923077,13.252747252747254,Astoria,15,1,0,44,1,0,0
2023-02-14 16:00:00,4.0,6.0,6.0,16.0,11.615384615384615,13.197802197802197,Astoria,16,1,0,44,1,0,0
2023-02-14 17:00:00,10.0,4.0,9.0,11.0,11.461538461538462,13.065934065934066,Astoria,17,1,0,44,1,0,0
2023-02-14 18:00:00,7.0,10.0,6.0,17.0,11.538461538461538,13.054945054945055,Astoria,18,1,0,44,1,0,0
2023-02-14 19:00:00,7.0,7.0,7.0,16.0,11.615384615384615,12.945054945054945,Astoria,19,1,0,44,1,0,0
2023-02-15 07:00:00,32.0,,0.0,14.0,11.615384615384615,12.846153846153847,Astoria,7,2,0,45,1,0,0
2023-02-15 08:00:00,41.0,32.0,32.0,13.0,14.076923076923077,13.043956043956044,Astoria,8,2,0,45,1,0,0
2023-02-15 09:00:00,53.0,41.0,38.0,15.0,14.76923076923077,13.351648351648352,Astoria,9,2,0,45,1,0,0
2023-02-15 10:00:00,42.0,53.0,28.0,12.0,15.923076923076923,13.76923076923077,Astoria,10,2,0,45,1,0,0
2023-02-15 11:00:00,5.0,42.0,8.0,15.0,17.0,14.098901098901099,Astoria,11,2,0,45,1,0,0
2023-02-15 12:00:00,7.0,5.0,2.0,15.0,16.76923076923077,13.989010989010989,Astoria,12,2,0,45,1,0,0
2023-02-15 13:00:00,13.0,7.0,6.0,18.0,17.153846153846153,13.901098901098901,Astoria,13,2,0,45,1,0,0
2023-02-15 14:00:00,13.0,13.0,3.0,21.0,17.692307692307693,13.846153846153847,Astoria,14,2,0,45,1,0,0
2023-02-15 15:00:00,7.0,13.0,6.0,12.0,18.46153846153846,13.758241758241759,Astoria,15,2,0,45,1,0,0
2023-02-15 16:00:00,9.0,7.0,4.0,10.0,18.53846153846154,13.703296703296703,Astoria,16,2,0,45,1,0,0
2023-02-15 17:00:00,7.0,9.0,10.0,14.0,18.923076923076923,13.692307692307692,Astoria,17,2,0,45,1,0,0
2023-02-15 18:00:00,24.0,7.0,7.0,19.0,18.692307692307693,13.615384615384615,Astoria,18,2,0,45,1,0,0
2023-02-15 19:00:00,9.0,24.0,7.0,13.0,20.0,13.67032967032967,Astoria,19,2,0,45,1,0,0
2023-02-16 07:00:00,43.0,,32.0,25.0,20.153846153846153,13.626373626373626,Astoria,7,3,0,46,1,0,0
2023-02-16 08:00:00,28.0,43.0,41.0,24.0,21.0,13.824175824175825,Astoria,8,3,0,46,1,0,0
2023-02-16 09:00:00,36.0,28.0,53.0,36.0,20.0,13.868131868131869,Astoria,9,3,0,46,1,0,0
2023-02-16 10:00:00,30.0,36.0,42.0,31.0,18.692307692307693,13.868131868131869,Astoria,10,3,0,46,1,0,0
2023-02-16 11:00:00,9.0,30.0,5.0,7.0,17.76923076923077,13.857142857142858,Astoria,11,3,0,46,1,0,0
2023-02-16 12:00:00,6.0,9.0,7.0,8.0,18.076923076923077,13.87912087912088,Astoria,12,3,0,46,1,0,0
2023-02-16 13:00:00,14.0,6.0,13.0,5.0,18.0,13.857142857142858,Astoria,13,3,0,46,1,0,0
2023-02-16 14:00:00,8.0,14.0,13.0,5.0,18.076923076923077,13.956043956043956,Astoria,14,3,0,46,1,0,0
2023-02-16 15:00:00,9.0,8.0,7.0,4.0,17.692307692307693,13.989010989010989,Astoria,15,3,0,46,1,0,0
2023-02-16 16:00:00,16.0,9.0,9.0,17.0,17.846153846153847,14.043956043956044,Astoria,16,3,0,46,1,0,0
2023-02-16 17:00:00,13.0,16.0,7.0,6.0,18.384615384615383,14.032967032967033,Astoria,17,3,0,46,1,0,0
2023-02-16 18:00:00,10.0,13.0,24.0,9.0,18.846153846153847,14.10989010989011,Astoria,18,3,0,46,1,0,0
2023-02-16 19:00:00,21.0,10.0,9.0,5.0,17.76923076923077,14.12087912087912,Astoria,19,3,0,46,1,0,0
2023-02-17 07:00:00,32.0,,43.0,26.0,18.692307692307693,14.296703296703297,Astoria,7,4,0,47,1,0,0
2023-02-17 08:00:00,23.0,32.0,28.0,38.0,17.846153846153847,14.362637362637363,Astoria,8,4,0,47,1,0,0
2023-02-17 09:00:00,28.0,23.0,36.0,30.0,17.46153846153846,14.197802197802197,Astoria,9,4,0,47,1,0,0
2023-02-17 10:00:00,46.0,28.0,30.0,39.0,16.846153846153847,14.175824175824175,Astoria,10,4,0,47,1,0,0
2023-02-17 11:00:00,11.0,46.0,9.0,7.0,18.076923076923077,14.252747252747254,Astoria,11,4,0,47,1,0,0
2023-02-17 12:00:00,7.0,11.0,6.0,6.0,18.23076923076923,14.296703296703297,Astoria,12,4,0,47,1,0,0
2023-02-17 13:00:00,14.0,7.0,14.0,8.0,18.307692307692307,14.307692307692308,Astoria,13,4,0,47,1,0,0
2023-02-17 14:00:00,7.0,14.0,8.0,13.0,18.307692307692307,14.373626373626374,Astoria,14,4,0,47,1,0,0
2023-02-17 15:00:00,7.0,7.0,9.0,5.0,18.23076923076923,14.307692307692308,Astoria,15,4,0,47,1,0,0
2023-02-17 16:00:00,11.0,7.0,16.0,10.0,18.076923076923077,14.32967032967033,Astoria,16,4,0,47,1,0,0
2023-02-17 17:00:00,17.0,11.0,13.0,5.0,17.692307692307693,14.340659340659341,Astoria,17,4,0,47,1,0,0
2023-02-17 18:00:00,8.0,17.0,10.0,7.0,18.0,14.472527472527473,Astoria,18,4,0,47,1,0,0
2023-02-17 19:00:00,3.0,8.0,21.0,5.0,17.846153846153847,14.483516483516484,Astoria,19,4,0,47,1,0,0
2023-02-18 07:00:00,34.0,,32.0,22.0,16.46153846153846,14.461538461538462,Astoria,7,5,1,48,1,0,0
2023-02-18 08:00:00,29.0,34.0,23.0,27.0,16.615384615384617,14.593406593406593,Astoria,8,5,1,48,1,0,0
2023-02-18 09:00:00,30.0,29.0,28.0,24.0,17.076923076923077,14.615384615384615,Astoria,9,5,1,48,1,0,0
2023-02-18 10:00:00,40.0,30.0,46.0,24.0,17.23076923076923,14.68131868131868,Astoria,10,5,1,48,1,0,0
2023-02-18 11:00:00,9.0,40.0,11.0,6.0,16.76923076923077,14.857142857142858,Astoria,11,5,1,48,1,0,0
2023-02-18 12:00:00,6.0,9.0,7.0,5.0,16.615384615384617,14.89010989010989,Astoria,12,5,1,48,1,0,0
2023-02-18 13:00:00,6.0,6.0,14.0,12.0,16.53846153846154,14.901098901098901,Astoria,13,5,1,48,1,0,0
2023-02-18 14:00:00,8.0,6.0,7.0,5.0,15.923076923076923,14.835164835164836,Astoria,14,5,1,48,1,0,0
2023-02-18 15:00:00,8.0,8.0,7.0,4.0,16.0,14.868131868131869,Astoria,15,5,1,48,1,0,0
2023-02-18 16:00:00,12.0,8.0,11.0,10.0,16.076923076923077,14.912087912087912,Astoria,16,5,1,48,1,0,0
2023-02-18 17:00:00,5.0,12.0,17.0,6.0,16.153846153846153,14.934065934065934,Astoria,17,5,1,48,1,0,0
2023-02-18 18:00:00,3.0,5.0,8.0,5.0,15.23076923076923,14.923076923076923,Astoria,18,5,1,48,1,0,0
2023-02-18 19:00:00,12.0,3.0,3.0,5.0,14.846153846153847,14.901098901098901,Astoria,19,5,1,48,1,0,0
2023-02-19 07:00:00,29.0,,34.0,17.0,15.538461538461538,14.978021978021978,Astoria,7,6,1,49,1,0,0
2023-02-19 08:00:00,39.0,29.0,29.0,17.0,15.153846153846153,15.10989010989011,Astoria,8,6,1,49,1,0,0
2023-02-19 09:00:00,46.0,39.0,30.0,29.0,15.923076923076923,15.351648351648352,Astoria,9,6,1,49,1,0,0
2023-02-19 10:00:00,40.0,46.0,40.0,26.0,17.153846153846153,15.538461538461538,Astoria,10,6,1,49,1,0,0
2023-02-19 11:00:00,7.0,40.0,9.0,8.0,17.153846153846153,15.692307692307692,Astoria,11,6,1,49,1,0,0
2023-02-19 12:00:00,11.0,7.0,6.0,2.0,17.0,15.68131868131868,Astoria,12,6,1,49,1,0,0
2023-02-19 13:00:00,8.0,11.0,6.0,7.0,17.384615384615383,15.780219780219781,Astoria,13,6,1,49,1,0,0
2023-02-19 14:00:00,16.0,8.0,8.0,7.0,17.53846153846154,15.791208791208792,Astoria,14,6,1,49,1,0,0
2023-02-19 15:00:00,7.0,16.0,8.0,12.0,18.153846153846153,15.89010989010989,Astoria,15,6,1,49,1,0,0
2023-02-19 16:00:00,11.0,7.0,12.0,2.0,18.076923076923077,15.835164835164836,Astoria,16,6,1,49,1,0,0
2023-02-19 17:00:00,16.0,11.0,5.0,8.0,18.0,15.934065934065934,Astoria,17,6,1,49,1,0,0
2023-02-19 18:00:00,13.0,16.0,3.0,5.0,18.846153846153847,16.021978021978022,Astoria,18,6,1,49,1,0,0
2023-02-19 19:00:00,7.0,13.0,12.0,2.0,19.615384615384617,16.10989010989011,Astoria,19,6,1,49,1,0,0
2023-02-20 07:00:00,24.0,,29.0,23.0,19.23076923076923,16.164835164835164,Astoria,7,0,0,50,1,0,0
2023-02-20 08:00:00,30.0,24.0,39.0,16.0,18.846153846153847,16.175824175824175,Astoria,8,0,0,50,1,0,0
2023-02-20 09:00:00,40.0,30.0,46.0,17.0,18.153846153846153,16.32967032967033,Astoria,9,0,0,50,1,0,0
2023-02-20 10:00:00,25.0,40.0,40.0,34.0,17.692307692307693,16.582417582417584,Astoria,10,0,0,50,1,0,0
2023-02-20 11:00:00,9.0,25.0,7.0,4.0,16.53846153846154,16.483516483516482,Astoria,11,0,0,50,1,0,0
2023-02-20 12:00:00,4.0,9.0,11.0,7.0,16.692307692307693,16.53846153846154,Astoria,12,0,0,50,1,0,0
2023-02-20 13:00:00,8.0,4.0,8.0,7.0,16.153846153846153,16.505494505494507,Astoria,13,0,0,50,1,0,0
2023-02-20 14:00:00,12.0,8.0,16.0,5.0,16.153846153846153,16.516483516483518,Astoria,14,0,0,50,1,0,0
2023-02-20 15:00:00,11.0,12.0,7.0,8.0,15.846153846153847,16.593406593406595,Astoria,15,0,0,50,1,0,0
2023-02-20 16:00:00,7.0,11.0,11.0,6.0,16.153846153846153,16.626373626373628,Astoria,16,0,0,50,1,0,0
2023-02-20 17:00:00,12.0,7.0,16.0,9.0,15.846153846153847,16.63736263736264,Astoria,17,0,0,50,1,0,0
2023-02-20 18:00:00,4.0,12.0,13.0,6.0,15.538461538461538,16.67032967032967,Astoria,18,0,0,50,1,0,0
2023-02-20 19:00:00,19.0,4.0,7.0,7.0,14.846153846153847,16.64835164835165,Astoria,19,0,0,50,1,0,0
2023-02-21 07:00:00,0.0,,24.0,0.0,15.76923076923077,16.78021978021978,Astoria,7,1,0,51,1,0,0
2023-02-21 08:00:00,34.0,0.0,30.0,32.0,13.923076923076923,16.78021978021978,Astoria,8,1,0,51,1,0,0
2023-02-21 09:00:00,44.0,34.0,40.0,38.0,14.23076923076923,16.802197802197803,Astoria,9,1,0,51,1,0,0
2023-02-21 10:00:00,31.0,44.0,25.0,28.0,14.538461538461538,16.86813186813187,Astoria,10,1,0,51,1,0,0
2023-02-21 11:00:00,4.0,31.0,9.0,8.0,15.0,16.9010989010989,Astoria,11,1,0,51,1,0,0
2023-02-21 12:00:00,5.0,4.0,4.0,2.0,14.615384615384615,16.857142857142858,Astoria,12,1,0,51,1,0,0
2023-02-21 13:00:00,5.0,5.0,8.0,6.0,14.692307692307692,16.89010989010989,Astoria,13,1,0,51,1,0,0
2023-02-21 14:00:00,3.0,5.0,12.0,3.0,14.461538461538462,16.87912087912088,Astoria,14,1,0,51,1,0,0
2023-02-21 15:00:00,9.0,3.0,11.0,6.0,13.76923076923077,16.87912087912088,Astoria,15,1,0,51,1,0,0
2023-02-21 16:00:00,7.0,9.0,7.0,4.0,13.615384615384615,16.912087912087912,Astoria,16,1,0,51,1,0,0
2023-02-21 17:00:00,11.0,7.0,12.0,10.0,13.615384615384615,16.945054945054945,Astoria,17,1,0,51,1,0,0
2023-02-21 18:00:00,10.0,11.0,4.0,7.0,13.538461538461538,16.956043956043956,Astoria,18,1,0,51,1,0,0
2023-02-21 19:00:00,5.0,10.0,19.0,7.0,14.0,16.98901098901099,Astoria,19,1,0,51,1,0,0
2023-02-22 07:00:00,22.0,,0.0,32.0,12.923076923076923,16.967032967032967,Astoria,7,2,0,52,1,0,0
2023-02-22 08:00:00,19.0,22.0,34.0,41.0,14.615384615384615,16.857142857142858,Astoria,8,2,0,52,1,0,0
2023-02-22 09:00:00,18.0,19.0,44.0,53.0,13.461538461538462,16.615384615384617,Astoria,9,2,0,52,1,0,0
2023-02-22 10:00:00,8.0,18.0,31.0,42.0,11.461538461538462,16.23076923076923,Astoria,10,2,0,52,1,0,0
2023-02-22 11:00:00,16.0,8.0,4.0,5.0,9.692307692307692,15.857142857142858,Astoria,11,2,0,52,1,0,0
2023-02-22 12:00:00,10.0,16.0,5.0,7.0,10.615384615384615,15.978021978021978,Astoria,12,2,0,52,1,0,0
2023-02-22 13:00:00,15.0,10.0,5.0,13.0,11.0,16.01098901098901,Astoria,13,2,0,52,1,0,0
2023-02-22 14:00:00,21.0,15.0,3.0,13.0,11.76923076923077,16.032967032967033,Astoria,14,2,0,52,1,0,0
2023-02-22 15:00:00,17.0,21.0,9.0,7.0,13.153846153846153,16.12087912087912,Astoria,15,2,0,52,1,0,0
2023-02-22 16:00:00,21.0,17.0,7.0,9.0,13.76923076923077,16.23076923076923,Astoria,16,2,0,52,1,0,0
2023-02-22 17:00:00,20.0,21.0,11.0,7.0,14.846153846153847,16.36263736263736,Astoria,17,2,0,52,1,0,0
2023-02-22 18:00:00,16.0,20.0,10.0,24.0,15.538461538461538,16.505494505494507,Astoria,18,2,0,52,1,0,0
2023-02-22 19:00:00,11.0,16.0,5.0,9.0,16.0,16.417582417582416,Astoria,19,2,0,52,1,0,0
2023-02-23 07:00:00,25.0,,22.0,43.0,16.46153846153846,16.439560439560438,Astoria,7,3,0,53,1,0,0
2023-02-23 08:00:00,14.0,25.0,19.0,28.0,16.692307692307693,16.24175824175824,Astoria,8,3,0,53,1,0,0
2023-02-23 09:00:00,13.0,14.0,18.0,36.0,16.307692307692307,16.087912087912088,Astoria,9,3,0,53,1,0,0
2023-02-23 10:00:00,16.0,13.0,8.0,30.0,15.923076923076923,15.835164835164836,Astoria,10,3,0,53,1,0,0
2023-02-23 11:00:00,15.0,16.0,16.0,9.0,16.53846153846154,15.68131868131868,Astoria,11,3,0,53,1,0,0
2023-02-23 12:00:00,21.0,15.0,10.0,6.0,16.46153846153846,15.747252747252746,Astoria,12,3,0,53,1,0,0
2023-02-23 13:00:00,9.0,21.0,15.0,14.0,17.307692307692307,15.912087912087912,Astoria,13,3,0,53,1,0,0
2023-02-23 14:00:00,17.0,9.0,21.0,8.0,16.846153846153847,15.857142857142858,Astoria,14,3,0,53,1,0,0
2023-02-23 15:00:00,12.0,17.0,17.0,9.0,16.53846153846154,15.956043956043956,Astoria,15,3,0,53,1,0,0
2023-02-23 16:00:00,19.0,12.0,21.0,16.0,16.153846153846153,15.989010989010989,Astoria,16,3,0,53,1,0,0
2023-02-23 17:00:00,14.0,19.0,20.0,13.0,16.0,16.021978021978022,Astoria,17,3,0,53,1,0,0
2023-02-23 18:00:00,11.0,14.0,16.0,10.0,15.538461538461538,16.032967032967033,Astoria,18,3,0,53,1,0,0
2023-02-23 19:00:00,14.0,11.0,11.0,21.0,15.153846153846153,16.043956043956044,Astoria,19,3,0,53,1,0,0
2023-02-24 07:00:00,14.0,,25.0,32.0,15.384615384615385,15.967032967032967,Astoria,7,4,0,54,1,0,0
2023-02-24 08:00:00,15.0,14.0,14.0,23.0,14.538461538461538,15.76923076923077,Astoria,8,4,0,54,1,0,0
2023-02-24 09:00:00,23.0,15.0,13.0,28.0,14.615384615384615,15.68131868131868,Astoria,9,4,0,54,1,0,0
2023-02-24 10:00:00,12.0,23.0,16.0,46.0,15.384615384615385,15.626373626373626,Astoria,10,4,0,54,1,0,0
2023-02-24 11:00:00,17.0,12.0,15.0,11.0,15.076923076923077,15.252747252747254,Astoria,11,4,0,54,1,0,0
2023-02-24 12:00:00,21.0,17.0,21.0,7.0,15.23076923076923,15.31868131868132,Astoria,12,4,0,54,1,0,0
2023-02-24 13:00:00,20.0,21.0,9.0,14.0,15.23076923076923,15.472527472527473,Astoria,13,4,0,54,1,0,0
2023-02-24 14:00:00,15.0,20.0,17.0,7.0,16.076923076923077,15.538461538461538,Astoria,14,4,0,54,1,0,0
2023-02-24 15:00:00,20.0,15.0,12.0,7.0,15.923076923076923,15.626373626373626,Astoria,15,4,0,54,1,0,0
2023-02-24 16:00:00,13.0,20.0,19.0,11.0,16.53846153846154,15.76923076923077,Astoria,16,4,0,54,1,0,0
2023-02-24 17:00:00,16.0,13.0,14.0,17.0,16.076923076923077,15.791208791208792,Astoria,17,4,0,54,1,0,0
2023-02-24 18:00:00,12.0,16.0,11.0,8.0,16.23076923076923,15.780219780219781,Astoria,18,4,0,54,1,0,0
2023-02-24 19:00:00,15.0,12.0,14.0,3.0,16.307692307692307,15.824175824175825,Astoria,19,4,0,54,1,0,0
2023-02-25 07:00:00,16.0,,14.0,34.0,16.384615384615383,15.956043956043956,Astoria,7,5,1,55,1,0,0
2023-02-25 08:00:00,14.0,16.0,15.0,29.0,16.53846153846154,15.758241758241759,Astoria,8,5,1,55,1,0,0
2023-02-25 09:00:00,11.0,14.0,23.0,30.0,16.46153846153846,15.593406593406593,Astoria,9,5,1,55,1,0,0
2023-02-25 10:00:00,19.0,11.0,12.0,40.0,15.538461538461538,15.384615384615385,Astoria,10,5,1,55,1,0,0
2023-02-25 11:00:00,15.0,19.0,17.0,9.0,16.076923076923077,15.153846153846153,Astoria,11,5,1,55,1,0,0
2023-02-25 12:00:00,14.0,15.0,21.0,6.0,15.923076923076923,15.219780219780219,Astoria,12,5,1,55,1,0,0
2023-02-25 13:00:00,18.0,14.0,20.0,6.0,15.384615384615385,15.307692307692308,Astoria,13,5,1,55,1,0,0
2023-02-25 14:00:00,10.0,18.0,15.0,8.0,15.23076923076923,15.43956043956044,Astoria,14,5,1,55,1,0,0
2023-02-25 15:00:00,14.0,10.0,20.0,8.0,14.846153846153847,15.461538461538462,Astoria,15,5,1,55,1,0,0
2023-02-25 16:00:00,18.0,14.0,13.0,12.0,14.384615384615385,15.527472527472527,Astoria,16,5,1,55,1,0,0
2023-02-25 17:00:00,11.0,18.0,16.0,5.0,14.76923076923077,15.593406593406593,Astoria,17,5,1,55,1,0,0
2023-02-25 18:00:00,10.0,11.0,12.0,3.0,14.384615384615385,15.659340659340659,Astoria,18,5,1,55,1,0,0
2023-02-25 19:00:00,15.0,10.0,15.0,12.0,14.23076923076923,15.736263736263735,Astoria,19,5,1,55,1,0,0
2023-02-26 07:00:00,19.0,,16.0,29.0,14.23076923076923,15.76923076923077,Astoria,7,6,1,56,1,0,0
2023-02-26 08:00:00,16.0,19.0,14.0,39.0,14.461538461538462,15.659340659340659,Astoria,8,6,1,56,1,0,0
2023-02-26 09:00:00,19.0,16.0,11.0,46.0,14.615384615384615,15.406593406593407,Astoria,9,6,1,56,1,0,0
2023-02-26 10:00:00,16.0,19.0,19.0,40.0,15.23076923076923,15.10989010989011,Astoria,10,6,1,56,1,0,0
2023-02-26 11:00:00,11.0,16.0,15.0,7.0,15.0,14.846153846153847,Astoria,11,6,1,56,1,0,0
2023-02-26 12:00:00,21.0,11.0,14.0,11.0,14.692307692307692,14.89010989010989,Astoria,12,6,1,56,1,0,0
2023-02-26 13:00:00,16.0,21.0,18.0,8.0,15.23076923076923,15.0,Astoria,13,6,1,56,1,0,0
2023-02-26 14:00:00,25.0,16.0,10.0,16.0,15.076923076923077,15.087912087912088,Astoria,14,6,1,56,1,0,0
2023-02-26 15:00:00,20.0,25.0,14.0,7.0,16.23076923076923,15.186813186813186,Astoria,15,6,1,56,1,0,0
2023-02-26 16:00:00,17.0,20.0,18.0,11.0,16.692307692307693,15.32967032967033,Astoria,16,6,1,56,1,0,0
2023-02-26 17:00:00,19.0,17.0,11.0,16.0,16.615384615384617,15.395604395604396,Astoria,17,6,1,56,1,0,0
2023-02-26 18:00:00,19.0,19.0,10.0,13.0,17.23076923076923,15.428571428571429,Astoria,18,6,1,56,1,0,0
2023-02-26 19:00:00,15.0,19.0,15.0,7.0,17.923076923076923,15.494505494505495,Astoria,19,6,1,56,1,0,0
2023-02-27 07:00:00,13.0,,19.0,24.0,17.923076923076923,15.582417582417582,Astoria,7,0,0,57,1,0,0
2023-02-27 08:00:00,20.0,13.0,16.0,30.0,17.46153846153846,15.461538461538462,Astoria,8,0,0,57,1,0,0
2023-02-27 09:00:00,17.0,20.0,19.0,40.0,17.76923076923077,15.351648351648352,Astoria,9,0,0,57,1,0,0
2023-02-27 10:00:00,21.0,17.0,16.0,25.0,17.615384615384617,15.098901098901099,Astoria,10,0,0,57,1,0,0
2023-02-27 11:00:00,18.0,21.0,11.0,9.0,18.0,15.054945054945055,Astoria,11,0,0,57,1,0,0
2023-02-27 12:00:00,10.0,18.0,21.0,4.0,18.53846153846154,15.153846153846153,Astoria,12,0,0,57,1,0,0
2023-02-27 13:00:00,15.0,10.0,16.0,8.0,17.692307692307693,15.219780219780219,Astoria,13,0,0,57,1,0,0
2023-02-27 14:00:00,13.0,15.0,25.0,12.0,17.615384615384617,15.296703296703297,Astoria,14,0,0,57,1,0,0
2023-02-27 15:00:00,13.0,13.0,20.0,11.0,16.692307692307693,15.307692307692308,Astoria,15,0,0,57,1,0,0
2023-02-27 16:00:00,14.0,13.0,17.0,7.0,16.153846153846153,15.32967032967033,Astoria,16,0,0,57,1,0,0
2023-02-27 17:00:00,12.0,14.0,19.0,12.0,15.923076923076923,15.406593406593407,Astoria,17,0,0,57,1,0,0
2023-02-27 18:00:00,27.0,12.0,19.0,4.0,15.384615384615385,15.406593406593407,Astoria,18,0,0,57,1,0,0
2023-02-27 19:00:00,15.0,27.0,15.0,19.0,16.0,15.659340659340659,Astoria,19,0,0,57,1,0,0
2023-02-28 07:00:00,11.0,,13.0,0.0,16.0,15.615384615384615,Astoria,7,1,0,58,1,0,0
2023-02-28 08:00:00,16.0,11.0,20.0,34.0,15.846153846153847,15.736263736263735,Astoria,8,1,0,58,1,0,0
2023-02-28 09:00:00,15.0,16.0,17.0,44.0,15.538461538461538,15.538461538461538,Astoria,9,1,0,58,1,0,0
2023-02-28 10:00:00,10.0,15.0,21.0,31.0,15.384615384615385,15.219780219780219,Astoria,10,1,0,58,1,0,0
2023-02-28 11:00:00,20.0,10.0,18.0,4.0,14.538461538461538,14.989010989010989,Astoria,11,1,0,58,1,0,0
2023-02-28 12:00:00,12.0,20.0,10.0,5.0,14.692307692307692,15.164835164835164,Astoria,12,1,0,58,1,0,0
2023-02-28 13:00:00,6.0,12.0,15.0,5.0,14.846153846153847,15.241758241758241,Astoria,13,1,0,58,1,0,0
2023-02-28 14:00:00,11.0,6.0,13.0,3.0,14.153846153846153,15.252747252747254,Astoria,14,1,0,58,1,0,0
2023-02-28 15:00:00,13.0,11.0,13.0,9.0,14.0,15.340659340659341,Astoria,15,1,0,58,1,0,0
2023-02-28 16:00:00,13.0,13.0,14.0,7.0,14.0,15.384615384615385,Astoria,16,1,0,58,1,0,0
2023-02-28 17:00:00,21.0,13.0,12.0,11.0,13.923076923076923,15.45054945054945,Astoria,17,1,0,58,1,0,0
2023-02-28 18:00:00,18.0,21.0,27.0,10.0,14.615384615384615,15.56043956043956,Astoria,18,1,0,58,1,0,0
2023-02-28 19:00:00,23.0,18.0,15.0,5.0,13.923076923076923,15.648351648351648,Astoria,19,1,0,58,1,0,0
2023-03-01 07:00:00,0.0,,11.0,22.0,14.538461538461538,15.846153846153847,Astoria,7,2,0,59,1,0,0
2023-03-01 08:00:00,0.0,0.0,16.0,19.0,13.692307692307692,15.604395604395604,Astoria,8,2,0,59,1,0,0
2023-03-01 09:00:00,0.0,0.0,15.0,18.0,12.461538461538462,15.395604395604396,Astoria,9,2,0,59,1,0,0
2023-03-01 10:00:00,0.0,0.0,10.0,8.0,11.307692307692308,15.197802197802197,Astoria,10,2,0,59,1,0,0
2023-03-01 11:00:00,30.0,0.0,20.0,16.0,10.538461538461538,15.10989010989011,Astoria,11,2,0,59,1,0,0
2023-03-01 12:00:00,23.0,30.0,12.0,10.0,11.307692307692308,15.263736263736265,Astoria,12,2,0,59,1,0,0
2023-03-01 13:00:00,22.0,23.0,6.0,15.0,12.153846153846153,15.406593406593407,Astoria,13,2,0,59,1,0,0
2023-03-01 14:00:00,16.0,22.0,11.0,21.0,13.384615384615385,15.483516483516484,Astoria,14,2,0,59,1,0,0
2023-03-01 15:00:00,32.0,16.0,13.0,17.0,13.76923076923077,15.428571428571429,Astoria,15,2,0,59,1,0,0
2023-03-01 16:00:00,26.0,32.0,13.0,21.0,15.23076923076923,15.593406593406593,Astoria,16,2,0,59,1,0,0
2023-03-01 17:00:00,28.0,26.0,21.0,20.0,16.23076923076923,15.648351648351648,Astoria,17,2,0,59,1,0,0
2023-03-01 18:00:00,26.0,28.0,18.0,16.0,16.76923076923077,15.736263736263735,Astoria,18,2,0,59,1,0,0
2023-03-01 19:00:00,26.0,26.0,23.0,11.0,17.384615384615383,15.846153846153847,Astoria,19,2,0,59,1,0,0
2023-03-02 07:00:00,0.0,,0.0,25.0,17.615384615384617,16.01098901098901,Astoria,7,3,0,60,1,0,0
2023-03-02 08:00:00,0.0,0.0,0.0,14.0,17.615384615384617,15.736263736263735,Astoria,8,3,0,60,1,0,0
2023-03-02 09:00:00,0.0,0.0,0.0,13.0,17.615384615384617,15.582417582417582,Astoria,9,3,0,60,1,0,0
2023-03-02 10:00:00,0.0,0.0,0.0,16.0,17.615384615384617,15.43956043956044,Astoria,10,3,0,60,1,0,0
2023-03-02 11:00:00,27.0,0.0,30.0,15.0,17.615384615384617,15.263736263736265,Astoria,11,3,0,60,1,0,0
2023-03-02 12:00:00,32.0,27.0,23.0,21.0,17.384615384615383,15.395604395604396,Astoria,12,3,0,60,1,0,0
2023-03-02 13:00:00,35.0,32.0,22.0,9.0,18.076923076923077,15.516483516483516,Astoria,13,3,0,60,1,0,0
2023-03-02 14:00:00,27.0,35.0,16.0,17.0,19.076923076923077,15.802197802197803,Astoria,14,3,0,60,1,0,0
2023-03-02 15:00:00,14.0,27.0,32.0,12.0,19.923076923076923,15.912087912087912,Astoria,15,3,0,60,1,0,0
2023-03-02 16:00:00,25.0,14.0,26.0,19.0,18.53846153846154,15.934065934065934,Astoria,16,3,0,60,1,0,0
2023-03-02 17:00:00,24.0,25.0,28.0,14.0,18.46153846153846,16.0,Astoria,17,3,0,60,1,0,0
2023-03-02 18:00:00,26.0,24.0,26.0,11.0,18.153846153846153,16.10989010989011,Astoria,18,3,0,60,1,0,0
2023-03-02 19:00:00,33.0,26.0,26.0,14.0,18.153846153846153,16.274725274725274,Astoria,19,3,0,60,1,0,0
2023-03-03 07:00:00,0.0,,0.0,14.0,18.692307692307693,16.483516483516482,Astoria,7,4,0,61,1,0,0
2023-03-03 08:00:00,0.0,0.0,0.0,15.0,18.692307692307693,16.32967032967033,Astoria,8,4,0,61,1,0,0
2023-03-03 09:00:00,0.0,0.0,0.0,23.0,18.692307692307693,16.164835164835164,Astoria,9,4,0,61,1,0,0
2023-03-03 10:00:00,0.0,0.0,0.0,12.0,18.692307692307693,15.912087912087912,Astoria,10,4,0,61,1,0,0
2023-03-03 11:00:00,32.0,0.0,27.0,17.0,18.692307692307693,15.780219780219781,Astoria,11,4,0,61,1,0,0
2023-03-03 12:00:00,30.0,32.0,32.0,21.0,19.076923076923077,15.945054945054945,Astoria,12,4,0,61,1,0,0
2023-03-03 13:00:00,19.0,30.0,35.0,20.0,18.923076923076923,16.043956043956044,Astoria,13,4,0,61,1,0,0
2023-03-03 14:00:00,27.0,19.0,27.0,15.0,17.692307692307693,16.032967032967033,Astoria,14,4,0,61,1,0,0
2023-03-03 15:00:00,36.0,27.0,14.0,20.0,17.692307692307693,16.164835164835164,Astoria,15,4,0,61,1,0,0
2023-03-03 16:00:00,38.0,36.0,25.0,13.0,19.384615384615383,16.34065934065934,Astoria,16,4,0,61,1,0,0
2023-03-03 17:00:00,21.0,38.0,24.0,16.0,20.384615384615383,16.615384615384617,Astoria,17,4,0,61,1,0,0
2023-03-03 18:00:00,21.0,21.0,26.0,12.0,20.153846153846153,16.67032967032967,Astoria,18,4,0,61,1,0,0
2023-03-03 19:00:00,40.0,21.0,33.0,15.0,19.76923076923077,16.76923076923077,Astoria,19,4,0,61,1,0,0
2023-03-04 07:00:00,0.0,,0.0,16.0,20.307692307692307,17.043956043956044,Astoria,7,5,1,62,1,0,0
2023-03-04 08:00:00,0.0,0.0,0.0,14.0,20.307692307692307,16.86813186813187,Astoria,8,5,1,62,1,0,0
2023-03-04 09:00:00,0.0,0.0,0.0,11.0,20.307692307692307,16.714285714285715,Astoria,9,5,1,62,1,0,0
2023-03-04 10:00:00,0.0,0.0,0.0,19.0,20.307692307692307,16.593406593406595,Astoria,10,5,1,62,1,0,0
2023-03-04 11:00:00,17.0,0.0,32.0,15.0,20.307692307692307,16.384615384615383,Astoria,11,5,1,62,1,0,0
2023-03-04 12:00:00,44.0,17.0,30.0,14.0,19.153846153846153,16.406593406593405,Astoria,12,5,1,62,1,0,0
2023-03-04 13:00:00,25.0,44.0,19.0,18.0,20.23076923076923,16.736263736263737,Astoria,13,5,1,62,1,0,0
2023-03-04 14:00:00,29.0,25.0,27.0,10.0,20.692307692307693,16.813186813186814,Astoria,14,5,1,62,1,0,0
2023-03-04 15:00:00,20.0,29.0,36.0,14.0,20.846153846153847,17.021978021978022,Astoria,15,5,1,62,1,0,0
2023-03-04 16:00:00,29.0,20.0,38.0,18.0,19.615384615384617,17.087912087912088,Astoria,16,5,1,62,1,0,0
2023-03-04 17:00:00,22.0,29.0,21.0,11.0,18.923076923076923,17.208791208791208,Astoria,17,5,1,62,1,0,0
2023-03-04 18:00:00,25.0,22.0,21.0,10.0,19.0,17.32967032967033,Astoria,18,5,1,62,1,0,0
2023-03-04 19:00:00,17.0,25.0,40.0,15.0,19.307692307692307,17.494505494505493,Astoria,19,5,1,62,1,0,0
2023-03-05 07:00:00,0.0,,0.0,19.0,17.53846153846154,17.516483516483518,Astoria,7,6,1,63,1,0,0
2023-03-05 08:00:00,0.0,0.0,0.0,16.0,17.53846153846154,17.307692307692307,Astoria,8,6,1,63,1,0,0
2023-03-05 09:00:00,0.0,0.0,0.0,19.0,17.53846153846154,17.13186813186813,Astoria,9,6,1,63,1,0,0
2023-03-05 10:00:00,0.0,0.0,0.0,16.0,17.53846153846154,16.923076923076923,Astoria,10,6,1,63,1,0,0
2023-03-05 11:00:00,27.0,0.0,17.0,11.0,17.53846153846154,16.747252747252748,Astoria,11,6,1,63,1,0,0
2023-03-05 12:00:00,28.0,27.0,44.0,21.0,18.307692307692307,16.923076923076923,Astoria,12,6,1,63,1,0,0
2023-03-05 13:00:00,30.0,28.0,25.0,16.0,17.076923076923077,17.0,Astoria,13,6,1,63,1,0,0
2023-03-05 14:00:00,25.0,30.0,29.0,25.0,17.46153846153846,17.153846153846153,Astoria,14,6,1,63,1,0,0
2023-03-05 15:00:00,20.0,25.0,20.0,20.0,17.153846153846153,17.153846153846153,Astoria,15,6,1,63,1,0,0
2023-03-05 16:00:00,28.0,20.0,29.0,17.0,17.153846153846153,17.153846153846153,Astoria,16,6,1,63,1,0,0
2023-03-05 17:00:00,30.0,28.0,22.0,19.0,17.076923076923077,17.274725274725274,Astoria,17,6,1,63,1,0,0
2023-03-05 18:00:00,30.0,30.0,25.0,19.0,17.692307692307693,17.395604395604394,Astoria,18,6,1,63,1,0,0
2023-03-05 19:00:00,35.0,30.0,17.0,15.0,18.076923076923077,17.516483516483518,Astoria,19,6,1,63,1,0,0
2023-03-06 07:00:00,0.0,,0.0,13.0,19.46153846153846,17.736263736263737,Astoria,7,0,0,64,1,0,0
2023-03-06 08:00:00,0.0,0.0,0.0,20.0,19.46153846153846,17.593406593406595,Astoria,8,0,0,64,1,0,0
2023-03-06 09:00:00,0.0,0.0,0.0,17.0,19.46153846153846,17.373626373626372,Astoria,9,0,0,64,1,0,0
2023-03-06 10:00:00,0.0,0.0,0.0,21.0,19.46153846153846,17.186813186813186,Astoria,10,0,0,64,1,0,0
2023-03-06 11:00:00,19.0,0.0,27.0,18.0,19.46153846153846,16.956043956043956,Astoria,11,0,0,64,1,0,0
2023-03-06 12:00:00,23.0,19.0,28.0,10.0,18.846153846153847,16.967032967032967,Astoria,12,0,0,64,1,0,0
2023-03-06 13:00:00,11.0,23.0,30.0,15.0,18.46153846153846,17.10989010989011,Astoria,13,0,0,64,1,0,0
2023-03-06 14:00:00,16.0,11.0,25.0,13.0,17.0,17.065934065934066,Astoria,14,0,0,64,1,0,0
2023-03-06 15:00:00,29.0,16.0,20.0,13.0,16.307692307692307,17.0989010989011,Astoria,15,0,0,64,1,0,0
2023-03-06 16:00:00,18.0,29.0,28.0,14.0,17.0,17.274725274725274,Astoria,16,0,0,64,1,0,0
2023-03-06 17:00:00,18.0,18.0,30.0,12.0,16.23076923076923,17.318681318681318,Astoria,17,0,0,64,1,0,0
2023-03-06 18:00:00,16.0,18.0,30.0,27.0,15.307692307692308,17.384615384615383,Astoria,18,0,0,64,1,0,0
2023-03-06 19:00:00,19.0,16.0,35.0,15.0,14.23076923076923,17.263736263736263,Astoria,19,0,0,64,1,0,0
2023-03-07 07:00:00,22.0,,0.0,11.0,13.0,17.307692307692307,Astoria,7,1,0,65,1,0,0
2023-03-07 08:00:00,24.0,22.0,0.0,16.0,14.692307692307692,17.428571428571427,Astoria,8,1,0,65,1,0,0
2023-03-07 09:00:00,13.0,24.0,0.0,15.0,16.53846153846154,17.516483516483518,Astoria,9,1,0,65,1,0,0
2023-03-07 10:00:00,18.0,13.0,0.0,10.0,17.53846153846154,17.494505494505493,Astoria,10,1,0,65,1,0,0
2023-03-07 11:00:00,19.0,18.0,19.0,20.0,18.923076923076923,17.582417582417584,Astoria,11,1,0,65,1,0,0
2023-03-07 12:00:00,17.0,19.0,23.0,12.0,18.923076923076923,17.571428571428573,Astoria,12,1,0,65,1,0,0
2023-03-07 13:00:00,13.0,17.0,11.0,6.0,18.46153846153846,17.626373626373628,Astoria,13,1,0,65,1,0,0
2023-03-07 14:00:00,12.0,13.0,16.0,11.0,18.615384615384617,17.703296703296704,Astoria,14,1,0,65,1,0,0
2023-03-07 15:00:00,16.0,12.0,29.0,13.0,18.307692307692307,17.714285714285715,Astoria,15,1,0,65,1,0,0
2023-03-07 16:00:00,15.0,16.0,18.0,13.0,17.307692307692307,17.747252747252748,Astoria,16,1,0,65,1,0,0
2023-03-07 17:00:00,8.0,15.0,18.0,21.0,17.076923076923077,17.76923076923077,Astoria,17,1,0,65,1,0,0
2023-03-07 18:00:00,23.0,8.0,16.0,18.0,16.307692307692307,17.626373626373628,Astoria,18,1,0,65,1,0,0
2023-03-07 19:00:00,12.0,23.0,19.0,23.0,16.846153846153847,17.681318681318682,Astoria,19,1,0,65,1,0,0
2023-03-08 07:00:00,14.0,,22.0,0.0,16.307692307692307,17.560439560439562,Astoria,7,2,0,66,1,0,0
2023-03-08 08:00:00,22.0,14.0,24.0,0.0,15.692307692307692,17.714285714285715,Astoria,8,2,0,66,1,0,0
2023-03-08 09:00:00,19.0,22.0,13.0,0.0,15.538461538461538,17.956043956043956,Astoria,9,2,0,66,1,0,0
2023-03-08 10:00:00,13.0,19.0,18.0,0.0,16.0,18.164835164835164,Astoria,10,2,0,66,1,0,0
2023-03-08 11:00:00,22.0,13.0,19.0,30.0,15.615384615384615,18.307692307692307,Astoria,11,2,0,66,1,0,0
2023-03-08 12:00:00,15.0,22.0,17.0,23.0,15.846153846153847,18.21978021978022,Astoria,12,2,0,66,1,0,0
2023-03-08 13:00:00,23.0,15.0,13.0,22.0,15.692307692307692,18.13186813186813,Astoria,13,2,0,66,1,0,0
2023-03-08 14:00:00,13.0,23.0,12.0,16.0,16.46153846153846,18.142857142857142,Astoria,14,2,0,66,1,0,0
2023-03-08 15:00:00,20.0,13.0,16.0,32.0,16.53846153846154,18.10989010989011,Astoria,15,2,0,66,1,0,0
2023-03-08 16:00:00,23.0,20.0,15.0,26.0,16.846153846153847,17.978021978021978,Astoria,16,2,0,66,1,0,0
2023-03-08 17:00:00,17.0,23.0,8.0,28.0,17.46153846153846,17.945054945054945,Astoria,17,2,0,66,1,0,0
2023-03-08 18:00:00,24.0,17.0,23.0,26.0,18.153846153846153,17.824175824175825,Astoria,18,2,0,66,1,0,0
2023-03-08 19:00:00,16.0,24.0,12.0,26.0,18.23076923076923,17.802197802197803,Astoria,19,2,0,66,1,0,0
2023-03-09 07:00:00,33.0,,14.0,0.0,18.53846153846154,17.692307692307693,Astoria,7,3,0,67,1,0,0
2023-03-09 08:00:00,26.0,33.0,22.0,0.0,20.0,18.054945054945055,Astoria,8,3,0,67,1,0,0
2023-03-09 09:00:00,30.0,26.0,19.0,0.0,20.307692307692307,18.34065934065934,Astoria,9,3,0,67,1,0,0
2023-03-09 10:00:00,34.0,30.0,13.0,0.0,21.153846153846153,18.67032967032967,Astoria,10,3,0,67,1,0,0
2023-03-09 11:00:00,6.0,34.0,22.0,27.0,22.76923076923077,19.043956043956044,Astoria,11,3,0,67,1,0,0
2023-03-09 12:00:00,8.0,6.0,15.0,32.0,21.53846153846154,18.813186813186814,Astoria,12,3,0,67,1,0,0
2023-03-09 13:00:00,8.0,8.0,23.0,35.0,21.0,18.54945054945055,Astoria,13,3,0,67,1,0,0
2023-03-09 14:00:00,4.0,8.0,13.0,27.0,19.846153846153847,18.252747252747252,Astoria,14,3,0,67,1,0,0
2023-03-09 15:00:00,5.0,4.0,20.0,14.0,19.153846153846153,18.0,Astoria,15,3,0,67,1,0,0
2023-03-09 16:00:00,11.0,5.0,23.0,25.0,18.0,17.9010989010989,Astoria,16,3,0,67,1,0,0
2023-03-09 17:00:00,8.0,11.0,17.0,24.0,17.076923076923077,17.747252747252748,Astoria,17,3,0,67,1,0,0
2023-03-09 18:00:00,18.0,8.0,24.0,26.0,16.384615384615383,17.571428571428573,Astoria,18,3,0,67,1,0,0
2023-03-09 19:00:00,8.0,18.0,16.0,33.0,15.923076923076923,17.483516483516482,Astoria,19,3,0,67,1,0,0
2023-03-10 07:00:00,26.0,,33.0,0.0,15.307692307692308,17.208791208791208,Astoria,7,4,0,68,1,0,0
2023-03-10 08:00:00,40.0,26.0,26.0,0.0,14.76923076923077,17.494505494505493,Astoria,8,4,0,68,1,0,0
2023-03-10 09:00:00,25.0,40.0,30.0,0.0,15.846153846153847,17.934065934065934,Astoria,9,4,0,68,1,0,0
2023-03-10 10:00:00,34.0,25.0,34.0,0.0,15.461538461538462,18.208791208791208,Astoria,10,4,0,68,1,0,0
2023-03-10 11:00:00,9.0,34.0,6.0,32.0,15.461538461538462,18.582417582417584,Astoria,11,4,0,68,1,0,0
2023-03-10 12:00:00,10.0,9.0,8.0,30.0,15.692307692307692,18.32967032967033,Astoria,12,4,0,68,1,0,0
2023-03-10 13:00:00,9.0,10.0,8.0,19.0,15.846153846153847,18.10989010989011,Astoria,13,4,0,68,1,0,0
2023-03-10 14:00:00,19.0,9.0,4.0,27.0,15.923076923076923,18.0,Astoria,14,4,0,68,1,0,0
2023-03-10 15:00:00,7.0,19.0,5.0,36.0,17.076923076923077,17.912087912087912,Astoria,15,4,0,68,1,0,0
2023-03-10 16:00:00,20.0,7.0,11.0,38.0,17.23076923076923,17.593406593406595,Astoria,16,4,0,68,1,0,0
2023-03-10 17:00:00,8.0,20.0,8.0,21.0,17.923076923076923,17.395604395604394,Astoria,17,4,0,68,1,0,0
2023-03-10 18:00:00,12.0,8.0,18.0,21.0,17.923076923076923,17.252747252747252,Astoria,18,4,0,68,1,0,0
2023-03-10 19:00:00,11.0,12.0,8.0,40.0,17.46153846153846,17.153846153846153,Astoria,19,4,0,68,1,0,0
2023-03-11 07:00:00,18.0,,26.0,0.0,17.692307692307693,16.835164835164836,Astoria,7,5,1,69,1,0,0
2023-03-11 08:00:00,21.0,18.0,40.0,0.0,17.076923076923077,17.032967032967033,Astoria,8,5,1,69,1,0,0
2023-03-11 09:00:00,36.0,21.0,25.0,0.0,15.615384615384615,17.263736263736263,Astoria,9,5,1,69,1,0,0
2023-03-11 10:00:00,28.0,36.0,34.0,0.0,16.46153846153846,17.65934065934066,Astoria,10,5,1,69,1,0,0
2023-03-11 11:00:00,12.0,28.0,9.0,17.0,16.0,17.967032967032967,Astoria,11,5,1,69,1,0,0
2023-03-11 12:00:00,5.0,12.0,10.0,44.0,16.23076923076923,17.912087912087912,Astoria,12,5,1,69,1,0,0
2023-03-11 13:00:00,7.0,5.0,9.0,25.0,15.846153846153847,17.483516483516482,Astoria,13,5,1,69,1,0,0
2023-03-11 14:00:00,13.0,7.0,19.0,29.0,15.692307692307692,17.285714285714285,Astoria,14,5,1,69,1,0,0
2023-03-11 15:00:00,6.0,13.0,7.0,20.0,15.23076923076923,17.10989010989011,Astoria,15,5,1,69,1,0,0
2023-03-11 16:00:00,19.0,6.0,20.0,29.0,15.153846153846153,16.956043956043956,Astoria,16,5,1,69,1,0,0
2023-03-11 17:00:00,17.0,19.0,8.0,22.0,15.076923076923077,16.846153846153847,Astoria,17,5,1,69,1,0,0
2023-03-11 18:00:00,8.0,17.0,12.0,25.0,15.76923076923077,16.791208791208792,Astoria,18,5,1,69,1,0,0
2023-03-11 19:00:00,11.0,8.0,11.0,17.0,15.461538461538462,16.604395604395606,Astoria,19,5,1,69,1,0,0
2023-03-12 07:00:00,19.0,,18.0,0.0,15.461538461538462,16.53846153846154,Astoria,7,6,1,70,1,0,0
2023-03-12 08:00:00,18.0,19.0,21.0,0.0,15.538461538461538,16.747252747252748,Astoria,8,6,1,70,1,0,0
2023-03-12 09:00:00,25.0,18.0,36.0,0.0,15.307692307692308,16.945054945054945,Astoria,9,6,1,70,1,0,0
2023-03-12 10:00:00,21.0,25.0,28.0,0.0,14.461538461538462,17.21978021978022,Astoria,10,6,1,70,1,0,0
2023-03-12 11:00:00,9.0,21.0,12.0,27.0,13.923076923076923,17.45054945054945,Astoria,11,6,1,70,1,0,0
2023-03-12 12:00:00,2.0,9.0,5.0,28.0,13.692307692307692,17.252747252747252,Astoria,12,6,1,70,1,0,0
2023-03-12 13:00:00,4.0,2.0,7.0,30.0,13.461538461538462,16.967032967032967,Astoria,13,6,1,70,1,0,0
2023-03-12 14:00:00,9.0,4.0,13.0,25.0,13.23076923076923,16.681318681318682,Astoria,14,6,1,70,1,0,0
2023-03-12 15:00:00,8.0,9.0,6.0,20.0,12.923076923076923,16.505494505494507,Astoria,15,6,1,70,1,0,0
2023-03-12 16:00:00,6.0,8.0,19.0,28.0,13.076923076923077,16.373626373626372,Astoria,16,6,1,70,1,0,0
2023-03-12 17:00:00,8.0,6.0,17.0,30.0,12.076923076923077,16.13186813186813,Astoria,17,6,1,70,1,0,0
2023-03-12 18:00:00,11.0,8.0,8.0,30.0,11.384615384615385,15.89010989010989,Astoria,18,6,1,70,1,0,0
2023-03-12 19:00:00,4.0,11.0,11.0,35.0,11.615384615384615,15.68131868131868,Astoria,19,6,1,70,1,0,0
2023-03-13 07:00:00,34.0,,19.0,0.0,11.076923076923077,15.340659340659341,Astoria,7,0,0,71,1,0,0
2023-03-13 08:00:00,28.0,34.0,18.0,0.0,12.23076923076923,15.714285714285714,Astoria,8,0,0,71,1,0,0
2023-03-13 09:00:00,27.0,28.0,25.0,0.0,13.0,16.021978021978022,Astoria,9,0,0,71,1,0,0
2023-03-13 10:00:00,41.0,27.0,21.0,0.0,13.153846153846153,16.318681318681318,Astoria,10,0,0,71,1,0,0
2023-03-13 11:00:00,4.0,41.0,9.0,19.0,14.692307692307692,16.76923076923077,Astoria,11,0,0,71,1,0,0
2023-03-13 12:00:00,8.0,4.0,2.0,23.0,14.307692307692308,16.604395604395606,Astoria,12,0,0,71,1,0,0
2023-03-13 13:00:00,8.0,8.0,4.0,11.0,14.76923076923077,16.439560439560438,Astoria,13,0,0,71,1,0,0
2023-03-13 14:00:00,14.0,8.0,9.0,16.0,15.076923076923077,16.406593406593405,Astoria,14,0,0,71,1,0,0
2023-03-13 15:00:00,9.0,14.0,8.0,29.0,15.461538461538462,16.384615384615383,Astoria,15,0,0,71,1,0,0
2023-03-13 16:00:00,8.0,9.0,6.0,18.0,15.538461538461538,16.164835164835164,Astoria,16,0,0,71,1,0,0
2023-03-13 17:00:00,4.0,8.0,8.0,18.0,15.692307692307692,16.054945054945055,Astoria,17,0,0,71,1,0,0
2023-03-13 18:00:00,10.0,4.0,11.0,16.0,15.384615384615385,15.901098901098901,Astoria,18,0,0,71,1,0,0
2023-03-13 19:00:00,4.0,10.0,4.0,19.0,15.307692307692308,15.835164835164836,Astoria,19,0,0,71,1,0,0
2023-03-14 07:00:00,0.0,,34.0,22.0,15.307692307692308,15.67032967032967,Astoria,7,1,0,72,1,0,0
2023-03-14 08:00:00,41.0,0.0,28.0,24.0,12.692307692307692,15.428571428571429,Astoria,8,1,0,72,1,0,0
2023-03-14 09:00:00,43.0,41.0,27.0,13.0,13.692307692307692,15.615384615384615,Astoria,9,1,0,72,1,0,0
2023-03-14 10:00:00,27.0,43.0,41.0,18.0,14.923076923076923,15.945054945054945,Astoria,10,1,0,72,1,0,0
2023-03-14 11:00:00,7.0,27.0,4.0,19.0,13.846153846153847,16.043956043956044,Astoria,11,1,0,72,1,0,0
2023-03-14 12:00:00,7.0,7.0,8.0,17.0,14.076923076923077,15.912087912087912,Astoria,12,1,0,72,1,0,0
2023-03-14 13:00:00,5.0,7.0,8.0,13.0,14.0,15.802197802197803,Astoria,13,1,0,72,1,0,0
2023-03-14 14:00:00,4.0,5.0,14.0,12.0,13.76923076923077,15.714285714285714,Astoria,14,1,0,72,1,0,0
2023-03-14 15:00:00,8.0,4.0,9.0,16.0,13.0,15.626373626373626,Astoria,15,1,0,72,1,0,0
2023-03-14 16:00:00,7.0,8.0,8.0,15.0,12.923076923076923,15.538461538461538,Astoria,16,1,0,72,1,0,0
2023-03-14 17:00:00,13.0,7.0,4.0,8.0,12.846153846153847,15.45054945054945,Astoria,17,1,0,72,1,0,0
2023-03-14 18:00:00,7.0,13.0,10.0,23.0,13.538461538461538,15.505494505494505,Astoria,18,1,0,72,1,0,0
2023-03-14 19:00:00,14.0,7.0,4.0,12.0,13.307692307692308,15.32967032967033,Astoria,19,1,0,72,1,0,0
2023-03-15 07:00:00,35.0,,0.0,14.0,14.076923076923077,15.351648351648352,Astoria,7,2,0,73,1,0,0
2023-03-15 08:00:00,44.0,35.0,41.0,22.0,16.76923076923077,15.582417582417582,Astoria,8,2,0,73,1,0,0
2023-03-15 09:00:00,61.0,44.0,43.0,19.0,17.0,15.824175824175825,Astoria,9,2,0,73,1,0,0
2023-03-15 10:00:00,43.0,61.0,27.0,13.0,18.384615384615383,16.285714285714285,Astoria,10,2,0,73,1,0,0
2023-03-15 11:00:00,13.0,43.0,7.0,22.0,19.615384615384617,16.615384615384617,Astoria,11,2,0,73,1,0,0
2023-03-15 12:00:00,8.0,13.0,7.0,15.0,20.076923076923077,16.516483516483518,Astoria,12,2,0,73,1,0,0
2023-03-15 13:00:00,12.0,8.0,5.0,23.0,20.153846153846153,16.439560439560438,Astoria,13,2,0,73,1,0,0
2023-03-15 14:00:00,12.0,12.0,4.0,13.0,20.692307692307693,16.318681318681318,Astoria,14,2,0,73,1,0,0
2023-03-15 15:00:00,12.0,12.0,8.0,20.0,21.307692307692307,16.307692307692307,Astoria,15,2,0,73,1,0,0
2023-03-15 16:00:00,12.0,12.0,7.0,23.0,21.615384615384617,16.21978021978022,Astoria,16,2,0,73,1,0,0
2023-03-15 17:00:00,9.0,12.0,13.0,17.0,22.0,16.0989010989011,Astoria,17,2,0,73,1,0,0
2023-03-15 18:00:00,11.0,9.0,7.0,24.0,21.692307692307693,16.01098901098901,Astoria,18,2,0,73,1,0,0
2023-03-15 19:00:00,11.0,11.0,14.0,16.0,22.0,15.868131868131869,Astoria,19,2,0,73,1,0,0
2023-03-16 07:00:00,43.0,,35.0,33.0,21.76923076923077,15.813186813186814,Astoria,7,3,0,74,1,0,0
2023-03-16 08:00:00,27.0,43.0,44.0,26.0,22.384615384615383,15.923076923076923,Astoria,8,3,0,74,1,0,0
2023-03-16 09:00:00,39.0,27.0,61.0,30.0,21.076923076923077,15.934065934065934,Astoria,9,3,0,74,1,0,0
2023-03-16 10:00:00,37.0,39.0,43.0,34.0,19.384615384615383,16.032967032967033,Astoria,10,3,0,74,1,0,0
2023-03-16 11:00:00,13.0,37.0,13.0,6.0,18.923076923076923,16.065934065934066,Astoria,11,3,0,74,1,0,0
2023-03-16 12:00:00,5.0,13.0,8.0,8.0,18.923076923076923,16.142857142857142,Astoria,12,3,0,74,1,0,0
2023-03-16 13:00:00,14.0,5.0,12.0,8.0,18.692307692307693,16.10989010989011,Astoria,13,3,0,74,1,0,0
2023-03-16 14:00:00,14.0,14.0,12.0,4.0,18.846153846153847,16.175824175824175,Astoria,14,3,0,74,1,0,0
2023-03-16 15:00:00,14.0,14.0,12.0,5.0,19.0,16.285714285714285,Astoria,15,3,0,74,1,0,0
2023-03-16 16:00:00,8.0,14.0,12.0,11.0,19.153846153846153,16.384615384615383,Astoria,16,3,0,74,1,0,0
2023-03-16 17:00:00,14.0,8.0,9.0,8.0,18.846153846153847,16.35164835164835,Astoria,17,3,0,74,1,0,0
2023-03-16 18:00:00,7.0,14.0,11.0,18.0,19.23076923076923,16.417582417582416,Astoria,18,3,0,74,1,0,0
2023-03-16 19:00:00,23.0,7.0,11.0,8.0,18.923076923076923,16.296703296703296,Astoria,19,3,0,74,1,0,0
2023-03-17 07:00:00,51.0,,43.0,26.0,19.846153846153847,16.46153846153846,Astoria,7,4,0,75,1,0,0
2023-03-17 08:00:00,42.0,51.0,27.0,40.0,20.46153846153846,16.736263736263737,Astoria,8,4,0,75,1,0,0
2023-03-17 09:00:00,41.0,42.0,39.0,25.0,21.615384615384617,16.75824175824176,Astoria,9,4,0,75,1,0,0
2023-03-17 10:00:00,66.0,41.0,37.0,34.0,21.76923076923077,16.934065934065934,Astoria,10,4,0,75,1,0,0
2023-03-17 11:00:00,17.0,66.0,13.0,9.0,24.0,17.285714285714285,Astoria,11,4,0,75,1,0,0
2023-03-17 12:00:00,12.0,17.0,5.0,10.0,24.307692307692307,17.373626373626372,Astoria,12,4,0,75,1,0,0
2023-03-17 13:00:00,13.0,12.0,14.0,9.0,24.846153846153847,17.395604395604394,Astoria,13,4,0,75,1,0,0
2023-03-17 14:00:00,6.0,13.0,14.0,19.0,24.76923076923077,17.439560439560438,Astoria,14,4,0,75,1,0,0
2023-03-17 15:00:00,13.0,6.0,14.0,7.0,24.153846153846153,17.296703296703296,Astoria,15,4,0,75,1,0,0
2023-03-17 16:00:00,11.0,13.0,8.0,20.0,24.076923076923077,17.36263736263736,Astoria,16,4,0,75,1,0,0
2023-03-17 17:00:00,9.0,11.0,14.0,8.0,24.307692307692307,17.263736263736263,Astoria,17,4,0,75,1,0,0
2023-03-17 18:00:00,7.0,9.0,7.0,12.0,23.923076923076923,17.274725274725274,Astoria,18,4,0,75,1,0,0
2023-03-17 19:00:00,8.0,7.0,23.0,11.0,23.923076923076923,17.21978021978022,Astoria,19,4,0,75,1,0,0
2023-03-18 07:00:00,41.0,,51.0,18.0,22.76923076923077,17.186813186813186,Astoria,7,5,1,76,1,0,0
2023-03-18 08:00:00,31.0,41.0,42.0,21.0,22.0,17.439560439560438,Astoria,8,5,1,76,1,0,0
2023-03-18 09:00:00,45.0,31.0,41.0,36.0,21.153846153846153,17.54945054945055,Astoria,9,5,1,76,1,0,0
2023-03-18 10:00:00,54.0,45.0,66.0,28.0,21.46153846153846,17.64835164835165,Astoria,10,5,1,76,1,0,0
2023-03-18 11:00:00,4.0,54.0,17.0,12.0,20.53846153846154,17.934065934065934,Astoria,11,5,1,76,1,0,0
2023-03-18 12:00:00,15.0,4.0,12.0,5.0,19.53846153846154,17.846153846153847,Astoria,12,5,1,76,1,0,0
2023-03-18 13:00:00,10.0,15.0,13.0,7.0,19.76923076923077,17.956043956043956,Astoria,13,5,1,76,1,0,0
2023-03-18 14:00:00,9.0,10.0,6.0,13.0,19.53846153846154,17.98901098901099,Astoria,14,5,1,76,1,0,0
2023-03-18 15:00:00,9.0,9.0,13.0,6.0,19.76923076923077,17.945054945054945,Astoria,15,5,1,76,1,0,0
2023-03-18 16:00:00,7.0,9.0,11.0,19.0,19.46153846153846,17.978021978021978,Astoria,16,5,1,76,1,0,0
2023-03-18 17:00:00,18.0,7.0,9.0,17.0,19.153846153846153,17.846153846153847,Astoria,17,5,1,76,1,0,0
2023-03-18 18:00:00,7.0,18.0,7.0,8.0,19.846153846153847,17.857142857142858,Astoria,18,5,1,76,1,0,0
2023-03-18 19:00:00,10.0,7.0,8.0,11.0,19.846153846153847,17.846153846153847,Astoria,19,5,1,76,1,0,0
2023-03-19 07:00:00,33.0,,41.0,19.0,20.0,17.835164835164836,Astoria,7,6,1,77,1,0,0
2023-03-19 08:00:00,45.0,33.0,31.0,18.0,19.384615384615383,17.98901098901099,Astoria,8,6,1,77,1,0,0
2023-03-19 09:00:00,51.0,45.0,45.0,25.0,20.46153846153846,18.285714285714285,Astoria,9,6,1,77,1,0,0
2023-03-19 10:00:00,54.0,51.0,54.0,21.0,20.923076923076923,18.571428571428573,Astoria,10,6,1,77,1,0,0
2023-03-19 11:00:00,9.0,54.0,4.0,9.0,20.923076923076923,18.934065934065934,Astoria,11,6,1,77,1,0,0
2023-03-19 12:00:00,6.0,9.0,15.0,2.0,21.307692307692307,18.934065934065934,Astoria,12,6,1,77,1,0,0
2023-03-19 13:00:00,14.0,6.0,10.0,4.0,20.615384615384617,18.978021978021978,Astoria,13,6,1,77,1,0,0
2023-03-19 14:00:00,15.0,14.0,9.0,9.0,20.923076923076923,19.087912087912088,Astoria,14,6,1,77,1,0,0
2023-03-19 15:00:00,13.0,15.0,9.0,8.0,21.384615384615383,19.153846153846153,Astoria,15,6,1,77,1,0,0
2023-03-19 16:00:00,6.0,13.0,7.0,6.0,21.692307692307693,19.208791208791208,Astoria,16,6,1,77,1,0,0
2023-03-19 17:00:00,10.0,6.0,18.0,8.0,21.615384615384617,19.208791208791208,Astoria,17,6,1,77,1,0,0
2023-03-19 18:00:00,11.0,10.0,7.0,11.0,21.0,19.23076923076923,Astoria,18,6,1,77,1,0,0
2023-03-19 19:00:00,12.0,11.0,10.0,4.0,21.307692307692307,19.23076923076923,Astoria,19,6,1,77,1,0,0
2023-03-20 07:00:00,25.0,,33.0,34.0,21.46153846153846,19.318681318681318,Astoria,7,0,0,78,1,0,0
2023-03-20 08:00:00,61.0,25.0,45.0,28.0,20.846153846153847,19.21978021978022,Astoria,8,0,0,78,1,0,0
2023-03-20 09:00:00,48.0,61.0,51.0,27.0,22.076923076923077,19.582417582417584,Astoria,9,0,0,78,1,0,0
2023-03-20 10:00:00,39.0,48.0,54.0,41.0,21.846153846153847,19.813186813186814,Astoria,10,0,0,78,1,0,0
2023-03-20 11:00:00,8.0,39.0,9.0,4.0,20.692307692307693,19.791208791208792,Astoria,11,0,0,78,1,0,0
2023-03-20 12:00:00,8.0,8.0,6.0,8.0,20.615384615384617,19.835164835164836,Astoria,12,0,0,78,1,0,0
2023-03-20 13:00:00,10.0,8.0,14.0,8.0,20.76923076923077,19.835164835164836,Astoria,13,0,0,78,1,0,0
2023-03-20 14:00:00,17.0,10.0,15.0,14.0,20.46153846153846,19.857142857142858,Astoria,14,0,0,78,1,0,0
2023-03-20 15:00:00,13.0,17.0,13.0,9.0,20.615384615384617,19.89010989010989,Astoria,15,0,0,78,1,0,0
2023-03-20 16:00:00,16.0,13.0,6.0,8.0,20.615384615384617,19.934065934065934,Astoria,16,0,0,78,1,0,0
2023-03-20 17:00:00,12.0,16.0,10.0,4.0,21.384615384615383,20.021978021978022,Astoria,17,0,0,78,1,0,0
2023-03-20 18:00:00,5.0,12.0,11.0,10.0,21.53846153846154,20.10989010989011,Astoria,18,0,0,78,1,0,0
2023-03-20 19:00:00,18.0,5.0,12.0,4.0,21.076923076923077,20.054945054945055,Astoria,19,0,0,78,1,0,0
2023-03-21 07:00:00,0.0,,25.0,0.0,21.53846153846154,20.208791208791208,Astoria,7,1,0,79,1,0,0
2023-03-21 08:00:00,28.0,0.0,61.0,41.0,19.615384615384617,20.208791208791208,Astoria,8,1,0,79,1,0,0
2023-03-21 09:00:00,40.0,28.0,48.0,43.0,17.076923076923077,20.065934065934066,Astoria,9,1,0,79,1,0,0
2023-03-21 10:00:00,33.0,40.0,39.0,27.0,16.46153846153846,20.032967032967033,Astoria,10,1,0,79,1,0,0
2023-03-21 11:00:00,8.0,33.0,8.0,7.0,16.0,20.0989010989011,Astoria,11,1,0,79,1,0,0
2023-03-21 12:00:00,7.0,8.0,8.0,7.0,16.0,20.10989010989011,Astoria,12,1,0,79,1,0,0
2023-03-21 13:00:00,17.0,7.0,10.0,5.0,15.923076923076923,20.10989010989011,Astoria,13,1,0,79,1,0,0
2023-03-21 14:00:00,2.0,17.0,17.0,4.0,16.46153846153846,20.24175824175824,Astoria,14,1,0,79,1,0,0
2023-03-21 15:00:00,6.0,2.0,13.0,8.0,15.307692307692308,20.21978021978022,Astoria,15,1,0,79,1,0,0
2023-03-21 16:00:00,4.0,6.0,16.0,7.0,14.76923076923077,20.197802197802197,Astoria,16,1,0,79,1,0,0
2023-03-21 17:00:00,10.0,4.0,12.0,13.0,13.846153846153847,20.164835164835164,Astoria,17,1,0,79,1,0,0
2023-03-21 18:00:00,8.0,10.0,5.0,7.0,13.692307692307692,20.13186813186813,Astoria,18,1,0,79,1,0,0
2023-03-21 19:00:00,8.0,8.0,18.0,14.0,13.923076923076923,20.142857142857142,Astoria,19,1,0,79,1,0,0
2023-03-22 07:00:00,26.0,,0.0,35.0,13.153846153846153,20.076923076923077,Astoria,7,2,0,80,1,0,0
2023-03-22 08:00:00,17.0,26.0,28.0,44.0,15.153846153846153,19.978021978021978,Astoria,8,2,0,80,1,0,0
2023-03-22 09:00:00,22.0,17.0,40.0,61.0,14.307692307692308,19.681318681318682,Astoria,9,2,0,80,1,0,0
2023-03-22 10:00:00,17.0,22.0,33.0,43.0,12.923076923076923,19.252747252747252,Astoria,10,2,0,80,1,0,0
2023-03-22 11:00:00,27.0,17.0,8.0,13.0,11.692307692307692,18.967032967032967,Astoria,11,2,0,80,1,0,0
2023-03-22 12:00:00,26.0,27.0,7.0,8.0,13.153846153846153,19.12087912087912,Astoria,12,2,0,80,1,0,0
2023-03-22 13:00:00,15.0,26.0,17.0,12.0,14.615384615384615,19.318681318681318,Astoria,13,2,0,80,1,0,0
2023-03-22 14:00:00,15.0,15.0,2.0,12.0,14.461538461538462,19.35164835164835,Astoria,14,2,0,80,1,0,0
2023-03-22 15:00:00,21.0,15.0,6.0,12.0,15.461538461538462,19.384615384615383,Astoria,15,2,0,80,1,0,0
2023-03-22 16:00:00,22.0,21.0,4.0,12.0,16.615384615384617,19.483516483516482,Astoria,16,2,0,80,1,0,0
2023-03-22 17:00:00,20.0,22.0,10.0,9.0,18.0,19.593406593406595,Astoria,17,2,0,80,1,0,0
2023-03-22 18:00:00,12.0,20.0,8.0,11.0,18.76923076923077,19.714285714285715,Astoria,18,2,0,80,1,0,0
2023-03-22 19:00:00,12.0,12.0,8.0,11.0,19.076923076923077,19.725274725274726,Astoria,19,2,0,80,1,0,0
2023-03-23 07:00:00,16.0,,26.0,43.0,19.384615384615383,19.736263736263737,Astoria,7,3,0,81,1,0,0
2023-03-23 08:00:00,16.0,16.0,17.0,27.0,18.615384615384617,19.439560439560438,Astoria,8,3,0,81,1,0,0
2023-03-23 09:00:00,13.0,16.0,22.0,39.0,18.53846153846154,19.318681318681318,Astoria,9,3,0,81,1,0,0
2023-03-23 10:00:00,20.0,13.0,17.0,37.0,17.846153846153847,19.032967032967033,Astoria,10,3,0,81,1,0,0
2023-03-23 11:00:00,12.0,20.0,27.0,13.0,18.076923076923077,18.846153846153847,Astoria,11,3,0,81,1,0,0
2023-03-23 12:00:00,13.0,12.0,26.0,5.0,16.923076923076923,18.835164835164836,Astoria,12,3,0,81,1,0,0
2023-03-23 13:00:00,20.0,13.0,15.0,14.0,15.923076923076923,18.923076923076923,Astoria,13,3,0,81,1,0,0
2023-03-23 14:00:00,31.0,20.0,15.0,14.0,16.307692307692307,18.98901098901099,Astoria,14,3,0,81,1,0,0
2023-03-23 15:00:00,22.0,31.0,21.0,14.0,17.53846153846154,19.175824175824175,Astoria,15,3,0,81,1,0,0
2023-03-23 16:00:00,16.0,22.0,22.0,8.0,17.615384615384617,19.263736263736263,Astoria,16,3,0,81,1,0,0
2023-03-23 17:00:00,19.0,16.0,20.0,14.0,17.153846153846153,19.35164835164835,Astoria,17,3,0,81,1,0,0
2023-03-23 18:00:00,12.0,19.0,12.0,7.0,17.076923076923077,19.406593406593405,Astoria,18,3,0,81,1,0,0
2023-03-23 19:00:00,24.0,12.0,12.0,23.0,17.076923076923077,19.46153846153846,Astoria,19,3,0,81,1,0,0
2023-03-24 07:00:00,16.0,,16.0,51.0,18.0,19.47252747252747,Astoria,7,4,0,82,1,0,0
2023-03-24 08:00:00,16.0,16.0,16.0,42.0,18.0,19.087912087912088,Astoria,8,4,0,82,1,0,0
2023-03-24 09:00:00,19.0,16.0,13.0,41.0,18.0,18.802197802197803,Astoria,9,4,0,82,1,0,0
2023-03-24 10:00:00,26.0,19.0,20.0,66.0,18.46153846153846,18.560439560439562,Astoria,10,4,0,82,1,0,0
2023-03-24 11:00:00,24.0,26.0,12.0,17.0,18.923076923076923,18.12087912087912,Astoria,11,4,0,82,1,0,0
2023-03-24 12:00:00,12.0,24.0,13.0,12.0,19.846153846153847,18.197802197802197,Astoria,12,4,0,82,1,0,0
2023-03-24 13:00:00,21.0,12.0,20.0,13.0,19.76923076923077,18.197802197802197,Astoria,13,4,0,82,1,0,0
2023-03-24 14:00:00,19.0,21.0,31.0,6.0,19.846153846153847,18.285714285714285,Astoria,14,4,0,82,1,0,0
2023-03-24 15:00:00,20.0,19.0,22.0,13.0,18.923076923076923,18.428571428571427,Astoria,15,4,0,82,1,0,0
2023-03-24 16:00:00,18.0,20.0,16.0,11.0,18.76923076923077,18.505494505494507,Astoria,16,4,0,82,1,0,0
2023-03-24 17:00:00,15.0,18.0,19.0,9.0,18.923076923076923,18.582417582417584,Astoria,17,4,0,82,1,0,0
2023-03-24 18:00:00,19.0,15.0,12.0,7.0,18.615384615384617,18.64835164835165,Astoria,18,4,0,82,1,0,0
2023-03-24 19:00:00,21.0,19.0,24.0,8.0,19.153846153846153,18.78021978021978,Astoria,19,4,0,82,1,0,0
2023-03-25 07:00:00,19.0,,16.0,41.0,18.923076923076923,18.923076923076923,Astoria,7,5,1,83,1,0,0
2023-03-25 08:00:00,24.0,19.0,16.0,31.0,19.153846153846153,18.681318681318682,Astoria,8,5,1,83,1,0,0
2023-03-25 09:00:00,9.0,24.0,19.0,45.0,19.76923076923077,18.604395604395606,Astoria,9,5,1,83,1,0,0
2023-03-25 10:00:00,23.0,9.0,26.0,54.0,19.0,18.208791208791208,Astoria,10,5,1,83,1,0,0
2023-03-25 11:00:00,19.0,23.0,24.0,4.0,18.76923076923077,17.86813186813187,Astoria,11,5,1,83,1,0,0
2023-03-25 12:00:00,13.0,19.0,12.0,15.0,18.384615384615383,18.032967032967033,Astoria,12,5,1,83,1,0,0
2023-03-25 13:00:00,20.0,13.0,21.0,10.0,18.46153846153846,18.01098901098901,Astoria,13,5,1,83,1,0,0
2023-03-25 14:00:00,15.0,20.0,19.0,9.0,18.384615384615383,18.12087912087912,Astoria,14,5,1,83,1,0,0
2023-03-25 15:00:00,17.0,15.0,20.0,9.0,18.076923076923077,18.186813186813186,Astoria,15,5,1,83,1,0,0
2023-03-25 16:00:00,25.0,17.0,18.0,7.0,17.846153846153847,18.274725274725274,Astoria,16,5,1,83,1,0,0
2023-03-25 17:00:00,14.0,25.0,15.0,18.0,18.384615384615383,18.47252747252747,Astoria,17,5,1,83,1,0,0
2023-03-25 18:00:00,20.0,14.0,19.0,7.0,18.307692307692307,18.428571428571427,Astoria,18,5,1,83,1,0,0
2023-03-25 19:00:00,19.0,20.0,21.0,10.0,18.384615384615383,18.571428571428573,Astoria,19,5,1,83,1,0,0
2023-03-26 07:00:00,23.0,,19.0,33.0,18.23076923076923,18.67032967032967,Astoria,7,6,1,84,1,0,0
2023-03-26 08:00:00,28.0,23.0,24.0,45.0,18.53846153846154,18.560439560439562,Astoria,8,6,1,84,1,0,0
2023-03-26 09:00:00,20.0,28.0,9.0,51.0,18.846153846153847,18.373626373626372,Astoria,9,6,1,84,1,0,0
2023-03-26 10:00:00,25.0,20.0,23.0,54.0,19.692307692307693,18.032967032967033,Astoria,10,6,1,84,1,0,0
2023-03-26 11:00:00,20.0,25.0,19.0,9.0,19.846153846153847,17.714285714285715,Astoria,11,6,1,84,1,0,0
2023-03-26 12:00:00,14.0,20.0,13.0,6.0,19.923076923076923,17.835164835164836,Astoria,12,6,1,84,1,0,0
2023-03-26 13:00:00,15.0,14.0,20.0,14.0,20.0,17.923076923076923,Astoria,13,6,1,84,1,0,0
2023-03-26 14:00:00,25.0,15.0,15.0,15.0,19.615384615384617,17.934065934065934,Astoria,14,6,1,84,1,0,0
2023-03-26 15:00:00,16.0,25.0,17.0,13.0,20.384615384615383,18.043956043956044,Astoria,15,6,1,84,1,0,0
2023-03-26 16:00:00,27.0,16.0,25.0,6.0,20.307692307692307,18.076923076923077,Astoria,16,6,1,84,1,0,0
2023-03-26 17:00:00,14.0,27.0,14.0,10.0,20.46153846153846,18.307692307692307,Astoria,17,6,1,84,1,0,0
2023-03-26 18:00:00,23.0,14.0,20.0,11.0,20.46153846153846,18.35164835164835,Astoria,18,6,1,84,1,0,0
2023-03-26 19:00:00,18.0,23.0,19.0,12.0,20.692307692307693,18.483516483516482,Astoria,19,6,1,84,1,0,0
2023-03-27 07:00:00,19.0,,23.0,25.0,20.615384615384617,18.54945054945055,Astoria,7,0,0,85,1,0,0
2023-03-27 08:00:00,21.0,19.0,28.0,61.0,20.307692307692307,18.483516483516482,Astoria,8,0,0,85,1,0,0
2023-03-27 09:00:00,20.0,21.0,20.0,48.0,19.76923076923077,18.043956043956044,Astoria,9,0,0,85,1,0,0
2023-03-27 10:00:00,25.0,20.0,25.0,39.0,19.76923076923077,17.736263736263737,Astoria,10,0,0,85,1,0,0
2023-03-27 11:00:00,28.0,25.0,20.0,8.0,19.76923076923077,17.582417582417584,Astoria,11,0,0,85,1,0,0
2023-03-27 12:00:00,14.0,28.0,14.0,8.0,20.384615384615383,17.802197802197803,Astoria,12,0,0,85,1,0,0
2023-03-27 13:00:00,14.0,14.0,15.0,10.0,20.384615384615383,17.86813186813187,Astoria,13,0,0,85,1,0,0
2023-03-27 14:00:00,18.0,14.0,25.0,17.0,20.307692307692307,17.912087912087912,Astoria,14,0,0,85,1,0,0
2023-03-27 15:00:00,22.0,18.0,16.0,13.0,19.76923076923077,17.923076923076923,Astoria,15,0,0,85,1,0,0
2023-03-27 16:00:00,15.0,22.0,27.0,16.0,20.23076923076923,18.021978021978022,Astoria,16,0,0,85,1,0,0
2023-03-27 17:00:00,16.0,15.0,14.0,12.0,19.307692307692307,18.01098901098901,Astoria,17,0,0,85,1,0,0
2023-03-27 18:00:00,15.0,16.0,23.0,5.0,19.46153846153846,18.054945054945055,Astoria,18,0,0,85,1,0,0
2023-03-27 19:00:00,22.0,15.0,18.0,18.0,18.846153846153847,18.164835164835164,Astoria,19,0,0,85,1,0,0
2023-03-28 07:00:00,20.0,,19.0,0.0,19.153846153846153,18.208791208791208,Astoria,7,1,0,86,1,0,0
2023-03-28 08:00:00,16.0,20.0,21.0,28.0,19.23076923076923,18.428571428571427,Astoria,8,1,0,86,1,0,0
2023-03-28 09:00:00,12.0,16.0,20.0,40.0,18.846153846153847,18.296703296703296,Astoria,9,1,0,86,1,0,0
2023-03-28 10:00:00,17.0,12.0,25.0,33.0,18.23076923076923,17.98901098901099,Astoria,10,1,0,86,1,0,0
2023-03-28 11:00:00,25.0,17.0,28.0,8.0,17.615384615384617,17.813186813186814,Astoria,11,1,0,86,1,0,0
2023-03-28 12:00:00,18.0,25.0,14.0,7.0,17.384615384615383,18.0,Astoria,12,1,0,86,1,0,0
2023-03-28 13:00:00,12.0,18.0,14.0,17.0,17.692307692307693,18.12087912087912,Astoria,13,1,0,86,1,0,0
2023-03-28 14:00:00,10.0,12.0,18.0,2.0,17.53846153846154,18.065934065934066,Astoria,14,1,0,86,1,0,0
2023-03-28 15:00:00,20.0,10.0,22.0,6.0,16.923076923076923,18.153846153846153,Astoria,15,1,0,86,1,0,0
2023-03-28 16:00:00,20.0,20.0,15.0,4.0,16.76923076923077,18.307692307692307,Astoria,16,1,0,86,1,0,0
2023-03-28 17:00:00,14.0,20.0,16.0,10.0,17.153846153846153,18.483516483516482,Astoria,17,1,0,86,1,0,0
2023-03-28 18:00:00,10.0,14.0,15.0,8.0,17.0,18.52747252747253,Astoria,18,1,0,86,1,0,0
2023-03-28 19:00:00,19.0,10.0,22.0,8.0,16.615384615384617,18.54945054945055,Astoria,19,1,0,86,1,0,0
2023-03-29 07:00:00,23.0,,20.0,26.0,16.384615384615383,18.67032967032967,Astoria,7,2,0,87,1,0,0
2023-03-29 08:00:00,16.0,23.0,16.0,17.0,16.615384615384617,18.63736263736264,Astoria,8,2,0,87,1,0,0
2023-03-29 09:00:00,21.0,16.0,12.0,22.0,16.615384615384617,18.626373626373628,Astoria,9,2,0,87,1,0,0
2023-03-29 10:00:00,26.0,21.0,17.0,17.0,17.307692307692307,18.615384615384617,Astoria,10,2,0,87,1,0,0
2023-03-29 11:00:00,10.0,26.0,25.0,27.0,18.0,18.714285714285715,Astoria,11,2,0,87,1,0,0
2023-03-29 12:00:00,16.0,10.0,18.0,26.0,16.846153846153847,18.52747252747253,Astoria,12,2,0,87,1,0,0
2023-03-29 13:00:00,19.0,16.0,12.0,15.0,16.692307692307693,18.417582417582416,Astoria,13,2,0,87,1,0,0
2023-03-29 14:00:00,17.0,19.0,10.0,15.0,17.23076923076923,18.46153846153846,Astoria,14,2,0,87,1,0,0
2023-03-29 15:00:00,20.0,17.0,20.0,21.0,17.76923076923077,18.483516483516482,Astoria,15,2,0,87,1,0,0
2023-03-29 16:00:00,17.0,20.0,20.0,22.0,17.76923076923077,18.47252747252747,Astoria,16,2,0,87,1,0,0
2023-03-29 17:00:00,16.0,17.0,14.0,20.0,17.53846153846154,18.417582417582416,Astoria,17,2,0,87,1,0,0
2023-03-29 18:00:00,17.0,16.0,10.0,12.0,17.692307692307693,18.373626373626372,Astoria,18,2,0,87,1,0,0
2023-03-29 19:00:00,13.0,17.0,19.0,12.0,18.23076923076923,18.428571428571427,Astoria,19,2,0,87,1,0,0
2023-03-30 07:00:00,21.0,,23.0,16.0,17.76923076923077,18.439560439560438,Astoria,7,3,0,88,1,0,0
2023-03-30 08:00:00,30.0,21.0,16.0,16.0,17.615384615384617,18.494505494505493,Astoria,8,3,0,88,1,0,0
2023-03-30 09:00:00,27.0,30.0,21.0,13.0,18.692307692307693,18.64835164835165,Astoria,9,3,0,88,1,0,0
2023-03-30 10:00:00,22.0,27.0,26.0,20.0,19.153846153846153,18.802197802197803,Astoria,10,3,0,88,1,0,0
2023-03-30 11:00:00,17.0,22.0,10.0,12.0,18.846153846153847,18.824175824175825,Astoria,11,3,0,88,1,0,0
2023-03-30 12:00:00,10.0,17.0,16.0,13.0,19.384615384615383,18.87912087912088,Astoria,12,3,0,88,1,0,0
2023-03-30 13:00:00,12.0,10.0,19.0,20.0,18.923076923076923,18.846153846153847,Astoria,13,3,0,88,1,0,0
2023-03-30 14:00:00,11.0,12.0,17.0,31.0,18.384615384615383,18.75824175824176,Astoria,14,3,0,88,1,0,0
2023-03-30 15:00:00,13.0,11.0,20.0,22.0,17.923076923076923,18.53846153846154,Astoria,15,3,0,88,1,0,0
2023-03-30 16:00:00,12.0,13.0,17.0,16.0,17.384615384615383,18.439560439560438,Astoria,16,3,0,88,1,0,0
2023-03-30 17:00:00,15.0,12.0,16.0,19.0,17.0,18.395604395604394,Astoria,17,3,0,88,1,0,0
2023-03-30 18:00:00,16.0,15.0,17.0,12.0,16.923076923076923,18.35164835164835,Astoria,18,3,0,88,1,0,0
2023-03-30 19:00:00,12.0,16.0,13.0,24.0,16.846153846153847,18.395604395604394,Astoria,19,3,0,88,1,0,0
2023-03-31 07:00:00,13.0,,21.0,16.0,16.76923076923077,18.263736263736263,Astoria,7,4,0,89,1,0,0
2023-03-31 08:00:00,23.0,13.0,30.0,16.0,16.153846153846153,18.23076923076923,Astoria,8,4,0,89,1,0,0
2023-03-31 09:00:00,30.0,23.0,27.0,19.0,15.615384615384615,18.307692307692307,Astoria,9,4,0,89,1,0,0
2023-03-31 10:00:00,29.0,30.0,22.0,26.0,15.846153846153847,18.428571428571427,Astoria,10,4,0,89,1,0,0
2023-03-31 11:00:00,16.0,29.0,17.0,24.0,16.384615384615383,18.46153846153846,Astoria,11,4,0,89,1,0,0
2023-03-31 12:00:00,13.0,16.0,10.0,12.0,16.307692307692307,18.373626373626372,Astoria,12,4,0,89,1,0,0
2023-03-31 13:00:00,9.0,13.0,12.0,21.0,16.53846153846154,18.384615384615383,Astoria,13,4,0,89,1,0,0
2023-03-31 14:00:00,10.0,9.0,11.0,19.0,16.307692307692307,18.252747252747252,Astoria,14,4,0,89,1,0,0
2023-03-31 15:00:00,8.0,10.0,13.0,20.0,16.23076923076923,18.153846153846153,Astoria,15,4,0,89,1,0,0
2023-03-31 16:00:00,12.0,8.0,12.0,18.0,15.846153846153847,18.021978021978022,Astoria,16,4,0,89,1,0,0
2023-03-31 17:00:00,21.0,12.0,15.0,15.0,15.846153846153847,17.956043956043956,Astoria,17,4,0,89,1,0,0
2023-03-31 18:00:00,7.0,21.0,16.0,19.0,16.307692307692307,18.021978021978022,Astoria,18,4,0,89,1,0,0
2023-03-31 19:00:00,19.0,7.0,12.0,21.0,15.615384615384615,17.89010989010989,Astoria,19,4,0,89,1,0,0
2023-04-01 07:00:00,0.0,,13.0,19.0,16.153846153846153,17.86813186813187,Astoria,7,5,1,90,1,0,0
2023-04-01 08:00:00,0.0,0.0,23.0,24.0,15.153846153846153,17.65934065934066,Astoria,8,5,1,90,1,0,0
2023-04-01 09:00:00,0.0,0.0,30.0,9.0,13.384615384615385,17.395604395604394,Astoria,9,5,1,90,1,0,0
2023-04-01 10:00:00,0.0,0.0,29.0,23.0,11.076923076923077,17.296703296703296,Astoria,10,5,1,90,1,0,0
2023-04-01 11:00:00,36.0,0.0,16.0,19.0,8.846153846153847,17.043956043956044,Astoria,11,5,1,90,1,0,0
2023-04-01 12:00:00,50.0,36.0,13.0,13.0,10.384615384615385,17.23076923076923,Astoria,12,5,1,90,1,0,0
2023-04-01 13:00:00,23.0,50.0,9.0,20.0,13.23076923076923,17.63736263736264,Astoria,13,5,1,90,1,0,0
2023-04-01 14:00:00,19.0,23.0,10.0,15.0,14.307692307692308,17.67032967032967,Astoria,14,5,1,90,1,0,0
2023-04-01 15:00:00,37.0,19.0,8.0,17.0,15.0,17.714285714285715,Astoria,15,5,1,90,1,0,0
2023-04-01 16:00:00,40.0,37.0,12.0,25.0,17.23076923076923,17.934065934065934,Astoria,16,5,1,90,1,0,0
2023-04-01 17:00:00,26.0,40.0,21.0,14.0,19.384615384615383,18.0989010989011,Astoria,17,5,1,90,1,0,0
2023-04-01 18:00:00,37.0,26.0,7.0,20.0,19.76923076923077,18.23076923076923,Astoria,18,5,1,90,1,0,0
2023-04-01 19:00:00,34.0,37.0,19.0,19.0,22.076923076923077,18.417582417582416,Astoria,19,5,1,90,1,0,0
2023-04-02 07:00:00,0.0,,0.0,23.0,23.23076923076923,18.582417582417584,Astoria,7,6,1,91,1,0,0
2023-04-02 08:00:00,0.0,0.0,0.0,28.0,23.23076923076923,18.32967032967033,Astoria,8,6,1,91,1,0,0
2023-04-02 09:00:00,0.0,0.0,0.0,20.0,23.23076923076923,18.021978021978022,Astoria,9,6,1,91,1,0,0
2023-04-02 10:00:00,0.0,0.0,0.0,25.0,23.23076923076923,17.802197802197803,Astoria,10,6,1,91,1,0,0
2023-04-02 11:00:00,23.0,0.0,36.0,20.0,23.23076923076923,17.52747252747253,Astoria,11,6,1,91,1,0,0
2023-04-02 12:00:00,36.0,23.0,50.0,14.0,22.23076923076923,17.560439560439562,Astoria,12,6,1,91,1,0,0
2023-04-02 13:00:00,33.0,36.0,23.0,15.0,21.153846153846153,17.802197802197803,Astoria,13,6,1,91,1,0,0
2023-04-02 14:00:00,31.0,33.0,19.0,25.0,21.923076923076923,18.0,Astoria,14,6,1,91,1,0,0
2023-04-02 15:00:00,30.0,31.0,37.0,16.0,22.846153846153847,18.065934065934066,Astoria,15,6,1,91,1,0,0
2023-04-02 16:00:00,32.0,30.0,40.0,27.0,22.307692307692307,18.21978021978022,Astoria,16,6,1,91,1,0,0
2023-04-02 17:00:00,38.0,32.0,26.0,14.0,21.692307692307693,18.274725274725274,Astoria,17,6,1,91,1,0,0
2023-04-02 18:00:00,33.0,38.0,37.0,23.0,22.615384615384617,18.53846153846154,Astoria,18,6,1,91,1,0,0
2023-04-02 19:00:00,38.0,33.0,34.0,18.0,22.307692307692307,18.64835164835165,Astoria,19,6,1,91,1,0,0
2023-04-03 07:00:00,0.0,,0.0,19.0,22.615384615384617,18.86813186813187,Astoria,7,0,0,92,1,0,0
2023-04-03 08:00:00,0.0,0.0,0.0,21.0,22.615384615384617,18.65934065934066,Astoria,8,0,0,92,1,0,0
2023-04-03 09:00:00,0.0,0.0,0.0,20.0,22.615384615384617,18.428571428571427,Astoria,9,0,0,92,1,0,0
2023-04-03 10:00:00,0.0,0.0,0.0,25.0,22.615384615384617,18.208791208791208,Astoria,10,0,0,92,1,0,0
2023-04-03 11:00:00,44.0,0.0,23.0,28.0,22.615384615384617,17.934065934065934,Astoria,11,0,0,92,1,0,0
2023-04-03 12:00:00,34.0,44.0,36.0,14.0,24.23076923076923,18.10989010989011,Astoria,12,0,0,92,1,0,0
2023-04-03 13:00:00,31.0,34.0,33.0,14.0,24.076923076923077,18.32967032967033,Astoria,13,0,0,92,1,0,0
2023-04-03 14:00:00,30.0,31.0,31.0,18.0,23.923076923076923,18.516483516483518,Astoria,14,0,0,92,1,0,0
2023-04-03 15:00:00,32.0,30.0,30.0,22.0,23.846153846153847,18.64835164835165,Astoria,15,0,0,92,1,0,0
2023-04-03 16:00:00,34.0,32.0,32.0,15.0,24.0,18.75824175824176,Astoria,16,0,0,92,1,0,0
2023-04-03 17:00:00,21.0,34.0,38.0,16.0,24.153846153846153,18.967032967032967,Astoria,17,0,0,92,1,0,0
2023-04-03 18:00:00,33.0,21.0,33.0,15.0,22.846153846153847,19.021978021978022,Astoria,18,0,0,92,1,0,0
2023-04-03 19:00:00,39.0,33.0,38.0,22.0,22.846153846153847,19.21978021978022,Astoria,19,0,0,92,1,0,0
2023-04-04 07:00:00,0.0,,0.0,20.0,22.923076923076923,19.406593406593405,Astoria,7,1,0,93,1,0,0
2023-04-04 08:00:00,0.0,0.0,0.0,16.0,22.923076923076923,19.186813186813186,Astoria,8,1,0,93,1,0,0
2023-04-04 09:00:00,0.0,0.0,0.0,12.0,22.923076923076923,19.01098901098901,Astoria,9,1,0,93,1,0,0
2023-04-04 10:00:00,0.0,0.0,0.0,17.0,22.923076923076923,18.87912087912088,Astoria,10,1,0,93,1,0,0
2023-04-04 11:00:00,28.0,0.0,44.0,25.0,22.923076923076923,18.692307692307693,Astoria,11,1,0,93,1,0,0
2023-04-04 12:00:00,35.0,28.0,34.0,18.0,21.692307692307693,18.725274725274726,Astoria,12,1,0,93,1,0,0
2023-04-04 13:00:00,36.0,35.0,31.0,12.0,21.76923076923077,18.912087912087912,Astoria,13,1,0,93,1,0,0
2023-04-04 14:00:00,21.0,36.0,30.0,10.0,22.153846153846153,19.175824175824175,Astoria,14,1,0,93,1,0,0
2023-04-04 15:00:00,26.0,21.0,32.0,20.0,21.46153846153846,19.296703296703296,Astoria,15,1,0,93,1,0,0
2023-04-04 16:00:00,31.0,26.0,34.0,20.0,21.0,19.36263736263736,Astoria,16,1,0,93,1,0,0
2023-04-04 17:00:00,37.0,31.0,21.0,14.0,20.76923076923077,19.483516483516482,Astoria,17,1,0,93,1,0,0
2023-04-04 18:00:00,25.0,37.0,33.0,10.0,22.0,19.736263736263737,Astoria,18,1,0,93,1,0,0
2023-04-04 19:00:00,23.0,25.0,39.0,19.0,21.384615384615383,19.9010989010989,Astoria,19,1,0,93,1,0,0
2023-04-05 07:00:00,0.0,,0.0,23.0,20.153846153846153,19.945054945054945,Astoria,7,2,0,94,1,0,0
2023-04-05 08:00:00,0.0,0.0,0.0,16.0,20.153846153846153,19.692307692307693,Astoria,8,2,0,94,1,0,0
2023-04-05 09:00:00,0.0,0.0,0.0,21.0,20.153846153846153,19.516483516483518,Astoria,9,2,0,94,1,0,0
2023-04-05 10:00:00,0.0,0.0,0.0,26.0,20.153846153846153,19.285714285714285,Astoria,10,2,0,94,1,0,0
2023-04-05 11:00:00,32.0,0.0,28.0,10.0,20.153846153846153,19.0,Astoria,11,2,0,94,1,0,0
2023-04-05 12:00:00,39.0,32.0,35.0,16.0,20.46153846153846,19.24175824175824,Astoria,12,2,0,94,1,0,0
2023-04-05 13:00:00,31.0,39.0,36.0,19.0,20.76923076923077,19.494505494505493,Astoria,13,2,0,94,1,0,0
2023-04-05 14:00:00,26.0,31.0,21.0,17.0,20.384615384615383,19.626373626373628,Astoria,14,2,0,94,1,0,0
2023-04-05 15:00:00,27.0,26.0,26.0,20.0,20.76923076923077,19.725274725274726,Astoria,15,2,0,94,1,0,0
2023-04-05 16:00:00,32.0,27.0,31.0,17.0,20.846153846153847,19.802197802197803,Astoria,16,2,0,94,1,0,0
2023-04-05 17:00:00,30.0,32.0,37.0,16.0,20.923076923076923,19.967032967032967,Astoria,17,2,0,94,1,0,0
2023-04-05 18:00:00,36.0,30.0,25.0,17.0,20.384615384615383,20.12087912087912,Astoria,18,2,0,94,1,0,0
2023-04-05 19:00:00,37.0,36.0,23.0,13.0,21.23076923076923,20.32967032967033,Astoria,19,2,0,94,1,0,0
2023-04-06 07:00:00,0.0,,0.0,21.0,22.307692307692307,20.593406593406595,Astoria,7,3,0,95,1,0,0
2023-04-06 08:00:00,0.0,0.0,0.0,30.0,22.307692307692307,20.36263736263736,Astoria,8,3,0,95,1,0,0
2023-04-06 09:00:00,0.0,0.0,0.0,27.0,22.307692307692307,20.032967032967033,Astoria,9,3,0,95,1,0,0
2023-04-06 10:00:00,0.0,0.0,0.0,22.0,22.307692307692307,19.736263736263737,Astoria,10,3,0,95,1,0,0
2023-04-06 11:00:00,28.0,0.0,32.0,17.0,22.307692307692307,19.494505494505493,Astoria,11,3,0,95,1,0,0
2023-04-06 12:00:00,24.0,28.0,39.0,10.0,22.0,19.615384615384617,Astoria,12,3,0,95,1,0,0
2023-04-06 13:00:00,18.0,24.0,31.0,12.0,20.846153846153847,19.76923076923077,Astoria,13,3,0,95,1,0,0
2023-04-06 14:00:00,21.0,18.0,26.0,11.0,19.846153846153847,19.835164835164836,Astoria,14,3,0,95,1,0,0
2023-04-06 15:00:00,32.0,21.0,27.0,13.0,19.46153846153846,19.945054945054945,Astoria,15,3,0,95,1,0,0
2023-04-06 16:00:00,26.0,32.0,32.0,12.0,19.846153846153847,20.153846153846153,Astoria,16,3,0,95,1,0,0
2023-04-06 17:00:00,24.0,26.0,30.0,15.0,19.384615384615383,20.307692307692307,Astoria,17,3,0,95,1,0,0
2023-04-06 18:00:00,25.0,24.0,36.0,16.0,18.923076923076923,20.406593406593405,Astoria,18,3,0,95,1,0,0
2023-04-06 19:00:00,29.0,25.0,37.0,12.0,18.076923076923077,20.505494505494507,Astoria,19,3,0,95,1,0,0
2023-04-07 07:00:00,23.0,,0.0,13.0,17.46153846153846,20.692307692307693,Astoria,7,4,0,96,1,0,0
2023-04-07 08:00:00,32.0,23.0,0.0,23.0,19.23076923076923,20.802197802197803,Astoria,8,4,0,96,1,0,0
2023-04-07 09:00:00,20.0,32.0,0.0,30.0,21.692307692307693,20.9010989010989,Astoria,9,4,0,96,1,0,0
2023-04-07 10:00:00,21.0,20.0,0.0,29.0,23.23076923076923,20.791208791208792,Astoria,10,4,0,96,1,0,0
2023-04-07 11:00:00,14.0,21.0,28.0,16.0,24.846153846153847,20.703296703296704,Astoria,11,4,0,96,1,0,0
2023-04-07 12:00:00,21.0,14.0,24.0,13.0,23.76923076923077,20.681318681318682,Astoria,12,4,0,96,1,0,0
2023-04-07 13:00:00,14.0,21.0,18.0,9.0,23.53846153846154,20.76923076923077,Astoria,13,4,0,96,1,0,0
2023-04-07 14:00:00,20.0,14.0,21.0,10.0,23.23076923076923,20.824175824175825,Astoria,14,4,0,96,1,0,0
2023-04-07 15:00:00,22.0,20.0,32.0,8.0,23.153846153846153,20.934065934065934,Astoria,15,4,0,96,1,0,0
2023-04-07 16:00:00,19.0,22.0,26.0,12.0,22.384615384615383,21.087912087912088,Astoria,16,4,0,96,1,0,0
2023-04-07 17:00:00,11.0,19.0,24.0,21.0,21.846153846153847,21.164835164835164,Astoria,17,4,0,96,1,0,0
2023-04-07 18:00:00,26.0,11.0,25.0,7.0,20.846153846153847,21.054945054945055,Astoria,18,4,0,96,1,0,0
2023-04-07 19:00:00,19.0,26.0,29.0,19.0,20.923076923076923,21.263736263736263,Astoria,19,4,0,96,1,0,0
2023-04-08 07:00:00,18.0,,23.0,0.0,20.153846153846153,21.263736263736263,Astoria,7,5,1,97,1,0,0
2023-04-08 08:00:00,18.0,18.0,32.0,0.0,19.76923076923077,21.46153846153846,Astoria,8,5,1,97,1,0,0
2023-04-08 09:00:00,23.0,18.0,20.0,0.0,18.692307692307693,21.65934065934066,Astoria,9,5,1,97,1,0,0
2023-04-08 10:00:00,18.0,23.0,21.0,0.0,18.923076923076923,21.912087912087912,Astoria,10,5,1,97,1,0,0
2023-04-08 11:00:00,25.0,18.0,14.0,36.0,18.692307692307693,22.10989010989011,Astoria,11,5,1,97,1,0,0
2023-04-08 12:00:00,33.0,25.0,21.0,50.0,19.53846153846154,21.98901098901099,Astoria,12,5,1,97,1,0,0
2023-04-08 13:00:00,22.0,33.0,14.0,23.0,20.46153846153846,21.802197802197803,Astoria,13,5,1,97,1,0,0
2023-04-08 14:00:00,30.0,22.0,20.0,19.0,21.076923076923077,21.791208791208792,Astoria,14,5,1,97,1,0,0
2023-04-08 15:00:00,26.0,30.0,22.0,37.0,21.846153846153847,21.912087912087912,Astoria,15,5,1,97,1,0,0
2023-04-08 16:00:00,25.0,26.0,19.0,40.0,22.153846153846153,21.791208791208792,Astoria,16,5,1,97,1,0,0
2023-04-08 17:00:00,25.0,25.0,11.0,26.0,22.615384615384617,21.626373626373628,Astoria,17,5,1,97,1,0,0
2023-04-08 18:00:00,21.0,25.0,26.0,37.0,23.692307692307693,21.615384615384617,Astoria,18,5,1,97,1,0,0
2023-04-08 19:00:00,32.0,21.0,19.0,34.0,23.307692307692307,21.439560439560438,Astoria,19,5,1,97,1,0,0
2023-04-09 07:00:00,38.0,,18.0,0.0,24.307692307692307,21.417582417582416,Astoria,7,6,1,98,1,0,0
2023-04-09 08:00:00,46.0,38.0,18.0,0.0,25.846153846153847,21.835164835164836,Astoria,8,6,1,98,1,0,0
2023-04-09 09:00:00,28.0,46.0,23.0,0.0,28.0,22.34065934065934,Astoria,9,6,1,98,1,0,0
2023-04-09 10:00:00,43.0,28.0,18.0,0.0,28.384615384615383,22.64835164835165,Astoria,10,6,1,98,1,0,0
2023-04-09 11:00:00,6.0,43.0,25.0,23.0,30.307692307692307,23.12087912087912,Astoria,11,6,1,98,1,0,0
2023-04-09 12:00:00,11.0,6.0,33.0,36.0,28.846153846153847,22.934065934065934,Astoria,12,6,1,98,1,0,0
2023-04-09 13:00:00,15.0,11.0,22.0,33.0,27.153846153846153,22.65934065934066,Astoria,13,6,1,98,1,0,0
2023-04-09 14:00:00,9.0,15.0,30.0,31.0,26.615384615384617,22.46153846153846,Astoria,14,6,1,98,1,0,0
2023-04-09 15:00:00,11.0,9.0,26.0,30.0,25.0,22.21978021978022,Astoria,15,6,1,98,1,0,0
2023-04-09 16:00:00,13.0,11.0,25.0,32.0,23.846153846153847,22.01098901098901,Astoria,16,6,1,98,1,0,0
2023-04-09 17:00:00,7.0,13.0,25.0,38.0,22.923076923076923,21.802197802197803,Astoria,17,6,1,98,1,0,0
2023-04-09 18:00:00,16.0,7.0,21.0,33.0,21.53846153846154,21.46153846153846,Astoria,18,6,1,98,1,0,0
2023-04-09 19:00:00,11.0,16.0,32.0,38.0,21.153846153846153,21.274725274725274,Astoria,19,6,1,98,1,0,0
2023-04-10 07:00:00,52.0,,38.0,0.0,19.53846153846154,20.978021978021978,Astoria,7,0,0,99,1,0,0
2023-04-10 08:00:00,42.0,52.0,46.0,0.0,20.615384615384617,21.54945054945055,Astoria,8,0,0,99,1,0,0
2023-04-10 09:00:00,51.0,42.0,28.0,0.0,20.307692307692307,22.01098901098901,Astoria,9,0,0,99,1,0,0
2023-04-10 10:00:00,49.0,51.0,43.0,0.0,22.076923076923077,22.571428571428573,Astoria,10,0,0,99,1,0,0
2023-04-10 11:00:00,6.0,49.0,6.0,44.0,22.53846153846154,23.10989010989011,Astoria,11,0,0,99,1,0,0
2023-04-10 12:00:00,9.0,6.0,11.0,34.0,22.53846153846154,22.692307692307693,Astoria,12,0,0,99,1,0,0
2023-04-10 13:00:00,12.0,9.0,15.0,31.0,22.384615384615383,22.417582417582416,Astoria,13,0,0,99,1,0,0
2023-04-10 14:00:00,13.0,12.0,9.0,30.0,22.153846153846153,22.208791208791208,Astoria,14,0,0,99,1,0,0
2023-04-10 15:00:00,5.0,13.0,11.0,32.0,22.46153846153846,22.021978021978022,Astoria,15,0,0,99,1,0,0
2023-04-10 16:00:00,16.0,5.0,13.0,34.0,22.0,21.725274725274726,Astoria,16,0,0,99,1,0,0
2023-04-10 17:00:00,12.0,16.0,7.0,21.0,22.23076923076923,21.52747252747253,Astoria,17,0,0,99,1,0,0
2023-04-10 18:00:00,11.0,12.0,16.0,33.0,22.615384615384617,21.428571428571427,Astoria,18,0,0,99,1,0,0
2023-04-10 19:00:00,10.0,11.0,11.0,39.0,22.23076923076923,21.186813186813186,Astoria,19,0,0,99,1,0,0
2023-04-11 07:00:00,27.0,,52.0,0.0,22.153846153846153,20.86813186813187,Astoria,7,1,0,100,1,0,0
2023-04-11 08:00:00,42.0,27.0,42.0,0.0,20.23076923076923,21.164835164835164,Astoria,8,1,0,100,1,0,0
2023-04-11 09:00:00,49.0,42.0,51.0,0.0,20.23076923076923,21.626373626373628,Astoria,9,1,0,100,1,0,0
2023-04-11 10:00:00,46.0,49.0,49.0,0.0,20.076923076923077,22.164835164835164,Astoria,10,1,0,100,1,0,0
2023-04-11 11:00:00,10.0,46.0,6.0,28.0,19.846153846153847,22.67032967032967,Astoria,11,1,0,100,1,0,0
2023-04-11 12:00:00,11.0,10.0,9.0,35.0,20.153846153846153,22.47252747252747,Astoria,12,1,0,100,1,0,0
2023-04-11 13:00:00,10.0,11.0,12.0,36.0,20.307692307692307,22.208791208791208,Astoria,13,1,0,100,1,0,0
2023-04-11 14:00:00,16.0,10.0,13.0,21.0,20.153846153846153,21.923076923076923,Astoria,14,1,0,100,1,0,0
2023-04-11 15:00:00,6.0,16.0,5.0,26.0,20.384615384615383,21.86813186813187,Astoria,15,1,0,100,1,0,0
2023-04-11 16:00:00,24.0,6.0,16.0,31.0,20.46153846153846,21.64835164835165,Astoria,16,1,0,100,1,0,0
2023-04-11 17:00:00,19.0,24.0,12.0,37.0,21.076923076923077,21.571428571428573,Astoria,17,1,0,100,1,0,0
2023-04-11 18:00:00,9.0,19.0,11.0,25.0,21.615384615384617,21.373626373626372,Astoria,18,1,0,100,1,0,0
2023-04-11 19:00:00,9.0,9.0,10.0,23.0,21.46153846153846,21.197802197802197,Astoria,19,1,0,100,1,0,0
2023-04-12 07:00:00,20.0,,27.0,0.0,21.384615384615383,21.043956043956044,Astoria,7,2,0,101,1,0,0
2023-04-12 08:00:00,29.0,20.0,42.0,0.0,20.846153846153847,21.263736263736263,Astoria,8,2,0,101,1,0,0
2023-04-12 09:00:00,41.0,29.0,49.0,0.0,19.846153846153847,21.582417582417584,Astoria,9,2,0,101,1,0,0
2023-04-12 10:00:00,21.0,41.0,46.0,0.0,19.23076923076923,22.032967032967033,Astoria,10,2,0,101,1,0,0
2023-04-12 11:00:00,12.0,21.0,10.0,32.0,17.307692307692307,22.263736263736263,Astoria,11,2,0,101,1,0,0
2023-04-12 12:00:00,6.0,12.0,11.0,39.0,17.46153846153846,22.043956043956044,Astoria,12,2,0,101,1,0,0
2023-04-12 13:00:00,16.0,6.0,10.0,31.0,17.076923076923077,21.681318681318682,Astoria,13,2,0,101,1,0,0
2023-04-12 14:00:00,10.0,16.0,16.0,26.0,17.53846153846154,21.516483516483518,Astoria,14,2,0,101,1,0,0
2023-04-12 15:00:00,12.0,10.0,6.0,27.0,17.076923076923077,21.34065934065934,Astoria,15,2,0,101,1,0,0
2023-04-12 16:00:00,7.0,12.0,24.0,32.0,17.53846153846154,21.175824175824175,Astoria,16,2,0,101,1,0,0
2023-04-12 17:00:00,12.0,7.0,19.0,30.0,16.23076923076923,20.9010989010989,Astoria,17,2,0,101,1,0,0
2023-04-12 18:00:00,11.0,12.0,9.0,36.0,15.692307692307692,20.703296703296704,Astoria,18,2,0,101,1,0,0
2023-04-12 19:00:00,6.0,11.0,9.0,37.0,15.846153846153847,20.428571428571427,Astoria,19,2,0,101,1,0,0
2023-04-13 07:00:00,45.0,,20.0,0.0,15.615384615384615,20.087912087912088,Astoria,7,3,0,102,1,0,0
2023-04-13 08:00:00,40.0,45.0,29.0,0.0,17.53846153846154,20.582417582417584,Astoria,8,3,0,102,1,0,0
2023-04-13 09:00:00,38.0,40.0,41.0,0.0,18.384615384615383,21.021978021978022,Astoria,9,3,0,102,1,0,0
2023-04-13 10:00:00,43.0,38.0,21.0,0.0,18.153846153846153,21.439560439560438,Astoria,10,3,0,102,1,0,0
2023-04-13 11:00:00,8.0,43.0,12.0,28.0,19.846153846153847,21.912087912087912,Astoria,11,3,0,102,1,0,0
2023-04-13 12:00:00,11.0,8.0,6.0,24.0,19.53846153846154,21.692307692307693,Astoria,12,3,0,102,1,0,0
2023-04-13 13:00:00,3.0,11.0,16.0,18.0,19.923076923076923,21.54945054945055,Astoria,13,3,0,102,1,0,0
2023-04-13 14:00:00,14.0,3.0,10.0,21.0,18.923076923076923,21.384615384615383,Astoria,14,3,0,102,1,0,0
2023-04-13 15:00:00,11.0,14.0,12.0,32.0,19.23076923076923,21.307692307692307,Astoria,15,3,0,102,1,0,0
2023-04-13 16:00:00,13.0,11.0,7.0,26.0,19.153846153846153,21.076923076923077,Astoria,16,3,0,102,1,0,0
2023-04-13 17:00:00,7.0,13.0,12.0,24.0,19.615384615384617,20.934065934065934,Astoria,17,3,0,102,1,0,0
2023-04-13 18:00:00,14.0,7.0,11.0,25.0,19.23076923076923,20.747252747252748,Astoria,18,3,0,102,1,0,0
2023-04-13 19:00:00,12.0,14.0,6.0,29.0,19.46153846153846,20.626373626373628,Astoria,19,3,0,102,1,0,0
2023-04-14 07:00:00,0.0,,45.0,23.0,19.923076923076923,20.439560439560438,Astoria,7,4,0,103,1,0,0
2023-04-14 08:00:00,29.0,0.0,40.0,32.0,16.46153846153846,20.186813186813186,Astoria,8,4,0,103,1,0,0
2023-04-14 09:00:00,50.0,29.0,38.0,20.0,15.615384615384615,20.153846153846153,Astoria,9,4,0,103,1,0,0
2023-04-14 10:00:00,44.0,50.0,43.0,21.0,16.53846153846154,20.483516483516482,Astoria,10,4,0,103,1,0,0
2023-04-14 11:00:00,11.0,44.0,8.0,14.0,16.615384615384617,20.736263736263737,Astoria,11,4,0,103,1,0,0
2023-04-14 12:00:00,5.0,11.0,11.0,21.0,16.846153846153847,20.703296703296704,Astoria,12,4,0,103,1,0,0
2023-04-14 13:00:00,11.0,5.0,3.0,14.0,16.384615384615383,20.52747252747253,Astoria,13,4,0,103,1,0,0
2023-04-14 14:00:00,6.0,11.0,14.0,20.0,17.0,20.494505494505493,Astoria,14,4,0,103,1,0,0
2023-04-14 15:00:00,11.0,6.0,11.0,22.0,16.384615384615383,20.34065934065934,Astoria,15,4,0,103,1,0,0
2023-04-14 16:00:00,10.0,11.0,13.0,19.0,16.384615384615383,20.21978021978022,Astoria,16,4,0,103,1,0,0
2023-04-14 17:00:00,21.0,10.0,7.0,11.0,16.153846153846153,20.12087912087912,Astoria,17,4,0,103,1,0,0
2023-04-14 18:00:00,12.0,21.0,14.0,26.0,17.23076923076923,20.23076923076923,Astoria,18,4,0,103,1,0,0
2023-04-14 19:00:00,13.0,12.0,12.0,19.0,17.076923076923077,20.076923076923077,Astoria,19,4,0,103,1,0,0
2023-04-15 07:00:00,52.0,,0.0,18.0,17.153846153846153,20.01098901098901,Astoria,7,5,1,104,1,0,0
2023-04-15 08:00:00,45.0,52.0,29.0,18.0,21.153846153846153,20.384615384615383,Astoria,8,5,1,104,1,0,0
2023-04-15 09:00:00,58.0,45.0,50.0,23.0,22.384615384615383,20.681318681318682,Astoria,9,5,1,104,1,0,0
2023-04-15 10:00:00,50.0,58.0,44.0,18.0,23.0,21.065934065934066,Astoria,10,5,1,104,1,0,0
2023-04-15 11:00:00,13.0,50.0,11.0,25.0,23.46153846153846,21.417582417582416,Astoria,11,5,1,104,1,0,0
2023-04-15 12:00:00,16.0,13.0,5.0,33.0,23.615384615384617,21.285714285714285,Astoria,12,5,1,104,1,0,0
2023-04-15 13:00:00,10.0,16.0,11.0,22.0,24.46153846153846,21.0989010989011,Astoria,13,5,1,104,1,0,0
2023-04-15 14:00:00,8.0,10.0,6.0,30.0,24.384615384615383,20.967032967032967,Astoria,14,5,1,104,1,0,0
2023-04-15 15:00:00,16.0,8.0,11.0,26.0,24.53846153846154,20.725274725274726,Astoria,15,5,1,104,1,0,0
2023-04-15 16:00:00,13.0,16.0,10.0,25.0,24.923076923076923,20.615384615384617,Astoria,16,5,1,104,1,0,0
2023-04-15 17:00:00,20.0,13.0,21.0,25.0,25.153846153846153,20.483516483516482,Astoria,17,5,1,104,1,0,0
2023-04-15 18:00:00,17.0,20.0,12.0,21.0,25.076923076923077,20.428571428571427,Astoria,18,5,1,104,1,0,0
2023-04-15 19:00:00,8.0,17.0,13.0,32.0,25.46153846153846,20.384615384615383,Astoria,19,5,1,104,1,0,0
2023-04-16 07:00:00,50.0,,52.0,38.0,25.076923076923077,20.12087912087912,Astoria,7,6,1,105,1,0,0
2023-04-16 08:00:00,48.0,50.0,45.0,46.0,24.923076923076923,20.252747252747252,Astoria,8,6,1,105,1,0,0
2023-04-16 09:00:00,46.0,48.0,58.0,28.0,25.153846153846153,20.274725274725274,Astoria,9,6,1,105,1,0,0
2023-04-16 10:00:00,67.0,46.0,50.0,43.0,24.23076923076923,20.47252747252747,Astoria,10,6,1,105,1,0,0
2023-04-16 11:00:00,15.0,67.0,13.0,6.0,25.53846153846154,20.736263736263737,Astoria,11,6,1,105,1,0,0
2023-04-16 12:00:00,5.0,15.0,16.0,11.0,25.692307692307693,20.835164835164836,Astoria,12,6,1,105,1,0,0
2023-04-16 13:00:00,21.0,5.0,10.0,15.0,24.846153846153847,20.76923076923077,Astoria,13,6,1,105,1,0,0
2023-04-16 14:00:00,11.0,21.0,8.0,9.0,25.692307692307693,20.835164835164836,Astoria,14,6,1,105,1,0,0
2023-04-16 15:00:00,15.0,11.0,16.0,11.0,25.923076923076923,20.857142857142858,Astoria,15,6,1,105,1,0,0
2023-04-16 16:00:00,11.0,15.0,13.0,13.0,25.846153846153847,20.9010989010989,Astoria,16,6,1,105,1,0,0
2023-04-16 17:00:00,14.0,11.0,20.0,7.0,25.692307692307693,20.87912087912088,Astoria,17,6,1,105,1,0,0
2023-04-16 18:00:00,13.0,14.0,17.0,16.0,25.23076923076923,20.956043956043956,Astoria,18,6,1,105,1,0,0
2023-04-16 19:00:00,11.0,13.0,8.0,11.0,24.923076923076923,20.923076923076923,Astoria,19,6,1,105,1,0,0
2023-04-17 07:00:00,59.0,,50.0,52.0,25.153846153846153,20.923076923076923,Astoria,7,0,0,106,1,0,0
2023-04-17 08:00:00,36.0,59.0,48.0,42.0,25.846153846153847,21.0,Astoria,8,0,0,106,1,0,0
2023-04-17 09:00:00,42.0,36.0,46.0,51.0,24.923076923076923,20.934065934065934,Astoria,9,0,0,106,1,0,0
2023-04-17 10:00:00,70.0,42.0,67.0,49.0,24.615384615384617,20.835164835164836,Astoria,10,0,0,106,1,0,0
2023-04-17 11:00:00,16.0,70.0,15.0,6.0,24.846153846153847,21.065934065934066,Astoria,11,0,0,106,1,0,0
2023-04-17 12:00:00,7.0,16.0,5.0,9.0,24.923076923076923,21.175824175824175,Astoria,12,0,0,106,1,0,0
2023-04-17 13:00:00,10.0,7.0,21.0,12.0,25.076923076923077,21.153846153846153,Astoria,13,0,0,106,1,0,0
2023-04-17 14:00:00,15.0,10.0,11.0,13.0,24.23076923076923,21.13186813186813,Astoria,14,0,0,106,1,0,0
2023-04-17 15:00:00,8.0,15.0,15.0,5.0,24.53846153846154,21.153846153846153,Astoria,15,0,0,106,1,0,0
2023-04-17 16:00:00,14.0,8.0,11.0,16.0,24.0,21.186813186813186,Astoria,16,0,0,106,1,0,0
2023-04-17 17:00:00,18.0,14.0,14.0,12.0,24.23076923076923,21.164835164835164,Astoria,17,0,0,106,1,0,0
2023-04-17 18:00:00,8.0,18.0,13.0,11.0,24.53846153846154,21.23076923076923,Astoria,18,0,0,106,1,0,0
2023-04-17 19:00:00,12.0,8.0,11.0,10.0,24.153846153846153,21.197802197802197,Astoria,19,0,0,106,1,0,0
2023-04-18 07:00:00,43.0,,59.0,27.0,24.23076923076923,21.21978021978022,Astoria,7,1,0,107,1,0,0
2023-04-18 08:00:00,39.0,43.0,36.0,42.0,23.0,21.395604395604394,Astoria,8,1,0,107,1,0,0
2023-04-18 09:00:00,42.0,39.0,42.0,49.0,23.23076923076923,21.36263736263736,Astoria,9,1,0,107,1,0,0
2023-04-18 10:00:00,81.0,42.0,70.0,46.0,23.23076923076923,21.285714285714285,Astoria,10,1,0,107,1,0,0
2023-04-18 11:00:00,14.0,81.0,16.0,10.0,24.076923076923077,21.67032967032967,Astoria,11,1,0,107,1,0,0
2023-04-18 12:00:00,15.0,14.0,7.0,11.0,23.923076923076923,21.714285714285715,Astoria,12,1,0,107,1,0,0
2023-04-18 13:00:00,11.0,15.0,10.0,10.0,24.53846153846154,21.75824175824176,Astoria,13,1,0,107,1,0,0
2023-04-18 14:00:00,17.0,11.0,15.0,16.0,24.615384615384617,21.76923076923077,Astoria,14,1,0,107,1,0,0
2023-04-18 15:00:00,6.0,17.0,8.0,6.0,24.76923076923077,21.78021978021978,Astoria,15,1,0,107,1,0,0
2023-04-18 16:00:00,14.0,6.0,14.0,24.0,24.615384615384617,21.78021978021978,Astoria,16,1,0,107,1,0,0
2023-04-18 17:00:00,24.0,14.0,18.0,19.0,24.615384615384617,21.67032967032967,Astoria,17,1,0,107,1,0,0
2023-04-18 18:00:00,4.0,24.0,8.0,9.0,25.076923076923077,21.725274725274726,Astoria,18,1,0,107,1,0,0
2023-04-18 19:00:00,12.0,4.0,12.0,9.0,24.76923076923077,21.67032967032967,Astoria,19,1,0,107,1,0,0
2023-04-19 07:00:00,39.0,,43.0,20.0,24.76923076923077,21.703296703296704,Astoria,7,2,0,108,1,0,0
2023-04-19 08:00:00,64.0,39.0,39.0,29.0,24.46153846153846,21.912087912087912,Astoria,8,2,0,108,1,0,0
2023-04-19 09:00:00,67.0,64.0,42.0,41.0,26.384615384615383,22.296703296703296,Astoria,9,2,0,108,1,0,0
2023-04-19 10:00:00,55.0,67.0,81.0,21.0,28.307692307692307,22.582417582417584,Astoria,10,2,0,108,1,0,0
2023-04-19 11:00:00,17.0,55.0,14.0,12.0,26.307692307692307,22.956043956043956,Astoria,11,2,0,108,1,0,0
2023-04-19 12:00:00,10.0,17.0,15.0,6.0,26.53846153846154,23.01098901098901,Astoria,12,2,0,108,1,0,0
2023-04-19 13:00:00,14.0,10.0,11.0,16.0,26.153846153846153,23.054945054945055,Astoria,13,2,0,108,1,0,0
2023-04-19 14:00:00,22.0,14.0,17.0,10.0,26.384615384615383,23.032967032967033,Astoria,14,2,0,108,1,0,0
2023-04-19 15:00:00,9.0,22.0,6.0,12.0,26.76923076923077,23.164835164835164,Astoria,15,2,0,108,1,0,0
2023-04-19 16:00:00,9.0,9.0,14.0,7.0,27.0,23.13186813186813,Astoria,16,2,0,108,1,0,0
2023-04-19 17:00:00,11.0,9.0,24.0,12.0,26.615384615384617,23.153846153846153,Astoria,17,2,0,108,1,0,0
2023-04-19 18:00:00,19.0,11.0,4.0,11.0,25.615384615384617,23.142857142857142,Astoria,18,2,0,108,1,0,0
2023-04-19 19:00:00,13.0,19.0,12.0,6.0,26.76923076923077,23.23076923076923,Astoria,19,2,0,108,1,0,0
2023-04-20 07:00:00,20.0,,39.0,45.0,26.846153846153847,23.307692307692307,Astoria,7,3,0,109,1,0,0
2023-04-20 08:00:00,60.0,20.0,64.0,40.0,25.384615384615383,23.032967032967033,Astoria,8,3,0,109,1,0,0
2023-04-20 09:00:00,48.0,60.0,67.0,38.0,25.076923076923077,23.252747252747252,Astoria,9,3,0,109,1,0,0
2023-04-20 10:00:00,32.0,48.0,55.0,43.0,23.615384615384617,23.36263736263736,Astoria,10,3,0,109,1,0,0
2023-04-20 11:00:00,7.0,32.0,17.0,8.0,21.846153846153847,23.24175824175824,Astoria,11,3,0,109,1,0,0
2023-04-20 12:00:00,12.0,7.0,10.0,11.0,21.076923076923077,23.23076923076923,Astoria,12,3,0,109,1,0,0
2023-04-20 13:00:00,11.0,12.0,14.0,3.0,21.23076923076923,23.24175824175824,Astoria,13,3,0,109,1,0,0
2023-04-20 14:00:00,19.0,11.0,22.0,14.0,21.0,23.32967032967033,Astoria,14,3,0,109,1,0,0
2023-04-20 15:00:00,13.0,19.0,9.0,11.0,20.76923076923077,23.384615384615383,Astoria,15,3,0,109,1,0,0
2023-04-20 16:00:00,18.0,13.0,9.0,13.0,21.076923076923077,23.406593406593405,Astoria,16,3,0,109,1,0,0
2023-04-20 17:00:00,10.0,18.0,11.0,7.0,21.76923076923077,23.46153846153846,Astoria,17,3,0,109,1,0,0
2023-04-20 18:00:00,13.0,10.0,19.0,14.0,21.692307692307693,23.494505494505493,Astoria,18,3,0,109,1,0,0
2023-04-20 19:00:00,26.0,13.0,13.0,12.0,21.23076923076923,23.483516483516482,Astoria,19,3,0,109,1,0,0
2023-04-21 07:00:00,0.0,,20.0,0.0,22.23076923076923,23.63736263736264,Astoria,7,4,0,110,1,0,0
2023-04-21 08:00:00,45.0,0.0,60.0,29.0,20.692307692307693,23.63736263736264,Astoria,8,4,0,110,1,0,0
2023-04-21 09:00:00,54.0,45.0,48.0,50.0,19.53846153846154,23.813186813186814,Astoria,9,4,0,110,1,0,0
2023-04-21 10:00:00,35.0,54.0,32.0,44.0,20.0,23.857142857142858,Astoria,10,4,0,110,1,0,0
2023-04-21 11:00:00,8.0,35.0,7.0,11.0,20.23076923076923,23.75824175824176,Astoria,11,4,0,110,1,0,0
2023-04-21 12:00:00,5.0,8.0,12.0,5.0,20.307692307692307,23.725274725274726,Astoria,12,4,0,110,1,0,0
2023-04-21 13:00:00,5.0,5.0,11.0,11.0,19.76923076923077,23.725274725274726,Astoria,13,4,0,110,1,0,0
2023-04-21 14:00:00,7.0,5.0,19.0,6.0,19.307692307692307,23.65934065934066,Astoria,14,4,0,110,1,0,0
2023-04-21 15:00:00,9.0,7.0,13.0,11.0,18.384615384615383,23.67032967032967,Astoria,15,4,0,110,1,0,0
2023-04-21 16:00:00,7.0,9.0,18.0,10.0,18.076923076923077,23.64835164835165,Astoria,16,4,0,110,1,0,0
2023-04-21 17:00:00,9.0,7.0,10.0,21.0,17.23076923076923,23.615384615384617,Astoria,17,4,0,110,1,0,0
2023-04-21 18:00:00,14.0,9.0,13.0,12.0,17.153846153846153,23.483516483516482,Astoria,18,4,0,110,1,0,0
2023-04-21 19:00:00,15.0,14.0,26.0,13.0,17.23076923076923,23.505494505494507,Astoria,19,4,0,110,1,0,0
2023-04-22 07:00:00,24.0,,0.0,52.0,16.384615384615383,23.52747252747253,Astoria,7,5,1,111,1,0,0
2023-04-22 08:00:00,20.0,24.0,45.0,45.0,18.23076923076923,23.21978021978022,Astoria,8,5,1,111,1,0,0
2023-04-22 09:00:00,16.0,20.0,54.0,58.0,16.307692307692307,22.945054945054945,Astoria,9,5,1,111,1,0,0
2023-04-22 10:00:00,26.0,16.0,35.0,50.0,13.384615384615385,22.483516483516482,Astoria,10,5,1,111,1,0,0
2023-04-22 11:00:00,26.0,26.0,8.0,13.0,12.692307692307692,22.21978021978022,Astoria,11,5,1,111,1,0,0
2023-04-22 12:00:00,24.0,26.0,5.0,16.0,14.076923076923077,22.36263736263736,Astoria,12,5,1,111,1,0,0
2023-04-22 13:00:00,24.0,24.0,5.0,10.0,15.538461538461538,22.45054945054945,Astoria,13,5,1,111,1,0,0
2023-04-22 14:00:00,20.0,24.0,7.0,8.0,17.0,22.604395604395606,Astoria,14,5,1,111,1,0,0
2023-04-22 15:00:00,21.0,20.0,9.0,16.0,18.0,22.736263736263737,Astoria,15,5,1,111,1,0,0
2023-04-22 16:00:00,28.0,21.0,7.0,13.0,18.923076923076923,22.791208791208792,Astoria,16,5,1,111,1,0,0
2023-04-22 17:00:00,23.0,28.0,9.0,20.0,20.53846153846154,22.956043956043956,Astoria,17,5,1,111,1,0,0
2023-04-22 18:00:00,14.0,23.0,14.0,17.0,21.615384615384617,22.98901098901099,Astoria,18,5,1,111,1,0,0
2023-04-22 19:00:00,12.0,14.0,15.0,8.0,21.615384615384617,22.956043956043956,Astoria,19,5,1,111,1,0,0
2023-04-23 07:00:00,27.0,,24.0,50.0,21.384615384615383,23.0,Astoria,7,6,1,112,1,0,0
2023-04-23 08:00:00,26.0,27.0,20.0,48.0,21.615384615384617,22.747252747252748,Astoria,8,6,1,112,1,0,0
2023-04-23 09:00:00,22.0,26.0,16.0,46.0,22.076923076923077,22.505494505494507,Astoria,9,6,1,112,1,0,0
2023-04-23 10:00:00,22.0,22.0,26.0,67.0,22.53846153846154,22.24175824175824,Astoria,10,6,1,112,1,0,0
2023-04-23 11:00:00,24.0,22.0,26.0,15.0,22.23076923076923,21.747252747252748,Astoria,11,6,1,112,1,0,0
2023-04-23 12:00:00,25.0,24.0,24.0,5.0,22.076923076923077,21.846153846153847,Astoria,12,6,1,112,1,0,0
2023-04-23 13:00:00,18.0,25.0,24.0,21.0,22.153846153846153,22.065934065934066,Astoria,13,6,1,112,1,0,0
2023-04-23 14:00:00,22.0,18.0,20.0,11.0,21.692307692307693,22.032967032967033,Astoria,14,6,1,112,1,0,0
2023-04-23 15:00:00,23.0,22.0,21.0,15.0,21.846153846153847,22.153846153846153,Astoria,15,6,1,112,1,0,0
2023-04-23 16:00:00,26.0,23.0,28.0,11.0,22.0,22.24175824175824,Astoria,16,6,1,112,1,0,0
2023-04-23 17:00:00,22.0,26.0,23.0,14.0,21.846153846153847,22.406593406593405,Astoria,17,6,1,112,1,0,0
2023-04-23 18:00:00,18.0,22.0,14.0,13.0,21.76923076923077,22.494505494505493,Astoria,18,6,1,112,1,0,0
2023-04-23 19:00:00,21.0,18.0,12.0,11.0,22.076923076923077,22.54945054945055,Astoria,19,6,1,112,1,0,0
2023-04-24 07:00:00,33.0,,27.0,59.0,22.76923076923077,22.65934065934066,Astoria,7,0,0,113,1,0,0
2023-04-24 08:00:00,28.0,33.0,26.0,36.0,23.23076923076923,22.373626373626372,Astoria,8,0,0,113,1,0,0
2023-04-24 09:00:00,28.0,28.0,22.0,42.0,23.384615384615383,22.285714285714285,Astoria,9,0,0,113,1,0,0
2023-04-24 10:00:00,30.0,28.0,22.0,70.0,23.846153846153847,22.13186813186813,Astoria,10,0,0,113,1,0,0
2023-04-24 11:00:00,36.0,30.0,24.0,16.0,24.46153846153846,21.692307692307693,Astoria,11,0,0,113,1,0,0
2023-04-24 12:00:00,16.0,36.0,25.0,7.0,25.384615384615383,21.912087912087912,Astoria,12,0,0,113,1,0,0
2023-04-24 13:00:00,27.0,16.0,18.0,10.0,24.692307692307693,22.01098901098901,Astoria,13,0,0,113,1,0,0
2023-04-24 14:00:00,31.0,27.0,22.0,15.0,25.384615384615383,22.197802197802197,Astoria,14,0,0,113,1,0,0
2023-04-24 15:00:00,27.0,31.0,23.0,8.0,26.076923076923077,22.373626373626372,Astoria,15,0,0,113,1,0,0
2023-04-24 16:00:00,22.0,27.0,26.0,14.0,26.384615384615383,22.582417582417584,Astoria,16,0,0,113,1,0,0
2023-04-24 17:00:00,18.0,22.0,22.0,18.0,26.076923076923077,22.67032967032967,Astoria,17,0,0,113,1,0,0
2023-04-24 18:00:00,27.0,18.0,18.0,8.0,25.76923076923077,22.67032967032967,Astoria,18,0,0,113,1,0,0
2023-04-24 19:00:00,24.0,27.0,21.0,12.0,26.46153846153846,22.87912087912088,Astoria,19,0,0,113,1,0,0
2023-04-25 07:00:00,22.0,,33.0,43.0,26.692307692307693,23.01098901098901,Astoria,7,1,0,114,1,0,0
2023-04-25 08:00:00,25.0,22.0,28.0,39.0,25.846153846153847,22.78021978021978,Astoria,8,1,0,114,1,0,0
2023-04-25 09:00:00,17.0,25.0,28.0,42.0,25.615384615384617,22.626373626373628,Astoria,9,1,0,114,1,0,0
2023-04-25 10:00:00,21.0,17.0,30.0,81.0,24.76923076923077,22.35164835164835,Astoria,10,1,0,114,1,0,0
2023-04-25 11:00:00,26.0,21.0,36.0,14.0,24.076923076923077,21.692307692307693,Astoria,11,1,0,114,1,0,0
2023-04-25 12:00:00,26.0,26.0,16.0,15.0,23.307692307692307,21.824175824175825,Astoria,12,1,0,114,1,0,0
2023-04-25 13:00:00,28.0,26.0,27.0,11.0,24.076923076923077,21.945054945054945,Astoria,13,1,0,114,1,0,0
2023-04-25 14:00:00,18.0,28.0,31.0,17.0,24.153846153846153,22.13186813186813,Astoria,14,1,0,114,1,0,0
2023-04-25 15:00:00,22.0,18.0,27.0,6.0,23.153846153846153,22.142857142857142,Astoria,15,1,0,114,1,0,0
2023-04-25 16:00:00,19.0,22.0,22.0,14.0,22.76923076923077,22.318681318681318,Astoria,16,1,0,114,1,0,0
2023-04-25 17:00:00,25.0,19.0,18.0,24.0,22.53846153846154,22.373626373626372,Astoria,17,1,0,114,1,0,0
2023-04-25 18:00:00,23.0,25.0,27.0,4.0,23.076923076923077,22.384615384615383,Astoria,18,1,0,114,1,0,0
2023-04-25 19:00:00,29.0,23.0,24.0,12.0,22.76923076923077,22.593406593406595,Astoria,19,1,0,114,1,0,0
2023-04-26 07:00:00,20.0,,22.0,39.0,23.153846153846153,22.78021978021978,Astoria,7,2,0,115,1,0,0
2023-04-26 08:00:00,23.0,20.0,25.0,64.0,23.0,22.571428571428573,Astoria,8,2,0,115,1,0,0
2023-04-26 09:00:00,31.0,23.0,17.0,67.0,22.846153846153847,22.12087912087912,Astoria,9,2,0,115,1,0,0
2023-04-26 10:00:00,21.0,31.0,21.0,55.0,23.923076923076923,21.725274725274726,Astoria,10,2,0,115,1,0,0
2023-04-26 11:00:00,26.0,21.0,26.0,17.0,23.923076923076923,21.35164835164835,Astoria,11,2,0,115,1,0,0
2023-04-26 12:00:00,20.0,26.0,26.0,10.0,23.923076923076923,21.45054945054945,Astoria,12,2,0,115,1,0,0
2023-04-26 13:00:00,26.0,20.0,28.0,14.0,23.46153846153846,21.560439560439562,Astoria,13,2,0,115,1,0,0
2023-04-26 14:00:00,33.0,26.0,18.0,22.0,23.307692307692307,21.692307692307693,Astoria,14,2,0,115,1,0,0
2023-04-26 15:00:00,18.0,33.0,22.0,9.0,24.46153846153846,21.813186813186814,Astoria,15,2,0,115,1,0,0
2023-04-26 16:00:00,32.0,18.0,19.0,9.0,24.153846153846153,21.912087912087912,Astoria,16,2,0,115,1,0,0
2023-04-26 17:00:00,25.0,32.0,25.0,11.0,25.153846153846153,22.164835164835164,Astoria,17,2,0,115,1,0,0
2023-04-26 18:00:00,23.0,25.0,23.0,19.0,25.153846153846153,22.318681318681318,Astoria,18,2,0,115,1,0,0
2023-04-26 19:00:00,23.0,23.0,29.0,13.0,25.153846153846153,22.36263736263736,Astoria,19,2,0,115,1,0,0
2023-04-27 07:00:00,22.0,,20.0,20.0,24.692307692307693,22.47252747252747,Astoria,7,3,0,116,1,0,0
2023-04-27 08:00:00,28.0,22.0,23.0,60.0,24.846153846153847,22.494505494505493,Astoria,8,3,0,116,1,0,0
2023-04-27 09:00:00,24.0,28.0,31.0,48.0,25.23076923076923,22.142857142857142,Astoria,9,3,0,116,1,0,0
2023-04-27 10:00:00,25.0,24.0,21.0,32.0,24.692307692307693,21.87912087912088,Astoria,10,3,0,116,1,0,0
2023-04-27 11:00:00,28.0,25.0,26.0,7.0,25.0,21.802197802197803,Astoria,11,3,0,116,1,0,0
2023-04-27 12:00:00,24.0,28.0,20.0,12.0,25.153846153846153,22.032967032967033,Astoria,12,3,0,116,1,0,0
2023-04-27 13:00:00,20.0,24.0,26.0,11.0,25.46153846153846,22.164835164835164,Astoria,13,3,0,116,1,0,0
2023-04-27 14:00:00,19.0,20.0,33.0,19.0,25.0,22.263736263736263,Astoria,14,3,0,116,1,0,0
2023-04-27 15:00:00,28.0,19.0,18.0,13.0,23.923076923076923,22.263736263736263,Astoria,15,3,0,116,1,0,0
2023-04-27 16:00:00,24.0,28.0,32.0,18.0,24.692307692307693,22.428571428571427,Astoria,16,3,0,116,1,0,0
2023-04-27 17:00:00,21.0,24.0,25.0,10.0,24.076923076923077,22.494505494505493,Astoria,17,3,0,116,1,0,0
2023-04-27 18:00:00,28.0,21.0,23.0,13.0,23.76923076923077,22.615384615384617,Astoria,18,3,0,116,1,0,0
2023-04-27 19:00:00,26.0,28.0,23.0,26.0,24.153846153846153,22.78021978021978,Astoria,19,3,0,116,1,0,0
2023-04-28 07:00:00,30.0,,22.0,0.0,24.384615384615383,22.78021978021978,Astoria,7,4,0,117,1,0,0
2023-04-28 08:00:00,21.0,30.0,28.0,45.0,25.0,23.10989010989011,Astoria,8,4,0,117,1,0,0
2023-04-28 09:00:00,17.0,21.0,24.0,54.0,24.46153846153846,22.846153846153847,Astoria,9,4,0,117,1,0,0
2023-04-28 10:00:00,9.0,17.0,25.0,35.0,23.923076923076923,22.439560439560438,Astoria,10,4,0,117,1,0,0
2023-04-28 11:00:00,19.0,9.0,28.0,8.0,22.692307692307693,22.153846153846153,Astoria,11,4,0,117,1,0,0
2023-04-28 12:00:00,22.0,19.0,24.0,5.0,22.0,22.274725274725274,Astoria,12,4,0,117,1,0,0
2023-04-28 13:00:00,19.0,22.0,20.0,5.0,21.846153846153847,22.46153846153846,Astoria,13,4,0,117,1,0,0
2023-04-28 14:00:00,23.0,19.0,19.0,7.0,21.76923076923077,22.615384615384617,Astoria,14,4,0,117,1,0,0
2023-04-28 15:00:00,21.0,23.0,28.0,9.0,22.076923076923077,22.791208791208792,Astoria,15,4,0,117,1,0,0
2023-04-28 16:00:00,15.0,21.0,24.0,7.0,21.53846153846154,22.923076923076923,Astoria,16,4,0,117,1,0,0
2023-04-28 17:00:00,31.0,15.0,21.0,9.0,20.846153846153847,23.01098901098901,Astoria,17,4,0,117,1,0,0
2023-04-28 18:00:00,18.0,31.0,28.0,14.0,21.615384615384617,23.252747252747252,Astoria,18,4,0,117,1,0,0
2023-04-28 19:00:00,25.0,18.0,26.0,15.0,20.846153846153847,23.296703296703296,Astoria,19,4,0,117,1,0,0
2023-04-29 07:00:00,17.0,,30.0,24.0,20.76923076923077,23.406593406593405,Astoria,7,5,1,118,1,0,0
2023-04-29 08:00:00,17.0,17.0,21.0,20.0,19.76923076923077,23.32967032967033,Astoria,8,5,1,118,1,0,0
2023-04-29 09:00:00,17.0,17.0,17.0,16.0,19.46153846153846,23.296703296703296,Astoria,9,5,1,118,1,0,0
2023-04-29 10:00:00,21.0,17.0,9.0,26.0,19.46153846153846,23.307692307692307,Astoria,10,5,1,118,1,0,0
2023-04-29 11:00:00,11.0,21.0,19.0,26.0,20.384615384615383,23.252747252747252,Astoria,11,5,1,118,1,0,0
2023-04-29 12:00:00,21.0,11.0,22.0,24.0,19.76923076923077,23.087912087912088,Astoria,12,5,1,118,1,0,0
2023-04-29 13:00:00,19.0,21.0,19.0,24.0,19.692307692307693,23.054945054945055,Astoria,13,5,1,118,1,0,0
2023-04-29 14:00:00,18.0,19.0,23.0,20.0,19.692307692307693,23.0,Astoria,14,5,1,118,1,0,0
2023-04-29 15:00:00,25.0,18.0,21.0,21.0,19.307692307692307,22.978021978021978,Astoria,15,5,1,118,1,0,0
2023-04-29 16:00:00,17.0,25.0,15.0,28.0,19.615384615384617,23.021978021978022,Astoria,16,5,1,118,1,0,0
2023-04-29 17:00:00,20.0,17.0,31.0,23.0,19.76923076923077,22.9010989010989,Astoria,17,5,1,118,1,0,0
2023-04-29 18:00:00,24.0,20.0,18.0,14.0,18.923076923076923,22.86813186813187,Astoria,18,5,1,118,1,0,0
2023-04-29 19:00:00,25.0,24.0,25.0,12.0,19.384615384615383,22.978021978021978,Astoria,19,5,1,118,1,0,0
2023-04-30 07:00:00,18.0,,17.0,27.0,19.384615384615383,23.12087912087912,Astoria,7,6,1,119,1,0,0
2023-04-30 08:00:00,28.0,18.0,17.0,26.0,19.46153846153846,23.021978021978022,Astoria,8,6,1,119,1,0,0
2023-04-30 09:00:00,36.0,28.0,17.0,22.0,20.307692307692307,23.043956043956044,Astoria,9,6,1,119,1,0,0
2023-04-30 10:00:00,42.0,36.0,21.0,22.0,21.76923076923077,23.197802197802197,Astoria,10,6,1,119,1,0,0
2023-04-30 11:00:00,8.0,42.0,11.0,24.0,23.384615384615383,23.417582417582416,Astoria,11,6,1,119,1,0,0
2023-04-30 12:00:00,19.0,8.0,21.0,25.0,23.153846153846153,23.24175824175824,Astoria,12,6,1,119,1,0,0
2023-04-30 13:00:00,27.0,19.0,19.0,18.0,23.0,23.175824175824175,Astoria,13,6,1,119,1,0,0
2023-04-30 14:00:00,14.0,27.0,18.0,22.0,23.615384615384617,23.274725274725274,Astoria,14,6,1,119,1,0,0
2023-04-30 15:00:00,20.0,14.0,25.0,23.0,23.307692307692307,23.186813186813186,Astoria,15,6,1,119,1,0,0
2023-04-30 16:00:00,27.0,20.0,17.0,26.0,22.923076923076923,23.153846153846153,Astoria,16,6,1,119,1,0,0
2023-04-30 17:00:00,8.0,27.0,20.0,22.0,23.692307692307693,23.164835164835164,Astoria,17,6,1,119,1,0,0
2023-04-30 18:00:00,17.0,8.0,24.0,18.0,22.76923076923077,23.01098901098901,Astoria,18,6,1,119,1,0,0
2023-04-30 19:00:00,13.0,17.0,25.0,21.0,22.23076923076923,23.0,Astoria,19,6,1,119,1,0,0
2023-05-01 07:00:00,0.0,,18.0,33.0,21.307692307692307,22.912087912087912,Astoria,7,0,0,120,1,0,0
2023-05-01 08:00:00,0.0,0.0,28.0,28.0,19.923076923076923,22.54945054945055,Astoria,8,0,0,120,1,0,0
2023-05-01 09:00:00,0.0,0.0,36.0,28.0,17.76923076923077,22.24175824175824,Astoria,9,0,0,120,1,0,0
2023-05-01 10:00:00,0.0,0.0,42.0,30.0,15.0,21.934065934065934,Astoria,10,0,0,120,1,0,0
2023-05-01 11:00:00,49.0,0.0,8.0,36.0,11.76923076923077,21.604395604395606,Astoria,11,0,0,120,1,0,0
2023-05-01 12:00:00,49.0,49.0,19.0,16.0,14.923076923076923,21.747252747252748,Astoria,12,0,0,120,1,0,0
2023-05-01 13:00:00,35.0,49.0,27.0,27.0,17.23076923076923,22.10989010989011,Astoria,13,0,0,120,1,0,0
2023-05-01 14:00:00,28.0,35.0,14.0,31.0,17.846153846153847,22.197802197802197,Astoria,14,0,0,120,1,0,0
2023-05-01 15:00:00,46.0,28.0,20.0,27.0,18.923076923076923,22.164835164835164,Astoria,15,0,0,120,1,0,0
2023-05-01 16:00:00,52.0,46.0,27.0,22.0,20.923076923076923,22.373626373626372,Astoria,16,0,0,120,1,0,0
2023-05-01 17:00:00,41.0,52.0,8.0,18.0,22.846153846153847,22.703296703296704,Astoria,17,0,0,120,1,0,0
2023-05-01 18:00:00,35.0,41.0,17.0,27.0,25.384615384615383,22.956043956043956,Astoria,18,0,0,120,1,0,0
2023-05-01 19:00:00,41.0,35.0,13.0,24.0,26.76923076923077,23.043956043956044,Astoria,19,0,0,120,1,0,0
2023-05-02 07:00:00,0.0,,0.0,22.0,28.923076923076923,23.23076923076923,Astoria,7,1,0,121,1,0,0
2023-05-02 08:00:00,0.0,0.0,0.0,25.0,28.923076923076923,22.98901098901099,Astoria,8,1,0,121,1,0,0
2023-05-02 09:00:00,0.0,0.0,0.0,17.0,28.923076923076923,22.714285714285715,Astoria,9,1,0,121,1,0,0
2023-05-02 10:00:00,0.0,0.0,0.0,21.0,28.923076923076923,22.52747252747253,Astoria,10,1,0,121,1,0,0
2023-05-02 11:00:00,38.0,0.0,49.0,26.0,28.923076923076923,22.296703296703296,Astoria,11,1,0,121,1,0,0
2023-05-02 12:00:00,46.0,38.0,49.0,26.0,28.076923076923077,22.428571428571427,Astoria,12,1,0,121,1,0,0
2023-05-02 13:00:00,60.0,46.0,35.0,28.0,27.846153846153847,22.64835164835165,Astoria,13,1,0,121,1,0,0
2023-05-02 14:00:00,41.0,60.0,28.0,18.0,29.76923076923077,23.0,Astoria,14,1,0,121,1,0,0
2023-05-02 15:00:00,37.0,41.0,46.0,22.0,30.76923076923077,23.252747252747252,Astoria,15,1,0,121,1,0,0
2023-05-02 16:00:00,34.0,37.0,52.0,19.0,30.076923076923077,23.417582417582416,Astoria,16,1,0,121,1,0,0
2023-05-02 17:00:00,47.0,34.0,41.0,25.0,28.692307692307693,23.582417582417584,Astoria,17,1,0,121,1,0,0
2023-05-02 18:00:00,48.0,47.0,35.0,23.0,29.153846153846153,23.824175824175825,Astoria,18,1,0,121,1,0,0
2023-05-02 19:00:00,42.0,48.0,41.0,29.0,30.153846153846153,24.0989010989011,Astoria,19,1,0,121,1,0,0
2023-05-03 07:00:00,0.0,,0.0,20.0,30.23076923076923,24.24175824175824,Astoria,7,2,0,122,1,0,0
2023-05-03 08:00:00,0.0,0.0,0.0,23.0,30.23076923076923,24.021978021978022,Astoria,8,2,0,122,1,0,0
2023-05-03 09:00:00,0.0,0.0,0.0,31.0,30.23076923076923,23.76923076923077,Astoria,9,2,0,122,1,0,0
2023-05-03 10:00:00,0.0,0.0,0.0,21.0,30.23076923076923,23.428571428571427,Astoria,10,2,0,122,1,0,0
2023-05-03 11:00:00,52.0,0.0,38.0,26.0,30.23076923076923,23.197802197802197,Astoria,11,2,0,122,1,0,0
2023-05-03 12:00:00,33.0,52.0,46.0,20.0,31.307692307692307,23.483516483516482,Astoria,12,2,0,122,1,0,0
2023-05-03 13:00:00,43.0,33.0,60.0,26.0,30.307692307692307,23.626373626373628,Astoria,13,2,0,122,1,0,0
2023-05-03 14:00:00,35.0,43.0,41.0,33.0,29.0,23.813186813186814,Astoria,14,2,0,122,1,0,0
2023-05-03 15:00:00,55.0,35.0,37.0,18.0,28.53846153846154,23.835164835164836,Astoria,15,2,0,122,1,0,0
2023-05-03 16:00:00,50.0,55.0,34.0,32.0,29.923076923076923,24.24175824175824,Astoria,16,2,0,122,1,0,0
2023-05-03 17:00:00,36.0,50.0,47.0,25.0,31.153846153846153,24.439560439560438,Astoria,17,2,0,122,1,0,0
2023-05-03 18:00:00,46.0,36.0,48.0,23.0,30.307692307692307,24.560439560439562,Astoria,18,2,0,122,1,0,0
2023-05-03 19:00:00,52.0,46.0,42.0,23.0,30.153846153846153,24.813186813186814,Astoria,19,2,0,122,1,0,0
2023-05-04 07:00:00,0.0,,0.0,22.0,30.923076923076923,25.13186813186813,Astoria,7,3,0,123,1,0,0
2023-05-04 08:00:00,0.0,0.0,0.0,28.0,30.923076923076923,24.89010989010989,Astoria,8,3,0,123,1,0,0
2023-05-04 09:00:00,0.0,0.0,0.0,24.0,30.923076923076923,24.582417582417584,Astoria,9,3,0,123,1,0,0
2023-05-04 10:00:00,0.0,0.0,0.0,25.0,30.923076923076923,24.318681318681318,Astoria,10,3,0,123,1,0,0
2023-05-04 11:00:00,37.0,0.0,52.0,28.0,30.923076923076923,24.043956043956044,Astoria,11,3,0,123,1,0,0
2023-05-04 12:00:00,63.0,37.0,33.0,24.0,29.76923076923077,24.142857142857142,Astoria,12,3,0,123,1,0,0
2023-05-04 13:00:00,43.0,63.0,43.0,20.0,32.07692307692308,24.571428571428573,Astoria,13,3,0,123,1,0,0
2023-05-04 14:00:00,39.0,43.0,35.0,19.0,32.07692307692308,24.824175824175825,Astoria,14,3,0,123,1,0,0
2023-05-04 15:00:00,37.0,39.0,55.0,28.0,32.38461538461539,25.043956043956044,Astoria,15,3,0,123,1,0,0
2023-05-04 16:00:00,47.0,37.0,50.0,24.0,31.0,25.142857142857142,Astoria,16,3,0,123,1,0,0
2023-05-04 17:00:00,49.0,47.0,36.0,21.0,30.76923076923077,25.395604395604394,Astoria,17,3,0,123,1,0,0
2023-05-04 18:00:00,33.0,49.0,46.0,28.0,31.76923076923077,25.703296703296704,Astoria,18,3,0,123,1,0,0
2023-05-04 19:00:00,37.0,33.0,52.0,26.0,30.76923076923077,25.75824175824176,Astoria,19,3,0,123,1,0,0
2023-05-05 07:00:00,0.0,,0.0,30.0,29.615384615384617,25.87912087912088,Astoria,7,4,0,124,1,0,0
2023-05-05 08:00:00,0.0,0.0,0.0,21.0,29.615384615384617,25.54945054945055,Astoria,8,4,0,124,1,0,0
2023-05-05 09:00:00,0.0,0.0,0.0,17.0,29.615384615384617,25.318681318681318,Astoria,9,4,0,124,1,0,0
2023-05-05 10:00:00,0.0,0.0,0.0,9.0,29.615384615384617,25.13186813186813,Astoria,10,4,0,124,1,0,0
2023-05-05 11:00:00,35.0,0.0,37.0,19.0,29.615384615384617,25.032967032967033,Astoria,11,4,0,124,1,0,0
2023-05-05 12:00:00,52.0,35.0,63.0,22.0,29.46153846153846,25.208791208791208,Astoria,12,4,0,124,1,0,0
2023-05-05 13:00:00,39.0,52.0,43.0,19.0,28.615384615384617,25.53846153846154,Astoria,13,4,0,124,1,0,0
2023-05-05 14:00:00,43.0,39.0,39.0,23.0,28.307692307692307,25.75824175824176,Astoria,14,4,0,124,1,0,0
2023-05-05 15:00:00,40.0,43.0,37.0,21.0,28.615384615384617,25.978021978021978,Astoria,15,4,0,124,1,0,0
2023-05-05 16:00:00,50.0,40.0,47.0,15.0,28.846153846153847,26.186813186813186,Astoria,16,4,0,124,1,0,0
2023-05-05 17:00:00,32.0,50.0,49.0,31.0,29.076923076923077,26.571428571428573,Astoria,17,4,0,124,1,0,0
2023-05-05 18:00:00,50.0,32.0,33.0,18.0,27.76923076923077,26.582417582417584,Astoria,18,4,0,124,1,0,0
2023-05-05 19:00:00,46.0,50.0,37.0,25.0,29.076923076923077,26.934065934065934,Astoria,19,4,0,124,1,0,0
2023-05-06 07:00:00,0.0,,0.0,17.0,29.76923076923077,27.164835164835164,Astoria,7,5,1,125,1,0,0
2023-05-06 08:00:00,0.0,0.0,0.0,17.0,29.76923076923077,26.978021978021978,Astoria,8,5,1,125,1,0,0
2023-05-06 09:00:00,0.0,0.0,0.0,17.0,29.76923076923077,26.791208791208792,Astoria,9,5,1,125,1,0,0
2023-05-06 10:00:00,0.0,0.0,0.0,21.0,29.76923076923077,26.604395604395606,Astoria,10,5,1,125,1,0,0
2023-05-06 11:00:00,23.0,0.0,35.0,11.0,29.76923076923077,26.373626373626372,Astoria,11,5,1,125,1,0,0
2023-05-06 12:00:00,39.0,23.0,52.0,21.0,28.846153846153847,26.505494505494507,Astoria,12,5,1,125,1,0,0
2023-05-06 13:00:00,24.0,39.0,39.0,19.0,27.846153846153847,26.703296703296704,Astoria,13,5,1,125,1,0,0
2023-05-06 14:00:00,31.0,24.0,43.0,18.0,26.692307692307693,26.75824175824176,Astoria,14,5,1,125,1,0,0
2023-05-06 15:00:00,46.0,31.0,40.0,25.0,25.76923076923077,26.9010989010989,Astoria,15,5,1,125,1,0,0
2023-05-06 16:00:00,34.0,46.0,50.0,17.0,26.23076923076923,27.13186813186813,Astoria,16,5,1,125,1,0,0
2023-05-06 17:00:00,33.0,34.0,32.0,20.0,25.0,27.318681318681318,Astoria,17,5,1,125,1,0,0
2023-05-06 18:00:00,26.0,33.0,50.0,24.0,25.076923076923077,27.46153846153846,Astoria,18,5,1,125,1,0,0
2023-05-06 19:00:00,35.0,26.0,46.0,25.0,23.23076923076923,27.483516483516482,Astoria,19,5,1,125,1,0,0
2023-05-07 07:00:00,39.0,,0.0,18.0,22.384615384615383,27.593406593406595,Astoria,7,6,1,126,1,0,0
2023-05-07 08:00:00,29.0,39.0,0.0,28.0,25.384615384615383,27.824175824175825,Astoria,8,6,1,126,1,0,0
2023-05-07 09:00:00,26.0,29.0,0.0,36.0,27.615384615384617,27.835164835164836,Astoria,9,6,1,126,1,0,0
2023-05-07 10:00:00,23.0,26.0,0.0,42.0,29.615384615384617,27.725274725274726,Astoria,10,6,1,126,1,0,0
2023-05-07 11:00:00,22.0,23.0,23.0,8.0,31.384615384615383,27.516483516483518,Astoria,11,6,1,126,1,0,0
2023-05-07 12:00:00,31.0,22.0,39.0,19.0,31.307692307692307,27.67032967032967,Astoria,12,6,1,126,1,0,0
2023-05-07 13:00:00,18.0,31.0,24.0,27.0,30.692307692307693,27.802197802197803,Astoria,13,6,1,126,1,0,0
2023-05-07 14:00:00,22.0,18.0,31.0,14.0,30.23076923076923,27.703296703296704,Astoria,14,6,1,126,1,0,0
2023-05-07 15:00:00,22.0,22.0,46.0,20.0,29.53846153846154,27.791208791208792,Astoria,15,6,1,126,1,0,0
2023-05-07 16:00:00,29.0,22.0,34.0,27.0,27.692307692307693,27.813186813186814,Astoria,16,6,1,126,1,0,0
2023-05-07 17:00:00,10.0,29.0,33.0,8.0,27.307692307692307,27.835164835164836,Astoria,17,6,1,126,1,0,0
2023-05-07 18:00:00,32.0,10.0,26.0,17.0,25.53846153846154,27.857142857142858,Astoria,18,6,1,126,1,0,0
2023-05-07 19:00:00,21.0,32.0,35.0,13.0,26.0,28.021978021978022,Astoria,19,6,1,126,1,0,0
2023-05-08 07:00:00,24.0,,39.0,0.0,24.923076923076923,28.10989010989011,Astoria,7,0,0,127,1,0,0
2023-05-08 08:00:00,39.0,24.0,29.0,0.0,23.76923076923077,28.373626373626372,Astoria,8,0,0,127,1,0,0
2023-05-08 09:00:00,25.0,39.0,26.0,0.0,24.53846153846154,28.802197802197803,Astoria,9,0,0,127,1,0,0
2023-05-08 10:00:00,29.0,25.0,23.0,0.0,24.46153846153846,29.076923076923077,Astoria,10,0,0,127,1,0,0
2023-05-08 11:00:00,23.0,29.0,22.0,49.0,24.923076923076923,29.395604395604394,Astoria,11,0,0,127,1,0,0
2023-05-08 12:00:00,32.0,23.0,31.0,49.0,25.0,29.10989010989011,Astoria,12,0,0,127,1,0,0
2023-05-08 13:00:00,45.0,32.0,18.0,35.0,25.076923076923077,28.923076923076923,Astoria,13,0,0,127,1,0,0
2023-05-08 14:00:00,29.0,45.0,22.0,28.0,27.153846153846153,29.032967032967033,Astoria,14,0,0,127,1,0,0
2023-05-08 15:00:00,40.0,29.0,22.0,46.0,27.692307692307693,29.043956043956044,Astoria,15,0,0,127,1,0,0
2023-05-08 16:00:00,21.0,40.0,29.0,52.0,29.076923076923077,28.978021978021978,Astoria,16,0,0,127,1,0,0
2023-05-08 17:00:00,24.0,21.0,10.0,41.0,28.46153846153846,28.63736263736264,Astoria,17,0,0,127,1,0,0
2023-05-08 18:00:00,30.0,24.0,32.0,35.0,29.53846153846154,28.45054945054945,Astoria,18,0,0,127,1,0,0
2023-05-08 19:00:00,30.0,30.0,21.0,41.0,29.384615384615383,28.395604395604394,Astoria,19,0,0,127,1,0,0
2023-05-09 07:00:00,47.0,,24.0,0.0,30.076923076923077,28.274725274725274,Astoria,7,1,0,128,1,0,0
2023-05-09 08:00:00,47.0,47.0,39.0,0.0,31.846153846153847,28.791208791208792,Astoria,8,1,0,128,1,0,0
2023-05-09 09:00:00,37.0,47.0,25.0,0.0,32.46153846153846,29.307692307692307,Astoria,9,1,0,128,1,0,0
2023-05-09 10:00:00,51.0,37.0,29.0,0.0,33.38461538461539,29.714285714285715,Astoria,10,1,0,128,1,0,0
2023-05-09 11:00:00,11.0,51.0,23.0,38.0,35.07692307692308,30.274725274725274,Astoria,11,1,0,128,1,0,0
2023-05-09 12:00:00,15.0,11.0,32.0,46.0,34.15384615384615,29.978021978021978,Astoria,12,1,0,128,1,0,0
2023-05-09 13:00:00,18.0,15.0,45.0,60.0,32.84615384615385,29.63736263736264,Astoria,13,1,0,128,1,0,0
2023-05-09 14:00:00,10.0,18.0,29.0,41.0,30.76923076923077,29.175824175824175,Astoria,14,1,0,128,1,0,0
2023-05-09 15:00:00,17.0,10.0,40.0,37.0,29.307692307692307,28.835164835164836,Astoria,15,1,0,128,1,0,0
2023-05-09 16:00:00,22.0,17.0,21.0,34.0,27.53846153846154,28.615384615384617,Astoria,16,1,0,128,1,0,0
2023-05-09 17:00:00,9.0,22.0,24.0,47.0,27.615384615384617,28.483516483516482,Astoria,17,1,0,128,1,0,0
2023-05-09 18:00:00,19.0,9.0,30.0,48.0,26.46153846153846,28.065934065934066,Astoria,18,1,0,128,1,0,0
2023-05-09 19:00:00,10.0,19.0,30.0,42.0,25.615384615384617,27.747252747252748,Astoria,19,1,0,128,1,0,0
2023-05-10 07:00:00,54.0,,47.0,0.0,24.076923076923077,27.395604395604394,Astoria,7,2,0,129,1,0,0
2023-05-10 08:00:00,67.0,54.0,47.0,0.0,24.615384615384617,27.98901098901099,Astoria,8,2,0,129,1,0,0
2023-05-10 09:00:00,56.0,67.0,37.0,0.0,26.153846153846153,28.725274725274726,Astoria,9,2,0,129,1,0,0
2023-05-10 10:00:00,61.0,56.0,51.0,0.0,27.615384615384617,29.34065934065934,Astoria,10,2,0,129,1,0,0
2023-05-10 11:00:00,15.0,61.0,11.0,52.0,28.384615384615383,30.01098901098901,Astoria,11,2,0,129,1,0,0
2023-05-10 12:00:00,12.0,15.0,15.0,33.0,28.692307692307693,29.604395604395606,Astoria,12,2,0,129,1,0,0
2023-05-10 13:00:00,24.0,12.0,18.0,43.0,28.46153846153846,29.373626373626372,Astoria,13,2,0,129,1,0,0
2023-05-10 14:00:00,19.0,24.0,10.0,35.0,28.923076923076923,29.164835164835164,Astoria,14,2,0,129,1,0,0
2023-05-10 15:00:00,7.0,19.0,17.0,55.0,29.615384615384617,28.98901098901099,Astoria,15,2,0,129,1,0,0
2023-05-10 16:00:00,22.0,7.0,22.0,50.0,28.846153846153847,28.46153846153846,Astoria,16,2,0,129,1,0,0
2023-05-10 17:00:00,11.0,22.0,9.0,36.0,28.846153846153847,28.153846153846153,Astoria,17,2,0,129,1,0,0
2023-05-10 18:00:00,17.0,11.0,19.0,46.0,29.0,27.87912087912088,Astoria,18,2,0,129,1,0,0
2023-05-10 19:00:00,15.0,17.0,10.0,52.0,28.846153846153847,27.560439560439562,Astoria,19,2,0,129,1,0,0
2023-05-11 07:00:00,47.0,,54.0,0.0,29.23076923076923,27.153846153846153,Astoria,7,3,0,130,1,0,0
2023-05-11 08:00:00,43.0,47.0,67.0,0.0,28.692307692307693,27.67032967032967,Astoria,8,3,0,130,1,0,0
2023-05-11 09:00:00,44.0,43.0,56.0,0.0,26.846153846153847,28.142857142857142,Astoria,9,3,0,130,1,0,0
2023-05-11 10:00:00,44.0,44.0,61.0,0.0,25.923076923076923,28.626373626373628,Astoria,10,3,0,130,1,0,0
2023-05-11 11:00:00,16.0,44.0,15.0,37.0,24.615384615384617,29.10989010989011,Astoria,11,3,0,130,1,0,0
2023-05-11 12:00:00,10.0,16.0,12.0,63.0,24.692307692307693,28.87912087912088,Astoria,12,3,0,130,1,0,0
2023-05-11 13:00:00,16.0,10.0,24.0,43.0,24.53846153846154,28.296703296703296,Astoria,13,3,0,130,1,0,0
2023-05-11 14:00:00,22.0,16.0,19.0,39.0,23.923076923076923,28.0,Astoria,14,3,0,130,1,0,0
2023-05-11 15:00:00,4.0,22.0,7.0,37.0,24.153846153846153,27.813186813186814,Astoria,15,3,0,130,1,0,0
2023-05-11 16:00:00,26.0,4.0,22.0,47.0,23.923076923076923,27.45054945054945,Astoria,16,3,0,130,1,0,0
2023-05-11 17:00:00,15.0,26.0,11.0,49.0,24.23076923076923,27.21978021978022,Astoria,17,3,0,130,1,0,0
2023-05-11 18:00:00,11.0,15.0,17.0,33.0,24.53846153846154,26.846153846153847,Astoria,18,3,0,130,1,0,0
2023-05-11 19:00:00,15.0,11.0,15.0,37.0,24.076923076923077,26.604395604395606,Astoria,19,3,0,130,1,0,0
2023-05-12 07:00:00,27.0,,47.0,0.0,24.076923076923077,26.36263736263736,Astoria,7,4,0,131,1,0,0
2023-05-12 08:00:00,37.0,27.0,43.0,0.0,22.53846153846154,26.65934065934066,Astoria,8,4,0,131,1,0,0
2023-05-12 09:00:00,55.0,37.0,44.0,0.0,22.076923076923077,27.065934065934066,Astoria,9,4,0,131,1,0,0
2023-05-12 10:00:00,37.0,55.0,44.0,0.0,22.923076923076923,27.67032967032967,Astoria,10,4,0,131,1,0,0
2023-05-12 11:00:00,11.0,37.0,16.0,35.0,22.384615384615383,28.076923076923077,Astoria,11,4,0,131,1,0,0
2023-05-12 12:00:00,9.0,11.0,10.0,52.0,22.0,27.813186813186814,Astoria,12,4,0,131,1,0,0
2023-05-12 13:00:00,14.0,9.0,16.0,39.0,21.923076923076923,27.34065934065934,Astoria,13,4,0,131,1,0,0
2023-05-12 14:00:00,10.0,14.0,22.0,43.0,21.76923076923077,27.065934065934066,Astoria,14,4,0,131,1,0,0
2023-05-12 15:00:00,9.0,10.0,4.0,40.0,20.846153846153847,26.703296703296704,Astoria,15,4,0,131,1,0,0
2023-05-12 16:00:00,12.0,9.0,26.0,50.0,21.23076923076923,26.36263736263736,Astoria,16,4,0,131,1,0,0
2023-05-12 17:00:00,12.0,12.0,15.0,32.0,20.153846153846153,25.945054945054945,Astoria,17,4,0,131,1,0,0
2023-05-12 18:00:00,12.0,12.0,11.0,50.0,19.923076923076923,25.725274725274726,Astoria,18,4,0,131,1,0,0
2023-05-12 19:00:00,9.0,12.0,15.0,46.0,20.0,25.307692307692307,Astoria,19,4,0,131,1,0,0
2023-05-13 07:00:00,49.0,,27.0,0.0,19.53846153846154,24.9010989010989,Astoria,7,5,1,132,1,0,0
2023-05-13 08:00:00,42.0,49.0,37.0,0.0,21.23076923076923,25.439560439560438,Astoria,8,5,1,132,1,0,0
2023-05-13 09:00:00,39.0,42.0,55.0,0.0,21.615384615384617,25.9010989010989,Astoria,9,5,1,132,1,0,0
2023-05-13 10:00:00,54.0,39.0,37.0,0.0,20.384615384615383,26.32967032967033,Astoria,10,5,1,132,1,0,0
2023-05-13 11:00:00,16.0,54.0,11.0,23.0,21.692307692307693,26.923076923076923,Astoria,11,5,1,132,1,0,0
2023-05-13 12:00:00,16.0,16.0,9.0,39.0,22.076923076923077,26.846153846153847,Astoria,12,5,1,132,1,0,0
2023-05-13 13:00:00,9.0,16.0,14.0,24.0,22.615384615384617,26.593406593406595,Astoria,13,5,1,132,1,0,0
2023-05-13 14:00:00,18.0,9.0,10.0,31.0,22.23076923076923,26.428571428571427,Astoria,14,5,1,132,1,0,0
2023-05-13 15:00:00,18.0,18.0,9.0,46.0,22.846153846153847,26.285714285714285,Astoria,15,5,1,132,1,0,0
2023-05-13 16:00:00,10.0,18.0,12.0,34.0,23.53846153846154,25.978021978021978,Astoria,16,5,1,132,1,0,0
2023-05-13 17:00:00,13.0,10.0,12.0,33.0,23.384615384615383,25.714285714285715,Astoria,17,5,1,132,1,0,0
2023-05-13 18:00:00,12.0,13.0,12.0,26.0,23.46153846153846,25.494505494505493,Astoria,18,5,1,132,1,0,0
2023-05-13 19:00:00,19.0,12.0,9.0,35.0,23.46153846153846,25.34065934065934,Astoria,19,5,1,132,1,0,0
2023-05-14 07:00:00,0.0,,49.0,39.0,24.23076923076923,25.164835164835164,Astoria,7,6,1,133,1,0,0
2023-05-14 08:00:00,55.0,0.0,42.0,29.0,20.46153846153846,24.736263736263737,Astoria,8,6,1,133,1,0,0
2023-05-14 09:00:00,64.0,55.0,39.0,26.0,21.46153846153846,25.021978021978022,Astoria,9,6,1,133,1,0,0
2023-05-14 10:00:00,57.0,64.0,54.0,23.0,23.384615384615383,25.439560439560438,Astoria,10,6,1,133,1,0,0
2023-05-14 11:00:00,16.0,57.0,16.0,22.0,23.615384615384617,25.813186813186814,Astoria,11,6,1,133,1,0,0
2023-05-14 12:00:00,9.0,16.0,16.0,31.0,23.615384615384617,25.747252747252748,Astoria,12,6,1,133,1,0,0
2023-05-14 13:00:00,17.0,9.0,9.0,18.0,23.076923076923077,25.505494505494507,Astoria,13,6,1,133,1,0,0
2023-05-14 14:00:00,7.0,17.0,18.0,22.0,23.692307692307693,25.494505494505493,Astoria,14,6,1,133,1,0,0
2023-05-14 15:00:00,14.0,7.0,18.0,22.0,22.846153846153847,25.32967032967033,Astoria,15,6,1,133,1,0,0
2023-05-14 16:00:00,11.0,14.0,10.0,29.0,22.53846153846154,25.24175824175824,Astoria,16,6,1,133,1,0,0
2023-05-14 17:00:00,17.0,11.0,13.0,10.0,22.615384615384617,25.043956043956044,Astoria,17,6,1,133,1,0,0
2023-05-14 18:00:00,11.0,17.0,12.0,32.0,22.923076923076923,25.12087912087912,Astoria,18,6,1,133,1,0,0
2023-05-14 19:00:00,15.0,11.0,19.0,21.0,22.846153846153847,24.89010989010989,Astoria,19,6,1,133,1,0,0
2023-05-15 07:00:00,46.0,,0.0,24.0,22.53846153846154,24.824175824175825,Astoria,7,0,0,134,1,0,0
2023-05-15 08:00:00,73.0,46.0,55.0,39.0,26.076923076923077,25.065934065934066,Astoria,8,0,0,134,1,0,0
2023-05-15 09:00:00,79.0,73.0,64.0,25.0,27.46153846153846,25.439560439560438,Astoria,9,0,0,134,1,0,0
2023-05-15 10:00:00,81.0,79.0,57.0,29.0,28.615384615384617,26.032967032967033,Astoria,10,0,0,134,1,0,0
2023-05-15 11:00:00,17.0,81.0,16.0,23.0,30.46153846153846,26.604395604395606,Astoria,11,0,0,134,1,0,0
2023-05-15 12:00:00,17.0,17.0,9.0,32.0,30.53846153846154,26.53846153846154,Astoria,12,0,0,134,1,0,0
2023-05-15 13:00:00,17.0,17.0,17.0,45.0,31.153846153846153,26.373626373626372,Astoria,13,0,0,134,1,0,0
2023-05-15 14:00:00,19.0,17.0,7.0,29.0,31.153846153846153,26.065934065934066,Astoria,14,0,0,134,1,0,0
2023-05-15 15:00:00,13.0,19.0,14.0,40.0,32.07692307692308,25.956043956043956,Astoria,15,0,0,134,1,0,0
2023-05-15 16:00:00,14.0,13.0,11.0,21.0,32.0,25.65934065934066,Astoria,16,0,0,134,1,0,0
2023-05-15 17:00:00,21.0,14.0,17.0,24.0,32.23076923076923,25.582417582417584,Astoria,17,0,0,134,1,0,0
2023-05-15 18:00:00,30.0,21.0,11.0,30.0,32.53846153846154,25.54945054945055,Astoria,18,0,0,134,1,0,0
2023-05-15 19:00:00,20.0,30.0,15.0,30.0,34.0,25.54945054945055,Astoria,19,0,0,134,1,0,0
2023-05-16 07:00:00,73.0,,46.0,47.0,34.38461538461539,25.439560439560438,Astoria,7,1,0,135,1,0,0
2023-05-16 08:00:00,60.0,73.0,73.0,47.0,36.46153846153846,25.725274725274726,Astoria,8,1,0,135,1,0,0
2023-05-16 09:00:00,64.0,60.0,79.0,37.0,35.46153846153846,25.86813186813187,Astoria,9,1,0,135,1,0,0
2023-05-16 10:00:00,74.0,64.0,81.0,51.0,34.30769230769231,26.164835164835164,Astoria,10,1,0,135,1,0,0
2023-05-16 11:00:00,18.0,74.0,17.0,11.0,33.76923076923077,26.417582417582416,Astoria,11,1,0,135,1,0,0
2023-05-16 12:00:00,10.0,18.0,17.0,15.0,33.84615384615385,26.494505494505493,Astoria,12,1,0,135,1,0,0
2023-05-16 13:00:00,24.0,10.0,17.0,18.0,33.30769230769231,26.439560439560438,Astoria,13,1,0,135,1,0,0
2023-05-16 14:00:00,17.0,24.0,19.0,10.0,33.84615384615385,26.505494505494507,Astoria,14,1,0,135,1,0,0
2023-05-16 15:00:00,27.0,17.0,13.0,17.0,33.69230769230769,26.582417582417584,Astoria,15,1,0,135,1,0,0
2023-05-16 16:00:00,16.0,27.0,14.0,22.0,34.76923076923077,26.692307692307693,Astoria,16,1,0,135,1,0,0
2023-05-16 17:00:00,21.0,16.0,21.0,9.0,34.92307692307692,26.626373626373628,Astoria,17,1,0,135,1,0,0
2023-05-16 18:00:00,16.0,21.0,30.0,19.0,34.92307692307692,26.75824175824176,Astoria,18,1,0,135,1,0,0
2023-05-16 19:00:00,30.0,16.0,20.0,10.0,33.84615384615385,26.725274725274726,Astoria,19,1,0,135,1,0,0
2023-05-17 07:00:00,81.0,,73.0,54.0,34.61538461538461,26.945054945054945,Astoria,7,2,0,136,1,0,0
2023-05-17 08:00:00,53.0,81.0,60.0,67.0,35.23076923076923,27.24175824175824,Astoria,8,2,0,136,1,0,0
2023-05-17 09:00:00,55.0,53.0,64.0,56.0,34.69230769230769,27.087912087912088,Astoria,9,2,0,136,1,0,0
2023-05-17 10:00:00,72.0,55.0,74.0,61.0,34.0,27.076923076923077,Astoria,10,2,0,136,1,0,0
2023-05-17 11:00:00,20.0,72.0,18.0,15.0,33.84615384615385,27.197802197802197,Astoria,11,2,0,136,1,0,0
2023-05-17 12:00:00,15.0,20.0,10.0,12.0,34.0,27.252747252747252,Astoria,12,2,0,136,1,0,0
2023-05-17 13:00:00,16.0,15.0,24.0,24.0,34.38461538461539,27.285714285714285,Astoria,13,2,0,136,1,0,0
2023-05-17 14:00:00,13.0,16.0,17.0,19.0,33.76923076923077,27.197802197802197,Astoria,14,2,0,136,1,0,0
2023-05-17 15:00:00,13.0,13.0,27.0,7.0,33.46153846153846,27.13186813186813,Astoria,15,2,0,136,1,0,0
2023-05-17 16:00:00,12.0,13.0,16.0,22.0,32.38461538461539,27.197802197802197,Astoria,16,2,0,136,1,0,0
2023-05-17 17:00:00,25.0,12.0,21.0,11.0,32.07692307692308,27.087912087912088,Astoria,17,2,0,136,1,0,0
2023-05-17 18:00:00,13.0,25.0,16.0,17.0,32.38461538461539,27.24175824175824,Astoria,18,2,0,136,1,0,0
2023-05-17 19:00:00,10.0,13.0,30.0,15.0,32.15384615384615,27.197802197802197,Astoria,19,2,0,136,1,0,0
2023-05-18 07:00:00,60.0,,81.0,47.0,30.615384615384617,27.142857142857142,Astoria,7,3,0,137,1,0,0
2023-05-18 08:00:00,53.0,60.0,53.0,43.0,29.0,27.285714285714285,Astoria,8,3,0,137,1,0,0
2023-05-18 09:00:00,60.0,53.0,55.0,44.0,29.0,27.395604395604394,Astoria,9,3,0,137,1,0,0
2023-05-18 10:00:00,78.0,60.0,72.0,44.0,29.384615384615383,27.571428571428573,Astoria,10,3,0,137,1,0,0
2023-05-18 11:00:00,13.0,78.0,20.0,16.0,29.846153846153847,27.945054945054945,Astoria,11,3,0,137,1,0,0
2023-05-18 12:00:00,19.0,13.0,15.0,10.0,29.307692307692307,27.912087912087912,Astoria,12,3,0,137,1,0,0
2023-05-18 13:00:00,17.0,19.0,16.0,16.0,29.615384615384617,28.01098901098901,Astoria,13,3,0,137,1,0,0
2023-05-18 14:00:00,13.0,17.0,13.0,22.0,29.692307692307693,28.021978021978022,Astoria,14,3,0,137,1,0,0
2023-05-18 15:00:00,18.0,13.0,13.0,4.0,29.692307692307693,27.923076923076923,Astoria,15,3,0,137,1,0,0
2023-05-18 16:00:00,13.0,18.0,12.0,26.0,30.076923076923077,28.076923076923077,Astoria,16,3,0,137,1,0,0
2023-05-18 17:00:00,24.0,13.0,25.0,15.0,30.153846153846153,27.934065934065934,Astoria,17,3,0,137,1,0,0
2023-05-18 18:00:00,7.0,24.0,13.0,11.0,30.076923076923077,28.032967032967033,Astoria,18,3,0,137,1,0,0
2023-05-18 19:00:00,22.0,7.0,10.0,15.0,29.615384615384617,27.98901098901099,Astoria,19,3,0,137,1,0,0
2023-05-19 07:00:00,59.0,,60.0,27.0,30.53846153846154,28.065934065934066,Astoria,7,4,0,138,1,0,0
2023-05-19 08:00:00,68.0,59.0,53.0,37.0,30.46153846153846,28.417582417582416,Astoria,8,4,0,138,1,0,0
2023-05-19 09:00:00,79.0,68.0,60.0,55.0,31.615384615384617,28.75824175824176,Astoria,9,4,0,138,1,0,0
2023-05-19 10:00:00,82.0,79.0,78.0,37.0,33.07692307692308,29.021978021978022,Astoria,10,4,0,138,1,0,0
2023-05-19 11:00:00,21.0,82.0,13.0,11.0,33.38461538461539,29.516483516483518,Astoria,11,4,0,138,1,0,0
2023-05-19 12:00:00,15.0,21.0,19.0,9.0,34.0,29.626373626373628,Astoria,12,4,0,138,1,0,0
2023-05-19 13:00:00,19.0,15.0,17.0,14.0,33.69230769230769,29.692307692307693,Astoria,13,4,0,138,1,0,0
2023-05-19 14:00:00,19.0,19.0,13.0,10.0,33.84615384615385,29.747252747252748,Astoria,14,4,0,138,1,0,0
2023-05-19 15:00:00,14.0,19.0,18.0,9.0,34.30769230769231,29.846153846153847,Astoria,15,4,0,138,1,0,0
2023-05-19 16:00:00,8.0,14.0,13.0,12.0,34.0,29.9010989010989,Astoria,16,4,0,138,1,0,0
2023-05-19 17:00:00,20.0,8.0,24.0,12.0,33.61538461538461,29.857142857142858,Astoria,17,4,0,138,1,0,0
2023-05-19 18:00:00,30.0,20.0,7.0,12.0,33.30769230769231,29.945054945054945,Astoria,18,4,0,138,1,0,0
2023-05-19 19:00:00,14.0,30.0,22.0,9.0,35.07692307692308,30.142857142857142,Astoria,19,4,0,138,1,0,0
2023-05-20 07:00:00,30.0,,59.0,49.0,34.46153846153846,30.197802197802197,Astoria,7,5,1,139,1,0,0
2023-05-20 08:00:00,82.0,30.0,68.0,42.0,32.23076923076923,29.98901098901099,Astoria,8,5,1,139,1,0,0
2023-05-20 09:00:00,70.0,82.0,79.0,39.0,33.30769230769231,30.428571428571427,Astoria,9,5,1,139,1,0,0
2023-05-20 10:00:00,50.0,70.0,82.0,54.0,32.61538461538461,30.76923076923077,Astoria,10,5,1,139,1,0,0
2023-05-20 11:00:00,11.0,50.0,21.0,16.0,30.153846153846153,30.725274725274726,Astoria,11,5,1,139,1,0,0
2023-05-20 12:00:00,14.0,11.0,15.0,16.0,29.384615384615383,30.67032967032967,Astoria,12,5,1,139,1,0,0
2023-05-20 13:00:00,22.0,14.0,19.0,9.0,29.307692307692307,30.64835164835165,Astoria,13,5,1,139,1,0,0
2023-05-20 14:00:00,23.0,22.0,19.0,18.0,29.53846153846154,30.791208791208792,Astoria,14,5,1,139,1,0,0
2023-05-20 15:00:00,21.0,23.0,14.0,18.0,29.846153846153847,30.846153846153847,Astoria,15,5,1,139,1,0,0
2023-05-20 16:00:00,21.0,21.0,8.0,10.0,30.384615384615383,30.87912087912088,Astoria,16,5,1,139,1,0,0
2023-05-20 17:00:00,21.0,21.0,20.0,13.0,31.384615384615383,31.0,Astoria,17,5,1,139,1,0,0
2023-05-20 18:00:00,18.0,21.0,30.0,12.0,31.46153846153846,31.087912087912088,Astoria,18,5,1,139,1,0,0
2023-05-20 19:00:00,33.0,18.0,14.0,19.0,30.53846153846154,31.153846153846153,Astoria,19,5,1,139,1,0,0
2023-05-21 07:00:00,0.0,,30.0,0.0,32.0,31.307692307692307,Astoria,7,6,1,140,1,0,0
2023-05-21 08:00:00,66.0,0.0,82.0,55.0,29.692307692307693,31.307692307692307,Astoria,8,6,1,140,1,0,0
2023-05-21 09:00:00,61.0,66.0,70.0,64.0,28.46153846153846,31.428571428571427,Astoria,9,6,1,140,1,0,0
2023-05-21 10:00:00,48.0,61.0,50.0,57.0,27.76923076923077,31.395604395604394,Astoria,10,6,1,140,1,0,0
2023-05-21 11:00:00,13.0,48.0,11.0,16.0,27.615384615384617,31.296703296703296,Astoria,11,6,1,140,1,0,0
2023-05-21 12:00:00,10.0,13.0,14.0,9.0,27.76923076923077,31.263736263736263,Astoria,12,6,1,140,1,0,0
2023-05-21 13:00:00,12.0,10.0,22.0,17.0,27.46153846153846,31.274725274725274,Astoria,13,6,1,140,1,0,0
2023-05-21 14:00:00,9.0,12.0,23.0,7.0,26.692307692307693,31.21978021978022,Astoria,14,6,1,140,1,0,0
2023-05-21 15:00:00,16.0,9.0,21.0,14.0,25.615384615384617,31.24175824175824,Astoria,15,6,1,140,1,0,0
2023-05-21 16:00:00,7.0,16.0,21.0,11.0,25.23076923076923,31.263736263736263,Astoria,16,6,1,140,1,0,0
2023-05-21 17:00:00,19.0,7.0,21.0,17.0,24.153846153846153,31.21978021978022,Astoria,17,6,1,140,1,0,0
2023-05-21 18:00:00,16.0,19.0,18.0,11.0,24.0,31.24175824175824,Astoria,18,6,1,140,1,0,0
2023-05-21 19:00:00,18.0,16.0,33.0,15.0,23.846153846153847,31.296703296703296,Astoria,19,6,1,140,1,0,0
2023-05-22 07:00:00,34.0,,0.0,46.0,22.692307692307693,31.32967032967033,Astoria,7,0,0,141,1,0,0
2023-05-22 08:00:00,31.0,34.0,66.0,73.0,25.307692307692307,31.197802197802197,Astoria,8,0,0,141,1,0,0
2023-05-22 09:00:00,29.0,31.0,61.0,79.0,22.615384615384617,30.736263736263737,Astoria,9,0,0,141,1,0,0
2023-05-22 10:00:00,25.0,29.0,48.0,81.0,20.153846153846153,30.186813186813186,Astoria,10,0,0,141,1,0,0
2023-05-22 11:00:00,39.0,25.0,13.0,17.0,18.384615384615383,29.571428571428573,Astoria,11,0,0,141,1,0,0
2023-05-22 12:00:00,24.0,39.0,10.0,17.0,20.384615384615383,29.813186813186814,Astoria,12,0,0,141,1,0,0
2023-05-22 13:00:00,32.0,24.0,12.0,17.0,21.46153846153846,29.89010989010989,Astoria,13,0,0,141,1,0,0
2023-05-22 14:00:00,33.0,32.0,9.0,19.0,23.0,30.054945054945055,Astoria,14,0,0,141,1,0,0
2023-05-22 15:00:00,28.0,33.0,16.0,13.0,24.846153846153847,30.208791208791208,Astoria,15,0,0,141,1,0,0
2023-05-22 16:00:00,37.0,28.0,7.0,14.0,25.76923076923077,30.373626373626372,Astoria,16,0,0,141,1,0,0
2023-05-22 17:00:00,25.0,37.0,19.0,21.0,28.076923076923077,30.626373626373628,Astoria,17,0,0,141,1,0,0
2023-05-22 18:00:00,30.0,25.0,16.0,30.0,28.53846153846154,30.67032967032967,Astoria,18,0,0,141,1,0,0
2023-05-22 19:00:00,23.0,30.0,18.0,20.0,29.615384615384617,30.67032967032967,Astoria,19,0,0,141,1,0,0
2023-05-23 07:00:00,33.0,,34.0,73.0,30.0,30.703296703296704,Astoria,7,1,0,142,1,0,0
2023-05-23 08:00:00,28.0,33.0,31.0,60.0,29.923076923076923,30.263736263736263,Astoria,8,1,0,142,1,0,0
2023-05-23 09:00:00,25.0,28.0,29.0,64.0,29.692307692307693,29.912087912087912,Astoria,9,1,0,142,1,0,0
2023-05-23 10:00:00,22.0,25.0,25.0,74.0,29.384615384615383,29.483516483516482,Astoria,10,1,0,142,1,0,0
2023-05-23 11:00:00,25.0,22.0,39.0,18.0,29.153846153846153,28.912087912087912,Astoria,11,1,0,142,1,0,0
2023-05-23 12:00:00,24.0,25.0,24.0,10.0,28.076923076923077,28.98901098901099,Astoria,12,1,0,142,1,0,0
2023-05-23 13:00:00,24.0,24.0,32.0,24.0,28.076923076923077,29.142857142857142,Astoria,13,1,0,142,1,0,0
2023-05-23 14:00:00,32.0,24.0,33.0,17.0,27.46153846153846,29.142857142857142,Astoria,14,1,0,142,1,0,0
2023-05-23 15:00:00,29.0,32.0,28.0,27.0,27.384615384615383,29.307692307692307,Astoria,15,1,0,142,1,0,0
2023-05-23 16:00:00,32.0,29.0,37.0,16.0,27.46153846153846,29.32967032967033,Astoria,16,1,0,142,1,0,0
2023-05-23 17:00:00,25.0,32.0,25.0,21.0,27.076923076923077,29.505494505494507,Astoria,17,1,0,142,1,0,0
2023-05-23 18:00:00,22.0,25.0,30.0,16.0,27.076923076923077,29.54945054945055,Astoria,18,1,0,142,1,0,0
2023-05-23 19:00:00,38.0,22.0,23.0,30.0,26.46153846153846,29.615384615384617,Astoria,19,1,0,142,1,0,0
2023-05-24 07:00:00,30.0,,33.0,81.0,27.615384615384617,29.703296703296704,Astoria,7,2,0,143,1,0,0
2023-05-24 08:00:00,27.0,30.0,28.0,53.0,27.384615384615383,29.142857142857142,Astoria,8,2,0,143,1,0,0
2023-05-24 09:00:00,31.0,27.0,25.0,55.0,27.307692307692307,28.857142857142858,Astoria,9,2,0,143,1,0,0
2023-05-24 10:00:00,36.0,31.0,22.0,72.0,27.76923076923077,28.593406593406595,Astoria,10,2,0,143,1,0,0
2023-05-24 11:00:00,37.0,36.0,25.0,20.0,28.846153846153847,28.197802197802197,Astoria,11,2,0,143,1,0,0
2023-05-24 12:00:00,28.0,37.0,24.0,15.0,29.76923076923077,28.384615384615383,Astoria,12,2,0,143,1,0,0
2023-05-24 13:00:00,44.0,28.0,24.0,16.0,30.076923076923077,28.52747252747253,Astoria,13,2,0,143,1,0,0
2023-05-24 14:00:00,38.0,44.0,32.0,13.0,31.615384615384617,28.835164835164836,Astoria,14,2,0,143,1,0,0
2023-05-24 15:00:00,25.0,38.0,29.0,13.0,32.07692307692308,29.10989010989011,Astoria,15,2,0,143,1,0,0
2023-05-24 16:00:00,35.0,25.0,32.0,12.0,31.76923076923077,29.24175824175824,Astoria,16,2,0,143,1,0,0
2023-05-24 17:00:00,28.0,35.0,25.0,25.0,32.0,29.494505494505493,Astoria,17,2,0,143,1,0,0
2023-05-24 18:00:00,34.0,28.0,22.0,13.0,32.23076923076923,29.52747252747253,Astoria,18,2,0,143,1,0,0
2023-05-24 19:00:00,29.0,34.0,38.0,10.0,33.15384615384615,29.75824175824176,Astoria,19,2,0,143,1,0,0
2023-05-25 07:00:00,24.0,,30.0,60.0,32.46153846153846,29.967032967032967,Astoria,7,3,0,144,1,0,0
2023-05-25 08:00:00,35.0,24.0,27.0,53.0,32.0,29.571428571428573,Astoria,8,3,0,144,1,0,0
2023-05-25 09:00:00,18.0,35.0,31.0,60.0,32.61538461538461,29.373626373626372,Astoria,9,3,0,144,1,0,0
2023-05-25 10:00:00,28.0,18.0,36.0,78.0,31.615384615384617,28.912087912087912,Astoria,10,3,0,144,1,0,0
2023-05-25 11:00:00,27.0,28.0,37.0,13.0,31.0,28.36263736263736,Astoria,11,3,0,144,1,0,0
2023-05-25 12:00:00,22.0,27.0,28.0,19.0,30.23076923076923,28.516483516483518,Astoria,12,3,0,144,1,0,0
2023-05-25 13:00:00,44.0,22.0,44.0,17.0,29.76923076923077,28.54945054945055,Astoria,13,3,0,144,1,0,0
2023-05-25 14:00:00,21.0,44.0,38.0,13.0,29.76923076923077,28.846153846153847,Astoria,14,3,0,144,1,0,0
2023-05-25 15:00:00,30.0,21.0,25.0,18.0,28.46153846153846,28.934065934065934,Astoria,15,3,0,144,1,0,0
2023-05-25 16:00:00,36.0,30.0,35.0,13.0,28.846153846153847,29.065934065934066,Astoria,16,3,0,144,1,0,0
2023-05-25 17:00:00,26.0,36.0,28.0,24.0,28.923076923076923,29.318681318681318,Astoria,17,3,0,144,1,0,0
2023-05-25 18:00:00,34.0,26.0,34.0,7.0,28.76923076923077,29.34065934065934,Astoria,18,3,0,144,1,0,0
2023-05-25 19:00:00,24.0,34.0,29.0,22.0,28.76923076923077,29.63736263736264,Astoria,19,3,0,144,1,0,0
2023-05-26 07:00:00,32.0,,24.0,59.0,28.384615384615383,29.65934065934066,Astoria,7,4,0,145,1,0,0
2023-05-26 08:00:00,29.0,32.0,35.0,68.0,29.0,29.36263736263736,Astoria,8,4,0,145,1,0,0
2023-05-26 09:00:00,41.0,29.0,18.0,79.0,28.53846153846154,28.934065934065934,Astoria,9,4,0,145,1,0,0
2023-05-26 10:00:00,25.0,41.0,28.0,82.0,30.307692307692307,28.516483516483518,Astoria,10,4,0,145,1,0,0
2023-05-26 11:00:00,29.0,25.0,27.0,21.0,30.076923076923077,27.89010989010989,Astoria,11,4,0,145,1,0,0
2023-05-26 12:00:00,29.0,29.0,22.0,15.0,30.23076923076923,27.978021978021978,Astoria,12,4,0,145,1,0,0
2023-05-26 13:00:00,27.0,29.0,44.0,19.0,30.76923076923077,28.13186813186813,Astoria,13,4,0,145,1,0,0
2023-05-26 14:00:00,38.0,27.0,21.0,19.0,29.46153846153846,28.21978021978022,Astoria,14,4,0,145,1,0,0
2023-05-26 15:00:00,31.0,38.0,30.0,14.0,30.76923076923077,28.428571428571427,Astoria,15,4,0,145,1,0,0
2023-05-26 16:00:00,37.0,31.0,36.0,8.0,30.846153846153847,28.615384615384617,Astoria,16,4,0,145,1,0,0
2023-05-26 17:00:00,35.0,37.0,26.0,20.0,30.923076923076923,28.934065934065934,Astoria,17,4,0,145,1,0,0
2023-05-26 18:00:00,33.0,35.0,34.0,30.0,31.615384615384617,29.0989010989011,Astoria,18,4,0,145,1,0,0
2023-05-26 19:00:00,23.0,33.0,24.0,14.0,31.53846153846154,29.13186813186813,Astoria,19,4,0,145,1,0,0
2023-05-27 07:00:00,25.0,,32.0,30.0,31.46153846153846,29.23076923076923,Astoria,7,5,1,146,1,0,0
2023-05-27 08:00:00,34.0,25.0,29.0,82.0,30.923076923076923,29.175824175824175,Astoria,8,5,1,146,1,0,0
2023-05-27 09:00:00,27.0,34.0,41.0,70.0,31.307692307692307,28.64835164835165,Astoria,9,5,1,146,1,0,0
2023-05-27 10:00:00,30.0,27.0,25.0,50.0,30.23076923076923,28.175824175824175,Astoria,10,5,1,146,1,0,0
2023-05-27 11:00:00,41.0,30.0,29.0,11.0,30.615384615384617,27.956043956043956,Astoria,11,5,1,146,1,0,0
2023-05-27 12:00:00,22.0,41.0,29.0,14.0,31.53846153846154,28.285714285714285,Astoria,12,5,1,146,1,0,0
2023-05-27 13:00:00,28.0,22.0,27.0,22.0,31.0,28.373626373626372,Astoria,13,5,1,146,1,0,0
2023-05-27 14:00:00,27.0,28.0,38.0,23.0,31.076923076923077,28.439560439560438,Astoria,14,5,1,146,1,0,0
2023-05-27 15:00:00,35.0,27.0,31.0,21.0,30.23076923076923,28.483516483516482,Astoria,15,5,1,146,1,0,0
2023-05-27 16:00:00,21.0,35.0,37.0,21.0,30.53846153846154,28.63736263736264,Astoria,16,5,1,146,1,0,0
2023-05-27 17:00:00,24.0,21.0,35.0,21.0,29.307692307692307,28.63736263736264,Astoria,17,5,1,146,1,0,0
2023-05-27 18:00:00,32.0,24.0,33.0,18.0,28.46153846153846,28.67032967032967,Astoria,18,5,1,146,1,0,0
2023-05-27 19:00:00,28.0,32.0,23.0,33.0,28.384615384615383,28.824175824175825,Astoria,19,5,1,146,1,0,0
2023-05-28 07:00:00,30.0,,25.0,0.0,28.76923076923077,28.76923076923077,Astoria,7,6,1,147,1,0,0
2023-05-28 08:00:00,33.0,30.0,34.0,66.0,29.153846153846153,29.0989010989011,Astoria,8,6,1,147,1,0,0
2023-05-28 09:00:00,25.0,33.0,27.0,61.0,29.076923076923077,28.736263736263737,Astoria,9,6,1,147,1,0,0
2023-05-28 10:00:00,22.0,25.0,30.0,48.0,28.923076923076923,28.34065934065934,Astoria,10,6,1,147,1,0,0
2023-05-28 11:00:00,30.0,22.0,41.0,13.0,28.307692307692307,28.054945054945055,Astoria,11,6,1,147,1,0,0
2023-05-28 12:00:00,30.0,30.0,22.0,10.0,27.46153846153846,28.24175824175824,Astoria,12,6,1,147,1,0,0
2023-05-28 13:00:00,24.0,30.0,28.0,12.0,28.076923076923077,28.46153846153846,Astoria,13,6,1,147,1,0,0
2023-05-28 14:00:00,22.0,24.0,27.0,9.0,27.76923076923077,28.593406593406595,Astoria,14,6,1,147,1,0,0
2023-05-28 15:00:00,31.0,22.0,35.0,16.0,27.384615384615383,28.736263736263737,Astoria,15,6,1,147,1,0,0
2023-05-28 16:00:00,36.0,31.0,21.0,7.0,27.076923076923077,28.9010989010989,Astoria,16,6,1,147,1,0,0
2023-05-28 17:00:00,35.0,36.0,24.0,19.0,28.23076923076923,29.21978021978022,Astoria,17,6,1,147,1,0,0
2023-05-28 18:00:00,21.0,35.0,32.0,16.0,29.076923076923077,29.395604395604394,Astoria,18,6,1,147,1,0,0
2023-05-28 19:00:00,33.0,21.0,28.0,18.0,28.23076923076923,29.45054945054945,Astoria,19,6,1,147,1,0,0
2023-05-29 07:00:00,35.0,,30.0,34.0,28.615384615384617,29.615384615384617,Astoria,7,0,0,148,1,0,0
2023-05-29 08:00:00,26.0,35.0,33.0,31.0,29.0,29.626373626373628,Astoria,8,0,0,148,1,0,0
2023-05-29 09:00:00,24.0,26.0,25.0,29.0,28.46153846153846,29.571428571428573,Astoria,9,0,0,148,1,0,0
2023-05-29 10:00:00,31.0,24.0,22.0,25.0,28.384615384615383,29.516483516483518,Astoria,10,0,0,148,1,0,0
2023-05-29 11:00:00,21.0,31.0,30.0,39.0,29.076923076923077,29.582417582417584,Astoria,11,0,0,148,1,0,0
2023-05-29 12:00:00,24.0,21.0,30.0,24.0,28.384615384615383,29.384615384615383,Astoria,12,0,0,148,1,0,0
2023-05-29 13:00:00,32.0,24.0,24.0,32.0,27.923076923076923,29.384615384615383,Astoria,13,0,0,148,1,0,0
2023-05-29 14:00:00,26.0,32.0,22.0,33.0,28.53846153846154,29.384615384615383,Astoria,14,0,0,148,1,0,0
2023-05-29 15:00:00,32.0,26.0,31.0,28.0,28.846153846153847,29.307692307692307,Astoria,15,0,0,148,1,0,0
2023-05-29 16:00:00,33.0,32.0,36.0,37.0,28.923076923076923,29.35164835164835,Astoria,16,0,0,148,1,0,0
2023-05-29 17:00:00,22.0,33.0,35.0,25.0,28.692307692307693,29.307692307692307,Astoria,17,0,0,148,1,0,0
2023-05-29 18:00:00,29.0,22.0,21.0,30.0,27.692307692307693,29.274725274725274,Astoria,18,0,0,148,1,0,0
2023-05-29 19:00:00,28.0,29.0,33.0,23.0,28.307692307692307,29.263736263736263,Astoria,19,0,0,148,1,0,0
2023-05-30 07:00:00,36.0,,35.0,33.0,27.923076923076923,29.318681318681318,Astoria,7,1,0,149,1,0,0
2023-05-30 08:00:00,54.0,36.0,26.0,28.0,28.0,29.35164835164835,Astoria,8,1,0,149,1,0,0
2023-05-30 09:00:00,45.0,54.0,24.0,25.0,30.153846153846153,29.63736263736264,Astoria,9,1,0,149,1,0,0
2023-05-30 10:00:00,34.0,45.0,31.0,22.0,31.76923076923077,29.857142857142858,Astoria,10,1,0,149,1,0,0
2023-05-30 11:00:00,25.0,34.0,21.0,25.0,32.0,29.98901098901099,Astoria,11,1,0,149,1,0,0
2023-05-30 12:00:00,29.0,25.0,24.0,24.0,32.30769230769231,29.98901098901099,Astoria,12,1,0,149,1,0,0
2023-05-30 13:00:00,11.0,29.0,32.0,24.0,32.69230769230769,30.043956043956044,Astoria,13,1,0,149,1,0,0
2023-05-30 14:00:00,26.0,11.0,26.0,32.0,31.076923076923077,29.9010989010989,Astoria,14,1,0,149,1,0,0
2023-05-30 15:00:00,28.0,26.0,32.0,29.0,31.076923076923077,29.835164835164836,Astoria,15,1,0,149,1,0,0
2023-05-30 16:00:00,19.0,28.0,33.0,32.0,30.76923076923077,29.824175824175825,Astoria,16,1,0,149,1,0,0
2023-05-30 17:00:00,28.0,19.0,22.0,25.0,29.692307692307693,29.681318681318682,Astoria,17,1,0,149,1,0,0
2023-05-30 18:00:00,25.0,28.0,29.0,22.0,30.153846153846153,29.714285714285715,Astoria,18,1,0,149,1,0,0
2023-05-30 19:00:00,22.0,25.0,28.0,38.0,29.846153846153847,29.747252747252748,Astoria,19,1,0,149,1,0,0
2023-05-31 07:00:00,42.0,,36.0,30.0,29.384615384615383,29.571428571428573,Astoria,7,2,0,150,1,0,0
2023-05-31 08:00:00,49.0,42.0,54.0,27.0,29.846153846153847,29.703296703296704,Astoria,8,2,0,150,1,0,0
2023-05-31 09:00:00,54.0,49.0,45.0,31.0,29.46153846153846,29.945054945054945,Astoria,9,2,0,150,1,0,0
2023-05-31 10:00:00,54.0,54.0,34.0,36.0,30.153846153846153,30.197802197802197,Astoria,10,2,0,150,1,0,0
2023-05-31 11:00:00,21.0,54.0,25.0,37.0,31.692307692307693,30.395604395604394,Astoria,11,2,0,150,1,0,0
2023-05-31 12:00:00,16.0,21.0,29.0,28.0,31.384615384615383,30.21978021978022,Astoria,12,2,0,150,1,0,0
2023-05-31 13:00:00,15.0,16.0,11.0,44.0,30.384615384615383,30.087912087912088,Astoria,13,2,0,150,1,0,0
2023-05-31 14:00:00,17.0,15.0,26.0,38.0,30.692307692307693,29.76923076923077,Astoria,14,2,0,150,1,0,0
2023-05-31 15:00:00,17.0,17.0,28.0,25.0,30.0,29.53846153846154,Astoria,15,2,0,150,1,0,0
2023-05-31 16:00:00,21.0,17.0,19.0,35.0,29.153846153846153,29.45054945054945,Astoria,16,2,0,150,1,0,0
2023-05-31 17:00:00,24.0,21.0,28.0,28.0,29.307692307692307,29.296703296703296,Astoria,17,2,0,150,1,0,0
2023-05-31 18:00:00,21.0,24.0,25.0,34.0,29.0,29.252747252747252,Astoria,18,2,0,150,1,0,0
2023-05-31 19:00:00,16.0,21.0,22.0,29.0,28.692307692307693,29.10989010989011,Astoria,19,2,0,150,1,0,0
2023-06-01 07:00:00,0.0,,42.0,24.0,28.23076923076923,28.967032967032967,Astoria,7,3,0,151,1,0,0
2023-06-01 08:00:00,0.0,0.0,49.0,35.0,25.0,28.703296703296704,Astoria,8,3,0,151,1,0,0
2023-06-01 09:00:00,0.0,0.0,54.0,18.0,21.23076923076923,28.318681318681318,Astoria,9,3,0,151,1,0,0
2023-06-01 10:00:00,0.0,0.0,54.0,28.0,17.076923076923077,28.12087912087912,Astoria,10,3,0,151,1,0,0
2023-06-01 11:00:00,45.0,0.0,21.0,27.0,12.923076923076923,27.813186813186814,Astoria,11,3,0,151,1,0,0
2023-06-01 12:00:00,50.0,45.0,16.0,22.0,14.76923076923077,28.01098901098901,Astoria,12,3,0,151,1,0,0
2023-06-01 13:00:00,32.0,50.0,15.0,44.0,17.384615384615383,28.318681318681318,Astoria,13,3,0,151,1,0,0
2023-06-01 14:00:00,34.0,32.0,17.0,21.0,18.692307692307693,28.186813186813186,Astoria,14,3,0,151,1,0,0
2023-06-01 15:00:00,55.0,34.0,17.0,30.0,20.0,28.32967032967033,Astoria,15,3,0,151,1,0,0
2023-06-01 16:00:00,55.0,55.0,21.0,36.0,22.923076923076923,28.604395604395606,Astoria,16,3,0,151,1,0,0
2023-06-01 17:00:00,39.0,55.0,24.0,26.0,25.53846153846154,28.813186813186814,Astoria,17,3,0,151,1,0,0
2023-06-01 18:00:00,51.0,39.0,21.0,34.0,26.692307692307693,28.956043956043956,Astoria,18,3,0,151,1,0,0
2023-06-01 19:00:00,47.0,51.0,16.0,24.0,29.0,29.142857142857142,Astoria,19,3,0,151,1,0,0
2023-06-02 07:00:00,0.0,,0.0,32.0,31.384615384615383,29.395604395604394,Astoria,7,4,0,152,1,0,0
2023-06-02 08:00:00,0.0,0.0,0.0,29.0,31.384615384615383,29.043956043956044,Astoria,8,4,0,152,1,0,0
2023-06-02 09:00:00,0.0,0.0,0.0,41.0,31.384615384615383,28.725274725274726,Astoria,9,4,0,152,1,0,0
2023-06-02 10:00:00,0.0,0.0,0.0,25.0,31.384615384615383,28.274725274725274,Astoria,10,4,0,152,1,0,0
2023-06-02 11:00:00,39.0,0.0,45.0,29.0,31.384615384615383,28.0,Astoria,11,4,0,152,1,0,0
2023-06-02 12:00:00,50.0,39.0,50.0,29.0,30.923076923076923,28.10989010989011,Astoria,12,4,0,152,1,0,0
2023-06-02 13:00:00,56.0,50.0,32.0,27.0,30.923076923076923,28.34065934065934,Astoria,13,4,0,152,1,0,0
2023-06-02 14:00:00,39.0,56.0,34.0,38.0,32.76923076923077,28.65934065934066,Astoria,14,4,0,152,1,0,0
2023-06-02 15:00:00,49.0,39.0,55.0,31.0,33.15384615384615,28.67032967032967,Astoria,15,4,0,152,1,0,0
2023-06-02 16:00:00,44.0,49.0,55.0,37.0,32.69230769230769,28.86813186813187,Astoria,16,4,0,152,1,0,0
2023-06-02 17:00:00,46.0,44.0,39.0,35.0,31.846153846153847,28.945054945054945,Astoria,17,4,0,152,1,0,0
2023-06-02 18:00:00,50.0,46.0,51.0,33.0,32.38461538461539,29.065934065934066,Astoria,18,4,0,152,1,0,0
2023-06-02 19:00:00,59.0,50.0,47.0,23.0,32.30769230769231,29.252747252747252,Astoria,19,4,0,152,1,0,0
2023-06-03 07:00:00,0.0,,0.0,25.0,33.23076923076923,29.64835164835165,Astoria,7,5,1,153,1,0,0
2023-06-03 08:00:00,0.0,0.0,0.0,34.0,33.23076923076923,29.373626373626372,Astoria,8,5,1,153,1,0,0
2023-06-03 09:00:00,0.0,0.0,0.0,27.0,33.23076923076923,29.0,Astoria,9,5,1,153,1,0,0
2023-06-03 10:00:00,0.0,0.0,0.0,30.0,33.23076923076923,28.703296703296704,Astoria,10,5,1,153,1,0,0
2023-06-03 11:00:00,63.0,0.0,39.0,41.0,33.23076923076923,28.373626373626372,Astoria,11,5,1,153,1,0,0
2023-06-03 12:00:00,44.0,63.0,50.0,22.0,35.07692307692308,28.615384615384617,Astoria,12,5,1,153,1,0,0
2023-06-03 13:00:00,36.0,44.0,56.0,28.0,34.61538461538461,28.857142857142858,Astoria,13,5,1,153,1,0,0
2023-06-03 14:00:00,50.0,36.0,39.0,27.0,33.07692307692308,28.945054945054945,Astoria,14,5,1,153,1,0,0
2023-06-03 15:00:00,53.0,50.0,49.0,35.0,33.92307692307692,29.197802197802197,Astoria,15,5,1,153,1,0,0
2023-06-03 16:00:00,51.0,53.0,44.0,21.0,34.23076923076923,29.395604395604394,Astoria,16,5,1,153,1,0,0
2023-06-03 17:00:00,34.0,51.0,46.0,24.0,34.76923076923077,29.725274725274726,Astoria,17,5,1,153,1,0,0
2023-06-03 18:00:00,49.0,34.0,50.0,32.0,33.84615384615385,29.835164835164836,Astoria,18,5,1,153,1,0,0
2023-06-03 19:00:00,59.0,49.0,59.0,28.0,33.76923076923077,30.021978021978022,Astoria,19,5,1,153,1,0,0
2023-06-04 07:00:00,0.0,,0.0,30.0,33.76923076923077,30.36263736263736,Astoria,7,6,1,154,1,0,0
2023-06-04 08:00:00,0.0,0.0,0.0,33.0,33.76923076923077,30.032967032967033,Astoria,8,6,1,154,1,0,0
2023-06-04 09:00:00,0.0,0.0,0.0,25.0,33.76923076923077,29.67032967032967,Astoria,9,6,1,154,1,0,0
2023-06-04 10:00:00,0.0,0.0,0.0,22.0,33.76923076923077,29.395604395604394,Astoria,10,6,1,154,1,0,0
2023-06-04 11:00:00,38.0,0.0,63.0,30.0,33.76923076923077,29.153846153846153,Astoria,11,6,1,154,1,0,0
2023-06-04 12:00:00,64.0,38.0,44.0,30.0,31.846153846153847,29.24175824175824,Astoria,12,6,1,154,1,0,0
2023-06-04 13:00:00,46.0,64.0,36.0,24.0,33.38461538461539,29.615384615384617,Astoria,13,6,1,154,1,0,0
2023-06-04 14:00:00,47.0,46.0,50.0,22.0,34.15384615384615,29.857142857142858,Astoria,14,6,1,154,1,0,0
2023-06-04 15:00:00,34.0,47.0,53.0,31.0,33.92307692307692,30.13186813186813,Astoria,15,6,1,154,1,0,0
2023-06-04 16:00:00,44.0,34.0,51.0,36.0,32.46153846153846,30.164835164835164,Astoria,16,6,1,154,1,0,0
2023-06-04 17:00:00,55.0,44.0,34.0,35.0,31.923076923076923,30.252747252747252,Astoria,17,6,1,154,1,0,0
2023-06-04 18:00:00,37.0,55.0,49.0,21.0,33.53846153846154,30.47252747252747,Astoria,18,6,1,154,1,0,0
2023-06-04 19:00:00,35.0,37.0,59.0,33.0,32.61538461538461,30.64835164835165,Astoria,19,6,1,154,1,0,0
2023-06-05 07:00:00,0.0,,0.0,35.0,30.76923076923077,30.67032967032967,Astoria,7,0,0,155,1,0,0
2023-06-05 08:00:00,0.0,0.0,0.0,26.0,30.76923076923077,30.285714285714285,Astoria,8,0,0,155,1,0,0
2023-06-05 09:00:00,0.0,0.0,0.0,24.0,30.76923076923077,30.0,Astoria,9,0,0,155,1,0,0
2023-06-05 10:00:00,0.0,0.0,0.0,31.0,30.76923076923077,29.736263736263737,Astoria,10,0,0,155,1,0,0
2023-06-05 11:00:00,37.0,0.0,38.0,21.0,30.76923076923077,29.395604395604394,Astoria,11,0,0,155,1,0,0
2023-06-05 12:00:00,65.0,37.0,64.0,24.0,30.692307692307693,29.571428571428573,Astoria,12,0,0,155,1,0,0
2023-06-05 13:00:00,64.0,65.0,46.0,32.0,30.76923076923077,30.021978021978022,Astoria,13,0,0,155,1,0,0
2023-06-05 14:00:00,44.0,64.0,47.0,26.0,32.15384615384615,30.373626373626372,Astoria,14,0,0,155,1,0,0
2023-06-05 15:00:00,34.0,44.0,34.0,32.0,31.923076923076923,30.571428571428573,Astoria,15,0,0,155,1,0,0
2023-06-05 16:00:00,40.0,34.0,44.0,33.0,31.923076923076923,30.593406593406595,Astoria,16,0,0,155,1,0,0
2023-06-05 17:00:00,40.0,40.0,55.0,22.0,31.615384615384617,30.67032967032967,Astoria,17,0,0,155,1,0,0
2023-06-05 18:00:00,49.0,40.0,37.0,29.0,30.46153846153846,30.86813186813187,Astoria,18,0,0,155,1,0,0
2023-06-05 19:00:00,43.0,49.0,35.0,28.0,31.384615384615383,31.087912087912088,Astoria,19,0,0,155,1,0,0
2023-06-06 07:00:00,0.0,,0.0,36.0,32.0,31.252747252747252,Astoria,7,1,0,156,1,0,0
2023-06-06 08:00:00,0.0,0.0,0.0,54.0,32.0,30.857142857142858,Astoria,8,1,0,156,1,0,0
2023-06-06 09:00:00,0.0,0.0,0.0,45.0,32.0,30.263736263736263,Astoria,9,1,0,156,1,0,0
2023-06-06 10:00:00,0.0,0.0,0.0,34.0,32.0,29.76923076923077,Astoria,10,1,0,156,1,0,0
2023-06-06 11:00:00,29.0,0.0,37.0,25.0,32.0,29.395604395604394,Astoria,11,1,0,156,1,0,0
2023-06-06 12:00:00,41.0,29.0,65.0,29.0,31.384615384615383,29.439560439560438,Astoria,12,1,0,156,1,0,0
2023-06-06 13:00:00,27.0,41.0,64.0,11.0,29.53846153846154,29.571428571428573,Astoria,13,1,0,156,1,0,0
2023-06-06 14:00:00,28.0,27.0,44.0,26.0,26.692307692307693,29.747252747252748,Astoria,14,1,0,156,1,0,0
2023-06-06 15:00:00,53.0,28.0,34.0,28.0,25.46153846153846,29.76923076923077,Astoria,15,1,0,156,1,0,0
2023-06-06 16:00:00,29.0,53.0,40.0,19.0,26.923076923076923,30.043956043956044,Astoria,16,1,0,156,1,0,0
2023-06-06 17:00:00,41.0,29.0,40.0,28.0,26.076923076923077,30.153846153846153,Astoria,17,1,0,156,1,0,0
2023-06-06 18:00:00,31.0,41.0,49.0,25.0,26.153846153846153,30.296703296703296,Astoria,18,1,0,156,1,0,0
2023-06-06 19:00:00,34.0,31.0,43.0,22.0,24.76923076923077,30.36263736263736,Astoria,19,1,0,156,1,0,0
2023-06-07 07:00:00,28.0,,0.0,42.0,24.076923076923077,30.494505494505493,Astoria,7,2,0,157,1,0,0
2023-06-07 08:00:00,32.0,28.0,0.0,49.0,26.23076923076923,30.34065934065934,Astoria,8,2,0,157,1,0,0
2023-06-07 09:00:00,27.0,32.0,0.0,54.0,28.692307692307693,30.153846153846153,Astoria,9,2,0,157,1,0,0
2023-06-07 10:00:00,33.0,27.0,0.0,54.0,30.76923076923077,29.857142857142858,Astoria,10,2,0,157,1,0,0
2023-06-07 11:00:00,27.0,33.0,29.0,21.0,33.30769230769231,29.626373626373628,Astoria,11,2,0,157,1,0,0
2023-06-07 12:00:00,36.0,27.0,41.0,16.0,33.15384615384615,29.692307692307693,Astoria,12,2,0,157,1,0,0
2023-06-07 13:00:00,28.0,36.0,27.0,15.0,32.76923076923077,29.912087912087912,Astoria,13,2,0,157,1,0,0
2023-06-07 14:00:00,18.0,28.0,28.0,17.0,32.84615384615385,30.054945054945055,Astoria,14,2,0,157,1,0,0
2023-06-07 15:00:00,26.0,18.0,53.0,17.0,32.07692307692308,30.065934065934066,Astoria,15,2,0,157,1,0,0
2023-06-07 16:00:00,27.0,26.0,29.0,21.0,30.0,30.164835164835164,Astoria,16,2,0,157,1,0,0
2023-06-07 17:00:00,18.0,27.0,41.0,24.0,29.846153846153847,30.23076923076923,Astoria,17,2,0,157,1,0,0
2023-06-07 18:00:00,29.0,18.0,31.0,21.0,28.076923076923077,30.164835164835164,Astoria,18,2,0,157,1,0,0
2023-06-07 19:00:00,26.0,29.0,34.0,16.0,27.923076923076923,30.252747252747252,Astoria,19,2,0,157,1,0,0
2023-06-08 07:00:00,21.0,,28.0,0.0,27.307692307692307,30.36263736263736,Astoria,7,3,0,158,1,0,0
2023-06-08 08:00:00,34.0,21.0,32.0,0.0,26.76923076923077,30.593406593406595,Astoria,8,3,0,158,1,0,0
2023-06-08 09:00:00,29.0,34.0,27.0,0.0,26.923076923076923,30.967032967032967,Astoria,9,3,0,158,1,0,0
2023-06-08 10:00:00,34.0,29.0,33.0,0.0,27.076923076923077,31.285714285714285,Astoria,10,3,0,158,1,0,0
2023-06-08 11:00:00,35.0,34.0,27.0,45.0,27.153846153846153,31.65934065934066,Astoria,11,3,0,158,1,0,0
2023-06-08 12:00:00,34.0,35.0,36.0,50.0,27.76923076923077,31.54945054945055,Astoria,12,3,0,158,1,0,0
2023-06-08 13:00:00,34.0,34.0,28.0,32.0,27.615384615384617,31.373626373626372,Astoria,13,3,0,158,1,0,0
2023-06-08 14:00:00,27.0,34.0,18.0,34.0,28.076923076923077,31.395604395604394,Astoria,14,3,0,158,1,0,0
2023-06-08 15:00:00,40.0,27.0,26.0,55.0,28.76923076923077,31.318681318681318,Astoria,15,3,0,158,1,0,0
2023-06-08 16:00:00,28.0,40.0,27.0,55.0,29.846153846153847,31.153846153846153,Astoria,16,3,0,158,1,0,0
2023-06-08 17:00:00,25.0,28.0,18.0,39.0,29.923076923076923,30.857142857142858,Astoria,17,3,0,158,1,0,0
2023-06-08 18:00:00,34.0,25.0,29.0,51.0,30.46153846153846,30.703296703296704,Astoria,18,3,0,158,1,0,0
2023-06-08 19:00:00,39.0,34.0,26.0,47.0,30.846153846153847,30.516483516483518,Astoria,19,3,0,158,1,0,0
2023-06-09 07:00:00,58.0,,21.0,0.0,31.846153846153847,30.428571428571427,Astoria,7,4,0,159,1,0,0
2023-06-09 08:00:00,56.0,58.0,34.0,0.0,34.69230769230769,31.065934065934066,Astoria,8,4,0,159,1,0,0
2023-06-09 09:00:00,45.0,56.0,29.0,0.0,36.38461538461539,31.681318681318682,Astoria,9,4,0,159,1,0,0
2023-06-09 10:00:00,54.0,45.0,34.0,0.0,37.61538461538461,32.175824175824175,Astoria,10,4,0,159,1,0,0
2023-06-09 11:00:00,10.0,54.0,35.0,39.0,39.15384615384615,32.76923076923077,Astoria,11,4,0,159,1,0,0
2023-06-09 12:00:00,19.0,10.0,34.0,50.0,37.23076923076923,32.45054945054945,Astoria,12,4,0,159,1,0,0
2023-06-09 13:00:00,15.0,19.0,34.0,56.0,36.07692307692308,32.10989010989011,Astoria,13,4,0,159,1,0,0
2023-06-09 14:00:00,9.0,15.0,27.0,39.0,34.61538461538461,31.65934065934066,Astoria,14,4,0,159,1,0,0
2023-06-09 15:00:00,15.0,9.0,40.0,49.0,33.23076923076923,31.32967032967033,Astoria,15,4,0,159,1,0,0
2023-06-09 16:00:00,19.0,15.0,28.0,44.0,31.307692307692307,30.956043956043956,Astoria,16,4,0,159,1,0,0
2023-06-09 17:00:00,6.0,19.0,25.0,46.0,30.615384615384617,30.681318681318682,Astoria,17,4,0,159,1,0,0
2023-06-09 18:00:00,22.0,6.0,34.0,50.0,29.153846153846153,30.24175824175824,Astoria,18,4,0,159,1,0,0
2023-06-09 19:00:00,13.0,22.0,39.0,59.0,28.23076923076923,29.934065934065934,Astoria,19,4,0,159,1,0,0
2023-06-10 07:00:00,59.0,,58.0,0.0,26.23076923076923,29.428571428571427,Astoria,7,5,1,160,1,0,0
2023-06-10 08:00:00,56.0,59.0,56.0,0.0,26.307692307692307,30.076923076923077,Astoria,8,5,1,160,1,0,0
2023-06-10 09:00:00,68.0,56.0,45.0,0.0,26.307692307692307,30.692307692307693,Astoria,9,5,1,160,1,0,0
2023-06-10 10:00:00,58.0,68.0,54.0,0.0,28.076923076923077,31.439560439560438,Astoria,10,5,1,160,1,0,0
2023-06-10 11:00:00,13.0,58.0,10.0,63.0,28.384615384615383,32.07692307692308,Astoria,11,5,1,160,1,0,0
2023-06-10 12:00:00,12.0,13.0,19.0,44.0,28.615384615384617,31.52747252747253,Astoria,12,5,1,160,1,0,0
2023-06-10 13:00:00,17.0,12.0,15.0,36.0,28.076923076923077,31.175824175824175,Astoria,13,5,1,160,1,0,0
2023-06-10 14:00:00,19.0,17.0,9.0,50.0,28.23076923076923,30.967032967032967,Astoria,14,5,1,160,1,0,0
2023-06-10 15:00:00,11.0,19.0,15.0,53.0,29.0,30.626373626373628,Astoria,15,5,1,160,1,0,0
2023-06-10 16:00:00,18.0,11.0,19.0,51.0,28.692307692307693,30.164835164835164,Astoria,16,5,1,160,1,0,0
2023-06-10 17:00:00,12.0,18.0,6.0,34.0,28.615384615384617,29.802197802197803,Astoria,17,5,1,160,1,0,0
2023-06-10 18:00:00,15.0,12.0,22.0,49.0,29.076923076923077,29.560439560439562,Astoria,18,5,1,160,1,0,0
2023-06-10 19:00:00,17.0,15.0,13.0,59.0,28.53846153846154,29.186813186813186,Astoria,19,5,1,160,1,0,0
2023-06-11 07:00:00,45.0,,59.0,0.0,28.846153846153847,28.725274725274726,Astoria,7,6,1,161,1,0,0
2023-06-11 08:00:00,52.0,45.0,56.0,0.0,27.76923076923077,29.21978021978022,Astoria,8,6,1,161,1,0,0
2023-06-11 09:00:00,61.0,52.0,68.0,0.0,27.46153846153846,29.791208791208792,Astoria,9,6,1,161,1,0,0
2023-06-11 10:00:00,52.0,61.0,58.0,0.0,26.923076923076923,30.46153846153846,Astoria,10,6,1,161,1,0,0
2023-06-11 11:00:00,17.0,52.0,13.0,38.0,26.46153846153846,31.032967032967033,Astoria,11,6,1,161,1,0,0
2023-06-11 12:00:00,15.0,17.0,12.0,64.0,26.76923076923077,30.802197802197803,Astoria,12,6,1,161,1,0,0
2023-06-11 13:00:00,21.0,15.0,17.0,46.0,27.0,30.263736263736263,Astoria,13,6,1,161,1,0,0
2023-06-11 14:00:00,19.0,21.0,19.0,47.0,27.307692307692307,29.98901098901099,Astoria,14,6,1,161,1,0,0
2023-06-11 15:00:00,6.0,19.0,11.0,34.0,27.307692307692307,29.681318681318682,Astoria,15,6,1,161,1,0,0
2023-06-11 16:00:00,27.0,6.0,18.0,44.0,26.923076923076923,29.373626373626372,Astoria,16,6,1,161,1,0,0
2023-06-11 17:00:00,23.0,27.0,12.0,55.0,27.615384615384617,29.186813186813186,Astoria,17,6,1,161,1,0,0
2023-06-11 18:00:00,11.0,23.0,15.0,37.0,28.46153846153846,28.835164835164836,Astoria,18,6,1,161,1,0,0
2023-06-11 19:00:00,19.0,11.0,17.0,35.0,28.153846153846153,28.54945054945055,Astoria,19,6,1,161,1,0,0
2023-06-12 07:00:00,36.0,,45.0,0.0,28.307692307692307,28.373626373626372,Astoria,7,0,0,162,1,0,0
2023-06-12 08:00:00,29.0,36.0,52.0,0.0,27.615384615384617,28.76923076923077,Astoria,8,0,0,162,1,0,0
2023-06-12 09:00:00,50.0,29.0,61.0,0.0,25.846153846153847,29.087912087912088,Astoria,9,0,0,162,1,0,0
2023-06-12 10:00:00,36.0,50.0,52.0,0.0,25.0,29.63736263736264,Astoria,10,0,0,162,1,0,0
2023-06-12 11:00:00,17.0,36.0,17.0,37.0,23.76923076923077,30.032967032967033,Astoria,11,0,0,162,1,0,0
2023-06-12 12:00:00,7.0,17.0,15.0,65.0,23.76923076923077,29.813186813186814,Astoria,12,0,0,162,1,0,0
2023-06-12 13:00:00,18.0,7.0,21.0,64.0,23.153846153846153,29.175824175824175,Astoria,13,0,0,162,1,0,0
2023-06-12 14:00:00,13.0,18.0,19.0,44.0,22.923076923076923,28.67032967032967,Astoria,14,0,0,162,1,0,0
2023-06-12 15:00:00,15.0,13.0,6.0,34.0,22.46153846153846,28.32967032967033,Astoria,15,0,0,162,1,0,0
2023-06-12 16:00:00,11.0,15.0,27.0,40.0,23.153846153846153,28.12087912087912,Astoria,16,0,0,162,1,0,0
2023-06-12 17:00:00,17.0,11.0,23.0,40.0,21.923076923076923,27.802197802197803,Astoria,17,0,0,162,1,0,0
2023-06-12 18:00:00,15.0,17.0,11.0,49.0,21.46153846153846,27.54945054945055,Astoria,18,0,0,162,1,0,0
2023-06-12 19:00:00,9.0,15.0,19.0,43.0,21.76923076923077,27.175824175824175,Astoria,19,0,0,162,1,0,0
2023-06-13 07:00:00,61.0,,36.0,0.0,21.0,26.802197802197803,Astoria,7,1,0,163,1,0,0
2023-06-13 08:00:00,40.0,61.0,29.0,0.0,22.923076923076923,27.47252747252747,Astoria,8,1,0,163,1,0,0
2023-06-13 09:00:00,54.0,40.0,50.0,0.0,23.76923076923077,27.912087912087912,Astoria,9,1,0,163,1,0,0
2023-06-13 10:00:00,55.0,54.0,36.0,0.0,24.076923076923077,28.505494505494507,Astoria,10,1,0,163,1,0,0
2023-06-13 11:00:00,14.0,55.0,17.0,29.0,25.53846153846154,29.10989010989011,Astoria,11,1,0,163,1,0,0
2023-06-13 12:00:00,17.0,14.0,7.0,41.0,25.307692307692307,28.945054945054945,Astoria,12,1,0,163,1,0,0
2023-06-13 13:00:00,6.0,17.0,18.0,27.0,26.076923076923077,28.681318681318682,Astoria,13,1,0,163,1,0,0
2023-06-13 14:00:00,17.0,6.0,13.0,28.0,25.153846153846153,28.45054945054945,Astoria,14,1,0,163,1,0,0
2023-06-13 15:00:00,13.0,17.0,15.0,53.0,25.46153846153846,28.32967032967033,Astoria,15,1,0,163,1,0,0
2023-06-13 16:00:00,14.0,13.0,11.0,29.0,25.307692307692307,27.89010989010989,Astoria,16,1,0,163,1,0,0
2023-06-13 17:00:00,17.0,14.0,17.0,41.0,25.53846153846154,27.725274725274726,Astoria,17,1,0,163,1,0,0
2023-06-13 18:00:00,13.0,17.0,15.0,31.0,25.53846153846154,27.46153846153846,Astoria,18,1,0,163,1,0,0
2023-06-13 19:00:00,20.0,13.0,9.0,34.0,25.384615384615383,27.263736263736263,Astoria,19,1,0,163,1,0,0
2023-06-14 07:00:00,0.0,,61.0,28.0,26.23076923076923,27.10989010989011,Astoria,7,2,0,164,1,0,0
2023-06-14 08:00:00,65.0,0.0,40.0,32.0,21.53846153846154,26.802197802197803,Astoria,8,2,0,164,1,0,0
2023-06-14 09:00:00,57.0,65.0,54.0,27.0,23.46153846153846,27.164835164835164,Astoria,9,2,0,164,1,0,0
2023-06-14 10:00:00,59.0,57.0,55.0,33.0,23.692307692307693,27.494505494505493,Astoria,10,2,0,164,1,0,0
2023-06-14 11:00:00,12.0,59.0,14.0,27.0,24.0,27.78021978021978,Astoria,11,2,0,164,1,0,0
2023-06-14 12:00:00,10.0,12.0,17.0,36.0,23.846153846153847,27.615384615384617,Astoria,12,2,0,164,1,0,0
2023-06-14 13:00:00,16.0,10.0,6.0,28.0,23.307692307692307,27.32967032967033,Astoria,13,2,0,164,1,0,0
2023-06-14 14:00:00,11.0,16.0,17.0,18.0,24.076923076923077,27.197802197802197,Astoria,14,2,0,164,1,0,0
2023-06-14 15:00:00,14.0,11.0,13.0,26.0,23.615384615384617,27.12087912087912,Astoria,15,2,0,164,1,0,0
2023-06-14 16:00:00,9.0,14.0,14.0,27.0,23.692307692307693,26.98901098901099,Astoria,16,2,0,164,1,0,0
2023-06-14 17:00:00,20.0,9.0,17.0,18.0,23.307692307692307,26.791208791208792,Astoria,17,2,0,164,1,0,0
2023-06-14 18:00:00,14.0,20.0,13.0,29.0,23.53846153846154,26.813186813186814,Astoria,18,2,0,164,1,0,0
2023-06-14 19:00:00,16.0,14.0,20.0,26.0,23.615384615384617,26.64835164835165,Astoria,19,2,0,164,1,0,0
2023-06-15 07:00:00,57.0,,0.0,21.0,23.307692307692307,26.53846153846154,Astoria,7,3,0,165,1,0,0
2023-06-15 08:00:00,69.0,57.0,65.0,34.0,27.692307692307693,26.934065934065934,Astoria,8,3,0,165,1,0,0
2023-06-15 09:00:00,93.0,69.0,57.0,29.0,28.0,27.318681318681318,Astoria,9,3,0,165,1,0,0
2023-06-15 10:00:00,83.0,93.0,59.0,34.0,30.76923076923077,28.021978021978022,Astoria,10,3,0,165,1,0,0
2023-06-15 11:00:00,22.0,83.0,12.0,35.0,32.61538461538461,28.560439560439562,Astoria,11,3,0,165,1,0,0
2023-06-15 12:00:00,15.0,22.0,10.0,34.0,33.38461538461539,28.417582417582416,Astoria,12,3,0,165,1,0,0
2023-06-15 13:00:00,16.0,15.0,16.0,34.0,33.76923076923077,28.208791208791208,Astoria,13,3,0,165,1,0,0
2023-06-15 14:00:00,16.0,16.0,11.0,27.0,33.76923076923077,28.01098901098901,Astoria,14,3,0,165,1,0,0
2023-06-15 15:00:00,14.0,16.0,14.0,40.0,34.15384615384615,27.89010989010989,Astoria,15,3,0,165,1,0,0
2023-06-15 16:00:00,13.0,14.0,9.0,28.0,34.15384615384615,27.604395604395606,Astoria,16,3,0,165,1,0,0
2023-06-15 17:00:00,12.0,13.0,20.0,25.0,34.46153846153846,27.439560439560438,Astoria,17,3,0,165,1,0,0
2023-06-15 18:00:00,37.0,12.0,14.0,34.0,33.84615384615385,27.296703296703296,Astoria,18,3,0,165,1,0,0
2023-06-15 19:00:00,21.0,37.0,16.0,39.0,35.61538461538461,27.32967032967033,Astoria,19,3,0,165,1,0,0
2023-06-16 07:00:00,76.0,,57.0,58.0,36.0,27.13186813186813,Astoria,7,4,0,166,1,0,0
2023-06-16 08:00:00,61.0,76.0,69.0,56.0,37.46153846153846,27.32967032967033,Astoria,8,4,0,166,1,0,0
2023-06-16 09:00:00,74.0,61.0,93.0,45.0,36.84615384615385,27.384615384615383,Astoria,9,4,0,166,1,0,0
2023-06-16 10:00:00,77.0,74.0,83.0,54.0,35.38461538461539,27.703296703296704,Astoria,10,4,0,166,1,0,0
2023-06-16 11:00:00,22.0,77.0,22.0,10.0,34.92307692307692,27.956043956043956,Astoria,11,4,0,166,1,0,0
2023-06-16 12:00:00,15.0,22.0,15.0,19.0,34.92307692307692,28.087912087912088,Astoria,12,4,0,166,1,0,0
2023-06-16 13:00:00,29.0,15.0,16.0,15.0,34.92307692307692,28.043956043956044,Astoria,13,4,0,166,1,0,0
2023-06-16 14:00:00,19.0,29.0,16.0,9.0,35.92307692307692,28.197802197802197,Astoria,14,4,0,166,1,0,0
2023-06-16 15:00:00,23.0,19.0,14.0,15.0,36.15384615384615,28.307692307692307,Astoria,15,4,0,166,1,0,0
2023-06-16 16:00:00,25.0,23.0,13.0,19.0,36.84615384615385,28.395604395604394,Astoria,16,4,0,166,1,0,0
2023-06-16 17:00:00,18.0,25.0,12.0,6.0,37.76923076923077,28.46153846153846,Astoria,17,4,0,166,1,0,0
2023-06-16 18:00:00,19.0,18.0,37.0,22.0,38.23076923076923,28.593406593406595,Astoria,18,4,0,166,1,0,0
2023-06-16 19:00:00,25.0,19.0,21.0,13.0,36.84615384615385,28.560439560439562,Astoria,19,4,0,166,1,0,0
2023-06-17 07:00:00,78.0,,76.0,59.0,37.15384615384615,28.692307692307693,Astoria,7,5,1,167,1,0,0
2023-06-17 08:00:00,50.0,78.0,61.0,56.0,37.30769230769231,28.9010989010989,Astoria,8,5,1,167,1,0,0
2023-06-17 09:00:00,58.0,50.0,74.0,68.0,36.46153846153846,28.835164835164836,Astoria,9,5,1,167,1,0,0
2023-06-17 10:00:00,90.0,58.0,77.0,58.0,35.23076923076923,28.725274725274726,Astoria,10,5,1,167,1,0,0
2023-06-17 11:00:00,22.0,90.0,22.0,13.0,36.23076923076923,29.076923076923077,Astoria,11,5,1,167,1,0,0
2023-06-17 12:00:00,16.0,22.0,15.0,12.0,36.23076923076923,29.175824175824175,Astoria,12,5,1,167,1,0,0
2023-06-17 13:00:00,12.0,16.0,29.0,17.0,36.30769230769231,29.21978021978022,Astoria,13,5,1,167,1,0,0
2023-06-17 14:00:00,19.0,12.0,19.0,19.0,35.0,29.164835164835164,Astoria,14,5,1,167,1,0,0
2023-06-17 15:00:00,15.0,19.0,23.0,11.0,35.0,29.164835164835164,Astoria,15,5,1,167,1,0,0
2023-06-17 16:00:00,12.0,15.0,25.0,18.0,34.38461538461539,29.208791208791208,Astoria,16,5,1,167,1,0,0
2023-06-17 17:00:00,28.0,12.0,18.0,12.0,33.38461538461539,29.142857142857142,Astoria,17,5,1,167,1,0,0
2023-06-17 18:00:00,21.0,28.0,19.0,15.0,34.15384615384615,29.318681318681318,Astoria,18,5,1,167,1,0,0
2023-06-17 19:00:00,14.0,21.0,25.0,17.0,34.30769230769231,29.384615384615383,Astoria,19,5,1,167,1,0,0
2023-06-18 07:00:00,65.0,,78.0,45.0,33.46153846153846,29.35164835164835,Astoria,7,6,1,168,1,0,0
2023-06-18 08:00:00,51.0,65.0,50.0,52.0,32.46153846153846,29.571428571428573,Astoria,8,6,1,168,1,0,0
2023-06-18 09:00:00,64.0,51.0,58.0,61.0,32.53846153846154,29.560439560439562,Astoria,9,6,1,168,1,0,0
2023-06-18 10:00:00,93.0,64.0,90.0,52.0,33.0,29.593406593406595,Astoria,10,6,1,168,1,0,0
2023-06-18 11:00:00,12.0,93.0,22.0,17.0,33.23076923076923,30.043956043956044,Astoria,11,6,1,168,1,0,0
2023-06-18 12:00:00,19.0,12.0,16.0,15.0,32.46153846153846,29.98901098901099,Astoria,12,6,1,168,1,0,0
2023-06-18 13:00:00,18.0,19.0,12.0,21.0,32.69230769230769,30.032967032967033,Astoria,13,6,1,168,1,0,0
2023-06-18 14:00:00,19.0,18.0,19.0,19.0,33.15384615384615,30.0,Astoria,14,6,1,168,1,0,0
2023-06-18 15:00:00,12.0,19.0,15.0,6.0,33.15384615384615,30.0,Astoria,15,6,1,168,1,0,0
2023-06-18 16:00:00,22.0,12.0,12.0,27.0,32.92307692307692,30.065934065934066,Astoria,16,6,1,168,1,0,0
2023-06-18 17:00:00,36.0,22.0,28.0,23.0,33.69230769230769,30.01098901098901,Astoria,17,6,1,168,1,0,0
2023-06-18 18:00:00,10.0,36.0,21.0,11.0,34.30769230769231,30.153846153846153,Astoria,18,6,1,168,1,0,0
2023-06-18 19:00:00,16.0,10.0,14.0,19.0,33.46153846153846,30.142857142857142,Astoria,19,6,1,168,1,0,0
2023-06-19 07:00:00,56.0,,65.0,36.0,33.61538461538461,30.10989010989011,Astoria,7,0,0,169,1,0,0
2023-06-19 08:00:00,73.0,56.0,51.0,29.0,32.92307692307692,30.32967032967033,Astoria,8,0,0,169,1,0,0
2023-06-19 09:00:00,85.0,73.0,64.0,50.0,34.61538461538461,30.813186813186814,Astoria,9,0,0,169,1,0,0
2023-06-19 10:00:00,92.0,85.0,93.0,36.0,36.23076923076923,31.197802197802197,Astoria,10,0,0,169,1,0,0
2023-06-19 11:00:00,23.0,92.0,12.0,17.0,36.15384615384615,31.813186813186814,Astoria,11,0,0,169,1,0,0
2023-06-19 12:00:00,16.0,23.0,19.0,7.0,37.0,31.87912087912088,Astoria,12,0,0,169,1,0,0
2023-06-19 13:00:00,18.0,16.0,18.0,18.0,36.76923076923077,31.978021978021978,Astoria,13,0,0,169,1,0,0
2023-06-19 14:00:00,27.0,18.0,19.0,13.0,36.76923076923077,31.978021978021978,Astoria,14,0,0,169,1,0,0
2023-06-19 15:00:00,13.0,27.0,12.0,15.0,37.38461538461539,32.13186813186813,Astoria,15,0,0,169,1,0,0
2023-06-19 16:00:00,14.0,13.0,22.0,11.0,37.46153846153846,32.10989010989011,Astoria,16,0,0,169,1,0,0
2023-06-19 17:00:00,18.0,14.0,36.0,17.0,36.84615384615385,32.142857142857146,Astoria,17,0,0,169,1,0,0
2023-06-19 18:00:00,32.0,18.0,10.0,15.0,35.46153846153846,32.15384615384615,Astoria,18,0,0,169,1,0,0
2023-06-19 19:00:00,22.0,32.0,16.0,9.0,37.15384615384615,32.34065934065934,Astoria,19,0,0,169,1,0,0
2023-06-20 07:00:00,36.0,,56.0,61.0,37.61538461538461,32.48351648351648,Astoria,7,1,0,170,1,0,0
2023-06-20 08:00:00,83.0,36.0,73.0,40.0,36.07692307692308,32.20879120879121,Astoria,8,1,0,170,1,0,0
2023-06-20 09:00:00,78.0,83.0,85.0,54.0,36.84615384615385,32.68131868131868,Astoria,9,1,0,170,1,0,0
2023-06-20 10:00:00,54.0,78.0,92.0,55.0,36.30769230769231,32.94505494505494,Astoria,10,1,0,170,1,0,0
2023-06-20 11:00:00,17.0,54.0,23.0,14.0,33.38461538461539,32.934065934065934,Astoria,11,1,0,170,1,0,0
2023-06-20 12:00:00,13.0,17.0,16.0,17.0,32.92307692307692,32.967032967032964,Astoria,12,1,0,170,1,0,0
2023-06-20 13:00:00,18.0,13.0,18.0,6.0,32.69230769230769,32.92307692307692,Astoria,13,1,0,170,1,0,0
2023-06-20 14:00:00,30.0,18.0,27.0,17.0,32.69230769230769,33.05494505494506,Astoria,14,1,0,170,1,0,0
2023-06-20 15:00:00,21.0,30.0,13.0,13.0,32.92307692307692,33.1978021978022,Astoria,15,1,0,170,1,0,0
2023-06-20 16:00:00,21.0,21.0,14.0,14.0,33.53846153846154,33.285714285714285,Astoria,16,1,0,170,1,0,0
2023-06-20 17:00:00,18.0,21.0,18.0,17.0,34.07692307692308,33.362637362637365,Astoria,17,1,0,170,1,0,0
2023-06-20 18:00:00,16.0,18.0,32.0,13.0,34.07692307692308,33.37362637362637,Astoria,18,1,0,170,1,0,0
2023-06-20 19:00:00,29.0,16.0,22.0,20.0,32.84615384615385,33.40659340659341,Astoria,19,1,0,170,1,0,0
2023-06-21 07:00:00,0.0,,36.0,0.0,33.38461538461539,33.505494505494504,Astoria,7,2,0,171,1,0,0
2023-06-21 08:00:00,60.0,0.0,83.0,65.0,30.615384615384617,33.505494505494504,Astoria,8,2,0,171,1,0,0
2023-06-21 09:00:00,77.0,60.0,78.0,57.0,28.846153846153847,33.45054945054945,Astoria,9,2,0,171,1,0,0
2023-06-21 10:00:00,64.0,77.0,54.0,59.0,28.76923076923077,33.67032967032967,Astoria,10,2,0,171,1,0,0
2023-06-21 11:00:00,12.0,64.0,17.0,12.0,29.53846153846154,33.72527472527472,Astoria,11,2,0,171,1,0,0
2023-06-21 12:00:00,7.0,12.0,13.0,10.0,29.153846153846153,33.72527472527472,Astoria,12,2,0,171,1,0,0
2023-06-21 13:00:00,15.0,7.0,18.0,16.0,28.692307692307693,33.69230769230769,Astoria,13,2,0,171,1,0,0
2023-06-21 14:00:00,4.0,15.0,30.0,11.0,28.46153846153846,33.68131868131868,Astoria,14,2,0,171,1,0,0
2023-06-21 15:00:00,20.0,4.0,21.0,14.0,26.46153846153846,33.604395604395606,Astoria,15,2,0,171,1,0,0
2023-06-21 16:00:00,8.0,20.0,21.0,9.0,26.384615384615383,33.67032967032967,Astoria,16,2,0,171,1,0,0
2023-06-21 17:00:00,16.0,8.0,18.0,20.0,25.384615384615383,33.65934065934066,Astoria,17,2,0,171,1,0,0
2023-06-21 18:00:00,19.0,16.0,16.0,14.0,25.23076923076923,33.61538461538461,Astoria,18,2,0,171,1,0,0
2023-06-21 19:00:00,15.0,19.0,29.0,16.0,25.46153846153846,33.67032967032967,Astoria,19,2,0,171,1,0,0
2023-06-22 07:00:00,33.0,,0.0,57.0,24.384615384615383,33.65934065934066,Astoria,7,3,0,172,1,0,0
2023-06-22 08:00:00,33.0,33.0,60.0,69.0,26.923076923076923,33.395604395604394,Astoria,8,3,0,172,1,0,0
2023-06-22 09:00:00,23.0,33.0,77.0,93.0,24.846153846153847,33.0,Astoria,9,3,0,172,1,0,0
2023-06-22 10:00:00,31.0,23.0,64.0,83.0,20.692307692307693,32.23076923076923,Astoria,10,3,0,172,1,0,0
2023-06-22 11:00:00,39.0,31.0,12.0,22.0,18.153846153846153,31.65934065934066,Astoria,11,3,0,172,1,0,0
2023-06-22 12:00:00,32.0,39.0,7.0,15.0,20.23076923076923,31.846153846153847,Astoria,12,3,0,172,1,0,0
2023-06-22 13:00:00,36.0,32.0,15.0,16.0,22.153846153846153,32.032967032967036,Astoria,13,3,0,172,1,0,0
2023-06-22 14:00:00,29.0,36.0,4.0,16.0,23.76923076923077,32.252747252747255,Astoria,14,3,0,172,1,0,0
2023-06-22 15:00:00,33.0,29.0,20.0,14.0,25.692307692307693,32.395604395604394,Astoria,15,3,0,172,1,0,0
2023-06-22 16:00:00,44.0,33.0,8.0,13.0,26.692307692307693,32.604395604395606,Astoria,16,3,0,172,1,0,0
2023-06-22 17:00:00,27.0,44.0,16.0,12.0,29.46153846153846,32.94505494505494,Astoria,17,3,0,172,1,0,0
2023-06-22 18:00:00,27.0,27.0,19.0,37.0,30.307692307692307,33.10989010989011,Astoria,18,3,0,172,1,0,0
2023-06-22 19:00:00,20.0,27.0,15.0,21.0,30.923076923076923,33.0,Astoria,19,3,0,172,1,0,0
2023-06-23 07:00:00,38.0,,33.0,76.0,31.307692307692307,32.989010989010985,Astoria,7,4,0,173,1,0,0
2023-06-23 08:00:00,26.0,38.0,33.0,61.0,31.692307692307693,32.57142857142857,Astoria,8,4,0,173,1,0,0
2023-06-23 09:00:00,21.0,26.0,23.0,74.0,31.153846153846153,32.18681318681319,Astoria,9,4,0,173,1,0,0
2023-06-23 10:00:00,34.0,21.0,31.0,77.0,31.0,31.604395604395606,Astoria,10,4,0,173,1,0,0
2023-06-23 11:00:00,35.0,34.0,39.0,22.0,31.23076923076923,31.13186813186813,Astoria,11,4,0,173,1,0,0
2023-06-23 12:00:00,31.0,35.0,32.0,15.0,30.923076923076923,31.274725274725274,Astoria,12,4,0,173,1,0,0
2023-06-23 13:00:00,32.0,31.0,36.0,29.0,30.846153846153847,31.45054945054945,Astoria,13,4,0,173,1,0,0
2023-06-23 14:00:00,35.0,32.0,29.0,19.0,30.53846153846154,31.483516483516482,Astoria,14,4,0,173,1,0,0
2023-06-23 15:00:00,25.0,35.0,33.0,23.0,31.0,31.65934065934066,Astoria,15,4,0,173,1,0,0
2023-06-23 16:00:00,40.0,25.0,44.0,25.0,30.384615384615383,31.681318681318682,Astoria,16,4,0,173,1,0,0
2023-06-23 17:00:00,31.0,40.0,27.0,18.0,30.076923076923077,31.846153846153847,Astoria,17,4,0,173,1,0,0
2023-06-23 18:00:00,20.0,31.0,27.0,19.0,30.384615384615383,31.98901098901099,Astoria,18,4,0,173,1,0,0
2023-06-23 19:00:00,41.0,20.0,20.0,25.0,29.846153846153847,32.0,Astoria,19,4,0,173,1,0,0
2023-06-24 07:00:00,36.0,,38.0,78.0,31.46153846153846,32.175824175824175,Astoria,7,5,1,174,1,0,0
2023-06-24 08:00:00,32.0,36.0,26.0,50.0,31.307692307692307,31.714285714285715,Astoria,8,5,1,174,1,0,0
2023-06-24 09:00:00,29.0,32.0,21.0,58.0,31.76923076923077,31.516483516483518,Astoria,9,5,1,174,1,0,0
2023-06-24 10:00:00,37.0,29.0,34.0,90.0,32.38461538461539,31.197802197802197,Astoria,10,5,1,174,1,0,0
2023-06-24 11:00:00,50.0,37.0,35.0,22.0,32.61538461538461,30.615384615384617,Astoria,11,5,1,174,1,0,0
2023-06-24 12:00:00,34.0,50.0,31.0,16.0,33.76923076923077,30.923076923076923,Astoria,12,5,1,174,1,0,0
2023-06-24 13:00:00,41.0,34.0,32.0,12.0,34.0,31.12087912087912,Astoria,13,5,1,174,1,0,0
2023-06-24 14:00:00,47.0,41.0,35.0,19.0,34.69230769230769,31.439560439560438,Astoria,14,5,1,174,1,0,0
2023-06-24 15:00:00,33.0,47.0,25.0,15.0,35.61538461538461,31.747252747252748,Astoria,15,5,1,174,1,0,0
2023-06-24 16:00:00,33.0,33.0,40.0,12.0,36.23076923076923,31.945054945054945,Astoria,16,5,1,174,1,0,0
2023-06-24 17:00:00,30.0,33.0,31.0,28.0,35.69230769230769,32.175824175824175,Astoria,17,5,1,174,1,0,0
2023-06-24 18:00:00,39.0,30.0,20.0,21.0,35.61538461538461,32.1978021978022,Astoria,18,5,1,174,1,0,0
2023-06-24 19:00:00,31.0,39.0,41.0,14.0,37.07692307692308,32.395604395604394,Astoria,19,5,1,174,1,0,0
2023-06-25 07:00:00,29.0,,36.0,65.0,36.30769230769231,32.582417582417584,Astoria,7,6,1,175,1,0,0
2023-06-25 08:00:00,43.0,29.0,32.0,51.0,35.76923076923077,32.18681318681319,Astoria,8,6,1,175,1,0,0
2023-06-25 09:00:00,17.0,43.0,29.0,64.0,36.61538461538461,32.0989010989011,Astoria,9,6,1,175,1,0,0
2023-06-25 10:00:00,32.0,17.0,37.0,93.0,35.69230769230769,31.582417582417584,Astoria,10,6,1,175,1,0,0
2023-06-25 11:00:00,28.0,32.0,50.0,12.0,35.30769230769231,30.912087912087912,Astoria,11,6,1,175,1,0,0
2023-06-25 12:00:00,28.0,28.0,34.0,19.0,33.61538461538461,31.087912087912088,Astoria,12,6,1,175,1,0,0
2023-06-25 13:00:00,41.0,28.0,41.0,18.0,33.15384615384615,31.186813186813186,Astoria,13,6,1,175,1,0,0
2023-06-25 14:00:00,28.0,41.0,47.0,19.0,33.15384615384615,31.439560439560438,Astoria,14,6,1,175,1,0,0
2023-06-25 15:00:00,31.0,28.0,33.0,12.0,31.692307692307693,31.53846153846154,Astoria,15,6,1,175,1,0,0
2023-06-25 16:00:00,35.0,31.0,33.0,22.0,31.53846153846154,31.747252747252748,Astoria,16,6,1,175,1,0,0
2023-06-25 17:00:00,27.0,35.0,30.0,36.0,31.692307692307693,31.89010989010989,Astoria,17,6,1,175,1,0,0
2023-06-25 18:00:00,26.0,27.0,39.0,10.0,31.46153846153846,31.791208791208792,Astoria,18,6,1,175,1,0,0
2023-06-25 19:00:00,31.0,26.0,31.0,16.0,30.46153846153846,31.967032967032967,Astoria,19,6,1,175,1,0,0
2023-06-26 07:00:00,38.0,,29.0,56.0,30.46153846153846,32.13186813186813,Astoria,7,0,0,176,1,0,0
2023-06-26 08:00:00,34.0,38.0,43.0,73.0,31.153846153846153,31.934065934065934,Astoria,8,0,0,176,1,0,0
2023-06-26 09:00:00,39.0,34.0,17.0,85.0,30.46153846153846,31.505494505494507,Astoria,9,0,0,176,1,0,0
2023-06-26 10:00:00,29.0,39.0,32.0,92.0,32.15384615384615,31.0,Astoria,10,0,0,176,1,0,0
2023-06-26 11:00:00,30.0,29.0,28.0,23.0,31.923076923076923,30.307692307692307,Astoria,11,0,0,176,1,0,0
2023-06-26 12:00:00,32.0,30.0,28.0,16.0,32.07692307692308,30.384615384615383,Astoria,12,0,0,176,1,0,0
2023-06-26 13:00:00,32.0,32.0,41.0,18.0,32.38461538461539,30.560439560439562,Astoria,13,0,0,176,1,0,0
2023-06-26 14:00:00,27.0,32.0,28.0,27.0,31.692307692307693,30.714285714285715,Astoria,14,0,0,176,1,0,0
2023-06-26 15:00:00,33.0,27.0,31.0,13.0,31.615384615384617,30.714285714285715,Astoria,15,0,0,176,1,0,0
2023-06-26 16:00:00,40.0,33.0,35.0,14.0,31.76923076923077,30.934065934065934,Astoria,16,0,0,176,1,0,0
2023-06-26 17:00:00,35.0,40.0,27.0,18.0,32.15384615384615,31.21978021978022,Astoria,17,0,0,176,1,0,0
2023-06-26 18:00:00,36.0,35.0,26.0,32.0,32.76923076923077,31.406593406593405,Astoria,18,0,0,176,1,0,0
2023-06-26 19:00:00,27.0,36.0,31.0,22.0,33.53846153846154,31.45054945054945,Astoria,19,0,0,176,1,0,0
2023-06-27 07:00:00,26.0,,38.0,36.0,33.23076923076923,31.505494505494507,Astoria,7,1,0,177,1,0,0
2023-06-27 08:00:00,34.0,26.0,34.0,83.0,32.30769230769231,31.395604395604394,Astoria,8,1,0,177,1,0,0
2023-06-27 09:00:00,25.0,34.0,39.0,78.0,32.30769230769231,30.857142857142858,Astoria,9,1,0,177,1,0,0
2023-06-27 10:00:00,38.0,25.0,29.0,54.0,31.23076923076923,30.274725274725274,Astoria,10,1,0,177,1,0,0
2023-06-27 11:00:00,44.0,38.0,30.0,17.0,31.923076923076923,30.0989010989011,Astoria,11,1,0,177,1,0,0
2023-06-27 12:00:00,24.0,44.0,32.0,13.0,33.0,30.395604395604394,Astoria,12,1,0,177,1,0,0
2023-06-27 13:00:00,32.0,24.0,32.0,18.0,32.38461538461539,30.516483516483518,Astoria,13,1,0,177,1,0,0
2023-06-27 14:00:00,40.0,32.0,27.0,30.0,32.38461538461539,30.67032967032967,Astoria,14,1,0,177,1,0,0
2023-06-27 15:00:00,35.0,40.0,33.0,21.0,33.38461538461539,30.78021978021978,Astoria,15,1,0,177,1,0,0
2023-06-27 16:00:00,27.0,35.0,40.0,21.0,33.53846153846154,30.934065934065934,Astoria,16,1,0,177,1,0,0
2023-06-27 17:00:00,28.0,27.0,35.0,18.0,32.53846153846154,31.0,Astoria,17,1,0,177,1,0,0
2023-06-27 18:00:00,34.0,28.0,36.0,16.0,32.0,31.10989010989011,Astoria,18,1,0,177,1,0,0
2023-06-27 19:00:00,34.0,34.0,27.0,29.0,31.846153846153847,31.307692307692307,Astoria,19,1,0,177,1,0,0
2023-06-28 07:00:00,32.0,,26.0,0.0,32.38461538461539,31.36263736263736,Astoria,7,2,0,178,1,0,0
2023-06-28 08:00:00,35.0,32.0,34.0,60.0,32.84615384615385,31.714285714285715,Astoria,8,2,0,178,1,0,0
2023-06-28 09:00:00,27.0,35.0,25.0,77.0,32.92307692307692,31.439560439560438,Astoria,9,2,0,178,1,0,0
2023-06-28 10:00:00,29.0,27.0,38.0,64.0,33.07692307692308,30.89010989010989,Astoria,10,2,0,178,1,0,0
2023-06-28 11:00:00,39.0,29.0,44.0,12.0,32.38461538461539,30.505494505494507,Astoria,11,2,0,178,1,0,0
2023-06-28 12:00:00,30.0,39.0,24.0,7.0,32.0,30.802197802197803,Astoria,12,2,0,178,1,0,0
2023-06-28 13:00:00,24.0,30.0,32.0,15.0,32.46153846153846,31.054945054945055,Astoria,13,2,0,178,1,0,0
2023-06-28 14:00:00,29.0,24.0,40.0,4.0,31.846153846153847,31.153846153846153,Astoria,14,2,0,178,1,0,0
2023-06-28 15:00:00,33.0,29.0,35.0,20.0,31.0,31.428571428571427,Astoria,15,2,0,178,1,0,0
2023-06-28 16:00:00,27.0,33.0,27.0,8.0,30.846153846153847,31.571428571428573,Astoria,16,2,0,178,1,0,0
2023-06-28 17:00:00,28.0,27.0,28.0,16.0,30.846153846153847,31.78021978021978,Astoria,17,2,0,178,1,0,0
2023-06-28 18:00:00,29.0,28.0,34.0,19.0,30.846153846153847,31.912087912087912,Astoria,18,2,0,178,1,0,0
2023-06-28 19:00:00,31.0,29.0,34.0,15.0,30.46153846153846,32.02197802197802,Astoria,19,2,0,178,1,0,0
2023-06-29 07:00:00,34.0,,32.0,33.0,30.23076923076923,32.1978021978022,Astoria,7,3,0,179,1,0,0
2023-06-29 08:00:00,31.0,34.0,35.0,33.0,30.384615384615383,32.20879120879121,Astoria,8,3,0,179,1,0,0
2023-06-29 09:00:00,30.0,31.0,27.0,23.0,30.076923076923077,32.18681318681319,Astoria,9,3,0,179,1,0,0
2023-06-29 10:00:00,35.0,30.0,29.0,31.0,30.307692307692307,32.26373626373626,Astoria,10,3,0,179,1,0,0
2023-06-29 11:00:00,20.0,35.0,39.0,39.0,30.76923076923077,32.30769230769231,Astoria,11,3,0,179,1,0,0
2023-06-29 12:00:00,36.0,20.0,30.0,32.0,29.307692307692307,32.0989010989011,Astoria,12,3,0,179,1,0,0
2023-06-29 13:00:00,29.0,36.0,24.0,36.0,29.76923076923077,32.142857142857146,Astoria,13,3,0,179,1,0,0
2023-06-29 14:00:00,26.0,29.0,29.0,29.0,30.153846153846153,32.065934065934066,Astoria,14,3,0,179,1,0,0
2023-06-29 15:00:00,31.0,26.0,33.0,33.0,29.923076923076923,32.032967032967036,Astoria,15,3,0,179,1,0,0
2023-06-29 16:00:00,43.0,31.0,27.0,44.0,29.76923076923077,32.010989010989015,Astoria,16,3,0,179,1,0,0
2023-06-29 17:00:00,25.0,43.0,28.0,27.0,31.0,32.0,Astoria,17,3,0,179,1,0,0
2023-06-29 18:00:00,35.0,25.0,29.0,27.0,30.76923076923077,31.978021978021978,Astoria,18,3,0,179,1,0,0
2023-06-29 19:00:00,35.0,35.0,31.0,20.0,31.23076923076923,32.065934065934066,Astoria,19,3,0,179,1,0,0
2023-06-30 07:00:00,30.0,,34.0,38.0,31.53846153846154,32.23076923076923,Astoria,7,4,0,180,1,0,0
2023-06-30 08:00:00,58.0,30.0,31.0,26.0,31.23076923076923,32.142857142857146,Astoria,8,4,0,180,1,0,0
2023-06-30 09:00:00,45.0,58.0,30.0,21.0,33.30769230769231,32.494505494505496,Astoria,9,4,0,180,1,0,0
2023-06-30 10:00:00,66.0,45.0,35.0,34.0,34.46153846153846,32.75824175824176,Astoria,10,4,0,180,1,0,0
2023-06-30 11:00:00,26.0,66.0,20.0,35.0,36.84615384615385,33.10989010989011,Astoria,11,4,0,180,1,0,0
2023-06-30 12:00:00,17.0,26.0,36.0,31.0,37.30769230769231,33.010989010989015,Astoria,12,4,0,180,1,0,0
2023-06-30 13:00:00,21.0,17.0,29.0,32.0,35.84615384615385,32.857142857142854,Astoria,13,4,0,180,1,0,0
2023-06-30 14:00:00,24.0,21.0,26.0,35.0,35.23076923076923,32.73626373626374,Astoria,14,4,0,180,1,0,0
2023-06-30 15:00:00,17.0,24.0,31.0,25.0,35.07692307692308,32.61538461538461,Astoria,15,4,0,180,1,0,0
2023-06-30 16:00:00,21.0,17.0,43.0,40.0,34.0,32.527472527472526,Astoria,16,4,0,180,1,0,0
2023-06-30 17:00:00,23.0,21.0,25.0,31.0,32.30769230769231,32.31868131868132,Astoria,17,4,0,180,1,0,0
2023-06-30 18:00:00,31.0,23.0,35.0,20.0,32.15384615384615,32.23076923076923,Astoria,18,4,0,180,1,0,0
2023-06-30 19:00:00,25.0,31.0,35.0,41.0,31.846153846153847,32.35164835164835,Astoria,19,4,0,180,1,0,0
2023-01-08 06:00:00,4.0,,0.0,0.0,14.8,12.628571428571428,Hell's Kitchen,6,6,1,7,0,1,0
2023-01-08 07:00:00,25.0,4.0,0.0,0.0,15.066666666666666,12.666666666666666,Hell's Kitchen,7,6,1,7,0,1,0
2023-01-08 08:00:00,17.0,25.0,37.0,9.0,16.733333333333334,12.904761904761905,Hell's Kitchen,8,6,1,7,0,1,0
2023-01-08 09:00:00,22.0,17.0,34.0,19.0,15.4,12.980952380952381,Hell's Kitchen,9,6,1,7,0,1,0
2023-01-08 10:00:00,41.0,22.0,56.0,11.0,14.6,13.00952380952381,Hell's Kitchen,10,6,1,7,0,1,0
2023-01-08 11:00:00,21.0,41.0,19.0,13.0,13.6,13.295238095238096,Hell's Kitchen,11,6,1,7,0,1,0
2023-01-08 12:00:00,9.0,21.0,4.0,19.0,13.733333333333333,13.371428571428572,Hell's Kitchen,12,6,1,7,0,1,0
2023-01-08 13:00:00,3.0,9.0,8.0,23.0,14.066666666666666,13.276190476190477,Hell's Kitchen,13,6,1,7,0,1,0
2023-01-08 14:00:00,13.0,3.0,4.0,16.0,13.733333333333333,13.085714285714285,Hell's Kitchen,14,6,1,7,0,1,0
2023-01-08 15:00:00,3.0,13.0,6.0,9.0,14.333333333333334,13.057142857142857,Hell's Kitchen,15,6,1,7,0,1,0
2023-01-08 16:00:00,16.0,3.0,6.0,9.0,14.133333333333333,13.0,Hell's Kitchen,16,6,1,7,0,1,0
2023-01-08 17:00:00,6.0,16.0,12.0,26.0,14.8,13.066666666666666,Hell's Kitchen,17,6,1,7,0,1,0
2023-01-08 18:00:00,13.0,6.0,14.0,14.0,14.4,12.876190476190477,Hell's Kitchen,18,6,1,7,0,1,0
2023-01-08 19:00:00,3.0,13.0,10.0,16.0,14.333333333333334,12.866666666666667,Hell's Kitchen,19,6,1,7,0,1,0
2023-01-08 20:00:00,0.0,3.0,12.0,0.0,13.866666666666667,12.742857142857142,Hell's Kitchen,20,6,1,7,0,1,0
2023-01-09 06:00:00,17.0,,4.0,0.0,13.066666666666666,12.742857142857142,Hell's Kitchen,6,0,0,8,0,1,0
2023-01-09 07:00:00,18.0,17.0,25.0,0.0,13.933333333333334,12.904761904761905,Hell's Kitchen,7,0,0,8,0,1,0
2023-01-09 08:00:00,18.0,18.0,17.0,16.0,13.466666666666667,13.076190476190476,Hell's Kitchen,8,0,0,8,0,1,0
2023-01-09 09:00:00,20.0,18.0,22.0,22.0,13.533333333333333,13.095238095238095,Hell's Kitchen,9,0,0,8,0,1,0
2023-01-09 10:00:00,33.0,20.0,41.0,15.0,13.4,13.076190476190476,Hell's Kitchen,10,0,0,8,0,1,0
2023-01-09 11:00:00,22.0,33.0,21.0,18.0,12.866666666666667,13.247619047619047,Hell's Kitchen,11,0,0,8,0,1,0
2023-01-09 12:00:00,9.0,22.0,9.0,14.0,12.933333333333334,13.285714285714286,Hell's Kitchen,12,0,0,8,0,1,0
2023-01-09 13:00:00,12.0,9.0,3.0,23.0,12.933333333333334,13.238095238095237,Hell's Kitchen,13,0,0,8,0,1,0
2023-01-09 14:00:00,5.0,12.0,13.0,15.0,13.533333333333333,13.133333333333333,Hell's Kitchen,14,0,0,8,0,1,0
2023-01-09 15:00:00,9.0,5.0,3.0,17.0,13.0,13.038095238095238,Hell's Kitchen,15,0,0,8,0,1,0
2023-01-09 16:00:00,6.0,9.0,16.0,9.0,13.4,12.961904761904762,Hell's Kitchen,16,0,0,8,0,1,0
2023-01-09 17:00:00,15.0,6.0,6.0,18.0,12.733333333333333,12.933333333333334,Hell's Kitchen,17,0,0,8,0,1,0
2023-01-09 18:00:00,4.0,15.0,13.0,11.0,13.333333333333334,12.904761904761905,Hell's Kitchen,18,0,0,8,0,1,0
2023-01-09 19:00:00,6.0,4.0,3.0,17.0,12.733333333333333,12.838095238095239,Hell's Kitchen,19,0,0,8,0,1,0
2023-01-09 20:00:00,0.0,6.0,0.0,0.0,12.933333333333334,12.733333333333333,Hell's Kitchen,20,0,0,8,0,1,0
2023-01-10 06:00:00,16.0,,17.0,0.0,12.933333333333334,12.733333333333333,Hell's Kitchen,6,1,0,9,0,1,0
2023-01-10 07:00:00,25.0,16.0,18.0,0.0,12.866666666666667,12.885714285714286,Hell's Kitchen,7,1,0,9,0,1,0
2023-01-10 08:00:00,26.0,25.0,18.0,26.0,13.333333333333334,13.123809523809523,Hell's Kitchen,8,1,0,9,0,1,0
2023-01-10 09:00:00,17.0,26.0,20.0,13.0,13.866666666666667,13.123809523809523,Hell's Kitchen,9,1,0,9,0,1,0
2023-01-10 10:00:00,24.0,17.0,33.0,9.0,13.666666666666666,13.161904761904761,Hell's Kitchen,10,1,0,9,0,1,0
2023-01-10 11:00:00,15.0,24.0,22.0,20.0,13.066666666666666,13.304761904761905,Hell's Kitchen,11,1,0,9,0,1,0
2023-01-10 12:00:00,5.0,15.0,9.0,14.0,12.6,13.257142857142858,Hell's Kitchen,12,1,0,9,0,1,0
2023-01-10 13:00:00,8.0,5.0,12.0,11.0,12.333333333333334,13.17142857142857,Hell's Kitchen,13,1,0,9,0,1,0
2023-01-10 14:00:00,12.0,8.0,5.0,23.0,12.066666666666666,13.142857142857142,Hell's Kitchen,14,1,0,9,0,1,0
2023-01-10 15:00:00,10.0,12.0,9.0,25.0,12.533333333333333,13.038095238095238,Hell's Kitchen,15,1,0,9,0,1,0
2023-01-10 16:00:00,6.0,10.0,6.0,25.0,12.6,12.895238095238096,Hell's Kitchen,16,1,0,9,0,1,0
2023-01-10 17:00:00,11.0,6.0,15.0,18.0,12.6,12.714285714285714,Hell's Kitchen,17,1,0,9,0,1,0
2023-01-10 18:00:00,11.0,11.0,4.0,11.0,12.333333333333334,12.647619047619047,Hell's Kitchen,18,1,0,9,0,1,0
2023-01-10 19:00:00,3.0,11.0,6.0,16.0,12.8,12.647619047619047,Hell's Kitchen,19,1,0,9,0,1,0
2023-01-10 20:00:00,0.0,3.0,0.0,0.0,12.6,12.523809523809524,Hell's Kitchen,20,1,0,9,0,1,0
2023-01-11 06:00:00,18.0,,16.0,0.0,12.6,12.523809523809524,Hell's Kitchen,6,2,0,10,0,1,0
2023-01-11 07:00:00,28.0,18.0,25.0,0.0,12.733333333333333,12.695238095238095,Hell's Kitchen,7,2,0,10,0,1,0
2023-01-11 08:00:00,31.0,28.0,26.0,18.0,12.933333333333334,12.961904761904762,Hell's Kitchen,8,2,0,10,0,1,0
2023-01-11 09:00:00,22.0,31.0,17.0,10.0,13.266666666666667,13.085714285714285,Hell's Kitchen,9,2,0,10,0,1,0
2023-01-11 10:00:00,28.0,22.0,24.0,9.0,13.6,13.2,Hell's Kitchen,10,2,0,10,0,1,0
2023-01-11 11:00:00,16.0,28.0,15.0,21.0,13.866666666666667,13.380952380952381,Hell's Kitchen,11,2,0,10,0,1,0
2023-01-11 12:00:00,2.0,16.0,5.0,15.0,13.933333333333334,13.333333333333334,Hell's Kitchen,12,2,0,10,0,1,0
2023-01-11 13:00:00,9.0,2.0,8.0,10.0,13.733333333333333,13.209523809523809,Hell's Kitchen,13,2,0,10,0,1,0
2023-01-11 14:00:00,9.0,9.0,12.0,18.0,13.8,13.2,Hell's Kitchen,14,2,0,10,0,1,0
2023-01-11 15:00:00,15.0,9.0,10.0,18.0,13.6,13.114285714285714,Hell's Kitchen,15,2,0,10,0,1,0
2023-01-11 16:00:00,5.0,15.0,6.0,3.0,13.933333333333334,13.085714285714285,Hell's Kitchen,16,2,0,10,0,1,0
2023-01-11 17:00:00,11.0,5.0,11.0,9.0,13.866666666666667,13.104761904761904,Hell's Kitchen,17,2,0,10,0,1,0
2023-01-11 18:00:00,9.0,11.0,11.0,26.0,13.866666666666667,13.123809523809523,Hell's Kitchen,18,2,0,10,0,1,0
2023-01-11 19:00:00,9.0,9.0,3.0,13.0,13.733333333333333,12.961904761904762,Hell's Kitchen,19,2,0,10,0,1,0
2023-01-11 20:00:00,0.0,9.0,0.0,0.0,14.133333333333333,12.923809523809524,Hell's Kitchen,20,2,0,10,0,1,0
2023-01-12 06:00:00,14.0,,18.0,0.0,14.133333333333333,12.923809523809524,Hell's Kitchen,6,3,0,11,0,1,0
2023-01-12 07:00:00,19.0,14.0,28.0,0.0,13.866666666666667,13.057142857142857,Hell's Kitchen,7,3,0,11,0,1,0
2023-01-12 08:00:00,19.0,19.0,31.0,15.0,13.266666666666667,13.238095238095237,Hell's Kitchen,8,3,0,11,0,1,0
2023-01-12 09:00:00,22.0,19.0,22.0,11.0,12.466666666666667,13.276190476190477,Hell's Kitchen,9,3,0,11,0,1,0
2023-01-12 10:00:00,19.0,22.0,28.0,14.0,12.466666666666667,13.380952380952381,Hell's Kitchen,10,3,0,11,0,1,0
2023-01-12 11:00:00,13.0,19.0,16.0,12.0,11.866666666666667,13.428571428571429,Hell's Kitchen,11,3,0,11,0,1,0
2023-01-12 12:00:00,11.0,13.0,2.0,13.0,11.666666666666666,13.438095238095238,Hell's Kitchen,12,3,0,11,0,1,0
2023-01-12 13:00:00,11.0,11.0,9.0,8.0,12.266666666666667,13.41904761904762,Hell's Kitchen,13,3,0,11,0,1,0
2023-01-12 14:00:00,8.0,11.0,9.0,19.0,12.4,13.447619047619048,Hell's Kitchen,14,3,0,11,0,1,0
2023-01-12 15:00:00,12.0,8.0,15.0,13.0,12.333333333333334,13.342857142857143,Hell's Kitchen,15,3,0,11,0,1,0
2023-01-12 16:00:00,5.0,12.0,5.0,20.0,12.133333333333333,13.333333333333334,Hell's Kitchen,16,3,0,11,0,1,0
2023-01-12 17:00:00,11.0,5.0,11.0,14.0,12.133333333333333,13.19047619047619,Hell's Kitchen,17,3,0,11,0,1,0
2023-01-12 18:00:00,11.0,11.0,9.0,13.0,12.133333333333333,13.161904761904761,Hell's Kitchen,18,3,0,11,0,1,0
2023-01-12 19:00:00,4.0,11.0,9.0,16.0,12.266666666666667,13.142857142857142,Hell's Kitchen,19,3,0,11,0,1,0
2023-01-12 20:00:00,0.0,4.0,0.0,0.0,11.933333333333334,13.028571428571428,Hell's Kitchen,20,3,0,11,0,1,0
2023-01-13 06:00:00,0.0,,14.0,0.0,11.933333333333334,13.028571428571428,Hell's Kitchen,6,4,0,12,0,1,0
2023-01-13 07:00:00,0.0,0.0,19.0,0.0,11.0,13.028571428571428,Hell's Kitchen,7,4,0,12,0,1,0
2023-01-13 08:00:00,70.0,0.0,19.0,24.0,9.733333333333333,13.028571428571428,Hell's Kitchen,8,4,0,12,0,1,0
2023-01-13 09:00:00,55.0,70.0,22.0,14.0,13.133333333333333,13.466666666666667,Hell's Kitchen,9,4,0,12,0,1,0
2023-01-13 10:00:00,45.0,55.0,19.0,10.0,15.333333333333334,13.857142857142858,Hell's Kitchen,10,4,0,12,0,1,0
2023-01-13 11:00:00,3.0,45.0,13.0,11.0,17.066666666666666,14.19047619047619,Hell's Kitchen,11,4,0,12,0,1,0
2023-01-13 12:00:00,13.0,3.0,11.0,15.0,16.4,14.114285714285714,Hell's Kitchen,12,4,0,12,0,1,0
2023-01-13 13:00:00,7.0,13.0,11.0,12.0,16.533333333333335,14.095238095238095,Hell's Kitchen,13,4,0,12,0,1,0
2023-01-13 14:00:00,7.0,7.0,8.0,15.0,16.266666666666666,14.047619047619047,Hell's Kitchen,14,4,0,12,0,1,0
2023-01-13 15:00:00,4.0,7.0,12.0,22.0,16.2,13.971428571428572,Hell's Kitchen,15,4,0,12,0,1,0
2023-01-13 16:00:00,20.0,4.0,5.0,17.0,15.666666666666666,13.8,Hell's Kitchen,16,4,0,12,0,1,0
2023-01-13 17:00:00,5.0,20.0,11.0,13.0,16.666666666666668,13.82857142857143,Hell's Kitchen,17,4,0,12,0,1,0
2023-01-13 18:00:00,15.0,5.0,11.0,12.0,16.266666666666666,13.752380952380953,Hell's Kitchen,18,4,0,12,0,1,0
2023-01-13 19:00:00,6.0,15.0,4.0,11.0,16.533333333333335,13.780952380952382,Hell's Kitchen,19,4,0,12,0,1,0
2023-01-13 20:00:00,7.0,6.0,0.0,0.0,16.666666666666668,13.733333333333333,Hell's Kitchen,20,4,0,12,0,1,0
2023-01-14 06:00:00,0.0,,0.0,0.0,17.133333333333333,13.8,Hell's Kitchen,6,5,1,13,0,1,0
2023-01-14 07:00:00,0.0,0.0,0.0,0.0,17.133333333333333,13.8,Hell's Kitchen,7,5,1,13,0,1,0
2023-01-14 08:00:00,62.0,0.0,70.0,37.0,17.133333333333333,13.8,Hell's Kitchen,8,5,1,13,0,1,0
2023-01-14 09:00:00,58.0,62.0,55.0,34.0,16.6,14.038095238095238,Hell's Kitchen,9,5,1,13,0,1,0
2023-01-14 10:00:00,44.0,58.0,45.0,56.0,16.8,14.266666666666667,Hell's Kitchen,10,5,1,13,0,1,0
2023-01-14 11:00:00,7.0,44.0,3.0,19.0,16.733333333333334,14.152380952380952,Hell's Kitchen,11,5,1,13,0,1,0
2023-01-14 12:00:00,2.0,7.0,13.0,4.0,17.0,14.038095238095238,Hell's Kitchen,12,5,1,13,0,1,0
2023-01-14 13:00:00,5.0,2.0,7.0,8.0,16.266666666666666,14.019047619047619,Hell's Kitchen,13,5,1,13,0,1,0
2023-01-14 14:00:00,4.0,5.0,7.0,4.0,16.133333333333333,13.99047619047619,Hell's Kitchen,14,5,1,13,0,1,0
2023-01-14 15:00:00,4.0,4.0,4.0,6.0,15.933333333333334,13.99047619047619,Hell's Kitchen,15,5,1,13,0,1,0
2023-01-14 16:00:00,12.0,4.0,20.0,6.0,15.933333333333334,13.971428571428572,Hell's Kitchen,16,5,1,13,0,1,0
2023-01-14 17:00:00,13.0,12.0,5.0,12.0,15.4,14.028571428571428,Hell's Kitchen,17,5,1,13,0,1,0
2023-01-14 18:00:00,10.0,13.0,15.0,14.0,15.933333333333334,14.038095238095238,Hell's Kitchen,18,5,1,13,0,1,0
2023-01-14 19:00:00,11.0,10.0,6.0,10.0,15.6,14.0,Hell's Kitchen,19,5,1,13,0,1,0
2023-01-14 20:00:00,9.0,11.0,7.0,12.0,15.933333333333334,14.00952380952381,Hell's Kitchen,20,5,1,13,0,1,0
2023-01-15 06:00:00,3.0,,0.0,4.0,16.066666666666666,13.980952380952381,Hell's Kitchen,6,6,1,14,0,1,0
2023-01-15 07:00:00,38.0,3.0,0.0,25.0,16.266666666666666,13.971428571428572,Hell's Kitchen,7,6,1,14,0,1,0
2023-01-15 08:00:00,24.0,38.0,62.0,17.0,18.8,14.095238095238095,Hell's Kitchen,8,6,1,14,0,1,0
2023-01-15 09:00:00,33.0,24.0,58.0,22.0,16.266666666666666,14.161904761904761,Hell's Kitchen,9,6,1,14,0,1,0
2023-01-15 10:00:00,27.0,33.0,44.0,41.0,14.6,14.266666666666667,Hell's Kitchen,10,6,1,14,0,1,0
2023-01-15 11:00:00,18.0,27.0,7.0,21.0,13.466666666666667,14.133333333333333,Hell's Kitchen,11,6,1,14,0,1,0
2023-01-15 12:00:00,7.0,18.0,2.0,9.0,14.2,14.104761904761904,Hell's Kitchen,12,6,1,14,0,1,0
2023-01-15 13:00:00,7.0,7.0,5.0,3.0,14.533333333333333,14.085714285714285,Hell's Kitchen,13,6,1,14,0,1,0
2023-01-15 14:00:00,9.0,7.0,4.0,13.0,14.666666666666666,14.123809523809523,Hell's Kitchen,14,6,1,14,0,1,0
2023-01-15 15:00:00,6.0,9.0,4.0,3.0,15.0,14.085714285714285,Hell's Kitchen,15,6,1,14,0,1,0
2023-01-15 16:00:00,5.0,6.0,12.0,16.0,15.133333333333333,14.114285714285714,Hell's Kitchen,16,6,1,14,0,1,0
2023-01-15 17:00:00,10.0,5.0,13.0,6.0,14.666666666666666,14.00952380952381,Hell's Kitchen,17,6,1,14,0,1,0
2023-01-15 18:00:00,7.0,10.0,10.0,13.0,14.466666666666667,14.047619047619047,Hell's Kitchen,18,6,1,14,0,1,0
2023-01-15 19:00:00,8.0,7.0,11.0,3.0,14.266666666666667,13.99047619047619,Hell's Kitchen,19,6,1,14,0,1,0
2023-01-15 20:00:00,0.0,8.0,9.0,0.0,14.066666666666666,14.038095238095238,Hell's Kitchen,20,6,1,14,0,1,0
2023-01-16 06:00:00,13.0,,3.0,17.0,13.466666666666667,14.038095238095238,Hell's Kitchen,6,0,0,15,0,1,0
2023-01-16 07:00:00,35.0,13.0,38.0,18.0,14.133333333333333,14.0,Hell's Kitchen,7,0,0,15,0,1,0
2023-01-16 08:00:00,32.0,35.0,24.0,18.0,13.933333333333334,14.161904761904761,Hell's Kitchen,8,0,0,15,0,1,0
2023-01-16 09:00:00,26.0,32.0,33.0,20.0,14.466666666666667,14.295238095238096,Hell's Kitchen,9,0,0,15,0,1,0
2023-01-16 10:00:00,28.0,26.0,27.0,33.0,14.0,14.352380952380953,Hell's Kitchen,10,0,0,15,0,1,0
2023-01-16 11:00:00,13.0,28.0,18.0,22.0,14.066666666666666,14.304761904761905,Hell's Kitchen,11,0,0,15,0,1,0
2023-01-16 12:00:00,7.0,13.0,7.0,9.0,13.733333333333333,14.219047619047618,Hell's Kitchen,12,0,0,15,0,1,0
2023-01-16 13:00:00,8.0,7.0,7.0,12.0,13.733333333333333,14.2,Hell's Kitchen,13,0,0,15,0,1,0
2023-01-16 14:00:00,10.0,8.0,9.0,5.0,13.8,14.161904761904761,Hell's Kitchen,14,0,0,15,0,1,0
2023-01-16 15:00:00,5.0,10.0,6.0,9.0,13.866666666666667,14.209523809523809,Hell's Kitchen,15,0,0,15,0,1,0
2023-01-16 16:00:00,6.0,5.0,5.0,6.0,13.8,14.17142857142857,Hell's Kitchen,16,0,0,15,0,1,0
2023-01-16 17:00:00,10.0,6.0,10.0,15.0,13.866666666666667,14.17142857142857,Hell's Kitchen,17,0,0,15,0,1,0
2023-01-16 18:00:00,8.0,10.0,7.0,4.0,13.866666666666667,14.123809523809523,Hell's Kitchen,18,0,0,15,0,1,0
2023-01-16 19:00:00,5.0,8.0,8.0,6.0,13.933333333333334,14.161904761904761,Hell's Kitchen,19,0,0,15,0,1,0
2023-01-16 20:00:00,0.0,5.0,0.0,0.0,13.733333333333333,14.152380952380952,Hell's Kitchen,20,0,0,15,0,1,0
2023-01-17 06:00:00,8.0,,13.0,16.0,13.733333333333333,14.152380952380952,Hell's Kitchen,6,1,0,16,0,1,0
2023-01-17 07:00:00,17.0,8.0,35.0,25.0,13.4,14.076190476190476,Hell's Kitchen,7,1,0,16,0,1,0
2023-01-17 08:00:00,22.0,17.0,32.0,26.0,12.2,14.0,Hell's Kitchen,8,1,0,16,0,1,0
2023-01-17 09:00:00,29.0,22.0,26.0,17.0,11.533333333333333,13.961904761904762,Hell's Kitchen,9,1,0,16,0,1,0
2023-01-17 10:00:00,25.0,29.0,28.0,24.0,11.733333333333333,14.076190476190476,Hell's Kitchen,10,1,0,16,0,1,0
2023-01-17 11:00:00,7.0,25.0,13.0,15.0,11.533333333333333,14.085714285714285,Hell's Kitchen,11,1,0,16,0,1,0
2023-01-17 12:00:00,3.0,7.0,7.0,5.0,11.133333333333333,14.00952380952381,Hell's Kitchen,12,1,0,16,0,1,0
2023-01-17 13:00:00,6.0,3.0,8.0,8.0,10.866666666666667,13.99047619047619,Hell's Kitchen,13,1,0,16,0,1,0
2023-01-17 14:00:00,8.0,6.0,10.0,12.0,10.733333333333333,13.971428571428572,Hell's Kitchen,14,1,0,16,0,1,0
2023-01-17 15:00:00,2.0,8.0,5.0,10.0,10.6,13.933333333333334,Hell's Kitchen,15,1,0,16,0,1,0
2023-01-17 16:00:00,3.0,2.0,6.0,6.0,10.4,13.857142857142858,Hell's Kitchen,16,1,0,16,0,1,0
2023-01-17 17:00:00,2.0,3.0,10.0,11.0,10.2,13.82857142857143,Hell's Kitchen,17,1,0,16,0,1,0
2023-01-17 18:00:00,1.0,2.0,8.0,11.0,9.666666666666666,13.742857142857142,Hell's Kitchen,18,1,0,16,0,1,0
2023-01-17 19:00:00,5.0,1.0,5.0,3.0,9.2,13.647619047619047,Hell's Kitchen,19,1,0,16,0,1,0
2023-01-17 20:00:00,0.0,5.0,0.0,0.0,9.2,13.666666666666666,Hell's Kitchen,20,1,0,16,0,1,0
2023-01-18 06:00:00,11.0,,8.0,18.0,9.2,13.666666666666666,Hell's Kitchen,6,2,0,17,0,1,0
2023-01-18 07:00:00,21.0,11.0,17.0,28.0,9.4,13.6,Hell's Kitchen,7,2,0,17,0,1,0
2023-01-18 08:00:00,31.0,21.0,22.0,31.0,9.666666666666666,13.533333333333333,Hell's Kitchen,8,2,0,17,0,1,0
2023-01-18 09:00:00,29.0,31.0,29.0,22.0,10.266666666666667,13.533333333333333,Hell's Kitchen,9,2,0,17,0,1,0
2023-01-18 10:00:00,30.0,29.0,25.0,28.0,10.266666666666667,13.6,Hell's Kitchen,10,2,0,17,0,1,0
2023-01-18 11:00:00,16.0,30.0,7.0,16.0,10.6,13.619047619047619,Hell's Kitchen,11,2,0,17,0,1,0
2023-01-18 12:00:00,2.0,16.0,3.0,2.0,11.2,13.619047619047619,Hell's Kitchen,12,2,0,17,0,1,0
2023-01-18 13:00:00,8.0,2.0,6.0,9.0,11.133333333333333,13.619047619047619,Hell's Kitchen,13,2,0,17,0,1,0
2023-01-18 14:00:00,11.0,8.0,8.0,9.0,11.266666666666667,13.60952380952381,Hell's Kitchen,14,2,0,17,0,1,0
2023-01-18 15:00:00,5.0,11.0,2.0,15.0,11.466666666666667,13.628571428571428,Hell's Kitchen,15,2,0,17,0,1,0
2023-01-18 16:00:00,7.0,5.0,3.0,5.0,11.666666666666666,13.533333333333333,Hell's Kitchen,16,2,0,17,0,1,0
2023-01-18 17:00:00,11.0,7.0,2.0,11.0,11.933333333333334,13.552380952380952,Hell's Kitchen,17,2,0,17,0,1,0
2023-01-18 18:00:00,1.0,11.0,1.0,9.0,12.533333333333333,13.552380952380952,Hell's Kitchen,18,2,0,17,0,1,0
2023-01-18 19:00:00,5.0,1.0,5.0,9.0,12.533333333333333,13.476190476190476,Hell's Kitchen,19,2,0,17,0,1,0
2023-01-18 20:00:00,0.0,5.0,0.0,0.0,12.533333333333333,13.438095238095238,Hell's Kitchen,20,2,0,17,0,1,0
2023-01-19 06:00:00,19.0,,11.0,14.0,12.533333333333333,13.438095238095238,Hell's Kitchen,6,3,0,18,0,1,0
2023-01-19 07:00:00,34.0,19.0,21.0,19.0,13.066666666666666,13.485714285714286,Hell's Kitchen,7,3,0,18,0,1,0
2023-01-19 08:00:00,30.0,34.0,31.0,19.0,13.933333333333334,13.628571428571428,Hell's Kitchen,8,3,0,18,0,1,0
2023-01-19 09:00:00,23.0,30.0,29.0,22.0,13.866666666666667,13.733333333333333,Hell's Kitchen,9,3,0,18,0,1,0
2023-01-19 10:00:00,33.0,23.0,30.0,19.0,13.466666666666667,13.742857142857142,Hell's Kitchen,10,3,0,18,0,1,0
2023-01-19 11:00:00,11.0,33.0,16.0,13.0,13.666666666666666,13.876190476190477,Hell's Kitchen,11,3,0,18,0,1,0
2023-01-19 12:00:00,10.0,11.0,2.0,11.0,13.333333333333334,13.857142857142858,Hell's Kitchen,12,3,0,18,0,1,0
2023-01-19 13:00:00,2.0,10.0,8.0,11.0,13.866666666666667,13.847619047619048,Hell's Kitchen,13,3,0,18,0,1,0
2023-01-19 14:00:00,11.0,2.0,11.0,8.0,13.466666666666667,13.761904761904763,Hell's Kitchen,14,3,0,18,0,1,0
2023-01-19 15:00:00,10.0,11.0,5.0,12.0,13.466666666666667,13.790476190476191,Hell's Kitchen,15,3,0,18,0,1,0
2023-01-19 16:00:00,9.0,10.0,7.0,5.0,13.8,13.771428571428572,Hell's Kitchen,16,3,0,18,0,1,0
2023-01-19 17:00:00,8.0,9.0,11.0,11.0,13.933333333333334,13.80952380952381,Hell's Kitchen,17,3,0,18,0,1,0
2023-01-19 18:00:00,7.0,8.0,1.0,11.0,13.733333333333333,13.780952380952382,Hell's Kitchen,18,3,0,18,0,1,0
2023-01-19 19:00:00,5.0,7.0,5.0,4.0,14.133333333333333,13.742857142857142,Hell's Kitchen,19,3,0,18,0,1,0
2023-01-19 20:00:00,0.0,5.0,0.0,0.0,14.133333333333333,13.752380952380953,Hell's Kitchen,20,3,0,18,0,1,0
2023-01-20 06:00:00,0.0,,19.0,0.0,14.133333333333333,13.752380952380953,Hell's Kitchen,6,4,0,19,0,1,0
2023-01-20 07:00:00,0.0,0.0,34.0,0.0,12.866666666666667,13.752380952380953,Hell's Kitchen,7,4,0,19,0,1,0
2023-01-20 08:00:00,46.0,0.0,30.0,70.0,10.6,13.752380952380953,Hell's Kitchen,8,4,0,19,0,1,0
2023-01-20 09:00:00,36.0,46.0,23.0,55.0,11.666666666666666,13.523809523809524,Hell's Kitchen,9,4,0,19,0,1,0
2023-01-20 10:00:00,35.0,36.0,33.0,45.0,12.533333333333333,13.342857142857143,Hell's Kitchen,10,4,0,19,0,1,0
2023-01-20 11:00:00,2.0,35.0,11.0,3.0,12.666666666666666,13.247619047619047,Hell's Kitchen,11,4,0,19,0,1,0
2023-01-20 12:00:00,3.0,2.0,10.0,13.0,12.066666666666666,13.238095238095237,Hell's Kitchen,12,4,0,19,0,1,0
2023-01-20 13:00:00,4.0,3.0,2.0,7.0,11.6,13.142857142857142,Hell's Kitchen,13,4,0,19,0,1,0
2023-01-20 14:00:00,15.0,4.0,11.0,7.0,11.733333333333333,13.114285714285714,Hell's Kitchen,14,4,0,19,0,1,0
2023-01-20 15:00:00,14.0,15.0,10.0,4.0,12.0,13.19047619047619,Hell's Kitchen,15,4,0,19,0,1,0
2023-01-20 16:00:00,11.0,14.0,9.0,20.0,12.266666666666667,13.285714285714286,Hell's Kitchen,16,4,0,19,0,1,0
2023-01-20 17:00:00,2.0,11.0,8.0,5.0,12.4,13.2,Hell's Kitchen,17,4,0,19,0,1,0
2023-01-20 18:00:00,7.0,2.0,7.0,15.0,12.0,13.17142857142857,Hell's Kitchen,18,4,0,19,0,1,0
2023-01-20 19:00:00,13.0,7.0,5.0,6.0,12.0,13.095238095238095,Hell's Kitchen,19,4,0,19,0,1,0
2023-01-20 20:00:00,10.0,13.0,0.0,7.0,12.533333333333333,13.161904761904761,Hell's Kitchen,20,4,0,19,0,1,0
2023-01-21 06:00:00,0.0,,0.0,0.0,13.2,13.19047619047619,Hell's Kitchen,6,5,1,20,0,1,0
2023-01-21 07:00:00,0.0,0.0,0.0,0.0,13.2,13.19047619047619,Hell's Kitchen,7,5,1,20,0,1,0
2023-01-21 08:00:00,55.0,0.0,46.0,62.0,13.2,13.19047619047619,Hell's Kitchen,8,5,1,20,0,1,0
2023-01-21 09:00:00,45.0,55.0,36.0,58.0,13.8,13.123809523809523,Hell's Kitchen,9,5,1,20,0,1,0
2023-01-21 10:00:00,52.0,45.0,35.0,44.0,14.4,13.0,Hell's Kitchen,10,5,1,20,0,1,0
2023-01-21 11:00:00,3.0,52.0,2.0,7.0,15.533333333333333,13.076190476190476,Hell's Kitchen,11,5,1,20,0,1,0
2023-01-21 12:00:00,15.0,3.0,3.0,2.0,15.6,13.038095238095238,Hell's Kitchen,12,5,1,20,0,1,0
2023-01-21 13:00:00,12.0,15.0,4.0,5.0,16.4,13.161904761904761,Hell's Kitchen,13,5,1,20,0,1,0
2023-01-21 14:00:00,11.0,12.0,15.0,4.0,16.933333333333334,13.228571428571428,Hell's Kitchen,14,5,1,20,0,1,0
2023-01-21 15:00:00,5.0,11.0,14.0,4.0,16.666666666666668,13.295238095238096,Hell's Kitchen,15,5,1,20,0,1,0
2023-01-21 16:00:00,8.0,5.0,11.0,12.0,16.066666666666666,13.304761904761905,Hell's Kitchen,16,5,1,20,0,1,0
2023-01-21 17:00:00,7.0,8.0,2.0,13.0,15.866666666666667,13.266666666666667,Hell's Kitchen,17,5,1,20,0,1,0
2023-01-21 18:00:00,8.0,7.0,7.0,10.0,16.2,13.209523809523809,Hell's Kitchen,18,5,1,20,0,1,0
2023-01-21 19:00:00,5.0,8.0,13.0,11.0,16.266666666666666,13.19047619047619,Hell's Kitchen,19,5,1,20,0,1,0
2023-01-21 20:00:00,7.0,5.0,10.0,9.0,15.733333333333333,13.133333333333333,Hell's Kitchen,20,5,1,20,0,1,0
2023-01-22 06:00:00,7.0,,0.0,3.0,15.533333333333333,13.114285714285714,Hell's Kitchen,6,6,1,21,0,1,0
2023-01-22 07:00:00,9.0,7.0,0.0,38.0,16.0,13.152380952380952,Hell's Kitchen,7,6,1,21,0,1,0
2023-01-22 08:00:00,16.0,9.0,55.0,24.0,16.6,12.876190476190477,Hell's Kitchen,8,6,1,21,0,1,0
2023-01-22 09:00:00,16.0,16.0,45.0,33.0,14.0,12.8,Hell's Kitchen,9,6,1,21,0,1,0
2023-01-22 10:00:00,13.0,16.0,52.0,27.0,12.066666666666666,12.638095238095238,Hell's Kitchen,10,6,1,21,0,1,0
2023-01-22 11:00:00,11.0,13.0,3.0,18.0,9.466666666666667,12.504761904761905,Hell's Kitchen,11,6,1,21,0,1,0
2023-01-22 12:00:00,9.0,11.0,15.0,7.0,10.0,12.438095238095238,Hell's Kitchen,12,6,1,21,0,1,0
2023-01-22 13:00:00,6.0,9.0,12.0,7.0,9.6,12.457142857142857,Hell's Kitchen,13,6,1,21,0,1,0
2023-01-22 14:00:00,9.0,6.0,11.0,9.0,9.2,12.447619047619048,Hell's Kitchen,14,6,1,21,0,1,0
2023-01-22 15:00:00,8.0,9.0,5.0,6.0,9.066666666666666,12.447619047619048,Hell's Kitchen,15,6,1,21,0,1,0
2023-01-22 16:00:00,8.0,8.0,8.0,5.0,9.266666666666667,12.466666666666667,Hell's Kitchen,16,6,1,21,0,1,0
2023-01-22 17:00:00,6.0,8.0,7.0,10.0,9.266666666666667,12.495238095238095,Hell's Kitchen,17,6,1,21,0,1,0
2023-01-22 18:00:00,9.0,6.0,8.0,7.0,9.2,12.457142857142857,Hell's Kitchen,18,6,1,21,0,1,0
2023-01-22 19:00:00,12.0,9.0,5.0,8.0,9.266666666666667,12.476190476190476,Hell's Kitchen,19,6,1,21,0,1,0
2023-01-22 20:00:00,0.0,12.0,7.0,0.0,9.733333333333333,12.514285714285714,Hell's Kitchen,20,6,1,21,0,1,0
2023-01-23 06:00:00,8.0,,7.0,13.0,9.266666666666667,12.514285714285714,Hell's Kitchen,6,0,0,22,0,1,0
2023-01-23 07:00:00,26.0,8.0,9.0,35.0,9.333333333333334,12.466666666666667,Hell's Kitchen,7,0,0,22,0,1,0
2023-01-23 08:00:00,31.0,26.0,16.0,32.0,10.466666666666667,12.380952380952381,Hell's Kitchen,8,0,0,22,0,1,0
2023-01-23 09:00:00,28.0,31.0,16.0,26.0,11.466666666666667,12.371428571428572,Hell's Kitchen,9,0,0,22,0,1,0
2023-01-23 10:00:00,17.0,28.0,13.0,28.0,12.266666666666667,12.39047619047619,Hell's Kitchen,10,0,0,22,0,1,0
2023-01-23 11:00:00,27.0,17.0,11.0,13.0,12.533333333333333,12.285714285714286,Hell's Kitchen,11,0,0,22,0,1,0
2023-01-23 12:00:00,10.0,27.0,9.0,7.0,13.6,12.41904761904762,Hell's Kitchen,12,0,0,22,0,1,0
2023-01-23 13:00:00,5.0,10.0,6.0,8.0,13.666666666666666,12.447619047619048,Hell's Kitchen,13,0,0,22,0,1,0
2023-01-23 14:00:00,17.0,5.0,9.0,10.0,13.6,12.41904761904762,Hell's Kitchen,14,0,0,22,0,1,0
2023-01-23 15:00:00,5.0,17.0,8.0,5.0,14.133333333333333,12.485714285714286,Hell's Kitchen,15,0,0,22,0,1,0
2023-01-23 16:00:00,8.0,5.0,8.0,6.0,13.933333333333334,12.485714285714286,Hell's Kitchen,16,0,0,22,0,1,0
2023-01-23 17:00:00,13.0,8.0,6.0,10.0,13.933333333333334,12.504761904761905,Hell's Kitchen,17,0,0,22,0,1,0
2023-01-23 18:00:00,11.0,13.0,9.0,8.0,14.4,12.533333333333333,Hell's Kitchen,18,0,0,22,0,1,0
2023-01-23 19:00:00,11.0,11.0,12.0,5.0,14.533333333333333,12.561904761904762,Hell's Kitchen,19,0,0,22,0,1,0
2023-01-23 20:00:00,0.0,11.0,0.0,0.0,14.466666666666667,12.619047619047619,Hell's Kitchen,20,0,0,22,0,1,0
2023-01-24 06:00:00,11.0,,8.0,8.0,14.466666666666667,12.619047619047619,Hell's Kitchen,6,1,0,23,0,1,0
2023-01-24 07:00:00,23.0,11.0,26.0,17.0,14.666666666666666,12.647619047619047,Hell's Kitchen,7,1,0,23,0,1,0
2023-01-24 08:00:00,24.0,23.0,31.0,22.0,14.466666666666667,12.704761904761904,Hell's Kitchen,8,1,0,23,0,1,0
2023-01-24 09:00:00,15.0,24.0,28.0,29.0,14.0,12.723809523809523,Hell's Kitchen,9,1,0,23,0,1,0
2023-01-24 10:00:00,21.0,15.0,17.0,25.0,13.133333333333333,12.59047619047619,Hell's Kitchen,10,1,0,23,0,1,0
2023-01-24 11:00:00,7.0,21.0,27.0,7.0,13.4,12.552380952380952,Hell's Kitchen,11,1,0,23,0,1,0
2023-01-24 12:00:00,10.0,7.0,10.0,3.0,12.066666666666666,12.552380952380952,Hell's Kitchen,12,1,0,23,0,1,0
2023-01-24 13:00:00,9.0,10.0,5.0,6.0,12.066666666666666,12.619047619047619,Hell's Kitchen,13,1,0,23,0,1,0
2023-01-24 14:00:00,8.0,9.0,17.0,8.0,12.333333333333334,12.647619047619047,Hell's Kitchen,14,1,0,23,0,1,0
2023-01-24 15:00:00,14.0,8.0,5.0,2.0,11.733333333333333,12.647619047619047,Hell's Kitchen,15,1,0,23,0,1,0
2023-01-24 16:00:00,10.0,14.0,8.0,3.0,12.333333333333334,12.761904761904763,Hell's Kitchen,16,1,0,23,0,1,0
2023-01-24 17:00:00,6.0,10.0,13.0,2.0,12.466666666666667,12.82857142857143,Hell's Kitchen,17,1,0,23,0,1,0
2023-01-24 18:00:00,8.0,6.0,11.0,1.0,12.0,12.866666666666667,Hell's Kitchen,18,1,0,23,0,1,0
2023-01-24 19:00:00,7.0,8.0,11.0,5.0,11.8,12.933333333333334,Hell's Kitchen,19,1,0,23,0,1,0
2023-01-24 20:00:00,0.0,7.0,0.0,0.0,11.533333333333333,12.952380952380953,Hell's Kitchen,20,1,0,23,0,1,0
2023-01-25 06:00:00,8.0,,11.0,11.0,11.533333333333333,12.952380952380953,Hell's Kitchen,6,2,0,24,0,1,0
2023-01-25 07:00:00,20.0,8.0,23.0,21.0,11.333333333333334,12.923809523809524,Hell's Kitchen,7,2,0,24,0,1,0
2023-01-25 08:00:00,22.0,20.0,24.0,31.0,11.133333333333333,12.914285714285715,Hell's Kitchen,8,2,0,24,0,1,0
2023-01-25 09:00:00,26.0,22.0,15.0,29.0,11.0,12.82857142857143,Hell's Kitchen,9,2,0,24,0,1,0
2023-01-25 10:00:00,20.0,26.0,21.0,30.0,11.733333333333333,12.8,Hell's Kitchen,10,2,0,24,0,1,0
2023-01-25 11:00:00,15.0,20.0,7.0,16.0,11.666666666666666,12.704761904761904,Hell's Kitchen,11,2,0,24,0,1,0
2023-01-25 12:00:00,11.0,15.0,10.0,2.0,12.2,12.695238095238095,Hell's Kitchen,12,2,0,24,0,1,0
2023-01-25 13:00:00,8.0,11.0,9.0,8.0,12.266666666666667,12.780952380952382,Hell's Kitchen,13,2,0,24,0,1,0
2023-01-25 14:00:00,8.0,8.0,8.0,11.0,12.2,12.780952380952382,Hell's Kitchen,14,2,0,24,0,1,0
2023-01-25 15:00:00,5.0,8.0,14.0,5.0,12.2,12.752380952380953,Hell's Kitchen,15,2,0,24,0,1,0
2023-01-25 16:00:00,14.0,5.0,10.0,7.0,11.6,12.752380952380953,Hell's Kitchen,16,2,0,24,0,1,0
2023-01-25 17:00:00,8.0,14.0,6.0,11.0,11.866666666666667,12.81904761904762,Hell's Kitchen,17,2,0,24,0,1,0
2023-01-25 18:00:00,6.0,8.0,8.0,1.0,12.0,12.790476190476191,Hell's Kitchen,18,2,0,24,0,1,0
2023-01-25 19:00:00,9.0,6.0,7.0,5.0,11.866666666666667,12.838095238095239,Hell's Kitchen,19,2,0,24,0,1,0
2023-01-25 20:00:00,0.0,9.0,0.0,0.0,12.0,12.876190476190477,Hell's Kitchen,20,2,0,24,0,1,0
2023-01-26 06:00:00,10.0,,8.0,19.0,12.0,12.876190476190477,Hell's Kitchen,6,3,0,25,0,1,0
2023-01-26 07:00:00,28.0,10.0,20.0,34.0,12.133333333333333,12.790476190476191,Hell's Kitchen,7,3,0,25,0,1,0
2023-01-26 08:00:00,24.0,28.0,22.0,30.0,12.666666666666666,12.733333333333333,Hell's Kitchen,8,3,0,25,0,1,0
2023-01-26 09:00:00,21.0,24.0,26.0,23.0,12.8,12.676190476190476,Hell's Kitchen,9,3,0,25,0,1,0
2023-01-26 10:00:00,11.0,21.0,20.0,33.0,12.466666666666667,12.657142857142857,Hell's Kitchen,10,3,0,25,0,1,0
2023-01-26 11:00:00,16.0,11.0,15.0,11.0,11.866666666666667,12.447619047619048,Hell's Kitchen,11,3,0,25,0,1,0
2023-01-26 12:00:00,4.0,16.0,11.0,10.0,11.933333333333334,12.495238095238095,Hell's Kitchen,12,3,0,25,0,1,0
2023-01-26 13:00:00,10.0,4.0,8.0,2.0,11.466666666666667,12.438095238095238,Hell's Kitchen,13,3,0,25,0,1,0
2023-01-26 14:00:00,5.0,10.0,8.0,11.0,11.6,12.514285714285714,Hell's Kitchen,14,3,0,25,0,1,0
2023-01-26 15:00:00,11.0,5.0,5.0,10.0,11.4,12.457142857142857,Hell's Kitchen,15,3,0,25,0,1,0
2023-01-26 16:00:00,8.0,11.0,14.0,9.0,11.8,12.466666666666667,Hell's Kitchen,16,3,0,25,0,1,0
2023-01-26 17:00:00,15.0,8.0,8.0,8.0,11.4,12.457142857142857,Hell's Kitchen,17,3,0,25,0,1,0
2023-01-26 18:00:00,15.0,15.0,6.0,7.0,11.866666666666667,12.523809523809524,Hell's Kitchen,18,3,0,25,0,1,0
2023-01-26 19:00:00,7.0,15.0,9.0,5.0,12.466666666666667,12.6,Hell's Kitchen,19,3,0,25,0,1,0
2023-01-26 20:00:00,0.0,7.0,0.0,0.0,12.333333333333334,12.619047619047619,Hell's Kitchen,20,3,0,25,0,1,0
2023-01-27 06:00:00,0.0,,10.0,0.0,12.333333333333334,12.619047619047619,Hell's Kitchen,6,4,0,26,0,1,0
2023-01-27 07:00:00,0.0,0.0,28.0,0.0,11.666666666666666,12.619047619047619,Hell's Kitchen,7,4,0,26,0,1,0
2023-01-27 08:00:00,27.0,0.0,24.0,46.0,9.8,12.619047619047619,Hell's Kitchen,8,4,0,26,0,1,0
2023-01-27 09:00:00,42.0,27.0,21.0,36.0,10.0,12.438095238095238,Hell's Kitchen,9,4,0,26,0,1,0
2023-01-27 10:00:00,54.0,42.0,11.0,35.0,11.4,12.495238095238095,Hell's Kitchen,10,4,0,26,0,1,0
2023-01-27 11:00:00,4.0,54.0,16.0,2.0,14.266666666666667,12.676190476190476,Hell's Kitchen,11,4,0,26,0,1,0
2023-01-27 12:00:00,8.0,4.0,4.0,3.0,13.466666666666667,12.695238095238095,Hell's Kitchen,12,4,0,26,0,1,0
2023-01-27 13:00:00,3.0,8.0,10.0,4.0,13.733333333333333,12.742857142857142,Hell's Kitchen,13,4,0,26,0,1,0
2023-01-27 14:00:00,4.0,3.0,5.0,15.0,13.266666666666667,12.733333333333333,Hell's Kitchen,14,4,0,26,0,1,0
2023-01-27 15:00:00,6.0,4.0,11.0,14.0,13.2,12.628571428571428,Hell's Kitchen,15,4,0,26,0,1,0
2023-01-27 16:00:00,6.0,6.0,8.0,11.0,12.866666666666667,12.552380952380952,Hell's Kitchen,16,4,0,26,0,1,0
2023-01-27 17:00:00,10.0,6.0,15.0,2.0,12.733333333333333,12.504761904761905,Hell's Kitchen,17,4,0,26,0,1,0
2023-01-27 18:00:00,8.0,10.0,15.0,7.0,12.4,12.58095238095238,Hell's Kitchen,18,4,0,26,0,1,0
2023-01-27 19:00:00,6.0,8.0,7.0,13.0,11.933333333333334,12.59047619047619,Hell's Kitchen,19,4,0,26,0,1,0
2023-01-27 20:00:00,3.0,6.0,0.0,10.0,11.866666666666667,12.523809523809524,Hell's Kitchen,20,4,0,26,0,1,0
2023-01-28 06:00:00,0.0,,0.0,0.0,12.066666666666666,12.457142857142857,Hell's Kitchen,6,5,1,27,0,1,0
2023-01-28 07:00:00,0.0,0.0,0.0,0.0,12.066666666666666,12.457142857142857,Hell's Kitchen,7,5,1,27,0,1,0
2023-01-28 08:00:00,13.0,0.0,27.0,55.0,12.066666666666666,12.457142857142857,Hell's Kitchen,8,5,1,27,0,1,0
2023-01-28 09:00:00,11.0,13.0,42.0,45.0,11.133333333333333,12.057142857142857,Hell's Kitchen,9,5,1,27,0,1,0
2023-01-28 10:00:00,13.0,11.0,54.0,52.0,9.066666666666666,11.733333333333333,Hell's Kitchen,10,5,1,27,0,1,0
2023-01-28 11:00:00,11.0,13.0,4.0,3.0,6.333333333333333,11.361904761904762,Hell's Kitchen,11,5,1,27,0,1,0
2023-01-28 12:00:00,6.0,11.0,8.0,15.0,6.8,11.438095238095238,Hell's Kitchen,12,5,1,27,0,1,0
2023-01-28 13:00:00,12.0,6.0,3.0,12.0,6.666666666666667,11.352380952380953,Hell's Kitchen,13,5,1,27,0,1,0
2023-01-28 14:00:00,14.0,12.0,4.0,11.0,7.266666666666667,11.352380952380953,Hell's Kitchen,14,5,1,27,0,1,0
2023-01-28 15:00:00,15.0,14.0,6.0,5.0,7.933333333333334,11.380952380952381,Hell's Kitchen,15,5,1,27,0,1,0
2023-01-28 16:00:00,33.0,15.0,6.0,8.0,8.533333333333333,11.476190476190476,Hell's Kitchen,16,5,1,27,0,1,0
2023-01-28 17:00:00,15.0,33.0,10.0,7.0,10.333333333333334,11.714285714285714,Hell's Kitchen,17,5,1,27,0,1,0
2023-01-28 18:00:00,12.0,15.0,8.0,8.0,10.666666666666666,11.790476190476191,Hell's Kitchen,18,5,1,27,0,1,0
2023-01-28 19:00:00,7.0,12.0,6.0,5.0,10.933333333333334,11.82857142857143,Hell's Kitchen,19,5,1,27,0,1,0
2023-01-28 20:00:00,0.0,7.0,3.0,7.0,11.0,11.847619047619048,Hell's Kitchen,20,5,1,27,0,1,0
2023-01-29 06:00:00,0.0,,0.0,7.0,10.8,11.780952380952382,Hell's Kitchen,6,6,1,28,0,1,0
2023-01-29 07:00:00,0.0,0.0,0.0,9.0,10.8,11.714285714285714,Hell's Kitchen,7,6,1,28,0,1,0
2023-01-29 08:00:00,14.0,0.0,13.0,16.0,10.8,11.628571428571428,Hell's Kitchen,8,6,1,28,0,1,0
2023-01-29 09:00:00,10.0,14.0,11.0,16.0,10.866666666666667,11.60952380952381,Hell's Kitchen,9,6,1,28,0,1,0
2023-01-29 10:00:00,15.0,10.0,13.0,13.0,10.8,11.552380952380952,Hell's Kitchen,10,6,1,28,0,1,0
2023-01-29 11:00:00,11.0,15.0,11.0,11.0,10.933333333333334,11.571428571428571,Hell's Kitchen,11,6,1,28,0,1,0
2023-01-29 12:00:00,12.0,11.0,6.0,9.0,10.933333333333334,11.571428571428571,Hell's Kitchen,12,6,1,28,0,1,0
2023-01-29 13:00:00,11.0,12.0,12.0,6.0,11.333333333333334,11.6,Hell's Kitchen,13,6,1,28,0,1,0
2023-01-29 14:00:00,10.0,11.0,14.0,9.0,11.266666666666667,11.647619047619047,Hell's Kitchen,14,6,1,28,0,1,0
2023-01-29 15:00:00,14.0,10.0,15.0,8.0,11.0,11.657142857142857,Hell's Kitchen,15,6,1,28,0,1,0
2023-01-29 16:00:00,13.0,14.0,33.0,8.0,10.933333333333334,11.714285714285714,Hell's Kitchen,16,6,1,28,0,1,0
2023-01-29 17:00:00,8.0,13.0,15.0,6.0,9.6,11.761904761904763,Hell's Kitchen,17,6,1,28,0,1,0
2023-01-29 18:00:00,5.0,8.0,12.0,9.0,9.133333333333333,11.780952380952382,Hell's Kitchen,18,6,1,28,0,1,0
2023-01-29 19:00:00,12.0,5.0,7.0,12.0,8.666666666666666,11.742857142857142,Hell's Kitchen,19,6,1,28,0,1,0
2023-01-29 20:00:00,0.0,12.0,0.0,0.0,9.0,11.742857142857142,Hell's Kitchen,20,6,1,28,0,1,0
2023-01-30 06:00:00,5.0,,0.0,8.0,9.0,11.742857142857142,Hell's Kitchen,6,0,0,29,0,1,0
2023-01-30 07:00:00,14.0,5.0,0.0,26.0,9.333333333333334,11.714285714285714,Hell's Kitchen,7,0,0,29,0,1,0
2023-01-30 08:00:00,26.0,14.0,14.0,31.0,10.266666666666667,11.6,Hell's Kitchen,8,0,0,29,0,1,0
2023-01-30 09:00:00,30.0,26.0,10.0,28.0,11.066666666666666,11.552380952380952,Hell's Kitchen,9,0,0,29,0,1,0
2023-01-30 10:00:00,18.0,30.0,15.0,17.0,12.4,11.571428571428571,Hell's Kitchen,10,0,0,29,0,1,0
2023-01-30 11:00:00,11.0,18.0,11.0,27.0,12.6,11.58095238095238,Hell's Kitchen,11,0,0,29,0,1,0
2023-01-30 12:00:00,7.0,11.0,12.0,10.0,12.6,11.428571428571429,Hell's Kitchen,12,0,0,29,0,1,0
2023-01-30 13:00:00,8.0,7.0,11.0,5.0,12.266666666666667,11.4,Hell's Kitchen,13,0,0,29,0,1,0
2023-01-30 14:00:00,11.0,8.0,10.0,17.0,12.066666666666666,11.428571428571429,Hell's Kitchen,14,0,0,29,0,1,0
2023-01-30 15:00:00,8.0,11.0,14.0,5.0,12.133333333333333,11.371428571428572,Hell's Kitchen,15,0,0,29,0,1,0
2023-01-30 16:00:00,5.0,8.0,13.0,8.0,11.733333333333333,11.4,Hell's Kitchen,16,0,0,29,0,1,0
2023-01-30 17:00:00,8.0,5.0,8.0,13.0,11.2,11.371428571428572,Hell's Kitchen,17,0,0,29,0,1,0
2023-01-30 18:00:00,8.0,8.0,5.0,11.0,11.2,11.323809523809524,Hell's Kitchen,18,0,0,29,0,1,0
2023-01-30 19:00:00,5.0,8.0,12.0,11.0,11.4,11.295238095238096,Hell's Kitchen,19,0,0,29,0,1,0
2023-01-30 20:00:00,2.0,5.0,0.0,0.0,10.933333333333334,11.238095238095237,Hell's Kitchen,20,0,0,29,0,1,0
2023-01-31 06:00:00,8.0,,5.0,11.0,11.066666666666666,11.257142857142858,Hell's Kitchen,6,1,0,30,0,1,0
2023-01-31 07:00:00,11.0,8.0,14.0,23.0,11.266666666666667,11.228571428571428,Hell's Kitchen,7,1,0,30,0,1,0
2023-01-31 08:00:00,27.0,11.0,26.0,24.0,11.066666666666666,11.114285714285714,Hell's Kitchen,8,1,0,30,0,1,0
2023-01-31 09:00:00,28.0,27.0,30.0,15.0,11.133333333333333,11.142857142857142,Hell's Kitchen,9,1,0,30,0,1,0
2023-01-31 10:00:00,21.0,28.0,18.0,21.0,11.0,11.266666666666667,Hell's Kitchen,10,1,0,30,0,1,0
2023-01-31 11:00:00,20.0,21.0,11.0,7.0,11.2,11.266666666666667,Hell's Kitchen,11,1,0,30,0,1,0
2023-01-31 12:00:00,10.0,20.0,7.0,10.0,11.8,11.39047619047619,Hell's Kitchen,12,1,0,30,0,1,0
2023-01-31 13:00:00,6.0,10.0,8.0,9.0,12.0,11.39047619047619,Hell's Kitchen,13,1,0,30,0,1,0
2023-01-31 14:00:00,5.0,6.0,11.0,8.0,11.866666666666667,11.361904761904762,Hell's Kitchen,14,1,0,30,0,1,0
2023-01-31 15:00:00,3.0,5.0,8.0,14.0,11.466666666666667,11.333333333333334,Hell's Kitchen,15,1,0,30,0,1,0
2023-01-31 16:00:00,2.0,3.0,5.0,10.0,11.133333333333333,11.228571428571428,Hell's Kitchen,16,1,0,30,0,1,0
2023-01-31 17:00:00,6.0,2.0,8.0,6.0,10.933333333333334,11.152380952380952,Hell's Kitchen,17,1,0,30,0,1,0
2023-01-31 18:00:00,6.0,6.0,8.0,8.0,10.8,11.152380952380952,Hell's Kitchen,18,1,0,30,0,1,0
2023-01-31 19:00:00,4.0,6.0,5.0,7.0,10.666666666666666,11.133333333333333,Hell's Kitchen,19,1,0,30,0,1,0
2023-01-31 20:00:00,2.0,4.0,2.0,0.0,10.6,11.104761904761904,Hell's Kitchen,20,1,0,30,0,1,0
2023-02-01 06:00:00,0.0,,8.0,8.0,10.6,11.123809523809523,Hell's Kitchen,6,2,0,31,0,1,0
2023-02-01 07:00:00,0.0,0.0,11.0,20.0,10.066666666666666,11.047619047619047,Hell's Kitchen,7,2,0,31,0,1,0
2023-02-01 08:00:00,12.0,0.0,27.0,22.0,9.333333333333334,10.857142857142858,Hell's Kitchen,8,2,0,31,0,1,0
2023-02-01 09:00:00,9.0,12.0,28.0,26.0,8.333333333333334,10.761904761904763,Hell's Kitchen,9,2,0,31,0,1,0
2023-02-01 10:00:00,15.0,9.0,21.0,20.0,7.066666666666666,10.6,Hell's Kitchen,10,2,0,31,0,1,0
2023-02-01 11:00:00,15.0,15.0,20.0,15.0,6.666666666666667,10.552380952380952,Hell's Kitchen,11,2,0,31,0,1,0
2023-02-01 12:00:00,15.0,15.0,10.0,11.0,6.333333333333333,10.552380952380952,Hell's Kitchen,12,2,0,31,0,1,0
2023-02-01 13:00:00,17.0,15.0,6.0,8.0,6.666666666666667,10.59047619047619,Hell's Kitchen,13,2,0,31,0,1,0
2023-02-01 14:00:00,12.0,17.0,5.0,8.0,7.4,10.676190476190476,Hell's Kitchen,14,2,0,31,0,1,0
2023-02-01 15:00:00,15.0,12.0,3.0,5.0,7.866666666666666,10.714285714285714,Hell's Kitchen,15,2,0,31,0,1,0
2023-02-01 16:00:00,15.0,15.0,2.0,14.0,8.666666666666666,10.80952380952381,Hell's Kitchen,16,2,0,31,0,1,0
2023-02-01 17:00:00,19.0,15.0,6.0,8.0,9.533333333333333,10.81904761904762,Hell's Kitchen,17,2,0,31,0,1,0
2023-02-01 18:00:00,20.0,19.0,6.0,6.0,10.4,10.923809523809524,Hell's Kitchen,18,2,0,31,0,1,0
2023-02-01 19:00:00,15.0,20.0,4.0,9.0,11.333333333333334,11.057142857142857,Hell's Kitchen,19,2,0,31,0,1,0
2023-02-01 20:00:00,0.0,15.0,2.0,0.0,12.066666666666666,11.114285714285714,Hell's Kitchen,20,2,0,31,0,1,0
2023-02-02 06:00:00,0.0,,0.0,10.0,11.933333333333334,11.114285714285714,Hell's Kitchen,6,3,0,32,0,1,0
2023-02-02 07:00:00,0.0,0.0,0.0,28.0,11.933333333333334,11.019047619047619,Hell's Kitchen,7,3,0,32,0,1,0
2023-02-02 08:00:00,18.0,0.0,12.0,24.0,11.933333333333334,10.752380952380953,Hell's Kitchen,8,3,0,32,0,1,0
2023-02-02 09:00:00,18.0,18.0,9.0,21.0,12.333333333333334,10.695238095238095,Hell's Kitchen,9,3,0,32,0,1,0
2023-02-02 10:00:00,20.0,18.0,15.0,11.0,12.933333333333334,10.666666666666666,Hell's Kitchen,10,3,0,32,0,1,0
2023-02-02 11:00:00,17.0,20.0,15.0,16.0,13.266666666666667,10.752380952380953,Hell's Kitchen,11,3,0,32,0,1,0
2023-02-02 12:00:00,12.0,17.0,15.0,4.0,13.4,10.761904761904763,Hell's Kitchen,12,3,0,32,0,1,0
2023-02-02 13:00:00,23.0,12.0,17.0,10.0,13.2,10.838095238095239,Hell's Kitchen,13,3,0,32,0,1,0
2023-02-02 14:00:00,16.0,23.0,12.0,5.0,13.6,10.961904761904762,Hell's Kitchen,14,3,0,32,0,1,0
2023-02-02 15:00:00,20.0,16.0,15.0,11.0,13.866666666666667,11.066666666666666,Hell's Kitchen,15,3,0,32,0,1,0
2023-02-02 16:00:00,15.0,20.0,15.0,8.0,14.2,11.152380952380952,Hell's Kitchen,16,3,0,32,0,1,0
2023-02-02 17:00:00,18.0,15.0,19.0,15.0,14.2,11.219047619047618,Hell's Kitchen,17,3,0,32,0,1,0
2023-02-02 18:00:00,13.0,18.0,20.0,15.0,14.133333333333333,11.247619047619047,Hell's Kitchen,18,3,0,32,0,1,0
2023-02-02 19:00:00,10.0,13.0,15.0,7.0,13.666666666666666,11.228571428571428,Hell's Kitchen,19,3,0,32,0,1,0
2023-02-02 20:00:00,0.0,10.0,0.0,0.0,13.333333333333334,11.257142857142858,Hell's Kitchen,20,3,0,32,0,1,0
2023-02-03 06:00:00,0.0,,0.0,0.0,13.333333333333334,11.257142857142858,Hell's Kitchen,6,4,0,33,0,1,0
2023-02-03 07:00:00,0.0,0.0,0.0,0.0,13.333333333333334,11.257142857142858,Hell's Kitchen,7,4,0,33,0,1,0
2023-02-03 08:00:00,17.0,0.0,18.0,27.0,13.333333333333334,11.257142857142858,Hell's Kitchen,8,4,0,33,0,1,0
2023-02-03 09:00:00,13.0,17.0,18.0,42.0,13.266666666666667,11.161904761904761,Hell's Kitchen,9,4,0,33,0,1,0
2023-02-03 10:00:00,16.0,13.0,20.0,54.0,12.933333333333334,10.885714285714286,Hell's Kitchen,10,4,0,33,0,1,0
2023-02-03 11:00:00,17.0,16.0,17.0,4.0,12.666666666666666,10.523809523809524,Hell's Kitchen,11,4,0,33,0,1,0
2023-02-03 12:00:00,24.0,17.0,12.0,8.0,12.666666666666666,10.647619047619047,Hell's Kitchen,12,4,0,33,0,1,0
2023-02-03 13:00:00,12.0,24.0,23.0,3.0,13.466666666666667,10.8,Hell's Kitchen,13,4,0,33,0,1,0
2023-02-03 14:00:00,19.0,12.0,16.0,4.0,12.733333333333333,10.885714285714286,Hell's Kitchen,14,4,0,33,0,1,0
2023-02-03 15:00:00,18.0,19.0,20.0,6.0,12.933333333333334,11.028571428571428,Hell's Kitchen,15,4,0,33,0,1,0
2023-02-03 16:00:00,11.0,18.0,15.0,6.0,12.8,11.142857142857142,Hell's Kitchen,16,4,0,33,0,1,0
2023-02-03 17:00:00,15.0,11.0,18.0,10.0,12.533333333333333,11.19047619047619,Hell's Kitchen,17,4,0,33,0,1,0
2023-02-03 18:00:00,25.0,15.0,13.0,8.0,12.333333333333334,11.238095238095237,Hell's Kitchen,18,4,0,33,0,1,0
2023-02-03 19:00:00,15.0,25.0,10.0,6.0,13.133333333333333,11.4,Hell's Kitchen,19,4,0,33,0,1,0
2023-02-03 20:00:00,0.0,15.0,0.0,3.0,13.466666666666667,11.485714285714286,Hell's Kitchen,20,4,0,33,0,1,0
2023-02-04 06:00:00,0.0,,0.0,0.0,13.466666666666667,11.457142857142857,Hell's Kitchen,6,5,1,34,0,1,0
2023-02-04 07:00:00,0.0,0.0,0.0,0.0,13.466666666666667,11.457142857142857,Hell's Kitchen,7,5,1,34,0,1,0
2023-02-04 08:00:00,19.0,0.0,17.0,13.0,13.466666666666667,11.457142857142857,Hell's Kitchen,8,5,1,34,0,1,0
2023-02-04 09:00:00,20.0,19.0,13.0,11.0,13.6,11.514285714285714,Hell's Kitchen,9,5,1,34,0,1,0
2023-02-04 10:00:00,15.0,20.0,16.0,13.0,14.066666666666666,11.6,Hell's Kitchen,10,5,1,34,0,1,0
2023-02-04 11:00:00,19.0,15.0,17.0,11.0,14.0,11.619047619047619,Hell's Kitchen,11,5,1,34,0,1,0
2023-02-04 12:00:00,15.0,19.0,24.0,6.0,14.133333333333333,11.695238095238095,Hell's Kitchen,12,5,1,34,0,1,0
2023-02-04 13:00:00,19.0,15.0,12.0,12.0,13.533333333333333,11.780952380952382,Hell's Kitchen,13,5,1,34,0,1,0
2023-02-04 14:00:00,22.0,19.0,19.0,14.0,14.0,11.847619047619048,Hell's Kitchen,14,5,1,34,0,1,0
2023-02-04 15:00:00,6.0,22.0,18.0,15.0,14.2,11.923809523809524,Hell's Kitchen,15,5,1,34,0,1,0
2023-02-04 16:00:00,16.0,6.0,11.0,33.0,13.4,11.838095238095239,Hell's Kitchen,16,5,1,34,0,1,0
2023-02-04 17:00:00,15.0,16.0,15.0,15.0,13.733333333333333,11.676190476190476,Hell's Kitchen,17,5,1,34,0,1,0
2023-02-04 18:00:00,15.0,15.0,25.0,12.0,13.733333333333333,11.676190476190476,Hell's Kitchen,18,5,1,34,0,1,0
2023-02-04 19:00:00,19.0,15.0,15.0,7.0,13.066666666666666,11.704761904761904,Hell's Kitchen,19,5,1,34,0,1,0
2023-02-04 20:00:00,0.0,19.0,0.0,0.0,13.333333333333334,11.81904761904762,Hell's Kitchen,20,5,1,34,0,1,0
2023-02-05 06:00:00,0.0,,0.0,0.0,13.333333333333334,11.81904761904762,Hell's Kitchen,6,6,1,35,0,1,0
2023-02-05 07:00:00,0.0,0.0,0.0,0.0,13.333333333333334,11.81904761904762,Hell's Kitchen,7,6,1,35,0,1,0
2023-02-05 08:00:00,17.0,0.0,19.0,14.0,13.333333333333334,11.81904761904762,Hell's Kitchen,8,6,1,35,0,1,0
2023-02-05 09:00:00,17.0,17.0,20.0,10.0,13.2,11.847619047619048,Hell's Kitchen,9,6,1,35,0,1,0
2023-02-05 10:00:00,13.0,17.0,15.0,15.0,13.0,11.914285714285715,Hell's Kitchen,10,6,1,35,0,1,0
2023-02-05 11:00:00,9.0,13.0,19.0,11.0,12.866666666666667,11.895238095238096,Hell's Kitchen,11,6,1,35,0,1,0
2023-02-05 12:00:00,13.0,9.0,15.0,12.0,12.2,11.876190476190477,Hell's Kitchen,12,6,1,35,0,1,0
2023-02-05 13:00:00,9.0,13.0,19.0,11.0,12.066666666666666,11.885714285714286,Hell's Kitchen,13,6,1,35,0,1,0
2023-02-05 14:00:00,11.0,9.0,22.0,10.0,11.4,11.866666666666667,Hell's Kitchen,14,6,1,35,0,1,0
2023-02-05 15:00:00,11.0,11.0,6.0,14.0,10.666666666666666,11.876190476190477,Hell's Kitchen,15,6,1,35,0,1,0
2023-02-05 16:00:00,20.0,11.0,16.0,13.0,11.0,11.847619047619048,Hell's Kitchen,16,6,1,35,0,1,0
2023-02-05 17:00:00,20.0,20.0,15.0,8.0,11.266666666666667,11.914285714285715,Hell's Kitchen,17,6,1,35,0,1,0
2023-02-05 18:00:00,9.0,20.0,15.0,5.0,11.6,12.028571428571428,Hell's Kitchen,18,6,1,35,0,1,0
2023-02-05 19:00:00,12.0,9.0,19.0,12.0,11.2,12.066666666666666,Hell's Kitchen,19,6,1,35,0,1,0
2023-02-05 20:00:00,0.0,12.0,0.0,0.0,10.733333333333333,12.066666666666666,Hell's Kitchen,20,6,1,35,0,1,0
2023-02-06 06:00:00,0.0,,0.0,5.0,10.733333333333333,12.066666666666666,Hell's Kitchen,6,0,0,36,0,1,0
2023-02-06 07:00:00,0.0,0.0,0.0,14.0,10.733333333333333,12.019047619047619,Hell's Kitchen,7,0,0,36,0,1,0
2023-02-06 08:00:00,11.0,0.0,17.0,26.0,10.733333333333333,11.885714285714286,Hell's Kitchen,8,0,0,36,0,1,0
2023-02-06 09:00:00,16.0,11.0,17.0,30.0,10.333333333333334,11.742857142857142,Hell's Kitchen,9,0,0,36,0,1,0
2023-02-06 10:00:00,9.0,16.0,13.0,18.0,10.266666666666667,11.60952380952381,Hell's Kitchen,10,0,0,36,0,1,0
2023-02-06 11:00:00,16.0,9.0,9.0,11.0,10.0,11.523809523809524,Hell's Kitchen,11,0,0,36,0,1,0
2023-02-06 12:00:00,13.0,16.0,13.0,7.0,10.466666666666667,11.571428571428571,Hell's Kitchen,12,0,0,36,0,1,0
2023-02-06 13:00:00,14.0,13.0,9.0,8.0,10.466666666666667,11.628571428571428,Hell's Kitchen,13,0,0,36,0,1,0
2023-02-06 14:00:00,20.0,14.0,11.0,11.0,10.8,11.685714285714285,Hell's Kitchen,14,0,0,36,0,1,0
2023-02-06 15:00:00,16.0,20.0,11.0,8.0,11.4,11.771428571428572,Hell's Kitchen,15,0,0,36,0,1,0
2023-02-06 16:00:00,21.0,16.0,20.0,5.0,11.733333333333333,11.847619047619048,Hell's Kitchen,16,0,0,36,0,1,0
2023-02-06 17:00:00,15.0,21.0,20.0,8.0,11.8,12.0,Hell's Kitchen,17,0,0,36,0,1,0
2023-02-06 18:00:00,18.0,15.0,9.0,8.0,11.466666666666667,12.066666666666666,Hell's Kitchen,18,0,0,36,0,1,0
2023-02-06 19:00:00,13.0,18.0,12.0,5.0,12.066666666666666,12.161904761904761,Hell's Kitchen,19,0,0,36,0,1,0
2023-02-06 20:00:00,0.0,13.0,0.0,2.0,12.133333333333333,12.238095238095237,Hell's Kitchen,20,0,0,36,0,1,0
2023-02-07 06:00:00,0.0,,0.0,8.0,12.133333333333333,12.219047619047618,Hell's Kitchen,6,1,0,37,0,1,0
2023-02-07 07:00:00,0.0,0.0,0.0,11.0,12.133333333333333,12.142857142857142,Hell's Kitchen,7,1,0,37,0,1,0
2023-02-07 08:00:00,34.0,0.0,11.0,27.0,12.133333333333333,12.038095238095238,Hell's Kitchen,8,1,0,37,0,1,0
2023-02-07 09:00:00,28.0,34.0,16.0,28.0,13.666666666666666,12.104761904761904,Hell's Kitchen,9,1,0,37,0,1,0
2023-02-07 10:00:00,36.0,28.0,9.0,21.0,14.466666666666667,12.104761904761904,Hell's Kitchen,10,1,0,37,0,1,0
2023-02-07 11:00:00,10.0,36.0,16.0,20.0,16.266666666666666,12.247619047619047,Hell's Kitchen,11,1,0,37,0,1,0
2023-02-07 12:00:00,13.0,10.0,13.0,10.0,15.866666666666667,12.152380952380952,Hell's Kitchen,12,1,0,37,0,1,0
2023-02-07 13:00:00,4.0,13.0,14.0,6.0,15.866666666666667,12.18095238095238,Hell's Kitchen,13,1,0,37,0,1,0
2023-02-07 14:00:00,11.0,4.0,20.0,5.0,15.2,12.161904761904761,Hell's Kitchen,14,1,0,37,0,1,0
2023-02-07 15:00:00,7.0,11.0,16.0,3.0,14.6,12.219047619047618,Hell's Kitchen,15,1,0,37,0,1,0
2023-02-07 16:00:00,4.0,7.0,21.0,2.0,14.0,12.257142857142858,Hell's Kitchen,16,1,0,37,0,1,0
2023-02-07 17:00:00,18.0,4.0,15.0,6.0,12.866666666666667,12.276190476190477,Hell's Kitchen,17,1,0,37,0,1,0
2023-02-07 18:00:00,15.0,18.0,18.0,6.0,13.066666666666666,12.39047619047619,Hell's Kitchen,18,1,0,37,0,1,0
2023-02-07 19:00:00,9.0,15.0,13.0,4.0,12.866666666666667,12.476190476190476,Hell's Kitchen,19,1,0,37,0,1,0
2023-02-07 20:00:00,14.0,9.0,0.0,2.0,12.6,12.523809523809524,Hell's Kitchen,20,1,0,37,0,1,0
2023-02-08 06:00:00,8.0,,0.0,0.0,13.533333333333333,12.638095238095238,Hell's Kitchen,6,2,0,38,0,1,0
2023-02-08 07:00:00,18.0,8.0,0.0,0.0,14.066666666666666,12.714285714285714,Hell's Kitchen,7,2,0,38,0,1,0
2023-02-08 08:00:00,16.0,18.0,34.0,12.0,15.266666666666667,12.885714285714286,Hell's Kitchen,8,2,0,38,0,1,0
2023-02-08 09:00:00,30.0,16.0,28.0,9.0,14.066666666666666,12.923809523809524,Hell's Kitchen,9,2,0,38,0,1,0
2023-02-08 10:00:00,35.0,30.0,36.0,15.0,14.2,13.123809523809523,Hell's Kitchen,10,2,0,38,0,1,0
2023-02-08 11:00:00,20.0,35.0,10.0,15.0,14.133333333333333,13.314285714285715,Hell's Kitchen,11,2,0,38,0,1,0
2023-02-08 12:00:00,11.0,20.0,13.0,15.0,14.8,13.361904761904762,Hell's Kitchen,12,2,0,38,0,1,0
2023-02-08 13:00:00,14.0,11.0,4.0,17.0,14.666666666666666,13.323809523809524,Hell's Kitchen,13,2,0,38,0,1,0
2023-02-08 14:00:00,11.0,14.0,11.0,12.0,15.333333333333334,13.295238095238096,Hell's Kitchen,14,2,0,38,0,1,0
2023-02-08 15:00:00,1.0,11.0,7.0,15.0,15.333333333333334,13.285714285714286,Hell's Kitchen,15,2,0,38,0,1,0
2023-02-08 16:00:00,20.0,1.0,4.0,15.0,14.933333333333334,13.152380952380952,Hell's Kitchen,16,2,0,38,0,1,0
2023-02-08 17:00:00,8.0,20.0,18.0,19.0,16.0,13.2,Hell's Kitchen,17,2,0,38,0,1,0
2023-02-08 18:00:00,8.0,8.0,15.0,20.0,15.333333333333334,13.095238095238095,Hell's Kitchen,18,2,0,38,0,1,0
2023-02-08 19:00:00,9.0,8.0,9.0,15.0,14.866666666666667,12.980952380952381,Hell's Kitchen,19,2,0,38,0,1,0
2023-02-08 20:00:00,0.0,9.0,14.0,0.0,14.866666666666667,12.923809523809524,Hell's Kitchen,20,2,0,38,0,1,0
2023-02-09 06:00:00,11.0,,8.0,0.0,13.933333333333334,12.923809523809524,Hell's Kitchen,6,3,0,39,0,1,0
2023-02-09 07:00:00,26.0,11.0,18.0,0.0,14.133333333333333,13.028571428571428,Hell's Kitchen,7,3,0,39,0,1,0
2023-02-09 08:00:00,22.0,26.0,16.0,18.0,14.666666666666666,13.276190476190477,Hell's Kitchen,8,3,0,39,0,1,0
2023-02-09 09:00:00,29.0,22.0,30.0,18.0,15.066666666666666,13.314285714285715,Hell's Kitchen,9,3,0,39,0,1,0
2023-02-09 10:00:00,32.0,29.0,35.0,20.0,15.0,13.41904761904762,Hell's Kitchen,10,3,0,39,0,1,0
2023-02-09 11:00:00,31.0,32.0,20.0,17.0,14.8,13.533333333333333,Hell's Kitchen,11,3,0,39,0,1,0
2023-02-09 12:00:00,7.0,31.0,11.0,12.0,15.533333333333333,13.666666666666666,Hell's Kitchen,12,3,0,39,0,1,0
2023-02-09 13:00:00,8.0,7.0,14.0,23.0,15.266666666666667,13.619047619047619,Hell's Kitchen,13,3,0,39,0,1,0
2023-02-09 14:00:00,9.0,8.0,11.0,16.0,14.866666666666667,13.476190476190476,Hell's Kitchen,14,3,0,39,0,1,0
2023-02-09 15:00:00,7.0,9.0,1.0,20.0,14.733333333333333,13.40952380952381,Hell's Kitchen,15,3,0,39,0,1,0
2023-02-09 16:00:00,5.0,7.0,20.0,15.0,15.133333333333333,13.285714285714286,Hell's Kitchen,16,3,0,39,0,1,0
2023-02-09 17:00:00,8.0,5.0,8.0,18.0,14.133333333333333,13.19047619047619,Hell's Kitchen,17,3,0,39,0,1,0
2023-02-09 18:00:00,4.0,8.0,8.0,13.0,14.133333333333333,13.095238095238095,Hell's Kitchen,18,3,0,39,0,1,0
2023-02-09 19:00:00,10.0,4.0,9.0,10.0,13.866666666666667,13.00952380952381,Hell's Kitchen,19,3,0,39,0,1,0
2023-02-09 20:00:00,0.0,10.0,0.0,0.0,13.933333333333334,13.00952380952381,Hell's Kitchen,20,3,0,39,0,1,0
2023-02-10 06:00:00,22.0,,11.0,0.0,13.933333333333334,13.00952380952381,Hell's Kitchen,6,4,0,40,0,1,0
2023-02-10 07:00:00,26.0,22.0,26.0,0.0,14.666666666666666,13.219047619047618,Hell's Kitchen,7,4,0,40,0,1,0
2023-02-10 08:00:00,22.0,26.0,22.0,17.0,14.666666666666666,13.466666666666667,Hell's Kitchen,8,4,0,40,0,1,0
2023-02-10 09:00:00,33.0,22.0,29.0,13.0,14.666666666666666,13.514285714285714,Hell's Kitchen,9,4,0,40,0,1,0
2023-02-10 10:00:00,28.0,33.0,32.0,16.0,14.933333333333334,13.704761904761904,Hell's Kitchen,10,4,0,40,0,1,0
2023-02-10 11:00:00,16.0,28.0,31.0,17.0,14.666666666666666,13.81904761904762,Hell's Kitchen,11,4,0,40,0,1,0
2023-02-10 12:00:00,4.0,16.0,7.0,24.0,13.666666666666666,13.80952380952381,Hell's Kitchen,12,4,0,40,0,1,0
2023-02-10 13:00:00,11.0,4.0,8.0,12.0,13.466666666666667,13.619047619047619,Hell's Kitchen,13,4,0,40,0,1,0
2023-02-10 14:00:00,8.0,11.0,9.0,19.0,13.666666666666666,13.60952380952381,Hell's Kitchen,14,4,0,40,0,1,0
2023-02-10 15:00:00,9.0,8.0,7.0,18.0,13.6,13.504761904761905,Hell's Kitchen,15,4,0,40,0,1,0
2023-02-10 16:00:00,11.0,9.0,5.0,11.0,13.733333333333333,13.41904761904762,Hell's Kitchen,16,4,0,40,0,1,0
2023-02-10 17:00:00,20.0,11.0,8.0,15.0,14.133333333333333,13.41904761904762,Hell's Kitchen,17,4,0,40,0,1,0
2023-02-10 18:00:00,12.0,20.0,4.0,25.0,14.933333333333334,13.466666666666667,Hell's Kitchen,18,4,0,40,0,1,0
2023-02-10 19:00:00,9.0,12.0,10.0,15.0,15.466666666666667,13.342857142857143,Hell's Kitchen,19,4,0,40,0,1,0
2023-02-10 20:00:00,0.0,9.0,0.0,0.0,15.4,13.285714285714286,Hell's Kitchen,20,4,0,40,0,1,0
2023-02-11 06:00:00,17.0,,22.0,0.0,15.4,13.285714285714286,Hell's Kitchen,6,5,1,41,0,1,0
2023-02-11 07:00:00,29.0,17.0,26.0,0.0,15.066666666666666,13.447619047619048,Hell's Kitchen,7,5,1,41,0,1,0
2023-02-11 08:00:00,33.0,29.0,22.0,19.0,15.266666666666667,13.723809523809523,Hell's Kitchen,8,5,1,41,0,1,0
2023-02-11 09:00:00,18.0,33.0,33.0,20.0,16.0,13.857142857142858,Hell's Kitchen,9,5,1,41,0,1,0
2023-02-11 10:00:00,27.0,18.0,28.0,15.0,15.0,13.838095238095239,Hell's Kitchen,10,5,1,41,0,1,0
2023-02-11 11:00:00,13.0,27.0,16.0,19.0,14.933333333333334,13.952380952380953,Hell's Kitchen,11,5,1,41,0,1,0
2023-02-11 12:00:00,8.0,13.0,4.0,15.0,14.733333333333333,13.895238095238096,Hell's Kitchen,12,5,1,41,0,1,0
2023-02-11 13:00:00,6.0,8.0,11.0,19.0,15.0,13.82857142857143,Hell's Kitchen,13,5,1,41,0,1,0
2023-02-11 14:00:00,14.0,6.0,8.0,22.0,14.666666666666666,13.704761904761904,Hell's Kitchen,14,5,1,41,0,1,0
2023-02-11 15:00:00,11.0,14.0,9.0,6.0,15.066666666666666,13.628571428571428,Hell's Kitchen,15,5,1,41,0,1,0
2023-02-11 16:00:00,9.0,11.0,11.0,16.0,15.2,13.676190476190476,Hell's Kitchen,16,5,1,41,0,1,0
2023-02-11 17:00:00,5.0,9.0,20.0,15.0,15.066666666666666,13.60952380952381,Hell's Kitchen,17,5,1,41,0,1,0
2023-02-11 18:00:00,15.0,5.0,12.0,15.0,14.066666666666666,13.514285714285714,Hell's Kitchen,18,5,1,41,0,1,0
2023-02-11 19:00:00,16.0,15.0,9.0,19.0,14.266666666666667,13.514285714285714,Hell's Kitchen,19,5,1,41,0,1,0
2023-02-11 20:00:00,0.0,16.0,0.0,0.0,14.733333333333333,13.485714285714286,Hell's Kitchen,20,5,1,41,0,1,0
2023-02-12 06:00:00,14.0,,17.0,0.0,14.733333333333333,13.485714285714286,Hell's Kitchen,6,6,1,42,0,1,0
2023-02-12 07:00:00,23.0,14.0,29.0,0.0,14.533333333333333,13.619047619047619,Hell's Kitchen,7,6,1,42,0,1,0
2023-02-12 08:00:00,13.0,23.0,33.0,17.0,14.133333333333333,13.838095238095239,Hell's Kitchen,8,6,1,42,0,1,0
2023-02-12 09:00:00,37.0,13.0,18.0,17.0,12.8,13.8,Hell's Kitchen,9,6,1,42,0,1,0
2023-02-12 10:00:00,34.0,37.0,27.0,13.0,14.066666666666666,13.99047619047619,Hell's Kitchen,10,6,1,42,0,1,0
2023-02-12 11:00:00,10.0,34.0,13.0,9.0,14.533333333333333,14.19047619047619,Hell's Kitchen,11,6,1,42,0,1,0
2023-02-12 12:00:00,8.0,10.0,8.0,13.0,14.333333333333334,14.2,Hell's Kitchen,12,6,1,42,0,1,0
2023-02-12 13:00:00,16.0,8.0,6.0,9.0,14.333333333333334,14.152380952380952,Hell's Kitchen,13,6,1,42,0,1,0
2023-02-12 14:00:00,15.0,16.0,14.0,11.0,15.0,14.219047619047618,Hell's Kitchen,14,6,1,42,0,1,0
2023-02-12 15:00:00,4.0,15.0,11.0,11.0,15.066666666666666,14.257142857142858,Hell's Kitchen,15,6,1,42,0,1,0
2023-02-12 16:00:00,10.0,4.0,9.0,20.0,14.6,14.19047619047619,Hell's Kitchen,16,6,1,42,0,1,0
2023-02-12 17:00:00,15.0,10.0,5.0,20.0,14.666666666666666,14.095238095238095,Hell's Kitchen,17,6,1,42,0,1,0
2023-02-12 18:00:00,14.0,15.0,15.0,9.0,15.333333333333334,14.047619047619047,Hell's Kitchen,18,6,1,42,0,1,0
2023-02-12 19:00:00,18.0,14.0,16.0,12.0,15.266666666666667,14.095238095238095,Hell's Kitchen,19,6,1,42,0,1,0
2023-02-12 20:00:00,0.0,18.0,0.0,0.0,15.4,14.152380952380952,Hell's Kitchen,20,6,1,42,0,1,0
2023-02-13 06:00:00,0.0,,14.0,0.0,15.4,14.152380952380952,Hell's Kitchen,6,0,0,43,0,1,0
2023-02-13 07:00:00,0.0,0.0,23.0,0.0,14.466666666666667,14.152380952380952,Hell's Kitchen,7,0,0,43,0,1,0
2023-02-13 08:00:00,64.0,0.0,13.0,11.0,12.933333333333334,14.152380952380952,Hell's Kitchen,8,0,0,43,0,1,0
2023-02-13 09:00:00,48.0,64.0,37.0,16.0,16.333333333333332,14.657142857142857,Hell's Kitchen,9,0,0,43,0,1,0
2023-02-13 10:00:00,40.0,48.0,34.0,9.0,17.066666666666666,14.961904761904762,Hell's Kitchen,10,0,0,43,0,1,0
2023-02-13 11:00:00,6.0,40.0,10.0,16.0,17.466666666666665,15.257142857142858,Hell's Kitchen,11,0,0,43,0,1,0
2023-02-13 12:00:00,9.0,6.0,8.0,13.0,17.2,15.161904761904761,Hell's Kitchen,12,0,0,43,0,1,0
2023-02-13 13:00:00,3.0,9.0,16.0,14.0,17.266666666666666,15.123809523809523,Hell's Kitchen,13,0,0,43,0,1,0
2023-02-13 14:00:00,10.0,3.0,15.0,20.0,16.4,15.019047619047619,Hell's Kitchen,14,0,0,43,0,1,0
2023-02-13 15:00:00,6.0,10.0,4.0,16.0,16.066666666666666,14.923809523809524,Hell's Kitchen,15,0,0,43,0,1,0
2023-02-13 16:00:00,18.0,6.0,10.0,21.0,16.2,14.82857142857143,Hell's Kitchen,16,0,0,43,0,1,0
2023-02-13 17:00:00,4.0,18.0,15.0,15.0,16.733333333333334,14.8,Hell's Kitchen,17,0,0,43,0,1,0
2023-02-13 18:00:00,10.0,4.0,14.0,18.0,16.0,14.695238095238095,Hell's Kitchen,18,0,0,43,0,1,0
2023-02-13 19:00:00,6.0,10.0,18.0,13.0,15.733333333333333,14.619047619047619,Hell's Kitchen,19,0,0,43,0,1,0
2023-02-13 20:00:00,8.0,6.0,0.0,0.0,14.933333333333334,14.552380952380952,Hell's Kitchen,20,0,0,43,0,1,0
2023-02-14 06:00:00,0.0,,0.0,0.0,15.466666666666667,14.628571428571428,Hell's Kitchen,6,1,0,44,0,1,0
2023-02-14 07:00:00,0.0,0.0,0.0,0.0,15.466666666666667,14.628571428571428,Hell's Kitchen,7,1,0,44,0,1,0
2023-02-14 08:00:00,71.0,0.0,64.0,34.0,15.466666666666667,14.628571428571428,Hell's Kitchen,8,1,0,44,0,1,0
2023-02-14 09:00:00,64.0,71.0,48.0,28.0,15.933333333333334,14.980952380952381,Hell's Kitchen,9,1,0,44,0,1,0
2023-02-14 10:00:00,40.0,64.0,40.0,36.0,17.0,15.323809523809524,Hell's Kitchen,10,1,0,44,0,1,0
2023-02-14 11:00:00,7.0,40.0,6.0,10.0,17.0,15.361904761904762,Hell's Kitchen,11,1,0,44,0,1,0
2023-02-14 12:00:00,3.0,7.0,9.0,13.0,17.066666666666666,15.333333333333334,Hell's Kitchen,12,1,0,44,0,1,0
2023-02-14 13:00:00,7.0,3.0,3.0,4.0,16.666666666666668,15.238095238095237,Hell's Kitchen,13,1,0,44,0,1,0
2023-02-14 14:00:00,2.0,7.0,10.0,11.0,16.933333333333334,15.266666666666667,Hell's Kitchen,14,1,0,44,0,1,0
2023-02-14 15:00:00,5.0,2.0,6.0,7.0,16.4,15.18095238095238,Hell's Kitchen,15,1,0,44,0,1,0
2023-02-14 16:00:00,14.0,5.0,18.0,4.0,16.333333333333332,15.161904761904761,Hell's Kitchen,16,1,0,44,0,1,0
2023-02-14 17:00:00,12.0,14.0,4.0,18.0,16.066666666666666,15.257142857142858,Hell's Kitchen,17,1,0,44,0,1,0
2023-02-14 18:00:00,8.0,12.0,10.0,15.0,16.6,15.2,Hell's Kitchen,18,1,0,44,0,1,0
2023-02-14 19:00:00,13.0,8.0,6.0,9.0,16.466666666666665,15.133333333333333,Hell's Kitchen,19,1,0,44,0,1,0
2023-02-14 20:00:00,11.0,13.0,8.0,14.0,16.933333333333334,15.17142857142857,Hell's Kitchen,20,1,0,44,0,1,0
2023-02-15 06:00:00,3.0,,0.0,8.0,17.133333333333333,15.142857142857142,Hell's Kitchen,6,2,0,45,0,1,0
2023-02-15 07:00:00,40.0,3.0,0.0,18.0,17.333333333333332,15.095238095238095,Hell's Kitchen,7,2,0,45,0,1,0
2023-02-15 08:00:00,28.0,40.0,71.0,16.0,20.0,15.304761904761905,Hell's Kitchen,8,2,0,45,0,1,0
2023-02-15 09:00:00,20.0,28.0,64.0,30.0,17.133333333333333,15.41904761904762,Hell's Kitchen,9,2,0,45,0,1,0
2023-02-15 10:00:00,24.0,20.0,40.0,35.0,14.2,15.323809523809524,Hell's Kitchen,10,2,0,45,0,1,0
2023-02-15 11:00:00,16.0,24.0,7.0,20.0,13.133333333333333,15.219047619047618,Hell's Kitchen,11,2,0,45,0,1,0
2023-02-15 12:00:00,7.0,16.0,3.0,11.0,13.733333333333333,15.18095238095238,Hell's Kitchen,12,2,0,45,0,1,0
2023-02-15 13:00:00,4.0,7.0,7.0,14.0,14.0,15.142857142857142,Hell's Kitchen,13,2,0,45,0,1,0
2023-02-15 14:00:00,7.0,4.0,2.0,11.0,13.8,15.047619047619047,Hell's Kitchen,14,2,0,45,0,1,0
2023-02-15 15:00:00,5.0,7.0,5.0,1.0,14.133333333333333,15.00952380952381,Hell's Kitchen,15,2,0,45,0,1,0
2023-02-15 16:00:00,7.0,5.0,14.0,20.0,14.133333333333333,15.047619047619047,Hell's Kitchen,16,2,0,45,0,1,0
2023-02-15 17:00:00,6.0,7.0,12.0,8.0,13.666666666666666,14.923809523809524,Hell's Kitchen,17,2,0,45,0,1,0
2023-02-15 18:00:00,8.0,6.0,8.0,8.0,13.266666666666667,14.904761904761905,Hell's Kitchen,18,2,0,45,0,1,0
2023-02-15 19:00:00,6.0,8.0,13.0,9.0,13.266666666666667,14.904761904761905,Hell's Kitchen,19,2,0,45,0,1,0
2023-02-15 20:00:00,0.0,6.0,11.0,0.0,12.8,14.876190476190477,Hell's Kitchen,20,2,0,45,0,1,0
2023-02-16 06:00:00,7.0,,3.0,11.0,12.066666666666666,14.876190476190477,Hell's Kitchen,6,3,0,46,0,1,0
2023-02-16 07:00:00,40.0,7.0,40.0,26.0,12.333333333333334,14.838095238095239,Hell's Kitchen,7,3,0,46,0,1,0
2023-02-16 08:00:00,29.0,40.0,28.0,22.0,12.333333333333334,14.971428571428572,Hell's Kitchen,8,3,0,46,0,1,0
2023-02-16 09:00:00,18.0,29.0,20.0,29.0,12.4,15.038095238095238,Hell's Kitchen,9,3,0,46,0,1,0
2023-02-16 10:00:00,32.0,18.0,24.0,32.0,12.266666666666667,14.933333333333334,Hell's Kitchen,10,3,0,46,0,1,0
2023-02-16 11:00:00,19.0,32.0,16.0,31.0,12.8,14.933333333333334,Hell's Kitchen,11,3,0,46,0,1,0
2023-02-16 12:00:00,3.0,19.0,7.0,7.0,13.0,14.81904761904762,Hell's Kitchen,12,3,0,46,0,1,0
2023-02-16 13:00:00,9.0,3.0,4.0,8.0,12.733333333333333,14.780952380952382,Hell's Kitchen,13,3,0,46,0,1,0
2023-02-16 14:00:00,10.0,9.0,7.0,9.0,13.066666666666666,14.790476190476191,Hell's Kitchen,14,3,0,46,0,1,0
2023-02-16 15:00:00,6.0,10.0,5.0,7.0,13.266666666666667,14.8,Hell's Kitchen,15,3,0,46,0,1,0
2023-02-16 16:00:00,6.0,6.0,7.0,5.0,13.333333333333334,14.790476190476191,Hell's Kitchen,16,3,0,46,0,1,0
2023-02-16 17:00:00,6.0,6.0,6.0,8.0,13.266666666666667,14.8,Hell's Kitchen,17,3,0,46,0,1,0
2023-02-16 18:00:00,5.0,6.0,8.0,4.0,13.266666666666667,14.780952380952382,Hell's Kitchen,18,3,0,46,0,1,0
2023-02-16 19:00:00,5.0,5.0,6.0,10.0,13.066666666666666,14.790476190476191,Hell's Kitchen,19,3,0,46,0,1,0
2023-02-16 20:00:00,0.0,5.0,0.0,0.0,13.0,14.742857142857142,Hell's Kitchen,20,3,0,46,0,1,0
2023-02-17 06:00:00,16.0,,7.0,22.0,13.0,14.742857142857142,Hell's Kitchen,6,4,0,47,0,1,0
2023-02-17 07:00:00,17.0,16.0,40.0,26.0,13.6,14.685714285714285,Hell's Kitchen,7,4,0,47,0,1,0
2023-02-17 08:00:00,19.0,17.0,29.0,22.0,12.066666666666666,14.6,Hell's Kitchen,8,4,0,47,0,1,0
2023-02-17 09:00:00,18.0,19.0,18.0,33.0,11.4,14.571428571428571,Hell's Kitchen,9,4,0,47,0,1,0
2023-02-17 10:00:00,26.0,18.0,32.0,28.0,11.4,14.428571428571429,Hell's Kitchen,10,4,0,47,0,1,0
2023-02-17 11:00:00,6.0,26.0,19.0,16.0,11.0,14.40952380952381,Hell's Kitchen,11,4,0,47,0,1,0
2023-02-17 12:00:00,6.0,6.0,3.0,4.0,10.133333333333333,14.314285714285715,Hell's Kitchen,12,4,0,47,0,1,0
2023-02-17 13:00:00,8.0,6.0,9.0,11.0,10.333333333333334,14.333333333333334,Hell's Kitchen,13,4,0,47,0,1,0
2023-02-17 14:00:00,5.0,8.0,10.0,8.0,10.266666666666667,14.304761904761905,Hell's Kitchen,14,4,0,47,0,1,0
2023-02-17 15:00:00,6.0,5.0,6.0,9.0,9.933333333333334,14.276190476190477,Hell's Kitchen,15,4,0,47,0,1,0
2023-02-17 16:00:00,7.0,6.0,6.0,11.0,9.933333333333334,14.247619047619047,Hell's Kitchen,16,4,0,47,0,1,0
2023-02-17 17:00:00,7.0,7.0,6.0,20.0,10.0,14.209523809523809,Hell's Kitchen,17,4,0,47,0,1,0
2023-02-17 18:00:00,6.0,7.0,5.0,12.0,10.066666666666666,14.085714285714285,Hell's Kitchen,18,4,0,47,0,1,0
2023-02-17 19:00:00,4.0,6.0,5.0,9.0,10.133333333333333,14.028571428571428,Hell's Kitchen,19,4,0,47,0,1,0
2023-02-17 20:00:00,0.0,4.0,0.0,0.0,10.066666666666666,13.980952380952381,Hell's Kitchen,20,4,0,47,0,1,0
2023-02-18 06:00:00,13.0,,16.0,17.0,10.066666666666666,13.980952380952381,Hell's Kitchen,6,5,1,48,0,1,0
2023-02-18 07:00:00,35.0,13.0,17.0,29.0,9.866666666666667,13.942857142857143,Hell's Kitchen,7,5,1,48,0,1,0
2023-02-18 08:00:00,35.0,35.0,19.0,33.0,11.066666666666666,14.0,Hell's Kitchen,8,5,1,48,0,1,0
2023-02-18 09:00:00,21.0,35.0,18.0,18.0,12.133333333333333,14.019047619047619,Hell's Kitchen,9,5,1,48,0,1,0
2023-02-18 10:00:00,39.0,21.0,26.0,27.0,12.333333333333334,14.047619047619047,Hell's Kitchen,10,5,1,48,0,1,0
2023-02-18 11:00:00,17.0,39.0,6.0,13.0,13.2,14.161904761904761,Hell's Kitchen,11,5,1,48,0,1,0
2023-02-18 12:00:00,10.0,17.0,6.0,8.0,13.933333333333334,14.2,Hell's Kitchen,12,5,1,48,0,1,0
2023-02-18 13:00:00,7.0,10.0,8.0,6.0,14.2,14.219047619047618,Hell's Kitchen,13,5,1,48,0,1,0
2023-02-18 14:00:00,6.0,7.0,5.0,14.0,14.133333333333333,14.228571428571428,Hell's Kitchen,14,5,1,48,0,1,0
2023-02-18 15:00:00,9.0,6.0,6.0,11.0,14.2,14.152380952380952,Hell's Kitchen,15,5,1,48,0,1,0
2023-02-18 16:00:00,3.0,9.0,7.0,9.0,14.4,14.133333333333333,Hell's Kitchen,16,5,1,48,0,1,0
2023-02-18 17:00:00,9.0,3.0,7.0,5.0,14.133333333333333,14.076190476190476,Hell's Kitchen,17,5,1,48,0,1,0
2023-02-18 18:00:00,6.0,9.0,6.0,15.0,14.266666666666667,14.114285714285714,Hell's Kitchen,18,5,1,48,0,1,0
2023-02-18 19:00:00,2.0,6.0,4.0,16.0,14.266666666666667,14.028571428571428,Hell's Kitchen,19,5,1,48,0,1,0
2023-02-18 20:00:00,0.0,2.0,0.0,0.0,14.133333333333333,13.895238095238096,Hell's Kitchen,20,5,1,48,0,1,0
2023-02-19 06:00:00,20.0,,13.0,14.0,14.133333333333333,13.895238095238096,Hell's Kitchen,6,6,1,49,0,1,0
2023-02-19 07:00:00,45.0,20.0,35.0,23.0,14.6,13.952380952380953,Hell's Kitchen,7,6,1,49,0,1,0
2023-02-19 08:00:00,32.0,45.0,35.0,13.0,15.266666666666667,14.161904761904761,Hell's Kitchen,8,6,1,49,0,1,0
2023-02-19 09:00:00,24.0,32.0,21.0,37.0,15.066666666666666,14.342857142857143,Hell's Kitchen,9,6,1,49,0,1,0
2023-02-19 10:00:00,36.0,24.0,39.0,34.0,15.266666666666667,14.219047619047618,Hell's Kitchen,10,6,1,49,0,1,0
2023-02-19 11:00:00,16.0,36.0,17.0,10.0,15.066666666666666,14.238095238095237,Hell's Kitchen,11,6,1,49,0,1,0
2023-02-19 12:00:00,9.0,16.0,10.0,8.0,15.0,14.295238095238096,Hell's Kitchen,12,6,1,49,0,1,0
2023-02-19 13:00:00,9.0,9.0,7.0,16.0,14.933333333333334,14.304761904761905,Hell's Kitchen,13,6,1,49,0,1,0
2023-02-19 14:00:00,7.0,9.0,6.0,15.0,15.066666666666666,14.238095238095237,Hell's Kitchen,14,6,1,49,0,1,0
2023-02-19 15:00:00,6.0,7.0,9.0,4.0,15.133333333333333,14.161904761904761,Hell's Kitchen,15,6,1,49,0,1,0
2023-02-19 16:00:00,12.0,6.0,3.0,10.0,14.933333333333334,14.18095238095238,Hell's Kitchen,16,6,1,49,0,1,0
2023-02-19 17:00:00,5.0,12.0,9.0,15.0,15.533333333333333,14.2,Hell's Kitchen,17,6,1,49,0,1,0
2023-02-19 18:00:00,15.0,5.0,6.0,14.0,15.266666666666667,14.104761904761904,Hell's Kitchen,18,6,1,49,0,1,0
2023-02-19 19:00:00,6.0,15.0,2.0,18.0,15.866666666666667,14.114285714285714,Hell's Kitchen,19,6,1,49,0,1,0
2023-02-19 20:00:00,0.0,6.0,0.0,0.0,16.133333333333333,14.0,Hell's Kitchen,20,6,1,49,0,1,0
2023-02-20 06:00:00,0.0,,20.0,0.0,16.133333333333333,14.0,Hell's Kitchen,6,0,0,50,0,1,0
2023-02-20 07:00:00,0.0,0.0,45.0,0.0,14.8,14.0,Hell's Kitchen,7,0,0,50,0,1,0
2023-02-20 08:00:00,49.0,0.0,32.0,64.0,11.8,14.0,Hell's Kitchen,8,0,0,50,0,1,0
2023-02-20 09:00:00,50.0,49.0,24.0,48.0,12.933333333333334,13.857142857142858,Hell's Kitchen,9,0,0,50,0,1,0
2023-02-20 10:00:00,39.0,50.0,36.0,40.0,14.666666666666666,13.876190476190477,Hell's Kitchen,10,0,0,50,0,1,0
2023-02-20 11:00:00,4.0,39.0,16.0,6.0,14.866666666666667,13.866666666666667,Hell's Kitchen,11,0,0,50,0,1,0
2023-02-20 12:00:00,5.0,4.0,9.0,9.0,14.066666666666666,13.847619047619048,Hell's Kitchen,12,0,0,50,0,1,0
2023-02-20 13:00:00,7.0,5.0,9.0,3.0,13.8,13.80952380952381,Hell's Kitchen,13,0,0,50,0,1,0
2023-02-20 14:00:00,12.0,7.0,7.0,10.0,13.666666666666666,13.847619047619048,Hell's Kitchen,14,0,0,50,0,1,0
2023-02-20 15:00:00,11.0,12.0,6.0,6.0,14.0,13.866666666666667,Hell's Kitchen,15,0,0,50,0,1,0
2023-02-20 16:00:00,9.0,11.0,12.0,18.0,14.333333333333334,13.914285714285715,Hell's Kitchen,16,0,0,50,0,1,0
2023-02-20 17:00:00,5.0,9.0,5.0,4.0,14.133333333333333,13.82857142857143,Hell's Kitchen,17,0,0,50,0,1,0
2023-02-20 18:00:00,3.0,5.0,15.0,10.0,14.133333333333333,13.838095238095239,Hell's Kitchen,18,0,0,50,0,1,0
2023-02-20 19:00:00,12.0,3.0,6.0,6.0,13.333333333333334,13.771428571428572,Hell's Kitchen,19,0,0,50,0,1,0
2023-02-20 20:00:00,13.0,12.0,0.0,8.0,13.733333333333333,13.82857142857143,Hell's Kitchen,20,0,0,50,0,1,0
2023-02-21 06:00:00,0.0,,0.0,0.0,14.6,13.876190476190477,Hell's Kitchen,6,1,0,51,0,1,0
2023-02-21 07:00:00,0.0,0.0,0.0,0.0,14.6,13.876190476190477,Hell's Kitchen,7,1,0,51,0,1,0
2023-02-21 08:00:00,37.0,0.0,49.0,71.0,14.6,13.876190476190477,Hell's Kitchen,8,1,0,51,0,1,0
2023-02-21 09:00:00,36.0,37.0,50.0,64.0,13.8,13.552380952380952,Hell's Kitchen,9,1,0,51,0,1,0
2023-02-21 10:00:00,56.0,36.0,39.0,40.0,12.866666666666667,13.285714285714286,Hell's Kitchen,10,1,0,51,0,1,0
2023-02-21 11:00:00,6.0,56.0,4.0,7.0,14.0,13.438095238095238,Hell's Kitchen,11,1,0,51,0,1,0
2023-02-21 12:00:00,6.0,6.0,5.0,3.0,14.133333333333333,13.428571428571429,Hell's Kitchen,12,1,0,51,0,1,0
2023-02-21 13:00:00,20.0,6.0,7.0,7.0,14.2,13.457142857142857,Hell's Kitchen,13,1,0,51,0,1,0
2023-02-21 14:00:00,10.0,20.0,12.0,2.0,15.066666666666666,13.58095238095238,Hell's Kitchen,14,1,0,51,0,1,0
2023-02-21 15:00:00,11.0,10.0,11.0,5.0,14.933333333333334,13.657142857142857,Hell's Kitchen,15,1,0,51,0,1,0
2023-02-21 16:00:00,9.0,11.0,9.0,14.0,14.933333333333334,13.714285714285714,Hell's Kitchen,16,1,0,51,0,1,0
2023-02-21 17:00:00,9.0,9.0,5.0,12.0,14.933333333333334,13.666666666666666,Hell's Kitchen,17,1,0,51,0,1,0
2023-02-21 18:00:00,4.0,9.0,3.0,8.0,15.2,13.638095238095238,Hell's Kitchen,18,1,0,51,0,1,0
2023-02-21 19:00:00,7.0,4.0,12.0,13.0,15.266666666666667,13.6,Hell's Kitchen,19,1,0,51,0,1,0
2023-02-21 20:00:00,11.0,7.0,13.0,11.0,14.933333333333334,13.542857142857143,Hell's Kitchen,20,1,0,51,0,1,0
2023-02-22 06:00:00,15.0,,0.0,3.0,14.8,13.542857142857143,Hell's Kitchen,6,2,0,52,0,1,0
2023-02-22 07:00:00,15.0,15.0,0.0,40.0,15.8,13.657142857142857,Hell's Kitchen,7,2,0,52,0,1,0
2023-02-22 08:00:00,27.0,15.0,37.0,28.0,16.8,13.41904761904762,Hell's Kitchen,8,2,0,52,0,1,0
2023-02-22 09:00:00,16.0,27.0,36.0,20.0,16.133333333333333,13.40952380952381,Hell's Kitchen,9,2,0,52,0,1,0
2023-02-22 10:00:00,16.0,16.0,56.0,24.0,14.8,13.371428571428572,Hell's Kitchen,10,2,0,52,0,1,0
2023-02-22 11:00:00,20.0,16.0,6.0,16.0,12.133333333333333,13.295238095238096,Hell's Kitchen,11,2,0,52,0,1,0
2023-02-22 12:00:00,8.0,20.0,6.0,7.0,13.066666666666666,13.333333333333334,Hell's Kitchen,12,2,0,52,0,1,0
2023-02-22 13:00:00,11.0,8.0,20.0,4.0,13.2,13.342857142857143,Hell's Kitchen,13,2,0,52,0,1,0
2023-02-22 14:00:00,11.0,11.0,10.0,7.0,12.6,13.40952380952381,Hell's Kitchen,14,2,0,52,0,1,0
2023-02-22 15:00:00,10.0,11.0,11.0,5.0,12.666666666666666,13.447619047619048,Hell's Kitchen,15,2,0,52,0,1,0
2023-02-22 16:00:00,10.0,10.0,9.0,7.0,12.6,13.495238095238095,Hell's Kitchen,16,2,0,52,0,1,0
2023-02-22 17:00:00,3.0,10.0,9.0,6.0,12.666666666666666,13.523809523809524,Hell's Kitchen,17,2,0,52,0,1,0
2023-02-22 18:00:00,9.0,3.0,4.0,8.0,12.266666666666667,13.495238095238095,Hell's Kitchen,18,2,0,52,0,1,0
2023-02-22 19:00:00,9.0,9.0,7.0,6.0,12.6,13.504761904761905,Hell's Kitchen,19,2,0,52,0,1,0
2023-02-22 20:00:00,0.0,9.0,11.0,0.0,12.733333333333333,13.533333333333333,Hell's Kitchen,20,2,0,52,0,1,0
2023-02-23 06:00:00,15.0,,15.0,7.0,12.0,13.533333333333333,Hell's Kitchen,6,3,0,53,0,1,0
2023-02-23 07:00:00,20.0,15.0,15.0,40.0,12.0,13.60952380952381,Hell's Kitchen,7,3,0,53,0,1,0
2023-02-23 08:00:00,16.0,20.0,27.0,29.0,12.333333333333334,13.41904761904762,Hell's Kitchen,8,3,0,53,0,1,0
2023-02-23 09:00:00,24.0,16.0,16.0,18.0,11.6,13.295238095238096,Hell's Kitchen,9,3,0,53,0,1,0
2023-02-23 10:00:00,22.0,24.0,16.0,32.0,12.133333333333333,13.352380952380953,Hell's Kitchen,10,3,0,53,0,1,0
2023-02-23 11:00:00,15.0,22.0,20.0,19.0,12.533333333333333,13.257142857142858,Hell's Kitchen,11,3,0,53,0,1,0
2023-02-23 12:00:00,6.0,15.0,8.0,3.0,12.2,13.219047619047618,Hell's Kitchen,12,3,0,53,0,1,0
2023-02-23 13:00:00,6.0,6.0,11.0,9.0,12.066666666666666,13.247619047619047,Hell's Kitchen,13,3,0,53,0,1,0
2023-02-23 14:00:00,9.0,6.0,11.0,10.0,11.733333333333333,13.219047619047618,Hell's Kitchen,14,3,0,53,0,1,0
2023-02-23 15:00:00,12.0,9.0,10.0,6.0,11.6,13.209523809523809,Hell's Kitchen,15,3,0,53,0,1,0
2023-02-23 16:00:00,6.0,12.0,10.0,6.0,11.733333333333333,13.266666666666667,Hell's Kitchen,16,3,0,53,0,1,0
2023-02-23 17:00:00,7.0,6.0,3.0,6.0,11.466666666666667,13.266666666666667,Hell's Kitchen,17,3,0,53,0,1,0
2023-02-23 18:00:00,11.0,7.0,9.0,5.0,11.733333333333333,13.276190476190477,Hell's Kitchen,18,3,0,53,0,1,0
2023-02-23 19:00:00,8.0,11.0,9.0,5.0,11.866666666666667,13.333333333333334,Hell's Kitchen,19,3,0,53,0,1,0
2023-02-23 20:00:00,0.0,8.0,0.0,0.0,11.8,13.361904761904762,Hell's Kitchen,20,3,0,53,0,1,0
2023-02-24 06:00:00,15.0,,15.0,16.0,11.8,13.361904761904762,Hell's Kitchen,6,4,0,54,0,1,0
2023-02-24 07:00:00,23.0,15.0,20.0,17.0,11.8,13.352380952380953,Hell's Kitchen,7,4,0,54,0,1,0
2023-02-24 08:00:00,14.0,23.0,16.0,19.0,12.0,13.40952380952381,Hell's Kitchen,8,4,0,54,0,1,0
2023-02-24 09:00:00,25.0,14.0,24.0,18.0,11.866666666666667,13.361904761904762,Hell's Kitchen,9,4,0,54,0,1,0
2023-02-24 10:00:00,22.0,25.0,22.0,26.0,11.933333333333334,13.428571428571429,Hell's Kitchen,10,4,0,54,0,1,0
2023-02-24 11:00:00,12.0,22.0,15.0,6.0,11.933333333333334,13.39047619047619,Hell's Kitchen,11,4,0,54,0,1,0
2023-02-24 12:00:00,14.0,12.0,6.0,6.0,11.733333333333333,13.447619047619048,Hell's Kitchen,12,4,0,54,0,1,0
2023-02-24 13:00:00,10.0,14.0,6.0,8.0,12.266666666666667,13.523809523809524,Hell's Kitchen,13,4,0,54,0,1,0
2023-02-24 14:00:00,4.0,10.0,9.0,5.0,12.533333333333333,13.542857142857143,Hell's Kitchen,14,4,0,54,0,1,0
2023-02-24 15:00:00,7.0,4.0,12.0,6.0,12.2,13.533333333333333,Hell's Kitchen,15,4,0,54,0,1,0
2023-02-24 16:00:00,7.0,7.0,6.0,7.0,11.866666666666667,13.542857142857143,Hell's Kitchen,16,4,0,54,0,1,0
2023-02-24 17:00:00,9.0,7.0,7.0,7.0,11.933333333333334,13.542857142857143,Hell's Kitchen,17,4,0,54,0,1,0
2023-02-24 18:00:00,7.0,9.0,11.0,6.0,12.066666666666666,13.561904761904762,Hell's Kitchen,18,4,0,54,0,1,0
2023-02-24 19:00:00,7.0,7.0,8.0,4.0,11.8,13.571428571428571,Hell's Kitchen,19,4,0,54,0,1,0
2023-02-24 20:00:00,0.0,7.0,0.0,0.0,11.733333333333333,13.6,Hell's Kitchen,20,4,0,54,0,1,0
2023-02-25 06:00:00,10.0,,15.0,13.0,11.733333333333333,13.6,Hell's Kitchen,6,5,1,55,0,1,0
2023-02-25 07:00:00,19.0,10.0,23.0,35.0,11.4,13.571428571428571,Hell's Kitchen,7,5,1,55,0,1,0
2023-02-25 08:00:00,25.0,19.0,14.0,35.0,11.133333333333333,13.41904761904762,Hell's Kitchen,8,5,1,55,0,1,0
2023-02-25 09:00:00,26.0,25.0,25.0,21.0,11.866666666666667,13.323809523809524,Hell's Kitchen,9,5,1,55,0,1,0
2023-02-25 10:00:00,18.0,26.0,22.0,39.0,11.933333333333334,13.371428571428572,Hell's Kitchen,10,5,1,55,0,1,0
2023-02-25 11:00:00,20.0,18.0,12.0,17.0,11.666666666666666,13.17142857142857,Hell's Kitchen,11,5,1,55,0,1,0
2023-02-25 12:00:00,12.0,20.0,14.0,10.0,12.2,13.2,Hell's Kitchen,12,5,1,55,0,1,0
2023-02-25 13:00:00,5.0,12.0,10.0,7.0,12.066666666666666,13.219047619047618,Hell's Kitchen,13,5,1,55,0,1,0
2023-02-25 14:00:00,6.0,5.0,4.0,6.0,11.733333333333333,13.2,Hell's Kitchen,14,5,1,55,0,1,0
2023-02-25 15:00:00,8.0,6.0,7.0,9.0,11.866666666666667,13.2,Hell's Kitchen,15,5,1,55,0,1,0
2023-02-25 16:00:00,11.0,8.0,7.0,3.0,11.933333333333334,13.19047619047619,Hell's Kitchen,16,5,1,55,0,1,0
2023-02-25 17:00:00,9.0,11.0,9.0,9.0,12.2,13.266666666666667,Hell's Kitchen,17,5,1,55,0,1,0
2023-02-25 18:00:00,8.0,9.0,7.0,6.0,12.2,13.266666666666667,Hell's Kitchen,18,5,1,55,0,1,0
2023-02-25 19:00:00,5.0,8.0,7.0,2.0,12.266666666666667,13.285714285714286,Hell's Kitchen,19,5,1,55,0,1,0
2023-02-25 20:00:00,0.0,5.0,0.0,0.0,12.133333333333333,13.314285714285715,Hell's Kitchen,20,5,1,55,0,1,0
2023-02-26 06:00:00,7.0,,10.0,20.0,12.133333333333333,13.314285714285715,Hell's Kitchen,6,6,1,56,0,1,0
2023-02-26 07:00:00,23.0,7.0,19.0,45.0,11.933333333333334,13.19047619047619,Hell's Kitchen,7,6,1,56,0,1,0
2023-02-26 08:00:00,26.0,23.0,25.0,32.0,12.2,12.980952380952381,Hell's Kitchen,8,6,1,56,0,1,0
2023-02-26 09:00:00,27.0,26.0,26.0,24.0,12.266666666666667,12.923809523809524,Hell's Kitchen,9,6,1,56,0,1,0
2023-02-26 10:00:00,20.0,27.0,18.0,36.0,12.333333333333334,12.952380952380953,Hell's Kitchen,10,6,1,56,0,1,0
2023-02-26 11:00:00,8.0,20.0,20.0,16.0,12.466666666666667,12.8,Hell's Kitchen,11,6,1,56,0,1,0
2023-02-26 12:00:00,6.0,8.0,12.0,9.0,11.666666666666666,12.723809523809523,Hell's Kitchen,12,6,1,56,0,1,0
2023-02-26 13:00:00,10.0,6.0,5.0,9.0,11.266666666666667,12.695238095238095,Hell's Kitchen,13,6,1,56,0,1,0
2023-02-26 14:00:00,12.0,10.0,6.0,7.0,11.6,12.704761904761904,Hell's Kitchen,14,6,1,56,0,1,0
2023-02-26 15:00:00,8.0,12.0,8.0,6.0,12.0,12.752380952380953,Hell's Kitchen,15,6,1,56,0,1,0
2023-02-26 16:00:00,16.0,8.0,11.0,12.0,12.0,12.771428571428572,Hell's Kitchen,16,6,1,56,0,1,0
2023-02-26 17:00:00,17.0,16.0,9.0,5.0,12.333333333333334,12.80952380952381,Hell's Kitchen,17,6,1,56,0,1,0
2023-02-26 18:00:00,10.0,17.0,8.0,15.0,12.866666666666667,12.923809523809524,Hell's Kitchen,18,6,1,56,0,1,0
2023-02-26 19:00:00,8.0,10.0,5.0,6.0,13.0,12.876190476190477,Hell's Kitchen,19,6,1,56,0,1,0
2023-02-26 20:00:00,0.0,8.0,0.0,0.0,13.2,12.895238095238096,Hell's Kitchen,20,6,1,56,0,1,0
2023-02-27 06:00:00,0.0,,7.0,0.0,13.2,12.895238095238096,Hell's Kitchen,6,0,0,57,0,1,0
2023-02-27 07:00:00,0.0,0.0,23.0,0.0,12.733333333333333,12.895238095238096,Hell's Kitchen,7,0,0,57,0,1,0
2023-02-27 08:00:00,34.0,0.0,26.0,49.0,11.2,12.895238095238096,Hell's Kitchen,8,0,0,57,0,1,0
2023-02-27 09:00:00,46.0,34.0,27.0,50.0,11.733333333333333,12.752380952380953,Hell's Kitchen,9,0,0,57,0,1,0
2023-02-27 10:00:00,44.0,46.0,20.0,39.0,13.0,12.714285714285714,Hell's Kitchen,10,0,0,57,0,1,0
2023-02-27 11:00:00,5.0,44.0,8.0,4.0,14.6,12.761904761904763,Hell's Kitchen,11,0,0,57,0,1,0
2023-02-27 12:00:00,9.0,5.0,6.0,5.0,14.4,12.771428571428572,Hell's Kitchen,12,0,0,57,0,1,0
2023-02-27 13:00:00,5.0,9.0,10.0,7.0,14.6,12.80952380952381,Hell's Kitchen,13,0,0,57,0,1,0
2023-02-27 14:00:00,5.0,5.0,12.0,12.0,14.266666666666667,12.790476190476191,Hell's Kitchen,14,0,0,57,0,1,0
2023-02-27 15:00:00,5.0,5.0,8.0,11.0,13.8,12.723809523809523,Hell's Kitchen,15,0,0,57,0,1,0
2023-02-27 16:00:00,5.0,5.0,16.0,9.0,13.6,12.666666666666666,Hell's Kitchen,16,0,0,57,0,1,0
2023-02-27 17:00:00,8.0,5.0,17.0,5.0,12.866666666666667,12.628571428571428,Hell's Kitchen,17,0,0,57,0,1,0
2023-02-27 18:00:00,2.0,8.0,10.0,3.0,12.266666666666667,12.657142857142857,Hell's Kitchen,18,0,0,57,0,1,0
2023-02-27 19:00:00,7.0,2.0,8.0,12.0,11.733333333333333,12.647619047619047,Hell's Kitchen,19,0,0,57,0,1,0
2023-02-27 20:00:00,12.0,7.0,0.0,13.0,11.666666666666666,12.6,Hell's Kitchen,20,0,0,57,0,1,0
2023-02-28 06:00:00,0.0,,0.0,0.0,12.466666666666667,12.59047619047619,Hell's Kitchen,6,1,0,58,0,1,0
2023-02-28 07:00:00,0.0,0.0,0.0,0.0,12.466666666666667,12.59047619047619,Hell's Kitchen,7,1,0,58,0,1,0
2023-02-28 08:00:00,16.0,0.0,34.0,37.0,12.466666666666667,12.59047619047619,Hell's Kitchen,8,1,0,58,0,1,0
2023-02-28 09:00:00,8.0,16.0,46.0,36.0,11.266666666666667,12.39047619047619,Hell's Kitchen,9,1,0,58,0,1,0
2023-02-28 10:00:00,11.0,8.0,44.0,56.0,8.733333333333333,12.123809523809523,Hell's Kitchen,10,1,0,58,0,1,0
2023-02-28 11:00:00,11.0,11.0,5.0,6.0,6.533333333333333,11.695238095238095,Hell's Kitchen,11,1,0,58,0,1,0
2023-02-28 12:00:00,14.0,11.0,9.0,6.0,6.933333333333334,11.742857142857142,Hell's Kitchen,12,1,0,58,0,1,0
2023-02-28 13:00:00,17.0,14.0,5.0,20.0,7.266666666666667,11.81904761904762,Hell's Kitchen,13,1,0,58,0,1,0
2023-02-28 14:00:00,15.0,17.0,5.0,10.0,8.066666666666666,11.790476190476191,Hell's Kitchen,14,1,0,58,0,1,0
2023-02-28 15:00:00,13.0,15.0,5.0,11.0,8.733333333333333,11.838095238095239,Hell's Kitchen,15,1,0,58,0,1,0
2023-02-28 16:00:00,15.0,13.0,5.0,9.0,9.266666666666667,11.857142857142858,Hell's Kitchen,16,1,0,58,0,1,0
2023-02-28 17:00:00,24.0,15.0,8.0,9.0,9.933333333333334,11.914285714285715,Hell's Kitchen,17,1,0,58,0,1,0
2023-02-28 18:00:00,11.0,24.0,2.0,4.0,11.0,12.057142857142857,Hell's Kitchen,18,1,0,58,0,1,0
2023-02-28 19:00:00,12.0,11.0,7.0,7.0,11.6,12.123809523809523,Hell's Kitchen,19,1,0,58,0,1,0
2023-02-28 20:00:00,0.0,12.0,12.0,11.0,11.933333333333334,12.17142857142857,Hell's Kitchen,20,1,0,58,0,1,0
2023-03-01 06:00:00,0.0,,0.0,15.0,11.133333333333333,12.066666666666666,Hell's Kitchen,6,2,0,59,0,1,0
2023-03-01 07:00:00,0.0,0.0,0.0,15.0,11.133333333333333,11.923809523809524,Hell's Kitchen,7,2,0,59,0,1,0
2023-03-01 08:00:00,20.0,0.0,16.0,27.0,11.133333333333333,11.780952380952382,Hell's Kitchen,8,2,0,59,0,1,0
2023-03-01 09:00:00,20.0,20.0,8.0,16.0,11.4,11.714285714285714,Hell's Kitchen,9,2,0,59,0,1,0
2023-03-01 10:00:00,15.0,20.0,11.0,16.0,12.2,11.752380952380953,Hell's Kitchen,10,2,0,59,0,1,0
2023-03-01 11:00:00,21.0,15.0,11.0,20.0,12.466666666666667,11.742857142857142,Hell's Kitchen,11,2,0,59,0,1,0
2023-03-01 12:00:00,15.0,21.0,14.0,8.0,13.133333333333333,11.752380952380953,Hell's Kitchen,12,2,0,59,0,1,0
2023-03-01 13:00:00,17.0,15.0,17.0,11.0,13.2,11.81904761904762,Hell's Kitchen,13,2,0,59,0,1,0
2023-03-01 14:00:00,22.0,17.0,15.0,11.0,13.2,11.876190476190477,Hell's Kitchen,14,2,0,59,0,1,0
2023-03-01 15:00:00,14.0,22.0,13.0,10.0,13.666666666666666,11.980952380952381,Hell's Kitchen,15,2,0,59,0,1,0
2023-03-01 16:00:00,15.0,14.0,15.0,10.0,13.733333333333333,12.019047619047619,Hell's Kitchen,16,2,0,59,0,1,0
2023-03-01 17:00:00,18.0,15.0,24.0,3.0,13.733333333333333,12.066666666666666,Hell's Kitchen,17,2,0,59,0,1,0
2023-03-01 18:00:00,23.0,18.0,11.0,9.0,13.333333333333334,12.209523809523809,Hell's Kitchen,18,2,0,59,0,1,0
2023-03-01 19:00:00,14.0,23.0,12.0,9.0,14.133333333333333,12.342857142857143,Hell's Kitchen,19,2,0,59,0,1,0
2023-03-01 20:00:00,0.0,14.0,0.0,0.0,14.266666666666667,12.39047619047619,Hell's Kitchen,20,2,0,59,0,1,0
2023-03-02 06:00:00,0.0,,0.0,15.0,14.266666666666667,12.39047619047619,Hell's Kitchen,6,3,0,60,0,1,0
2023-03-02 07:00:00,0.0,0.0,0.0,20.0,14.266666666666667,12.247619047619047,Hell's Kitchen,7,3,0,60,0,1,0
2023-03-02 08:00:00,22.0,0.0,20.0,16.0,14.266666666666667,12.057142857142857,Hell's Kitchen,8,3,0,60,0,1,0
2023-03-02 09:00:00,22.0,22.0,20.0,24.0,14.4,12.114285714285714,Hell's Kitchen,9,3,0,60,0,1,0
2023-03-02 10:00:00,11.0,22.0,15.0,22.0,14.533333333333333,12.095238095238095,Hell's Kitchen,10,3,0,60,0,1,0
2023-03-02 11:00:00,17.0,11.0,21.0,15.0,14.266666666666667,11.99047619047619,Hell's Kitchen,11,3,0,60,0,1,0
2023-03-02 12:00:00,13.0,17.0,15.0,6.0,14.0,12.00952380952381,Hell's Kitchen,12,3,0,60,0,1,0
2023-03-02 13:00:00,23.0,13.0,17.0,6.0,13.866666666666667,12.076190476190476,Hell's Kitchen,13,3,0,60,0,1,0
2023-03-02 14:00:00,18.0,23.0,22.0,9.0,14.266666666666667,12.238095238095237,Hell's Kitchen,14,3,0,60,0,1,0
2023-03-02 15:00:00,23.0,18.0,14.0,12.0,14.0,12.323809523809524,Hell's Kitchen,15,3,0,60,0,1,0
2023-03-02 16:00:00,14.0,23.0,15.0,6.0,14.6,12.428571428571429,Hell's Kitchen,16,3,0,60,0,1,0
2023-03-02 17:00:00,24.0,14.0,18.0,7.0,14.533333333333333,12.504761904761905,Hell's Kitchen,17,3,0,60,0,1,0
2023-03-02 18:00:00,22.0,24.0,23.0,11.0,14.933333333333334,12.666666666666666,Hell's Kitchen,18,3,0,60,0,1,0
2023-03-02 19:00:00,19.0,22.0,14.0,8.0,14.866666666666667,12.771428571428572,Hell's Kitchen,19,3,0,60,0,1,0
2023-03-02 20:00:00,0.0,19.0,0.0,0.0,15.2,12.876190476190477,Hell's Kitchen,20,3,0,60,0,1,0
2023-03-03 06:00:00,0.0,,0.0,15.0,15.2,12.876190476190477,Hell's Kitchen,6,4,0,61,0,1,0
2023-03-03 07:00:00,0.0,0.0,0.0,23.0,15.2,12.733333333333333,Hell's Kitchen,7,4,0,61,0,1,0
2023-03-03 08:00:00,16.0,0.0,22.0,14.0,15.2,12.514285714285714,Hell's Kitchen,8,4,0,61,0,1,0
2023-03-03 09:00:00,10.0,16.0,22.0,25.0,14.8,12.533333333333333,Hell's Kitchen,9,4,0,61,0,1,0
2023-03-03 10:00:00,16.0,10.0,11.0,22.0,14.0,12.39047619047619,Hell's Kitchen,10,4,0,61,0,1,0
2023-03-03 11:00:00,20.0,16.0,17.0,12.0,14.333333333333334,12.333333333333334,Hell's Kitchen,11,4,0,61,0,1,0
2023-03-03 12:00:00,19.0,20.0,13.0,14.0,14.533333333333333,12.40952380952381,Hell's Kitchen,12,4,0,61,0,1,0
2023-03-03 13:00:00,13.0,19.0,23.0,10.0,14.933333333333334,12.457142857142857,Hell's Kitchen,13,4,0,61,0,1,0
2023-03-03 14:00:00,28.0,13.0,18.0,4.0,14.266666666666667,12.485714285714286,Hell's Kitchen,14,4,0,61,0,1,0
2023-03-03 15:00:00,21.0,28.0,23.0,7.0,14.933333333333334,12.714285714285714,Hell's Kitchen,15,4,0,61,0,1,0
2023-03-03 16:00:00,25.0,21.0,14.0,7.0,14.8,12.847619047619048,Hell's Kitchen,16,4,0,61,0,1,0
2023-03-03 17:00:00,21.0,25.0,24.0,9.0,15.533333333333333,13.019047619047619,Hell's Kitchen,17,4,0,61,0,1,0
2023-03-03 18:00:00,26.0,21.0,22.0,7.0,15.333333333333334,13.133333333333333,Hell's Kitchen,18,4,0,61,0,1,0
2023-03-03 19:00:00,14.0,26.0,19.0,7.0,15.6,13.314285714285715,Hell's Kitchen,19,4,0,61,0,1,0
2023-03-03 20:00:00,0.0,14.0,0.0,0.0,15.266666666666667,13.380952380952381,Hell's Kitchen,20,4,0,61,0,1,0
2023-03-04 06:00:00,0.0,,0.0,10.0,15.266666666666667,13.380952380952381,Hell's Kitchen,6,5,1,62,0,1,0
2023-03-04 07:00:00,0.0,0.0,0.0,19.0,15.266666666666667,13.285714285714286,Hell's Kitchen,7,5,1,62,0,1,0
2023-03-04 08:00:00,18.0,0.0,16.0,25.0,15.266666666666667,13.104761904761904,Hell's Kitchen,8,5,1,62,0,1,0
2023-03-04 09:00:00,16.0,18.0,10.0,26.0,15.4,13.038095238095238,Hell's Kitchen,9,5,1,62,0,1,0
2023-03-04 10:00:00,10.0,16.0,16.0,18.0,15.8,12.942857142857143,Hell's Kitchen,10,5,1,62,0,1,0
2023-03-04 11:00:00,20.0,10.0,20.0,20.0,15.4,12.866666666666667,Hell's Kitchen,11,5,1,62,0,1,0
2023-03-04 12:00:00,13.0,20.0,19.0,12.0,15.4,12.866666666666667,Hell's Kitchen,12,5,1,62,0,1,0
2023-03-04 13:00:00,20.0,13.0,13.0,5.0,15.0,12.876190476190477,Hell's Kitchen,13,5,1,62,0,1,0
2023-03-04 14:00:00,23.0,20.0,28.0,6.0,15.466666666666667,13.019047619047619,Hell's Kitchen,14,5,1,62,0,1,0
2023-03-04 15:00:00,14.0,23.0,21.0,8.0,15.133333333333333,13.18095238095238,Hell's Kitchen,15,5,1,62,0,1,0
2023-03-04 16:00:00,11.0,14.0,25.0,11.0,14.666666666666666,13.238095238095237,Hell's Kitchen,16,5,1,62,0,1,0
2023-03-04 17:00:00,18.0,11.0,21.0,9.0,13.733333333333333,13.238095238095237,Hell's Kitchen,17,5,1,62,0,1,0
2023-03-04 18:00:00,18.0,18.0,26.0,8.0,13.533333333333333,13.323809523809524,Hell's Kitchen,18,5,1,62,0,1,0
2023-03-04 19:00:00,14.0,18.0,14.0,5.0,13.0,13.41904761904762,Hell's Kitchen,19,5,1,62,0,1,0
2023-03-04 20:00:00,0.0,14.0,0.0,0.0,13.0,13.504761904761905,Hell's Kitchen,20,5,1,62,0,1,0
2023-03-05 06:00:00,0.0,,0.0,7.0,13.0,13.504761904761905,Hell's Kitchen,6,6,1,63,0,1,0
2023-03-05 07:00:00,0.0,0.0,0.0,23.0,13.0,13.438095238095238,Hell's Kitchen,7,6,1,63,0,1,0
2023-03-05 08:00:00,18.0,0.0,18.0,26.0,13.0,13.219047619047618,Hell's Kitchen,8,6,1,63,0,1,0
2023-03-05 09:00:00,25.0,18.0,16.0,27.0,13.0,13.142857142857142,Hell's Kitchen,9,6,1,63,0,1,0
2023-03-05 10:00:00,13.0,25.0,10.0,20.0,13.6,13.123809523809523,Hell's Kitchen,10,6,1,63,0,1,0
2023-03-05 11:00:00,17.0,13.0,20.0,8.0,13.8,13.057142857142857,Hell's Kitchen,11,6,1,63,0,1,0
2023-03-05 12:00:00,10.0,17.0,13.0,6.0,13.6,13.142857142857142,Hell's Kitchen,12,6,1,63,0,1,0
2023-03-05 13:00:00,19.0,10.0,20.0,10.0,13.4,13.18095238095238,Hell's Kitchen,13,6,1,63,0,1,0
2023-03-05 14:00:00,21.0,19.0,23.0,12.0,13.333333333333334,13.266666666666667,Hell's Kitchen,14,6,1,63,0,1,0
2023-03-05 15:00:00,15.0,21.0,14.0,8.0,13.2,13.352380952380953,Hell's Kitchen,15,6,1,63,0,1,0
2023-03-05 16:00:00,15.0,15.0,11.0,16.0,13.266666666666667,13.41904761904762,Hell's Kitchen,16,6,1,63,0,1,0
2023-03-05 17:00:00,23.0,15.0,18.0,17.0,13.533333333333333,13.40952380952381,Hell's Kitchen,17,6,1,63,0,1,0
2023-03-05 18:00:00,13.0,23.0,18.0,10.0,13.866666666666667,13.466666666666667,Hell's Kitchen,18,6,1,63,0,1,0
2023-03-05 19:00:00,18.0,13.0,14.0,8.0,13.533333333333333,13.495238095238095,Hell's Kitchen,19,6,1,63,0,1,0
2023-03-05 20:00:00,0.0,18.0,0.0,0.0,13.8,13.59047619047619,Hell's Kitchen,20,6,1,63,0,1,0
2023-03-06 06:00:00,0.0,,0.0,0.0,13.8,13.59047619047619,Hell's Kitchen,6,0,0,64,0,1,0
2023-03-06 07:00:00,0.0,0.0,0.0,0.0,13.8,13.59047619047619,Hell's Kitchen,7,0,0,64,0,1,0
2023-03-06 08:00:00,22.0,0.0,18.0,34.0,13.8,13.59047619047619,Hell's Kitchen,8,0,0,64,0,1,0
2023-03-06 09:00:00,14.0,22.0,25.0,46.0,14.066666666666666,13.476190476190476,Hell's Kitchen,9,0,0,64,0,1,0
2023-03-06 10:00:00,13.0,14.0,13.0,44.0,13.333333333333334,13.17142857142857,Hell's Kitchen,10,0,0,64,0,1,0
2023-03-06 11:00:00,22.0,13.0,17.0,5.0,13.333333333333334,12.876190476190477,Hell's Kitchen,11,0,0,64,0,1,0
2023-03-06 12:00:00,20.0,22.0,10.0,9.0,13.666666666666666,13.038095238095238,Hell's Kitchen,12,0,0,64,0,1,0
2023-03-06 13:00:00,19.0,20.0,19.0,5.0,14.333333333333334,13.142857142857142,Hell's Kitchen,13,0,0,64,0,1,0
2023-03-06 14:00:00,20.0,19.0,21.0,5.0,14.333333333333334,13.276190476190477,Hell's Kitchen,14,0,0,64,0,1,0
2023-03-06 15:00:00,17.0,20.0,15.0,5.0,14.266666666666667,13.41904761904762,Hell's Kitchen,15,0,0,64,0,1,0
2023-03-06 16:00:00,18.0,17.0,15.0,5.0,14.4,13.533333333333333,Hell's Kitchen,16,0,0,64,0,1,0
2023-03-06 17:00:00,18.0,18.0,23.0,8.0,14.6,13.657142857142857,Hell's Kitchen,17,0,0,64,0,1,0
2023-03-06 18:00:00,10.0,18.0,13.0,2.0,14.266666666666667,13.752380952380953,Hell's Kitchen,18,0,0,64,0,1,0
2023-03-06 19:00:00,12.0,10.0,18.0,7.0,14.066666666666666,13.82857142857143,Hell's Kitchen,19,0,0,64,0,1,0
2023-03-06 20:00:00,0.0,12.0,0.0,12.0,13.666666666666666,13.876190476190477,Hell's Kitchen,20,0,0,64,0,1,0
2023-03-07 06:00:00,0.0,,0.0,0.0,13.666666666666666,13.761904761904763,Hell's Kitchen,6,1,0,65,0,1,0
2023-03-07 07:00:00,0.0,0.0,0.0,0.0,13.666666666666666,13.761904761904763,Hell's Kitchen,7,1,0,65,0,1,0
2023-03-07 08:00:00,44.0,0.0,22.0,16.0,13.666666666666666,13.761904761904763,Hell's Kitchen,8,1,0,65,0,1,0
2023-03-07 09:00:00,37.0,44.0,14.0,8.0,15.133333333333333,14.028571428571428,Hell's Kitchen,9,1,0,65,0,1,0
2023-03-07 10:00:00,45.0,37.0,13.0,11.0,16.666666666666668,14.304761904761905,Hell's Kitchen,10,1,0,65,0,1,0
2023-03-07 11:00:00,18.0,45.0,22.0,11.0,18.8,14.628571428571428,Hell's Kitchen,11,1,0,65,0,1,0
2023-03-07 12:00:00,12.0,18.0,20.0,14.0,18.533333333333335,14.695238095238095,Hell's Kitchen,12,1,0,65,0,1,0
2023-03-07 13:00:00,8.0,12.0,19.0,17.0,18.0,14.676190476190476,Hell's Kitchen,13,1,0,65,0,1,0
2023-03-07 14:00:00,10.0,8.0,20.0,15.0,17.266666666666666,14.59047619047619,Hell's Kitchen,14,1,0,65,0,1,0
2023-03-07 15:00:00,11.0,10.0,17.0,13.0,16.6,14.542857142857143,Hell's Kitchen,15,1,0,65,0,1,0
2023-03-07 16:00:00,12.0,11.0,18.0,15.0,16.2,14.523809523809524,Hell's Kitchen,16,1,0,65,0,1,0
2023-03-07 17:00:00,22.0,12.0,18.0,24.0,15.8,14.495238095238095,Hell's Kitchen,17,1,0,65,0,1,0
2023-03-07 18:00:00,18.0,22.0,10.0,11.0,16.066666666666666,14.476190476190476,Hell's Kitchen,18,1,0,65,0,1,0
2023-03-07 19:00:00,16.0,18.0,12.0,12.0,16.6,14.542857142857143,Hell's Kitchen,19,1,0,65,0,1,0
2023-03-07 20:00:00,10.0,16.0,0.0,0.0,16.866666666666667,14.58095238095238,Hell's Kitchen,20,1,0,65,0,1,0
2023-03-08 06:00:00,17.0,,0.0,0.0,17.533333333333335,14.676190476190476,Hell's Kitchen,6,2,0,66,0,1,0
2023-03-08 07:00:00,31.0,17.0,0.0,0.0,18.666666666666668,14.838095238095239,Hell's Kitchen,7,2,0,66,0,1,0
2023-03-08 08:00:00,27.0,31.0,44.0,20.0,20.733333333333334,15.133333333333333,Hell's Kitchen,8,2,0,66,0,1,0
2023-03-08 09:00:00,39.0,27.0,37.0,20.0,19.6,15.2,Hell's Kitchen,9,2,0,66,0,1,0
2023-03-08 10:00:00,34.0,39.0,45.0,15.0,19.733333333333334,15.380952380952381,Hell's Kitchen,10,2,0,66,0,1,0
2023-03-08 11:00:00,27.0,34.0,18.0,21.0,19.0,15.561904761904762,Hell's Kitchen,11,2,0,66,0,1,0
2023-03-08 12:00:00,8.0,27.0,12.0,15.0,19.6,15.619047619047619,Hell's Kitchen,12,2,0,66,0,1,0
2023-03-08 13:00:00,8.0,8.0,8.0,17.0,19.333333333333332,15.552380952380952,Hell's Kitchen,13,2,0,66,0,1,0
2023-03-08 14:00:00,13.0,8.0,10.0,22.0,19.333333333333332,15.466666666666667,Hell's Kitchen,14,2,0,66,0,1,0
2023-03-08 15:00:00,8.0,13.0,11.0,14.0,19.533333333333335,15.380952380952381,Hell's Kitchen,15,2,0,66,0,1,0
2023-03-08 16:00:00,16.0,8.0,12.0,15.0,19.333333333333332,15.323809523809524,Hell's Kitchen,16,2,0,66,0,1,0
2023-03-08 17:00:00,16.0,16.0,22.0,18.0,19.6,15.333333333333334,Hell's Kitchen,17,2,0,66,0,1,0
2023-03-08 18:00:00,8.0,16.0,18.0,23.0,19.2,15.314285714285715,Hell's Kitchen,18,2,0,66,0,1,0
2023-03-08 19:00:00,10.0,8.0,16.0,14.0,18.533333333333335,15.17142857142857,Hell's Kitchen,19,2,0,66,0,1,0
2023-03-08 20:00:00,0.0,10.0,10.0,0.0,18.133333333333333,15.133333333333333,Hell's Kitchen,20,2,0,66,0,1,0
2023-03-09 06:00:00,18.0,,17.0,0.0,17.466666666666665,15.133333333333333,Hell's Kitchen,6,3,0,67,0,1,0
2023-03-09 07:00:00,28.0,18.0,31.0,0.0,17.533333333333335,15.304761904761905,Hell's Kitchen,7,3,0,67,0,1,0
2023-03-09 08:00:00,35.0,28.0,27.0,22.0,17.333333333333332,15.571428571428571,Hell's Kitchen,8,3,0,67,0,1,0
2023-03-09 09:00:00,41.0,35.0,39.0,22.0,17.866666666666667,15.695238095238095,Hell's Kitchen,9,3,0,67,0,1,0
2023-03-09 10:00:00,42.0,41.0,34.0,11.0,18.0,15.876190476190477,Hell's Kitchen,10,3,0,67,0,1,0
2023-03-09 11:00:00,27.0,42.0,27.0,17.0,18.533333333333335,16.17142857142857,Hell's Kitchen,11,3,0,67,0,1,0
2023-03-09 12:00:00,10.0,27.0,8.0,13.0,18.533333333333335,16.266666666666666,Hell's Kitchen,12,3,0,67,0,1,0
2023-03-09 13:00:00,18.0,10.0,8.0,23.0,18.666666666666668,16.238095238095237,Hell's Kitchen,13,3,0,67,0,1,0
2023-03-09 14:00:00,10.0,18.0,13.0,18.0,19.333333333333332,16.19047619047619,Hell's Kitchen,14,3,0,67,0,1,0
2023-03-09 15:00:00,5.0,10.0,8.0,23.0,19.133333333333333,16.114285714285714,Hell's Kitchen,15,3,0,67,0,1,0
2023-03-09 16:00:00,12.0,5.0,16.0,14.0,18.933333333333334,15.942857142857143,Hell's Kitchen,16,3,0,67,0,1,0
2023-03-09 17:00:00,17.0,12.0,16.0,24.0,18.666666666666668,15.923809523809524,Hell's Kitchen,17,3,0,67,0,1,0
2023-03-09 18:00:00,8.0,17.0,8.0,22.0,18.733333333333334,15.857142857142858,Hell's Kitchen,18,3,0,67,0,1,0
2023-03-09 19:00:00,15.0,8.0,10.0,19.0,18.733333333333334,15.723809523809523,Hell's Kitchen,19,3,0,67,0,1,0
2023-03-09 20:00:00,0.0,15.0,0.0,0.0,19.066666666666666,15.685714285714285,Hell's Kitchen,20,3,0,67,0,1,0
2023-03-10 06:00:00,8.0,,18.0,0.0,19.066666666666666,15.685714285714285,Hell's Kitchen,6,4,0,68,0,1,0
2023-03-10 07:00:00,38.0,8.0,28.0,0.0,18.4,15.761904761904763,Hell's Kitchen,7,4,0,68,0,1,0
2023-03-10 08:00:00,42.0,38.0,35.0,16.0,19.066666666666666,16.123809523809523,Hell's Kitchen,8,4,0,68,0,1,0
2023-03-10 09:00:00,44.0,42.0,41.0,10.0,19.533333333333335,16.37142857142857,Hell's Kitchen,9,4,0,68,0,1,0
2023-03-10 10:00:00,27.0,44.0,42.0,16.0,19.733333333333334,16.695238095238096,Hell's Kitchen,10,4,0,68,0,1,0
2023-03-10 11:00:00,19.0,27.0,27.0,20.0,18.733333333333334,16.8,Hell's Kitchen,11,4,0,68,0,1,0
2023-03-10 12:00:00,9.0,19.0,10.0,19.0,18.2,16.79047619047619,Hell's Kitchen,12,4,0,68,0,1,0
2023-03-10 13:00:00,14.0,9.0,18.0,13.0,18.133333333333333,16.695238095238096,Hell's Kitchen,13,4,0,68,0,1,0
2023-03-10 14:00:00,10.0,14.0,10.0,28.0,17.866666666666667,16.704761904761906,Hell's Kitchen,14,4,0,68,0,1,0
2023-03-10 15:00:00,18.0,10.0,5.0,21.0,17.866666666666667,16.533333333333335,Hell's Kitchen,15,4,0,68,0,1,0
2023-03-10 16:00:00,12.0,18.0,12.0,25.0,18.733333333333334,16.504761904761907,Hell's Kitchen,16,4,0,68,0,1,0
2023-03-10 17:00:00,18.0,12.0,17.0,21.0,18.733333333333334,16.38095238095238,Hell's Kitchen,17,4,0,68,0,1,0
2023-03-10 18:00:00,15.0,18.0,8.0,26.0,18.8,16.35238095238095,Hell's Kitchen,18,4,0,68,0,1,0
2023-03-10 19:00:00,10.0,15.0,15.0,14.0,19.266666666666666,16.247619047619047,Hell's Kitchen,19,4,0,68,0,1,0
2023-03-10 20:00:00,0.0,10.0,0.0,0.0,18.933333333333334,16.20952380952381,Hell's Kitchen,20,4,0,68,0,1,0
2023-03-11 06:00:00,17.0,,8.0,0.0,18.933333333333334,16.20952380952381,Hell's Kitchen,6,5,1,69,0,1,0
2023-03-11 07:00:00,27.0,17.0,38.0,0.0,19.533333333333335,16.37142857142857,Hell's Kitchen,7,5,1,69,0,1,0
2023-03-11 08:00:00,47.0,27.0,42.0,18.0,18.8,16.62857142857143,Hell's Kitchen,8,5,1,69,0,1,0
2023-03-11 09:00:00,14.0,47.0,44.0,16.0,19.133333333333333,16.904761904761905,Hell's Kitchen,9,5,1,69,0,1,0
2023-03-11 10:00:00,40.0,14.0,27.0,10.0,17.133333333333333,16.885714285714286,Hell's Kitchen,10,5,1,69,0,1,0
2023-03-11 11:00:00,23.0,40.0,19.0,20.0,18.0,17.17142857142857,Hell's Kitchen,11,5,1,69,0,1,0
2023-03-11 12:00:00,5.0,23.0,9.0,13.0,18.266666666666666,17.2,Hell's Kitchen,12,5,1,69,0,1,0
2023-03-11 13:00:00,13.0,5.0,14.0,20.0,18.0,17.123809523809523,Hell's Kitchen,13,5,1,69,0,1,0
2023-03-11 14:00:00,11.0,13.0,10.0,23.0,17.933333333333334,17.057142857142857,Hell's Kitchen,14,5,1,69,0,1,0
2023-03-11 15:00:00,12.0,11.0,18.0,14.0,18.0,16.942857142857143,Hell's Kitchen,15,5,1,69,0,1,0
2023-03-11 16:00:00,8.0,12.0,12.0,11.0,17.6,16.923809523809524,Hell's Kitchen,16,5,1,69,0,1,0
2023-03-11 17:00:00,12.0,8.0,18.0,18.0,17.333333333333332,16.895238095238096,Hell's Kitchen,17,5,1,69,0,1,0
2023-03-11 18:00:00,12.0,12.0,15.0,18.0,16.933333333333334,16.83809523809524,Hell's Kitchen,18,5,1,69,0,1,0
2023-03-11 19:00:00,11.0,12.0,10.0,14.0,16.733333333333334,16.78095238095238,Hell's Kitchen,19,5,1,69,0,1,0
2023-03-11 20:00:00,0.0,11.0,0.0,0.0,16.8,16.752380952380953,Hell's Kitchen,20,5,1,69,0,1,0
2023-03-12 06:00:00,16.0,,17.0,0.0,16.8,16.752380952380953,Hell's Kitchen,6,6,1,70,0,1,0
2023-03-12 07:00:00,23.0,16.0,27.0,0.0,16.733333333333334,16.904761904761905,Hell's Kitchen,7,6,1,70,0,1,0
2023-03-12 08:00:00,29.0,23.0,47.0,18.0,16.466666666666665,17.123809523809523,Hell's Kitchen,8,6,1,70,0,1,0
2023-03-12 09:00:00,41.0,29.0,14.0,25.0,15.266666666666667,17.228571428571428,Hell's Kitchen,9,6,1,70,0,1,0
2023-03-12 10:00:00,37.0,41.0,40.0,13.0,17.066666666666666,17.38095238095238,Hell's Kitchen,10,6,1,70,0,1,0
2023-03-12 11:00:00,18.0,37.0,23.0,17.0,16.866666666666667,17.60952380952381,Hell's Kitchen,11,6,1,70,0,1,0
2023-03-12 12:00:00,9.0,18.0,5.0,10.0,16.533333333333335,17.61904761904762,Hell's Kitchen,12,6,1,70,0,1,0
2023-03-12 13:00:00,16.0,9.0,13.0,19.0,16.8,17.60952380952381,Hell's Kitchen,13,6,1,70,0,1,0
2023-03-12 14:00:00,15.0,16.0,11.0,21.0,17.0,17.580952380952382,Hell's Kitchen,14,6,1,70,0,1,0
2023-03-12 15:00:00,10.0,15.0,12.0,15.0,17.266666666666666,17.523809523809526,Hell's Kitchen,15,6,1,70,0,1,0
2023-03-12 16:00:00,9.0,10.0,8.0,15.0,17.133333333333333,17.476190476190474,Hell's Kitchen,16,6,1,70,0,1,0
2023-03-12 17:00:00,18.0,9.0,12.0,23.0,17.2,17.419047619047618,Hell's Kitchen,17,6,1,70,0,1,0
2023-03-12 18:00:00,12.0,18.0,12.0,13.0,17.6,17.37142857142857,Hell's Kitchen,18,6,1,70,0,1,0
2023-03-12 19:00:00,13.0,12.0,11.0,18.0,17.6,17.36190476190476,Hell's Kitchen,19,6,1,70,0,1,0
2023-03-12 20:00:00,0.0,13.0,0.0,0.0,17.733333333333334,17.314285714285713,Hell's Kitchen,20,6,1,70,0,1,0
2023-03-13 06:00:00,0.0,,16.0,0.0,17.733333333333334,17.314285714285713,Hell's Kitchen,6,0,0,71,0,1,0
2023-03-13 07:00:00,0.0,0.0,23.0,0.0,16.666666666666668,17.314285714285713,Hell's Kitchen,7,0,0,71,0,1,0
2023-03-13 08:00:00,59.0,0.0,29.0,22.0,15.133333333333333,17.314285714285713,Hell's Kitchen,8,0,0,71,0,1,0
2023-03-13 09:00:00,46.0,59.0,41.0,14.0,17.133333333333333,17.666666666666668,Hell's Kitchen,9,0,0,71,0,1,0
2023-03-13 10:00:00,59.0,46.0,37.0,13.0,17.466666666666665,17.97142857142857,Hell's Kitchen,10,0,0,71,0,1,0
2023-03-13 11:00:00,5.0,59.0,18.0,22.0,18.933333333333334,18.409523809523808,Hell's Kitchen,11,0,0,71,0,1,0
2023-03-13 12:00:00,9.0,5.0,9.0,20.0,18.066666666666666,18.247619047619047,Hell's Kitchen,12,0,0,71,0,1,0
2023-03-13 13:00:00,8.0,9.0,16.0,19.0,18.066666666666666,18.142857142857142,Hell's Kitchen,13,0,0,71,0,1,0
2023-03-13 14:00:00,19.0,8.0,15.0,20.0,17.533333333333335,18.038095238095238,Hell's Kitchen,14,0,0,71,0,1,0
2023-03-13 15:00:00,9.0,19.0,10.0,17.0,17.8,18.02857142857143,Hell's Kitchen,15,0,0,71,0,1,0
2023-03-13 16:00:00,18.0,9.0,9.0,18.0,17.733333333333334,17.952380952380953,Hell's Kitchen,16,0,0,71,0,1,0
2023-03-13 17:00:00,8.0,18.0,18.0,18.0,18.333333333333332,17.952380952380953,Hell's Kitchen,17,0,0,71,0,1,0
2023-03-13 18:00:00,8.0,8.0,12.0,10.0,17.666666666666668,17.857142857142858,Hell's Kitchen,18,0,0,71,0,1,0
2023-03-13 19:00:00,8.0,8.0,13.0,12.0,17.4,17.83809523809524,Hell's Kitchen,19,0,0,71,0,1,0
2023-03-13 20:00:00,13.0,8.0,0.0,0.0,17.066666666666666,17.8,Hell's Kitchen,20,0,0,71,0,1,0
2023-03-14 06:00:00,0.0,,0.0,0.0,17.933333333333334,17.923809523809524,Hell's Kitchen,6,1,0,72,0,1,0
2023-03-14 07:00:00,0.0,0.0,0.0,0.0,17.933333333333334,17.923809523809524,Hell's Kitchen,7,1,0,72,0,1,0
2023-03-14 08:00:00,72.0,0.0,59.0,44.0,17.933333333333334,17.923809523809524,Hell's Kitchen,8,1,0,72,0,1,0
2023-03-14 09:00:00,62.0,72.0,46.0,37.0,18.8,18.19047619047619,Hell's Kitchen,9,1,0,72,0,1,0
2023-03-14 10:00:00,60.0,62.0,59.0,45.0,19.866666666666667,18.428571428571427,Hell's Kitchen,10,1,0,72,0,1,0
2023-03-14 11:00:00,8.0,60.0,5.0,18.0,19.933333333333334,18.571428571428573,Hell's Kitchen,11,1,0,72,0,1,0
2023-03-14 12:00:00,7.0,8.0,9.0,12.0,20.133333333333333,18.476190476190474,Hell's Kitchen,12,1,0,72,0,1,0
2023-03-14 13:00:00,12.0,7.0,8.0,8.0,20.0,18.428571428571427,Hell's Kitchen,13,1,0,72,0,1,0
2023-03-14 14:00:00,6.0,12.0,19.0,10.0,20.266666666666666,18.466666666666665,Hell's Kitchen,14,1,0,72,0,1,0
2023-03-14 15:00:00,9.0,6.0,9.0,11.0,19.4,18.428571428571427,Hell's Kitchen,15,1,0,72,0,1,0
2023-03-14 16:00:00,19.0,9.0,18.0,12.0,19.4,18.409523809523808,Hell's Kitchen,16,1,0,72,0,1,0
2023-03-14 17:00:00,7.0,19.0,8.0,22.0,19.466666666666665,18.476190476190474,Hell's Kitchen,17,1,0,72,0,1,0
2023-03-14 18:00:00,8.0,7.0,8.0,18.0,19.4,18.333333333333332,Hell's Kitchen,18,1,0,72,0,1,0
2023-03-14 19:00:00,11.0,8.0,8.0,16.0,19.4,18.238095238095237,Hell's Kitchen,19,1,0,72,0,1,0
2023-03-14 20:00:00,8.0,11.0,13.0,10.0,19.6,18.19047619047619,Hell's Kitchen,20,1,0,72,0,1,0
2023-03-15 06:00:00,12.0,,0.0,17.0,19.266666666666666,18.17142857142857,Hell's Kitchen,6,2,0,73,0,1,0
2023-03-15 07:00:00,28.0,12.0,0.0,31.0,20.066666666666666,18.123809523809523,Hell's Kitchen,7,2,0,73,0,1,0
2023-03-15 08:00:00,32.0,28.0,72.0,27.0,21.933333333333334,18.095238095238095,Hell's Kitchen,8,2,0,73,0,1,0
2023-03-15 09:00:00,30.0,32.0,62.0,39.0,19.266666666666666,18.142857142857142,Hell's Kitchen,9,2,0,73,0,1,0
2023-03-15 10:00:00,25.0,30.0,60.0,34.0,17.133333333333333,18.057142857142857,Hell's Kitchen,10,2,0,73,0,1,0
2023-03-15 11:00:00,20.0,25.0,8.0,27.0,14.8,17.97142857142857,Hell's Kitchen,11,2,0,73,0,1,0
2023-03-15 12:00:00,10.0,20.0,7.0,8.0,15.6,17.904761904761905,Hell's Kitchen,12,2,0,73,0,1,0
2023-03-15 13:00:00,13.0,10.0,12.0,8.0,15.8,17.923809523809524,Hell's Kitchen,13,2,0,73,0,1,0
2023-03-15 14:00:00,10.0,13.0,6.0,13.0,15.866666666666667,17.97142857142857,Hell's Kitchen,14,2,0,73,0,1,0
2023-03-15 15:00:00,3.0,10.0,9.0,8.0,16.133333333333333,17.942857142857143,Hell's Kitchen,15,2,0,73,0,1,0
2023-03-15 16:00:00,10.0,3.0,19.0,16.0,15.733333333333333,17.895238095238096,Hell's Kitchen,16,2,0,73,0,1,0
2023-03-15 17:00:00,21.0,10.0,7.0,16.0,15.133333333333333,17.83809523809524,Hell's Kitchen,17,2,0,73,0,1,0
2023-03-15 18:00:00,6.0,21.0,8.0,8.0,16.066666666666666,17.885714285714286,Hell's Kitchen,18,2,0,73,0,1,0
2023-03-15 19:00:00,9.0,6.0,11.0,10.0,15.933333333333334,17.866666666666667,Hell's Kitchen,19,2,0,73,0,1,0
2023-03-15 20:00:00,0.0,9.0,8.0,0.0,15.8,17.857142857142858,Hell's Kitchen,20,2,0,73,0,1,0
2023-03-16 06:00:00,16.0,,12.0,18.0,15.266666666666667,17.857142857142858,Hell's Kitchen,6,3,0,74,0,1,0
2023-03-16 07:00:00,42.0,16.0,28.0,28.0,15.533333333333333,17.83809523809524,Hell's Kitchen,7,3,0,74,0,1,0
2023-03-16 08:00:00,34.0,42.0,32.0,35.0,16.466666666666665,17.97142857142857,Hell's Kitchen,8,3,0,74,0,1,0
2023-03-16 09:00:00,23.0,34.0,30.0,41.0,16.6,17.961904761904762,Hell's Kitchen,9,3,0,74,0,1,0
2023-03-16 10:00:00,48.0,23.0,25.0,42.0,16.133333333333333,17.79047619047619,Hell's Kitchen,10,3,0,74,0,1,0
2023-03-16 11:00:00,30.0,48.0,20.0,27.0,17.666666666666668,17.847619047619048,Hell's Kitchen,11,3,0,74,0,1,0
2023-03-16 12:00:00,5.0,30.0,10.0,10.0,18.333333333333332,17.876190476190477,Hell's Kitchen,12,3,0,74,0,1,0
2023-03-16 13:00:00,10.0,5.0,13.0,18.0,18.0,17.82857142857143,Hell's Kitchen,13,3,0,74,0,1,0
2023-03-16 14:00:00,14.0,10.0,10.0,10.0,17.8,17.752380952380953,Hell's Kitchen,14,3,0,74,0,1,0
2023-03-16 15:00:00,1.0,14.0,3.0,5.0,18.066666666666666,17.79047619047619,Hell's Kitchen,15,3,0,74,0,1,0
2023-03-16 16:00:00,10.0,1.0,10.0,12.0,17.933333333333334,17.752380952380953,Hell's Kitchen,16,3,0,74,0,1,0
2023-03-16 17:00:00,8.0,10.0,21.0,17.0,17.933333333333334,17.733333333333334,Hell's Kitchen,17,3,0,74,0,1,0
2023-03-16 18:00:00,11.0,8.0,6.0,8.0,17.066666666666666,17.64761904761905,Hell's Kitchen,18,3,0,74,0,1,0
2023-03-16 19:00:00,8.0,11.0,9.0,15.0,17.4,17.676190476190477,Hell's Kitchen,19,3,0,74,0,1,0
2023-03-16 20:00:00,0.0,8.0,0.0,0.0,17.333333333333332,17.60952380952381,Hell's Kitchen,20,3,0,74,0,1,0
2023-03-17 06:00:00,12.0,,16.0,8.0,17.333333333333332,17.60952380952381,Hell's Kitchen,6,4,0,75,0,1,0
2023-03-17 07:00:00,26.0,12.0,42.0,38.0,17.066666666666666,17.64761904761905,Hell's Kitchen,7,4,0,75,0,1,0
2023-03-17 08:00:00,16.0,26.0,34.0,42.0,16.0,17.533333333333335,Hell's Kitchen,8,4,0,75,0,1,0
2023-03-17 09:00:00,27.0,16.0,23.0,44.0,14.8,17.285714285714285,Hell's Kitchen,9,4,0,75,0,1,0
2023-03-17 10:00:00,29.0,27.0,48.0,27.0,15.066666666666666,17.123809523809523,Hell's Kitchen,10,4,0,75,0,1,0
2023-03-17 11:00:00,15.0,29.0,30.0,19.0,13.8,17.142857142857142,Hell's Kitchen,11,4,0,75,0,1,0
2023-03-17 12:00:00,7.0,15.0,5.0,9.0,12.8,17.104761904761904,Hell's Kitchen,12,4,0,75,0,1,0
2023-03-17 13:00:00,9.0,7.0,10.0,14.0,12.933333333333334,17.085714285714285,Hell's Kitchen,13,4,0,75,0,1,0
2023-03-17 14:00:00,5.0,9.0,14.0,10.0,12.866666666666667,17.038095238095238,Hell's Kitchen,14,4,0,75,0,1,0
2023-03-17 15:00:00,7.0,5.0,1.0,18.0,12.266666666666667,16.99047619047619,Hell's Kitchen,15,4,0,75,0,1,0
2023-03-17 16:00:00,7.0,7.0,10.0,12.0,12.666666666666666,16.885714285714286,Hell's Kitchen,16,4,0,75,0,1,0
2023-03-17 17:00:00,3.0,7.0,8.0,18.0,12.466666666666667,16.83809523809524,Hell's Kitchen,17,4,0,75,0,1,0
2023-03-17 18:00:00,10.0,3.0,11.0,15.0,12.133333333333333,16.695238095238096,Hell's Kitchen,18,4,0,75,0,1,0
2023-03-17 19:00:00,3.0,10.0,8.0,10.0,12.066666666666666,16.64761904761905,Hell's Kitchen,19,4,0,75,0,1,0
2023-03-17 20:00:00,0.0,3.0,0.0,0.0,11.733333333333333,16.580952380952382,Hell's Kitchen,20,4,0,75,0,1,0
2023-03-18 06:00:00,9.0,,12.0,17.0,11.733333333333333,16.580952380952382,Hell's Kitchen,6,5,1,76,0,1,0
2023-03-18 07:00:00,40.0,9.0,26.0,27.0,11.533333333333333,16.504761904761907,Hell's Kitchen,7,5,1,76,0,1,0
2023-03-18 08:00:00,41.0,40.0,16.0,47.0,12.466666666666667,16.62857142857143,Hell's Kitchen,8,5,1,76,0,1,0
2023-03-18 09:00:00,36.0,41.0,27.0,14.0,14.133333333333333,16.571428571428573,Hell's Kitchen,9,5,1,76,0,1,0
2023-03-18 10:00:00,33.0,36.0,29.0,40.0,14.733333333333333,16.78095238095238,Hell's Kitchen,10,5,1,76,0,1,0
2023-03-18 11:00:00,13.0,33.0,15.0,23.0,15.0,16.714285714285715,Hell's Kitchen,11,5,1,76,0,1,0
2023-03-18 12:00:00,11.0,13.0,7.0,5.0,14.866666666666667,16.61904761904762,Hell's Kitchen,12,5,1,76,0,1,0
2023-03-18 13:00:00,8.0,11.0,9.0,13.0,15.133333333333333,16.676190476190477,Hell's Kitchen,13,5,1,76,0,1,0
2023-03-18 14:00:00,13.0,8.0,5.0,11.0,15.066666666666666,16.62857142857143,Hell's Kitchen,14,5,1,76,0,1,0
2023-03-18 15:00:00,8.0,13.0,7.0,12.0,15.6,16.64761904761905,Hell's Kitchen,15,5,1,76,0,1,0
2023-03-18 16:00:00,5.0,8.0,7.0,8.0,15.666666666666666,16.60952380952381,Hell's Kitchen,16,5,1,76,0,1,0
2023-03-18 17:00:00,11.0,5.0,3.0,12.0,15.533333333333333,16.580952380952382,Hell's Kitchen,17,5,1,76,0,1,0
2023-03-18 18:00:00,3.0,11.0,10.0,12.0,16.066666666666666,16.571428571428573,Hell's Kitchen,18,5,1,76,0,1,0
2023-03-18 19:00:00,9.0,3.0,3.0,11.0,15.6,16.485714285714284,Hell's Kitchen,19,5,1,76,0,1,0
2023-03-18 20:00:00,0.0,9.0,0.0,0.0,16.0,16.466666666666665,Hell's Kitchen,20,5,1,76,0,1,0
2023-03-19 06:00:00,24.0,,9.0,16.0,16.0,16.466666666666665,Hell's Kitchen,6,6,1,77,0,1,0
2023-03-19 07:00:00,40.0,24.0,40.0,23.0,17.0,16.542857142857144,Hell's Kitchen,7,6,1,77,0,1,0
2023-03-19 08:00:00,39.0,40.0,41.0,29.0,17.0,16.704761904761906,Hell's Kitchen,8,6,1,77,0,1,0
2023-03-19 09:00:00,24.0,39.0,36.0,41.0,16.866666666666667,16.8,Hell's Kitchen,9,6,1,77,0,1,0
2023-03-19 10:00:00,35.0,24.0,33.0,37.0,16.066666666666666,16.63809523809524,Hell's Kitchen,10,6,1,77,0,1,0
2023-03-19 11:00:00,22.0,35.0,13.0,18.0,16.2,16.61904761904762,Hell's Kitchen,11,6,1,77,0,1,0
2023-03-19 12:00:00,11.0,22.0,11.0,9.0,16.8,16.65714285714286,Hell's Kitchen,12,6,1,77,0,1,0
2023-03-19 13:00:00,5.0,11.0,8.0,16.0,16.8,16.676190476190477,Hell's Kitchen,13,6,1,77,0,1,0
2023-03-19 14:00:00,6.0,5.0,13.0,15.0,16.6,16.571428571428573,Hell's Kitchen,14,6,1,77,0,1,0
2023-03-19 15:00:00,10.0,6.0,8.0,10.0,16.133333333333333,16.485714285714284,Hell's Kitchen,15,6,1,77,0,1,0
2023-03-19 16:00:00,12.0,10.0,5.0,9.0,16.266666666666666,16.485714285714284,Hell's Kitchen,16,6,1,77,0,1,0
2023-03-19 17:00:00,10.0,12.0,11.0,18.0,16.733333333333334,16.514285714285716,Hell's Kitchen,17,6,1,77,0,1,0
2023-03-19 18:00:00,14.0,10.0,3.0,12.0,16.666666666666668,16.438095238095237,Hell's Kitchen,18,6,1,77,0,1,0
2023-03-19 19:00:00,4.0,14.0,9.0,13.0,17.4,16.457142857142856,Hell's Kitchen,19,6,1,77,0,1,0
2023-03-19 20:00:00,0.0,4.0,0.0,0.0,17.066666666666666,16.37142857142857,Hell's Kitchen,20,6,1,77,0,1,0
2023-03-20 06:00:00,0.0,,24.0,0.0,17.066666666666666,16.37142857142857,Hell's Kitchen,6,0,0,78,0,1,0
2023-03-20 07:00:00,0.0,0.0,40.0,0.0,15.466666666666667,16.37142857142857,Hell's Kitchen,7,0,0,78,0,1,0
2023-03-20 08:00:00,47.0,0.0,39.0,59.0,12.8,16.37142857142857,Hell's Kitchen,8,0,0,78,0,1,0
2023-03-20 09:00:00,54.0,47.0,24.0,46.0,13.333333333333334,16.257142857142856,Hell's Kitchen,9,0,0,78,0,1,0
2023-03-20 10:00:00,48.0,54.0,35.0,59.0,15.333333333333334,16.333333333333332,Hell's Kitchen,10,0,0,78,0,1,0
2023-03-20 11:00:00,8.0,48.0,22.0,5.0,16.2,16.228571428571428,Hell's Kitchen,11,0,0,78,0,1,0
2023-03-20 12:00:00,6.0,8.0,11.0,9.0,15.266666666666667,16.257142857142856,Hell's Kitchen,12,0,0,78,0,1,0
2023-03-20 13:00:00,12.0,6.0,5.0,8.0,14.933333333333334,16.228571428571428,Hell's Kitchen,13,0,0,78,0,1,0
2023-03-20 14:00:00,14.0,12.0,6.0,19.0,15.4,16.266666666666666,Hell's Kitchen,14,0,0,78,0,1,0
2023-03-20 15:00:00,10.0,14.0,10.0,9.0,15.933333333333334,16.21904761904762,Hell's Kitchen,15,0,0,78,0,1,0
2023-03-20 16:00:00,15.0,10.0,12.0,18.0,15.933333333333334,16.228571428571428,Hell's Kitchen,16,0,0,78,0,1,0
2023-03-20 17:00:00,8.0,15.0,10.0,8.0,16.133333333333333,16.2,Hell's Kitchen,17,0,0,78,0,1,0
2023-03-20 18:00:00,5.0,8.0,14.0,8.0,16.0,16.2,Hell's Kitchen,18,0,0,78,0,1,0
2023-03-20 19:00:00,12.0,5.0,4.0,8.0,15.4,16.17142857142857,Hell's Kitchen,19,0,0,78,0,1,0
2023-03-20 20:00:00,7.0,12.0,0.0,13.0,15.933333333333334,16.20952380952381,Hell's Kitchen,20,0,0,78,0,1,0
2023-03-21 06:00:00,0.0,,0.0,0.0,16.4,16.152380952380952,Hell's Kitchen,6,1,0,79,0,1,0
2023-03-21 07:00:00,0.0,0.0,0.0,0.0,16.4,16.152380952380952,Hell's Kitchen,7,1,0,79,0,1,0
2023-03-21 08:00:00,75.0,0.0,47.0,72.0,16.4,16.152380952380952,Hell's Kitchen,8,1,0,79,0,1,0
2023-03-21 09:00:00,48.0,75.0,54.0,62.0,18.266666666666666,16.18095238095238,Hell's Kitchen,9,1,0,79,0,1,0
2023-03-21 10:00:00,54.0,48.0,48.0,60.0,17.866666666666667,16.047619047619047,Hell's Kitchen,10,1,0,79,0,1,0
2023-03-21 11:00:00,8.0,54.0,8.0,8.0,18.266666666666666,15.99047619047619,Hell's Kitchen,11,1,0,79,0,1,0
2023-03-21 12:00:00,9.0,8.0,6.0,7.0,18.266666666666666,15.99047619047619,Hell's Kitchen,12,1,0,79,0,1,0
2023-03-21 13:00:00,17.0,9.0,12.0,12.0,18.466666666666665,16.00952380952381,Hell's Kitchen,13,1,0,79,0,1,0
2023-03-21 14:00:00,12.0,17.0,14.0,6.0,18.8,16.057142857142857,Hell's Kitchen,14,1,0,79,0,1,0
2023-03-21 15:00:00,9.0,12.0,10.0,9.0,18.666666666666668,16.114285714285714,Hell's Kitchen,15,1,0,79,0,1,0
2023-03-21 16:00:00,15.0,9.0,15.0,19.0,18.6,16.114285714285714,Hell's Kitchen,16,1,0,79,0,1,0
2023-03-21 17:00:00,10.0,15.0,8.0,7.0,18.6,16.076190476190476,Hell's Kitchen,17,1,0,79,0,1,0
2023-03-21 18:00:00,18.0,10.0,5.0,8.0,18.733333333333334,16.104761904761904,Hell's Kitchen,18,1,0,79,0,1,0
2023-03-21 19:00:00,5.0,18.0,12.0,11.0,19.6,16.2,Hell's Kitchen,19,1,0,79,0,1,0
2023-03-21 20:00:00,13.0,5.0,7.0,8.0,19.133333333333333,16.142857142857142,Hell's Kitchen,20,1,0,79,0,1,0
2023-03-22 06:00:00,8.0,,0.0,12.0,19.533333333333335,16.19047619047619,Hell's Kitchen,6,2,0,80,0,1,0
2023-03-22 07:00:00,18.0,8.0,0.0,28.0,20.066666666666666,16.152380952380952,Hell's Kitchen,7,2,0,80,0,1,0
2023-03-22 08:00:00,27.0,18.0,75.0,32.0,21.266666666666666,16.057142857142857,Hell's Kitchen,8,2,0,80,0,1,0
2023-03-22 09:00:00,25.0,27.0,48.0,30.0,18.066666666666666,16.00952380952381,Hell's Kitchen,9,2,0,80,0,1,0
2023-03-22 10:00:00,21.0,25.0,54.0,25.0,16.533333333333335,15.961904761904762,Hell's Kitchen,10,2,0,80,0,1,0
2023-03-22 11:00:00,20.0,21.0,8.0,20.0,14.333333333333334,15.923809523809524,Hell's Kitchen,11,2,0,80,0,1,0
2023-03-22 12:00:00,7.0,20.0,9.0,10.0,15.133333333333333,15.923809523809524,Hell's Kitchen,12,2,0,80,0,1,0
2023-03-22 13:00:00,8.0,7.0,17.0,13.0,15.0,15.895238095238096,Hell's Kitchen,13,2,0,80,0,1,0
2023-03-22 14:00:00,10.0,8.0,12.0,10.0,14.4,15.847619047619048,Hell's Kitchen,14,2,0,80,0,1,0
2023-03-22 15:00:00,10.0,10.0,9.0,3.0,14.266666666666667,15.847619047619048,Hell's Kitchen,15,2,0,80,0,1,0
2023-03-22 16:00:00,13.0,10.0,15.0,10.0,14.333333333333334,15.914285714285715,Hell's Kitchen,16,2,0,80,0,1,0
2023-03-22 17:00:00,14.0,13.0,10.0,21.0,14.2,15.942857142857143,Hell's Kitchen,17,2,0,80,0,1,0
2023-03-22 18:00:00,16.0,14.0,18.0,6.0,14.466666666666667,15.876190476190477,Hell's Kitchen,18,2,0,80,0,1,0
2023-03-22 19:00:00,10.0,16.0,5.0,9.0,14.333333333333334,15.971428571428572,Hell's Kitchen,19,2,0,80,0,1,0
2023-03-22 20:00:00,0.0,10.0,13.0,0.0,14.666666666666666,15.980952380952381,Hell's Kitchen,20,2,0,80,0,1,0
2023-03-23 06:00:00,20.0,,8.0,16.0,13.8,15.980952380952381,Hell's Kitchen,6,3,0,81,0,1,0
2023-03-23 07:00:00,23.0,20.0,18.0,42.0,14.6,16.01904761904762,Hell's Kitchen,7,3,0,81,0,1,0
2023-03-23 08:00:00,32.0,23.0,27.0,34.0,14.933333333333334,15.838095238095239,Hell's Kitchen,8,3,0,81,0,1,0
2023-03-23 09:00:00,35.0,32.0,25.0,23.0,15.266666666666667,15.81904761904762,Hell's Kitchen,9,3,0,81,0,1,0
2023-03-23 10:00:00,23.0,35.0,21.0,48.0,15.933333333333334,15.933333333333334,Hell's Kitchen,10,3,0,81,0,1,0
2023-03-23 11:00:00,18.0,23.0,20.0,30.0,16.066666666666666,15.695238095238095,Hell's Kitchen,11,3,0,81,0,1,0
2023-03-23 12:00:00,6.0,18.0,7.0,5.0,15.933333333333334,15.58095238095238,Hell's Kitchen,12,3,0,81,0,1,0
2023-03-23 13:00:00,7.0,6.0,8.0,10.0,15.866666666666667,15.59047619047619,Hell's Kitchen,13,3,0,81,0,1,0
2023-03-23 14:00:00,18.0,7.0,10.0,14.0,15.8,15.561904761904762,Hell's Kitchen,14,3,0,81,0,1,0
2023-03-23 15:00:00,12.0,18.0,10.0,1.0,16.333333333333332,15.6,Hell's Kitchen,15,3,0,81,0,1,0
2023-03-23 16:00:00,7.0,12.0,13.0,10.0,16.466666666666665,15.704761904761904,Hell's Kitchen,16,3,0,81,0,1,0
2023-03-23 17:00:00,18.0,7.0,14.0,8.0,16.066666666666666,15.676190476190476,Hell's Kitchen,17,3,0,81,0,1,0
2023-03-23 18:00:00,9.0,18.0,16.0,11.0,16.333333333333332,15.771428571428572,Hell's Kitchen,18,3,0,81,0,1,0
2023-03-23 19:00:00,9.0,9.0,10.0,8.0,15.866666666666667,15.752380952380953,Hell's Kitchen,19,3,0,81,0,1,0
2023-03-23 20:00:00,0.0,9.0,0.0,0.0,15.8,15.761904761904763,Hell's Kitchen,20,3,0,81,0,1,0
2023-03-24 06:00:00,16.0,,20.0,12.0,15.8,15.761904761904763,Hell's Kitchen,6,4,0,82,0,1,0
2023-03-24 07:00:00,23.0,16.0,23.0,26.0,15.533333333333333,15.8,Hell's Kitchen,7,4,0,82,0,1,0
2023-03-24 08:00:00,27.0,23.0,32.0,16.0,15.533333333333333,15.771428571428572,Hell's Kitchen,8,4,0,82,0,1,0
2023-03-24 09:00:00,25.0,27.0,35.0,27.0,15.2,15.876190476190477,Hell's Kitchen,9,4,0,82,0,1,0
2023-03-24 10:00:00,31.0,25.0,23.0,29.0,14.533333333333333,15.857142857142858,Hell's Kitchen,10,4,0,82,0,1,0
2023-03-24 11:00:00,13.0,31.0,18.0,15.0,15.066666666666666,15.876190476190477,Hell's Kitchen,11,4,0,82,0,1,0
2023-03-24 12:00:00,12.0,13.0,6.0,7.0,14.733333333333333,15.857142857142858,Hell's Kitchen,12,4,0,82,0,1,0
2023-03-24 13:00:00,6.0,12.0,7.0,9.0,15.133333333333333,15.904761904761905,Hell's Kitchen,13,4,0,82,0,1,0
2023-03-24 14:00:00,10.0,6.0,18.0,5.0,15.066666666666666,15.876190476190477,Hell's Kitchen,14,4,0,82,0,1,0
2023-03-24 15:00:00,12.0,10.0,12.0,7.0,14.533333333333333,15.923809523809524,Hell's Kitchen,15,4,0,82,0,1,0
2023-03-24 16:00:00,11.0,12.0,7.0,7.0,14.533333333333333,15.971428571428572,Hell's Kitchen,16,4,0,82,0,1,0
2023-03-24 17:00:00,9.0,11.0,18.0,3.0,14.8,16.00952380952381,Hell's Kitchen,17,4,0,82,0,1,0
2023-03-24 18:00:00,9.0,9.0,9.0,10.0,14.2,16.066666666666666,Hell's Kitchen,18,4,0,82,0,1,0
2023-03-24 19:00:00,9.0,9.0,9.0,3.0,14.2,16.057142857142857,Hell's Kitchen,19,4,0,82,0,1,0
2023-03-24 20:00:00,0.0,9.0,0.0,0.0,14.2,16.114285714285714,Hell's Kitchen,20,4,0,82,0,1,0
2023-03-25 06:00:00,13.0,,16.0,9.0,14.2,16.114285714285714,Hell's Kitchen,6,5,1,83,0,1,0
2023-03-25 07:00:00,29.0,13.0,23.0,40.0,14.0,16.152380952380952,Hell's Kitchen,7,5,1,83,0,1,0
2023-03-25 08:00:00,24.0,29.0,27.0,41.0,14.4,16.047619047619047,Hell's Kitchen,8,5,1,83,0,1,0
2023-03-25 09:00:00,27.0,24.0,25.0,36.0,14.2,15.885714285714286,Hell's Kitchen,9,5,1,83,0,1,0
2023-03-25 10:00:00,28.0,27.0,31.0,33.0,14.333333333333334,15.8,Hell's Kitchen,10,5,1,83,0,1,0
2023-03-25 11:00:00,13.0,28.0,13.0,13.0,14.133333333333333,15.752380952380953,Hell's Kitchen,11,5,1,83,0,1,0
2023-03-25 12:00:00,23.0,13.0,12.0,11.0,14.133333333333333,15.752380952380953,Hell's Kitchen,12,5,1,83,0,1,0
2023-03-25 13:00:00,6.0,23.0,6.0,8.0,14.866666666666667,15.866666666666667,Hell's Kitchen,13,5,1,83,0,1,0
2023-03-25 14:00:00,6.0,6.0,10.0,13.0,14.866666666666667,15.847619047619048,Hell's Kitchen,14,5,1,83,0,1,0
2023-03-25 15:00:00,6.0,6.0,12.0,8.0,14.6,15.780952380952382,Hell's Kitchen,15,5,1,83,0,1,0
2023-03-25 16:00:00,12.0,6.0,11.0,5.0,14.2,15.761904761904763,Hell's Kitchen,16,5,1,83,0,1,0
2023-03-25 17:00:00,10.0,12.0,9.0,11.0,14.266666666666667,15.82857142857143,Hell's Kitchen,17,5,1,83,0,1,0
2023-03-25 18:00:00,6.0,10.0,9.0,3.0,14.333333333333334,15.81904761904762,Hell's Kitchen,18,5,1,83,0,1,0
2023-03-25 19:00:00,10.0,6.0,9.0,9.0,14.133333333333333,15.847619047619048,Hell's Kitchen,19,5,1,83,0,1,0
2023-03-25 20:00:00,0.0,10.0,0.0,0.0,14.2,15.857142857142858,Hell's Kitchen,20,5,1,83,0,1,0
2023-03-26 06:00:00,13.0,,13.0,24.0,14.2,15.857142857142858,Hell's Kitchen,6,6,1,84,0,1,0
2023-03-26 07:00:00,32.0,13.0,29.0,40.0,14.2,15.752380952380953,Hell's Kitchen,7,6,1,84,0,1,0
2023-03-26 08:00:00,29.0,32.0,24.0,39.0,14.4,15.676190476190476,Hell's Kitchen,8,6,1,84,0,1,0
2023-03-26 09:00:00,20.0,29.0,27.0,24.0,14.733333333333333,15.58095238095238,Hell's Kitchen,9,6,1,84,0,1,0
2023-03-26 10:00:00,22.0,20.0,28.0,35.0,14.266666666666667,15.542857142857143,Hell's Kitchen,10,6,1,84,0,1,0
2023-03-26 11:00:00,17.0,22.0,13.0,22.0,13.866666666666667,15.41904761904762,Hell's Kitchen,11,6,1,84,0,1,0
2023-03-26 12:00:00,6.0,17.0,23.0,11.0,14.133333333333333,15.371428571428572,Hell's Kitchen,12,6,1,84,0,1,0
2023-03-26 13:00:00,11.0,6.0,6.0,5.0,13.0,15.323809523809524,Hell's Kitchen,13,6,1,84,0,1,0
2023-03-26 14:00:00,6.0,11.0,6.0,6.0,13.333333333333334,15.380952380952381,Hell's Kitchen,14,6,1,84,0,1,0
2023-03-26 15:00:00,7.0,6.0,6.0,10.0,13.333333333333334,15.380952380952381,Hell's Kitchen,15,6,1,84,0,1,0
2023-03-26 16:00:00,13.0,7.0,12.0,12.0,13.4,15.352380952380953,Hell's Kitchen,16,6,1,84,0,1,0
2023-03-26 17:00:00,16.0,13.0,10.0,10.0,13.466666666666667,15.361904761904762,Hell's Kitchen,17,6,1,84,0,1,0
2023-03-26 18:00:00,8.0,16.0,6.0,14.0,13.866666666666667,15.41904761904762,Hell's Kitchen,18,6,1,84,0,1,0
2023-03-26 19:00:00,8.0,8.0,10.0,4.0,14.0,15.361904761904762,Hell's Kitchen,19,6,1,84,0,1,0
2023-03-26 20:00:00,0.0,8.0,0.0,0.0,13.866666666666667,15.4,Hell's Kitchen,20,6,1,84,0,1,0
2023-03-27 06:00:00,0.0,,13.0,0.0,13.866666666666667,15.4,Hell's Kitchen,6,0,0,85,0,1,0
2023-03-27 07:00:00,0.0,0.0,32.0,0.0,13.0,15.4,Hell's Kitchen,7,0,0,85,0,1,0
2023-03-27 08:00:00,45.0,0.0,29.0,47.0,10.866666666666667,15.4,Hell's Kitchen,8,0,0,85,0,1,0
2023-03-27 09:00:00,59.0,45.0,20.0,54.0,11.933333333333334,15.380952380952381,Hell's Kitchen,9,0,0,85,0,1,0
2023-03-27 10:00:00,58.0,59.0,22.0,48.0,14.533333333333333,15.428571428571429,Hell's Kitchen,10,0,0,85,0,1,0
2023-03-27 11:00:00,6.0,58.0,17.0,8.0,16.933333333333334,15.523809523809524,Hell's Kitchen,11,0,0,85,0,1,0
2023-03-27 12:00:00,11.0,6.0,6.0,6.0,16.2,15.504761904761905,Hell's Kitchen,12,0,0,85,0,1,0
2023-03-27 13:00:00,15.0,11.0,11.0,12.0,16.533333333333335,15.552380952380952,Hell's Kitchen,13,0,0,85,0,1,0
2023-03-27 14:00:00,6.0,15.0,6.0,14.0,16.8,15.58095238095238,Hell's Kitchen,14,0,0,85,0,1,0
2023-03-27 15:00:00,18.0,6.0,7.0,10.0,16.8,15.504761904761905,Hell's Kitchen,15,0,0,85,0,1,0
2023-03-27 16:00:00,4.0,18.0,13.0,15.0,17.533333333333335,15.58095238095238,Hell's Kitchen,16,0,0,85,0,1,0
2023-03-27 17:00:00,15.0,4.0,16.0,8.0,16.933333333333334,15.476190476190476,Hell's Kitchen,17,0,0,85,0,1,0
2023-03-27 18:00:00,11.0,15.0,8.0,5.0,16.866666666666667,15.542857142857143,Hell's Kitchen,18,0,0,85,0,1,0
2023-03-27 19:00:00,7.0,11.0,8.0,12.0,17.066666666666666,15.6,Hell's Kitchen,19,0,0,85,0,1,0
2023-03-27 20:00:00,8.0,7.0,0.0,7.0,17.0,15.552380952380952,Hell's Kitchen,20,0,0,85,0,1,0
2023-03-28 06:00:00,0.0,,0.0,0.0,17.533333333333335,15.561904761904762,Hell's Kitchen,6,1,0,86,0,1,0
2023-03-28 07:00:00,0.0,0.0,0.0,0.0,17.533333333333335,15.561904761904762,Hell's Kitchen,7,1,0,86,0,1,0
2023-03-28 08:00:00,17.0,0.0,45.0,75.0,17.533333333333335,15.561904761904762,Hell's Kitchen,8,1,0,86,0,1,0
2023-03-28 09:00:00,14.0,17.0,59.0,48.0,15.666666666666666,15.00952380952381,Hell's Kitchen,9,1,0,86,0,1,0
2023-03-28 10:00:00,13.0,14.0,58.0,54.0,12.666666666666666,14.685714285714285,Hell's Kitchen,10,1,0,86,0,1,0
2023-03-28 11:00:00,14.0,13.0,6.0,8.0,9.666666666666666,14.295238095238096,Hell's Kitchen,11,1,0,86,0,1,0
2023-03-28 12:00:00,15.0,14.0,11.0,9.0,10.2,14.352380952380953,Hell's Kitchen,12,1,0,86,0,1,0
2023-03-28 13:00:00,19.0,15.0,15.0,17.0,10.466666666666667,14.40952380952381,Hell's Kitchen,13,1,0,86,0,1,0
2023-03-28 14:00:00,13.0,19.0,6.0,12.0,10.733333333333333,14.428571428571429,Hell's Kitchen,14,1,0,86,0,1,0
2023-03-28 15:00:00,18.0,13.0,18.0,9.0,11.2,14.438095238095238,Hell's Kitchen,15,1,0,86,0,1,0
2023-03-28 16:00:00,26.0,18.0,4.0,15.0,11.2,14.523809523809524,Hell's Kitchen,16,1,0,86,0,1,0
2023-03-28 17:00:00,26.0,26.0,15.0,10.0,12.666666666666666,14.628571428571428,Hell's Kitchen,17,1,0,86,0,1,0
2023-03-28 18:00:00,15.0,26.0,11.0,18.0,13.4,14.780952380952382,Hell's Kitchen,18,1,0,86,0,1,0
2023-03-28 19:00:00,16.0,15.0,7.0,5.0,13.666666666666666,14.752380952380953,Hell's Kitchen,19,1,0,86,0,1,0
2023-03-28 20:00:00,0.0,16.0,8.0,13.0,14.266666666666667,14.857142857142858,Hell's Kitchen,20,1,0,86,0,1,0
2023-03-29 06:00:00,0.0,,0.0,8.0,13.733333333333333,14.733333333333333,Hell's Kitchen,6,2,0,87,0,1,0
2023-03-29 07:00:00,0.0,0.0,0.0,18.0,13.733333333333333,14.657142857142857,Hell's Kitchen,7,2,0,87,0,1,0
2023-03-29 08:00:00,11.0,0.0,17.0,27.0,13.733333333333333,14.485714285714286,Hell's Kitchen,8,2,0,87,0,1,0
2023-03-29 09:00:00,12.0,11.0,14.0,25.0,13.333333333333334,14.333333333333334,Hell's Kitchen,9,2,0,87,0,1,0
2023-03-29 10:00:00,13.0,12.0,13.0,21.0,13.2,14.209523809523809,Hell's Kitchen,10,2,0,87,0,1,0
2023-03-29 11:00:00,18.0,13.0,14.0,20.0,13.2,14.133333333333333,Hell's Kitchen,11,2,0,87,0,1,0
2023-03-29 12:00:00,13.0,18.0,15.0,7.0,13.466666666666667,14.114285714285714,Hell's Kitchen,12,2,0,87,0,1,0
2023-03-29 13:00:00,11.0,13.0,19.0,8.0,13.333333333333334,14.17142857142857,Hell's Kitchen,13,2,0,87,0,1,0
2023-03-29 14:00:00,15.0,11.0,13.0,10.0,12.8,14.2,Hell's Kitchen,14,2,0,87,0,1,0
2023-03-29 15:00:00,14.0,15.0,18.0,10.0,12.933333333333334,14.247619047619047,Hell's Kitchen,15,2,0,87,0,1,0
2023-03-29 16:00:00,14.0,14.0,26.0,13.0,12.666666666666666,14.285714285714286,Hell's Kitchen,16,2,0,87,0,1,0
2023-03-29 17:00:00,11.0,14.0,26.0,14.0,11.866666666666667,14.295238095238096,Hell's Kitchen,17,2,0,87,0,1,0
2023-03-29 18:00:00,8.0,11.0,15.0,16.0,10.866666666666667,14.266666666666667,Hell's Kitchen,18,2,0,87,0,1,0
2023-03-29 19:00:00,17.0,8.0,16.0,10.0,10.4,14.19047619047619,Hell's Kitchen,19,2,0,87,0,1,0
2023-03-29 20:00:00,0.0,17.0,0.0,0.0,10.466666666666667,14.257142857142858,Hell's Kitchen,20,2,0,87,0,1,0
2023-03-30 06:00:00,9.0,,0.0,20.0,10.466666666666667,14.257142857142858,Hell's Kitchen,6,3,0,88,0,1,0
2023-03-30 07:00:00,21.0,9.0,0.0,23.0,11.066666666666666,14.152380952380952,Hell's Kitchen,7,3,0,88,0,1,0
2023-03-30 08:00:00,36.0,21.0,11.0,32.0,12.466666666666667,14.133333333333333,Hell's Kitchen,8,3,0,88,0,1,0
2023-03-30 09:00:00,34.0,36.0,12.0,35.0,14.133333333333333,14.17142857142857,Hell's Kitchen,9,3,0,88,0,1,0
2023-03-30 10:00:00,31.0,34.0,13.0,23.0,15.6,14.161904761904761,Hell's Kitchen,10,3,0,88,0,1,0
2023-03-30 11:00:00,7.0,31.0,18.0,18.0,16.8,14.238095238095237,Hell's Kitchen,11,3,0,88,0,1,0
2023-03-30 12:00:00,10.0,7.0,13.0,6.0,16.066666666666666,14.133333333333333,Hell's Kitchen,12,3,0,88,0,1,0
2023-03-30 13:00:00,9.0,10.0,11.0,7.0,15.866666666666667,14.17142857142857,Hell's Kitchen,13,3,0,88,0,1,0
2023-03-30 14:00:00,8.0,9.0,15.0,18.0,15.733333333333333,14.19047619047619,Hell's Kitchen,14,3,0,88,0,1,0
2023-03-30 15:00:00,9.0,8.0,14.0,12.0,15.266666666666667,14.095238095238095,Hell's Kitchen,15,3,0,88,0,1,0
2023-03-30 16:00:00,9.0,9.0,14.0,7.0,14.933333333333334,14.066666666666666,Hell's Kitchen,16,3,0,88,0,1,0
2023-03-30 17:00:00,8.0,9.0,11.0,18.0,14.6,14.085714285714285,Hell's Kitchen,17,3,0,88,0,1,0
2023-03-30 18:00:00,9.0,8.0,8.0,9.0,14.4,13.99047619047619,Hell's Kitchen,18,3,0,88,0,1,0
2023-03-30 19:00:00,8.0,9.0,17.0,9.0,14.466666666666667,13.99047619047619,Hell's Kitchen,19,3,0,88,0,1,0
2023-03-30 20:00:00,3.0,8.0,0.0,0.0,13.866666666666667,13.980952380952381,Hell's Kitchen,20,3,0,88,0,1,0
2023-03-31 06:00:00,6.0,,9.0,16.0,14.066666666666666,14.00952380952381,Hell's Kitchen,6,4,0,89,0,1,0
2023-03-31 07:00:00,13.0,6.0,21.0,23.0,13.866666666666667,13.914285714285715,Hell's Kitchen,7,4,0,89,0,1,0
2023-03-31 08:00:00,37.0,13.0,36.0,27.0,13.333333333333334,13.81904761904762,Hell's Kitchen,8,4,0,89,0,1,0
2023-03-31 09:00:00,39.0,37.0,34.0,25.0,13.4,13.914285714285715,Hell's Kitchen,9,4,0,89,0,1,0
2023-03-31 10:00:00,34.0,39.0,31.0,31.0,13.733333333333333,14.047619047619047,Hell's Kitchen,10,4,0,89,0,1,0
2023-03-31 11:00:00,14.0,34.0,7.0,13.0,13.933333333333334,14.076190476190476,Hell's Kitchen,11,4,0,89,0,1,0
2023-03-31 12:00:00,7.0,14.0,10.0,12.0,14.4,14.085714285714285,Hell's Kitchen,12,4,0,89,0,1,0
2023-03-31 13:00:00,7.0,7.0,9.0,6.0,14.2,14.038095238095238,Hell's Kitchen,13,4,0,89,0,1,0
2023-03-31 14:00:00,8.0,7.0,8.0,10.0,14.066666666666666,14.047619047619047,Hell's Kitchen,14,4,0,89,0,1,0
2023-03-31 15:00:00,8.0,8.0,9.0,12.0,14.066666666666666,14.028571428571428,Hell's Kitchen,15,4,0,89,0,1,0
2023-03-31 16:00:00,4.0,8.0,9.0,11.0,14.0,13.99047619047619,Hell's Kitchen,16,4,0,89,0,1,0
2023-03-31 17:00:00,6.0,4.0,8.0,9.0,13.666666666666666,13.923809523809524,Hell's Kitchen,17,4,0,89,0,1,0
2023-03-31 18:00:00,12.0,6.0,9.0,9.0,13.533333333333333,13.895238095238096,Hell's Kitchen,18,4,0,89,0,1,0
2023-03-31 19:00:00,6.0,12.0,8.0,9.0,13.733333333333333,13.923809523809524,Hell's Kitchen,19,4,0,89,0,1,0
2023-03-31 20:00:00,2.0,6.0,3.0,0.0,13.6,13.895238095238096,Hell's Kitchen,20,4,0,89,0,1,0
2023-04-01 06:00:00,0.0,,6.0,13.0,13.533333333333333,13.914285714285715,Hell's Kitchen,6,5,1,90,0,1,0
2023-04-01 07:00:00,0.0,0.0,13.0,29.0,13.133333333333333,13.790476190476191,Hell's Kitchen,7,5,1,90,0,1,0
2023-04-01 08:00:00,11.0,0.0,37.0,24.0,12.266666666666667,13.514285714285714,Hell's Kitchen,8,5,1,90,0,1,0
2023-04-01 09:00:00,24.0,11.0,39.0,27.0,10.533333333333333,13.39047619047619,Hell's Kitchen,9,5,1,90,0,1,0
2023-04-01 10:00:00,19.0,24.0,34.0,28.0,9.533333333333333,13.361904761904762,Hell's Kitchen,10,5,1,90,0,1,0
2023-04-01 11:00:00,19.0,19.0,14.0,13.0,8.533333333333333,13.276190476190477,Hell's Kitchen,11,5,1,90,0,1,0
2023-04-01 12:00:00,29.0,19.0,7.0,23.0,8.866666666666667,13.333333333333334,Hell's Kitchen,12,5,1,90,0,1,0
2023-04-01 13:00:00,30.0,29.0,7.0,6.0,10.333333333333334,13.39047619047619,Hell's Kitchen,13,5,1,90,0,1,0
2023-04-01 14:00:00,13.0,30.0,8.0,6.0,11.866666666666667,13.619047619047619,Hell's Kitchen,14,5,1,90,0,1,0
2023-04-01 15:00:00,24.0,13.0,8.0,6.0,12.2,13.685714285714285,Hell's Kitchen,15,5,1,90,0,1,0
2023-04-01 16:00:00,15.0,24.0,4.0,12.0,13.266666666666667,13.857142857142858,Hell's Kitchen,16,5,1,90,0,1,0
2023-04-01 17:00:00,27.0,15.0,6.0,10.0,14.0,13.885714285714286,Hell's Kitchen,17,5,1,90,0,1,0
2023-04-01 18:00:00,26.0,27.0,12.0,6.0,15.4,14.047619047619047,Hell's Kitchen,18,5,1,90,0,1,0
2023-04-01 19:00:00,24.0,26.0,6.0,10.0,16.333333333333332,14.238095238095237,Hell's Kitchen,19,5,1,90,0,1,0
2023-04-01 20:00:00,0.0,24.0,2.0,0.0,17.533333333333335,14.371428571428572,Hell's Kitchen,20,5,1,90,0,1,0
2023-04-02 06:00:00,0.0,,0.0,13.0,17.4,14.371428571428572,Hell's Kitchen,6,6,1,91,0,1,0
2023-04-02 07:00:00,0.0,0.0,0.0,32.0,17.4,14.247619047619047,Hell's Kitchen,7,6,1,91,0,1,0
2023-04-02 08:00:00,24.0,0.0,11.0,29.0,17.4,13.942857142857143,Hell's Kitchen,8,6,1,91,0,1,0
2023-04-02 09:00:00,22.0,24.0,24.0,20.0,18.266666666666666,13.895238095238096,Hell's Kitchen,9,6,1,91,0,1,0
2023-04-02 10:00:00,16.0,22.0,19.0,22.0,18.133333333333333,13.914285714285715,Hell's Kitchen,10,6,1,91,0,1,0
2023-04-02 11:00:00,21.0,16.0,19.0,17.0,17.933333333333334,13.857142857142858,Hell's Kitchen,11,6,1,91,0,1,0
2023-04-02 12:00:00,19.0,21.0,29.0,6.0,18.066666666666666,13.895238095238096,Hell's Kitchen,12,6,1,91,0,1,0
2023-04-02 13:00:00,31.0,19.0,30.0,11.0,17.4,14.019047619047619,Hell's Kitchen,13,6,1,91,0,1,0
2023-04-02 14:00:00,20.0,31.0,13.0,6.0,17.466666666666665,14.209523809523809,Hell's Kitchen,14,6,1,91,0,1,0
2023-04-02 15:00:00,28.0,20.0,24.0,7.0,17.933333333333334,14.342857142857143,Hell's Kitchen,15,6,1,91,0,1,0
2023-04-02 16:00:00,23.0,28.0,15.0,13.0,18.2,14.542857142857143,Hell's Kitchen,16,6,1,91,0,1,0
2023-04-02 17:00:00,30.0,23.0,27.0,16.0,18.733333333333334,14.638095238095238,Hell's Kitchen,17,6,1,91,0,1,0
2023-04-02 18:00:00,16.0,30.0,26.0,8.0,18.933333333333334,14.771428571428572,Hell's Kitchen,18,6,1,91,0,1,0
2023-04-02 19:00:00,25.0,16.0,24.0,8.0,18.266666666666666,14.847619047619048,Hell's Kitchen,19,6,1,91,0,1,0
2023-04-02 20:00:00,0.0,25.0,0.0,0.0,18.333333333333332,15.00952380952381,Hell's Kitchen,20,6,1,91,0,1,0
2023-04-03 06:00:00,0.0,,0.0,0.0,18.333333333333332,15.00952380952381,Hell's Kitchen,6,0,0,92,0,1,0
2023-04-03 07:00:00,0.0,0.0,0.0,0.0,18.333333333333332,15.00952380952381,Hell's Kitchen,7,0,0,92,0,1,0
2023-04-03 08:00:00,21.0,0.0,24.0,45.0,18.333333333333332,15.00952380952381,Hell's Kitchen,8,0,0,92,0,1,0
2023-04-03 09:00:00,10.0,21.0,22.0,59.0,18.133333333333333,14.780952380952382,Hell's Kitchen,9,0,0,92,0,1,0
2023-04-03 10:00:00,19.0,10.0,16.0,58.0,17.333333333333332,14.314285714285715,Hell's Kitchen,10,0,0,92,0,1,0
2023-04-03 11:00:00,28.0,19.0,21.0,6.0,17.533333333333335,13.942857142857143,Hell's Kitchen,11,0,0,92,0,1,0
2023-04-03 12:00:00,27.0,28.0,19.0,11.0,18.0,14.152380952380952,Hell's Kitchen,12,0,0,92,0,1,0
2023-04-03 13:00:00,16.0,27.0,31.0,15.0,18.533333333333335,14.304761904761905,Hell's Kitchen,13,0,0,92,0,1,0
2023-04-03 14:00:00,30.0,16.0,20.0,6.0,17.533333333333335,14.314285714285715,Hell's Kitchen,14,0,0,92,0,1,0
2023-04-03 15:00:00,21.0,30.0,28.0,18.0,18.2,14.542857142857143,Hell's Kitchen,15,0,0,92,0,1,0
2023-04-03 16:00:00,23.0,21.0,23.0,4.0,17.733333333333334,14.571428571428571,Hell's Kitchen,16,0,0,92,0,1,0
2023-04-03 17:00:00,16.0,23.0,30.0,15.0,17.733333333333334,14.752380952380953,Hell's Kitchen,17,0,0,92,0,1,0
2023-04-03 18:00:00,28.0,16.0,16.0,11.0,16.8,14.761904761904763,Hell's Kitchen,18,0,0,92,0,1,0
2023-04-03 19:00:00,18.0,28.0,25.0,7.0,17.6,14.923809523809524,Hell's Kitchen,19,0,0,92,0,1,0
2023-04-03 20:00:00,0.0,18.0,0.0,8.0,17.133333333333333,15.028571428571428,Hell's Kitchen,20,0,0,92,0,1,0
2023-04-04 06:00:00,0.0,,0.0,0.0,17.133333333333333,14.952380952380953,Hell's Kitchen,6,1,0,93,0,1,0
2023-04-04 07:00:00,0.0,0.0,0.0,0.0,17.133333333333333,14.952380952380953,Hell's Kitchen,7,1,0,93,0,1,0
2023-04-04 08:00:00,22.0,0.0,21.0,17.0,17.133333333333333,14.952380952380953,Hell's Kitchen,8,1,0,93,0,1,0
2023-04-04 09:00:00,24.0,22.0,10.0,14.0,17.2,15.0,Hell's Kitchen,9,1,0,93,0,1,0
2023-04-04 10:00:00,23.0,24.0,19.0,13.0,18.133333333333333,15.095238095238095,Hell's Kitchen,10,1,0,93,0,1,0
2023-04-04 11:00:00,23.0,23.0,28.0,14.0,18.4,15.19047619047619,Hell's Kitchen,11,1,0,93,0,1,0
2023-04-04 12:00:00,18.0,23.0,27.0,15.0,18.066666666666666,15.276190476190477,Hell's Kitchen,12,1,0,93,0,1,0
2023-04-04 13:00:00,15.0,18.0,16.0,19.0,17.466666666666665,15.304761904761905,Hell's Kitchen,13,1,0,93,0,1,0
2023-04-04 14:00:00,19.0,15.0,30.0,13.0,17.4,15.266666666666667,Hell's Kitchen,14,1,0,93,0,1,0
2023-04-04 15:00:00,14.0,19.0,21.0,18.0,16.666666666666668,15.323809523809524,Hell's Kitchen,15,1,0,93,0,1,0
2023-04-04 16:00:00,22.0,14.0,23.0,26.0,16.2,15.285714285714286,Hell's Kitchen,16,1,0,93,0,1,0
2023-04-04 17:00:00,25.0,22.0,16.0,26.0,16.133333333333333,15.247619047619047,Hell's Kitchen,17,1,0,93,0,1,0
2023-04-04 18:00:00,24.0,25.0,28.0,15.0,16.733333333333334,15.238095238095237,Hell's Kitchen,18,1,0,93,0,1,0
2023-04-04 19:00:00,21.0,24.0,18.0,16.0,16.466666666666665,15.323809523809524,Hell's Kitchen,19,1,0,93,0,1,0
2023-04-04 20:00:00,0.0,21.0,0.0,0.0,16.666666666666668,15.371428571428572,Hell's Kitchen,20,1,0,93,0,1,0
2023-04-05 06:00:00,0.0,,0.0,0.0,16.666666666666668,15.371428571428572,Hell's Kitchen,6,2,0,94,0,1,0
2023-04-05 07:00:00,0.0,0.0,0.0,0.0,16.666666666666668,15.371428571428572,Hell's Kitchen,7,2,0,94,0,1,0
2023-04-05 08:00:00,19.0,0.0,22.0,11.0,16.666666666666668,15.371428571428572,Hell's Kitchen,8,2,0,94,0,1,0
2023-04-05 09:00:00,22.0,19.0,24.0,12.0,16.466666666666665,15.447619047619048,Hell's Kitchen,9,2,0,94,0,1,0
2023-04-05 10:00:00,24.0,22.0,23.0,13.0,16.333333333333332,15.542857142857143,Hell's Kitchen,10,2,0,94,0,1,0
2023-04-05 11:00:00,21.0,24.0,23.0,18.0,16.4,15.647619047619047,Hell's Kitchen,11,2,0,94,0,1,0
2023-04-05 12:00:00,13.0,21.0,18.0,13.0,16.266666666666666,15.676190476190476,Hell's Kitchen,12,2,0,94,0,1,0
2023-04-05 13:00:00,24.0,13.0,15.0,11.0,15.933333333333334,15.676190476190476,Hell's Kitchen,13,2,0,94,0,1,0
2023-04-05 14:00:00,27.0,24.0,19.0,15.0,16.533333333333335,15.8,Hell's Kitchen,14,2,0,94,0,1,0
2023-04-05 15:00:00,18.0,27.0,14.0,14.0,17.066666666666666,15.914285714285715,Hell's Kitchen,15,2,0,94,0,1,0
2023-04-05 16:00:00,19.0,18.0,22.0,14.0,17.333333333333332,15.952380952380953,Hell's Kitchen,16,2,0,94,0,1,0
2023-04-05 17:00:00,23.0,19.0,25.0,11.0,17.133333333333333,16.0,Hell's Kitchen,17,2,0,94,0,1,0
2023-04-05 18:00:00,19.0,23.0,24.0,8.0,17.0,16.114285714285714,Hell's Kitchen,18,2,0,94,0,1,0
2023-04-05 19:00:00,21.0,19.0,21.0,17.0,16.666666666666668,16.21904761904762,Hell's Kitchen,19,2,0,94,0,1,0
2023-04-05 20:00:00,0.0,21.0,0.0,0.0,16.666666666666668,16.257142857142856,Hell's Kitchen,20,2,0,94,0,1,0
2023-04-06 06:00:00,0.0,,0.0,9.0,16.666666666666668,16.257142857142856,Hell's Kitchen,6,3,0,95,0,1,0
2023-04-06 07:00:00,0.0,0.0,0.0,21.0,16.666666666666668,16.17142857142857,Hell's Kitchen,7,3,0,95,0,1,0
2023-04-06 08:00:00,23.0,0.0,19.0,36.0,16.666666666666668,15.971428571428572,Hell's Kitchen,8,3,0,95,0,1,0
2023-04-06 09:00:00,23.0,23.0,22.0,34.0,16.933333333333334,15.847619047619048,Hell's Kitchen,9,3,0,95,0,1,0
2023-04-06 10:00:00,12.0,23.0,24.0,31.0,17.0,15.742857142857142,Hell's Kitchen,10,3,0,95,0,1,0
2023-04-06 11:00:00,23.0,12.0,21.0,7.0,16.2,15.561904761904762,Hell's Kitchen,11,3,0,95,0,1,0
2023-04-06 12:00:00,15.0,23.0,13.0,10.0,16.333333333333332,15.714285714285714,Hell's Kitchen,12,3,0,95,0,1,0
2023-04-06 13:00:00,21.0,15.0,24.0,9.0,16.466666666666665,15.761904761904763,Hell's Kitchen,13,3,0,95,0,1,0
2023-04-06 14:00:00,32.0,21.0,27.0,8.0,16.266666666666666,15.876190476190477,Hell's Kitchen,14,3,0,95,0,1,0
2023-04-06 15:00:00,26.0,32.0,18.0,9.0,16.6,16.104761904761904,Hell's Kitchen,15,3,0,95,0,1,0
2023-04-06 16:00:00,24.0,26.0,19.0,9.0,17.133333333333333,16.266666666666666,Hell's Kitchen,16,3,0,95,0,1,0
2023-04-06 17:00:00,27.0,24.0,23.0,8.0,17.466666666666665,16.409523809523808,Hell's Kitchen,17,3,0,95,0,1,0
2023-04-06 18:00:00,16.0,27.0,19.0,9.0,17.733333333333334,16.590476190476192,Hell's Kitchen,18,3,0,95,0,1,0
2023-04-06 19:00:00,25.0,16.0,21.0,8.0,17.533333333333335,16.65714285714286,Hell's Kitchen,19,3,0,95,0,1,0
2023-04-06 20:00:00,0.0,25.0,0.0,3.0,17.8,16.81904761904762,Hell's Kitchen,20,3,0,95,0,1,0
2023-04-07 06:00:00,0.0,,0.0,6.0,17.8,16.79047619047619,Hell's Kitchen,6,4,0,96,0,1,0
2023-04-07 07:00:00,0.0,0.0,0.0,13.0,17.8,16.733333333333334,Hell's Kitchen,7,4,0,96,0,1,0
2023-04-07 08:00:00,54.0,0.0,23.0,37.0,17.8,16.60952380952381,Hell's Kitchen,8,4,0,96,0,1,0
2023-04-07 09:00:00,55.0,54.0,23.0,39.0,19.866666666666667,16.771428571428572,Hell's Kitchen,9,4,0,96,0,1,0
2023-04-07 10:00:00,59.0,55.0,12.0,34.0,22.0,16.923809523809524,Hell's Kitchen,10,4,0,96,0,1,0
2023-04-07 11:00:00,30.0,59.0,23.0,14.0,25.133333333333333,17.16190476190476,Hell's Kitchen,11,4,0,96,0,1,0
2023-04-07 12:00:00,14.0,30.0,15.0,7.0,25.6,17.314285714285713,Hell's Kitchen,12,4,0,96,0,1,0
2023-04-07 13:00:00,21.0,14.0,21.0,7.0,25.533333333333335,17.38095238095238,Hell's Kitchen,13,4,0,96,0,1,0
2023-04-07 14:00:00,15.0,21.0,32.0,8.0,25.533333333333335,17.514285714285716,Hell's Kitchen,14,4,0,96,0,1,0
2023-04-07 15:00:00,15.0,15.0,26.0,8.0,24.4,17.580952380952382,Hell's Kitchen,15,4,0,96,0,1,0
2023-04-07 16:00:00,10.0,15.0,24.0,4.0,23.666666666666668,17.64761904761905,Hell's Kitchen,16,4,0,96,0,1,0
2023-04-07 17:00:00,16.0,10.0,27.0,6.0,22.733333333333334,17.704761904761906,Hell's Kitchen,17,4,0,96,0,1,0
2023-04-07 18:00:00,24.0,16.0,16.0,12.0,22.0,17.8,Hell's Kitchen,18,4,0,96,0,1,0
2023-04-07 19:00:00,11.0,24.0,25.0,6.0,22.533333333333335,17.914285714285715,Hell's Kitchen,19,4,0,96,0,1,0
2023-04-07 20:00:00,14.0,11.0,0.0,2.0,21.6,17.961904761904762,Hell's Kitchen,20,4,0,96,0,1,0
2023-04-08 06:00:00,15.0,,0.0,0.0,22.533333333333335,18.076190476190476,Hell's Kitchen,6,5,1,97,0,1,0
2023-04-08 07:00:00,41.0,15.0,0.0,0.0,23.533333333333335,18.21904761904762,Hell's Kitchen,7,5,1,97,0,1,0
2023-04-08 08:00:00,27.0,41.0,54.0,11.0,26.266666666666666,18.60952380952381,Hell's Kitchen,8,5,1,97,0,1,0
2023-04-08 09:00:00,34.0,27.0,55.0,24.0,24.466666666666665,18.761904761904763,Hell's Kitchen,9,5,1,97,0,1,0
2023-04-08 10:00:00,59.0,34.0,59.0,19.0,23.066666666666666,18.857142857142858,Hell's Kitchen,10,5,1,97,0,1,0
2023-04-08 11:00:00,33.0,59.0,30.0,19.0,23.066666666666666,19.238095238095237,Hell's Kitchen,11,5,1,97,0,1,0
2023-04-08 12:00:00,16.0,33.0,14.0,29.0,23.266666666666666,19.37142857142857,Hell's Kitchen,12,5,1,97,0,1,0
2023-04-08 13:00:00,10.0,16.0,21.0,30.0,23.4,19.247619047619047,Hell's Kitchen,13,5,1,97,0,1,0
2023-04-08 14:00:00,23.0,10.0,15.0,13.0,22.666666666666668,19.057142857142857,Hell's Kitchen,14,5,1,97,0,1,0
2023-04-08 15:00:00,11.0,23.0,15.0,24.0,23.2,19.152380952380952,Hell's Kitchen,15,5,1,97,0,1,0
2023-04-08 16:00:00,18.0,11.0,10.0,15.0,22.933333333333334,19.02857142857143,Hell's Kitchen,16,5,1,97,0,1,0
2023-04-08 17:00:00,15.0,18.0,16.0,27.0,23.466666666666665,19.057142857142857,Hell's Kitchen,17,5,1,97,0,1,0
2023-04-08 18:00:00,6.0,15.0,24.0,26.0,23.4,18.942857142857143,Hell's Kitchen,18,5,1,97,0,1,0
2023-04-08 19:00:00,7.0,6.0,11.0,24.0,22.2,18.752380952380953,Hell's Kitchen,19,5,1,97,0,1,0
2023-04-08 20:00:00,0.0,7.0,14.0,0.0,21.933333333333334,18.590476190476192,Hell's Kitchen,20,5,1,97,0,1,0
2023-04-09 06:00:00,17.0,,15.0,0.0,21.0,18.590476190476192,Hell's Kitchen,6,6,1,98,0,1,0
2023-04-09 07:00:00,44.0,17.0,41.0,0.0,21.133333333333333,18.752380952380953,Hell's Kitchen,7,6,1,98,0,1,0
2023-04-09 08:00:00,33.0,44.0,27.0,24.0,21.333333333333332,19.17142857142857,Hell's Kitchen,8,6,1,98,0,1,0
2023-04-09 09:00:00,45.0,33.0,34.0,22.0,21.733333333333334,19.257142857142856,Hell's Kitchen,9,6,1,98,0,1,0
2023-04-09 10:00:00,44.0,45.0,59.0,16.0,22.466666666666665,19.476190476190474,Hell's Kitchen,10,6,1,98,0,1,0
2023-04-09 11:00:00,34.0,44.0,33.0,21.0,21.466666666666665,19.742857142857144,Hell's Kitchen,11,6,1,98,0,1,0
2023-04-09 12:00:00,17.0,34.0,16.0,19.0,21.533333333333335,19.866666666666667,Hell's Kitchen,12,6,1,98,0,1,0
2023-04-09 13:00:00,15.0,17.0,10.0,31.0,21.6,19.847619047619048,Hell's Kitchen,13,6,1,98,0,1,0
2023-04-09 14:00:00,15.0,15.0,23.0,20.0,21.933333333333334,19.695238095238096,Hell's Kitchen,14,6,1,98,0,1,0
2023-04-09 15:00:00,17.0,15.0,11.0,28.0,21.4,19.64761904761905,Hell's Kitchen,15,6,1,98,0,1,0
2023-04-09 16:00:00,9.0,17.0,18.0,23.0,21.8,19.542857142857144,Hell's Kitchen,16,6,1,98,0,1,0
2023-04-09 17:00:00,15.0,9.0,15.0,30.0,21.2,19.409523809523808,Hell's Kitchen,17,6,1,98,0,1,0
2023-04-09 18:00:00,9.0,15.0,6.0,16.0,21.2,19.266666666666666,Hell's Kitchen,18,6,1,98,0,1,0
2023-04-09 19:00:00,16.0,9.0,7.0,25.0,21.4,19.2,Hell's Kitchen,19,6,1,98,0,1,0
2023-04-09 20:00:00,0.0,16.0,0.0,0.0,22.0,19.114285714285714,Hell's Kitchen,20,6,1,98,0,1,0
2023-04-10 06:00:00,25.0,,17.0,0.0,22.0,19.114285714285714,Hell's Kitchen,6,0,0,99,0,1,0
2023-04-10 07:00:00,39.0,25.0,44.0,0.0,22.533333333333335,19.35238095238095,Hell's Kitchen,7,0,0,99,0,1,0
2023-04-10 08:00:00,31.0,39.0,33.0,21.0,22.2,19.723809523809525,Hell's Kitchen,8,0,0,99,0,1,0
2023-04-10 09:00:00,44.0,31.0,45.0,10.0,22.066666666666666,19.81904761904762,Hell's Kitchen,9,0,0,99,0,1,0
2023-04-10 10:00:00,41.0,44.0,44.0,19.0,22.0,20.142857142857142,Hell's Kitchen,10,0,0,99,0,1,0
2023-04-10 11:00:00,25.0,41.0,34.0,28.0,21.8,20.35238095238095,Hell's Kitchen,11,0,0,99,0,1,0
2023-04-10 12:00:00,9.0,25.0,17.0,27.0,21.2,20.323809523809523,Hell's Kitchen,12,0,0,99,0,1,0
2023-04-10 13:00:00,18.0,9.0,15.0,16.0,20.666666666666668,20.152380952380952,Hell's Kitchen,13,0,0,99,0,1,0
2023-04-10 14:00:00,11.0,18.0,15.0,30.0,20.866666666666667,20.17142857142857,Hell's Kitchen,14,0,0,99,0,1,0
2023-04-10 15:00:00,19.0,11.0,17.0,21.0,20.6,19.99047619047619,Hell's Kitchen,15,0,0,99,0,1,0
2023-04-10 16:00:00,10.0,19.0,9.0,23.0,20.733333333333334,19.97142857142857,Hell's Kitchen,16,0,0,99,0,1,0
2023-04-10 17:00:00,17.0,10.0,15.0,16.0,20.8,19.847619047619048,Hell's Kitchen,17,0,0,99,0,1,0
2023-04-10 18:00:00,15.0,17.0,9.0,28.0,20.933333333333334,19.857142857142858,Hell's Kitchen,18,0,0,99,0,1,0
2023-04-10 19:00:00,7.0,15.0,16.0,18.0,21.333333333333332,19.733333333333334,Hell's Kitchen,19,0,0,99,0,1,0
2023-04-10 20:00:00,0.0,7.0,0.0,0.0,20.733333333333334,19.62857142857143,Hell's Kitchen,20,0,0,99,0,1,0
2023-04-11 06:00:00,17.0,,25.0,0.0,20.733333333333334,19.62857142857143,Hell's Kitchen,6,1,0,100,0,1,0
2023-04-11 07:00:00,27.0,17.0,39.0,0.0,20.2,19.79047619047619,Hell's Kitchen,7,1,0,100,0,1,0
2023-04-11 08:00:00,50.0,27.0,31.0,22.0,19.4,20.047619047619047,Hell's Kitchen,8,1,0,100,0,1,0
2023-04-11 09:00:00,28.0,50.0,44.0,24.0,20.666666666666668,20.314285714285713,Hell's Kitchen,9,1,0,100,0,1,0
2023-04-11 10:00:00,48.0,28.0,41.0,23.0,19.6,20.35238095238095,Hell's Kitchen,10,1,0,100,0,1,0
2023-04-11 11:00:00,29.0,48.0,25.0,23.0,20.066666666666666,20.590476190476192,Hell's Kitchen,11,1,0,100,0,1,0
2023-04-11 12:00:00,11.0,29.0,9.0,18.0,20.333333333333332,20.64761904761905,Hell's Kitchen,12,1,0,100,0,1,0
2023-04-11 13:00:00,14.0,11.0,18.0,15.0,20.466666666666665,20.580952380952382,Hell's Kitchen,13,1,0,100,0,1,0
2023-04-11 14:00:00,15.0,14.0,11.0,19.0,20.2,20.571428571428573,Hell's Kitchen,14,1,0,100,0,1,0
2023-04-11 15:00:00,19.0,15.0,19.0,14.0,20.466666666666665,20.533333333333335,Hell's Kitchen,15,1,0,100,0,1,0
2023-04-11 16:00:00,8.0,19.0,10.0,22.0,20.466666666666665,20.580952380952382,Hell's Kitchen,16,1,0,100,0,1,0
2023-04-11 17:00:00,10.0,8.0,17.0,25.0,20.333333333333332,20.447619047619046,Hell's Kitchen,17,1,0,100,0,1,0
2023-04-11 18:00:00,10.0,10.0,15.0,24.0,19.866666666666667,20.304761904761904,Hell's Kitchen,18,1,0,100,0,1,0
2023-04-11 19:00:00,18.0,10.0,7.0,21.0,19.533333333333335,20.17142857142857,Hell's Kitchen,19,1,0,100,0,1,0
2023-04-11 20:00:00,0.0,18.0,0.0,0.0,20.266666666666666,20.142857142857142,Hell's Kitchen,20,1,0,100,0,1,0
2023-04-12 06:00:00,21.0,,17.0,0.0,20.266666666666666,20.142857142857142,Hell's Kitchen,6,2,0,101,0,1,0
2023-04-12 07:00:00,27.0,21.0,27.0,0.0,20.533333333333335,20.34285714285714,Hell's Kitchen,7,2,0,101,0,1,0
2023-04-12 08:00:00,44.0,27.0,50.0,19.0,20.533333333333335,20.6,Hell's Kitchen,8,2,0,101,0,1,0
2023-04-12 09:00:00,45.0,44.0,28.0,22.0,20.133333333333333,20.83809523809524,Hell's Kitchen,9,2,0,101,0,1,0
2023-04-12 10:00:00,35.0,45.0,48.0,24.0,21.266666666666666,21.057142857142857,Hell's Kitchen,10,2,0,101,0,1,0
2023-04-12 11:00:00,23.0,35.0,29.0,21.0,20.4,21.16190476190476,Hell's Kitchen,11,2,0,101,0,1,0
2023-04-12 12:00:00,24.0,23.0,11.0,13.0,20.0,21.18095238095238,Hell's Kitchen,12,2,0,101,0,1,0
2023-04-12 13:00:00,20.0,24.0,14.0,24.0,20.866666666666667,21.285714285714285,Hell's Kitchen,13,2,0,101,0,1,0
2023-04-12 14:00:00,15.0,20.0,15.0,27.0,21.266666666666666,21.247619047619047,Hell's Kitchen,14,2,0,101,0,1,0
2023-04-12 15:00:00,7.0,15.0,19.0,18.0,21.266666666666666,21.133333333333333,Hell's Kitchen,15,2,0,101,0,1,0
2023-04-12 16:00:00,22.0,7.0,8.0,19.0,20.466666666666665,21.02857142857143,Hell's Kitchen,16,2,0,101,0,1,0
2023-04-12 17:00:00,20.0,22.0,10.0,23.0,21.4,21.057142857142857,Hell's Kitchen,17,2,0,101,0,1,0
2023-04-12 18:00:00,23.0,20.0,10.0,19.0,22.066666666666666,21.02857142857143,Hell's Kitchen,18,2,0,101,0,1,0
2023-04-12 19:00:00,11.0,23.0,18.0,21.0,22.933333333333334,21.066666666666666,Hell's Kitchen,19,2,0,101,0,1,0
2023-04-12 20:00:00,0.0,11.0,0.0,0.0,22.466666666666665,20.97142857142857,Hell's Kitchen,20,2,0,101,0,1,0
2023-04-13 06:00:00,0.0,,21.0,0.0,22.466666666666665,20.97142857142857,Hell's Kitchen,6,3,0,102,0,1,0
2023-04-13 07:00:00,0.0,0.0,27.0,0.0,21.066666666666666,20.97142857142857,Hell's Kitchen,7,3,0,102,0,1,0
2023-04-13 08:00:00,77.0,0.0,44.0,23.0,19.266666666666666,20.97142857142857,Hell's Kitchen,8,3,0,102,0,1,0
2023-04-13 09:00:00,68.0,77.0,45.0,23.0,21.466666666666665,21.485714285714284,Hell's Kitchen,9,3,0,102,0,1,0
2023-04-13 10:00:00,77.0,68.0,35.0,12.0,23.0,21.914285714285715,Hell's Kitchen,10,3,0,102,0,1,0
2023-04-13 11:00:00,4.0,77.0,23.0,23.0,25.8,22.533333333333335,Hell's Kitchen,11,3,0,102,0,1,0
2023-04-13 12:00:00,14.0,4.0,24.0,15.0,24.533333333333335,22.35238095238095,Hell's Kitchen,12,3,0,102,0,1,0
2023-04-13 13:00:00,18.0,14.0,20.0,21.0,23.866666666666667,22.34285714285714,Hell's Kitchen,13,3,0,102,0,1,0
2023-04-13 14:00:00,14.0,18.0,15.0,32.0,23.733333333333334,22.314285714285713,Hell's Kitchen,14,3,0,102,0,1,0
2023-04-13 15:00:00,10.0,14.0,7.0,26.0,23.666666666666668,22.142857142857142,Hell's Kitchen,15,3,0,102,0,1,0
2023-04-13 16:00:00,16.0,10.0,22.0,24.0,23.866666666666667,21.99047619047619,Hell's Kitchen,16,3,0,102,0,1,0
2023-04-13 17:00:00,4.0,16.0,20.0,27.0,23.466666666666665,21.914285714285715,Hell's Kitchen,17,3,0,102,0,1,0
2023-04-13 18:00:00,22.0,4.0,23.0,16.0,22.4,21.695238095238096,Hell's Kitchen,18,3,0,102,0,1,0
2023-04-13 19:00:00,17.0,22.0,11.0,25.0,22.333333333333332,21.752380952380953,Hell's Kitchen,19,3,0,102,0,1,0
2023-04-13 20:00:00,13.0,17.0,0.0,0.0,22.733333333333334,21.676190476190477,Hell's Kitchen,20,3,0,102,0,1,0
2023-04-14 06:00:00,0.0,,0.0,0.0,23.6,21.8,Hell's Kitchen,6,4,0,103,0,1,0
2023-04-14 07:00:00,0.0,0.0,0.0,0.0,23.6,21.8,Hell's Kitchen,7,4,0,103,0,1,0
2023-04-14 08:00:00,73.0,0.0,77.0,54.0,23.6,21.8,Hell's Kitchen,8,4,0,103,0,1,0
2023-04-14 09:00:00,93.0,73.0,68.0,55.0,23.333333333333332,21.98095238095238,Hell's Kitchen,9,4,0,103,0,1,0
2023-04-14 10:00:00,71.0,93.0,77.0,59.0,25.0,22.34285714285714,Hell's Kitchen,10,4,0,103,0,1,0
2023-04-14 11:00:00,13.0,71.0,4.0,30.0,24.6,22.457142857142856,Hell's Kitchen,11,4,0,103,0,1,0
2023-04-14 12:00:00,8.0,13.0,14.0,14.0,25.2,22.295238095238094,Hell's Kitchen,12,4,0,103,0,1,0
2023-04-14 13:00:00,4.0,8.0,18.0,21.0,24.8,22.238095238095237,Hell's Kitchen,13,4,0,103,0,1,0
2023-04-14 14:00:00,8.0,4.0,14.0,15.0,23.866666666666667,22.076190476190476,Hell's Kitchen,14,4,0,103,0,1,0
2023-04-14 15:00:00,15.0,8.0,10.0,15.0,23.466666666666665,22.00952380952381,Hell's Kitchen,15,4,0,103,0,1,0
2023-04-14 16:00:00,13.0,15.0,16.0,10.0,23.8,22.00952380952381,Hell's Kitchen,16,4,0,103,0,1,0
2023-04-14 17:00:00,15.0,13.0,4.0,16.0,23.6,22.038095238095238,Hell's Kitchen,17,4,0,103,0,1,0
2023-04-14 18:00:00,13.0,15.0,22.0,24.0,24.333333333333332,22.02857142857143,Hell's Kitchen,18,4,0,103,0,1,0
2023-04-14 19:00:00,17.0,13.0,17.0,11.0,23.733333333333334,21.923809523809524,Hell's Kitchen,19,4,0,103,0,1,0
2023-04-14 20:00:00,15.0,17.0,13.0,14.0,23.733333333333334,21.98095238095238,Hell's Kitchen,20,4,0,103,0,1,0
2023-04-15 06:00:00,8.0,,0.0,15.0,23.866666666666667,21.99047619047619,Hell's Kitchen,6,5,1,104,0,1,0
2023-04-15 07:00:00,46.0,8.0,0.0,41.0,24.4,21.923809523809524,Hell's Kitchen,7,5,1,104,0,1,0
2023-04-15 08:00:00,39.0,46.0,73.0,27.0,27.466666666666665,21.97142857142857,Hell's Kitchen,8,5,1,104,0,1,0
2023-04-15 09:00:00,29.0,39.0,93.0,34.0,25.2,22.085714285714285,Hell's Kitchen,9,5,1,104,0,1,0
2023-04-15 10:00:00,43.0,29.0,71.0,59.0,20.933333333333334,22.038095238095238,Hell's Kitchen,10,5,1,104,0,1,0
2023-04-15 11:00:00,21.0,43.0,13.0,33.0,19.066666666666666,21.885714285714286,Hell's Kitchen,11,5,1,104,0,1,0
2023-04-15 12:00:00,8.0,21.0,8.0,16.0,19.6,21.771428571428572,Hell's Kitchen,12,5,1,104,0,1,0
2023-04-15 13:00:00,10.0,8.0,4.0,10.0,19.6,21.695238095238096,Hell's Kitchen,13,5,1,104,0,1,0
2023-04-15 14:00:00,12.0,10.0,8.0,23.0,20.0,21.695238095238096,Hell's Kitchen,14,5,1,104,0,1,0
2023-04-15 15:00:00,10.0,12.0,15.0,11.0,20.266666666666666,21.590476190476192,Hell's Kitchen,15,5,1,104,0,1,0
2023-04-15 16:00:00,10.0,10.0,13.0,18.0,19.933333333333334,21.580952380952382,Hell's Kitchen,16,5,1,104,0,1,0
2023-04-15 17:00:00,14.0,10.0,15.0,15.0,19.733333333333334,21.504761904761907,Hell's Kitchen,17,5,1,104,0,1,0
2023-04-15 18:00:00,8.0,14.0,13.0,6.0,19.666666666666668,21.495238095238093,Hell's Kitchen,18,5,1,104,0,1,0
2023-04-15 19:00:00,12.0,8.0,17.0,7.0,19.333333333333332,21.514285714285716,Hell's Kitchen,19,5,1,104,0,1,0
2023-04-15 20:00:00,0.0,12.0,15.0,0.0,19.0,21.561904761904763,Hell's Kitchen,20,5,1,104,0,1,0
2023-04-16 06:00:00,29.0,,8.0,17.0,18.0,21.561904761904763,Hell's Kitchen,6,6,1,105,0,1,0
2023-04-16 07:00:00,56.0,29.0,46.0,44.0,19.4,21.676190476190477,Hell's Kitchen,7,6,1,105,0,1,0
2023-04-16 08:00:00,46.0,56.0,39.0,33.0,20.066666666666666,21.79047619047619,Hell's Kitchen,8,6,1,105,0,1,0
2023-04-16 09:00:00,45.0,46.0,29.0,45.0,20.533333333333335,21.914285714285715,Hell's Kitchen,9,6,1,105,0,1,0
2023-04-16 10:00:00,50.0,45.0,43.0,44.0,21.6,21.914285714285715,Hell's Kitchen,10,6,1,105,0,1,0
2023-04-16 11:00:00,28.0,50.0,21.0,34.0,22.066666666666666,21.97142857142857,Hell's Kitchen,11,6,1,105,0,1,0
2023-04-16 12:00:00,5.0,28.0,8.0,17.0,22.533333333333335,21.914285714285715,Hell's Kitchen,12,6,1,105,0,1,0
2023-04-16 13:00:00,10.0,5.0,10.0,15.0,22.333333333333332,21.8,Hell's Kitchen,13,6,1,105,0,1,0
2023-04-16 14:00:00,13.0,10.0,12.0,15.0,22.333333333333332,21.752380952380953,Hell's Kitchen,14,6,1,105,0,1,0
2023-04-16 15:00:00,9.0,13.0,10.0,17.0,22.4,21.733333333333334,Hell's Kitchen,15,6,1,105,0,1,0
2023-04-16 16:00:00,12.0,9.0,10.0,9.0,22.333333333333332,21.65714285714286,Hell's Kitchen,16,6,1,105,0,1,0
2023-04-16 17:00:00,11.0,12.0,14.0,15.0,22.466666666666665,21.685714285714287,Hell's Kitchen,17,6,1,105,0,1,0
2023-04-16 18:00:00,12.0,11.0,8.0,9.0,22.266666666666666,21.64761904761905,Hell's Kitchen,18,6,1,105,0,1,0
2023-04-16 19:00:00,9.0,12.0,12.0,16.0,22.533333333333335,21.676190476190477,Hell's Kitchen,19,6,1,105,0,1,0
2023-04-16 20:00:00,0.0,9.0,0.0,0.0,22.333333333333332,21.60952380952381,Hell's Kitchen,20,6,1,105,0,1,0
2023-04-17 06:00:00,16.0,,29.0,25.0,22.333333333333332,21.60952380952381,Hell's Kitchen,6,0,0,106,0,1,0
2023-04-17 07:00:00,33.0,16.0,56.0,39.0,21.466666666666665,21.523809523809526,Hell's Kitchen,7,0,0,106,0,1,0
2023-04-17 08:00:00,19.0,33.0,46.0,31.0,19.933333333333334,21.466666666666665,Hell's Kitchen,8,0,0,106,0,1,0
2023-04-17 09:00:00,30.0,19.0,45.0,44.0,18.133333333333333,21.35238095238095,Hell's Kitchen,9,0,0,106,0,1,0
2023-04-17 10:00:00,43.0,30.0,50.0,41.0,17.133333333333333,21.21904761904762,Hell's Kitchen,10,0,0,106,0,1,0
2023-04-17 11:00:00,19.0,43.0,28.0,25.0,16.666666666666668,21.238095238095237,Hell's Kitchen,11,0,0,106,0,1,0
2023-04-17 12:00:00,5.0,19.0,5.0,9.0,16.066666666666666,21.18095238095238,Hell's Kitchen,12,0,0,106,0,1,0
2023-04-17 13:00:00,5.0,5.0,10.0,18.0,16.066666666666666,21.142857142857142,Hell's Kitchen,13,0,0,106,0,1,0
2023-04-17 14:00:00,8.0,5.0,13.0,11.0,15.733333333333333,21.01904761904762,Hell's Kitchen,14,0,0,106,0,1,0
2023-04-17 15:00:00,7.0,8.0,9.0,19.0,15.4,20.99047619047619,Hell's Kitchen,15,0,0,106,0,1,0
2023-04-17 16:00:00,7.0,7.0,12.0,10.0,15.266666666666667,20.876190476190477,Hell's Kitchen,16,0,0,106,0,1,0
2023-04-17 17:00:00,6.0,7.0,11.0,17.0,14.933333333333334,20.847619047619048,Hell's Kitchen,17,0,0,106,0,1,0
2023-04-17 18:00:00,3.0,6.0,12.0,15.0,14.6,20.742857142857144,Hell's Kitchen,18,0,0,106,0,1,0
2023-04-17 19:00:00,4.0,3.0,9.0,7.0,14.0,20.62857142857143,Hell's Kitchen,19,0,0,106,0,1,0
2023-04-17 20:00:00,0.0,4.0,0.0,0.0,13.666666666666666,20.6,Hell's Kitchen,20,0,0,106,0,1,0
2023-04-18 06:00:00,23.0,,16.0,17.0,13.666666666666666,20.6,Hell's Kitchen,6,1,0,107,0,1,0
2023-04-18 07:00:00,51.0,23.0,33.0,27.0,14.133333333333333,20.65714285714286,Hell's Kitchen,7,1,0,107,0,1,0
2023-04-18 08:00:00,51.0,51.0,19.0,50.0,15.333333333333334,20.885714285714286,Hell's Kitchen,8,1,0,107,0,1,0
2023-04-18 09:00:00,44.0,51.0,30.0,28.0,17.466666666666665,20.895238095238096,Hell's Kitchen,9,1,0,107,0,1,0
2023-04-18 10:00:00,42.0,44.0,43.0,48.0,18.4,21.047619047619047,Hell's Kitchen,10,1,0,107,0,1,0
2023-04-18 11:00:00,29.0,42.0,19.0,29.0,18.333333333333332,20.99047619047619,Hell's Kitchen,11,1,0,107,0,1,0
2023-04-18 12:00:00,7.0,29.0,5.0,11.0,19.0,20.99047619047619,Hell's Kitchen,12,1,0,107,0,1,0
2023-04-18 13:00:00,9.0,7.0,5.0,14.0,19.133333333333333,20.952380952380953,Hell's Kitchen,13,1,0,107,0,1,0
2023-04-18 14:00:00,8.0,9.0,8.0,15.0,19.4,20.904761904761905,Hell's Kitchen,14,1,0,107,0,1,0
2023-04-18 15:00:00,15.0,8.0,7.0,19.0,19.4,20.83809523809524,Hell's Kitchen,15,1,0,107,0,1,0
2023-04-18 16:00:00,10.0,15.0,7.0,8.0,19.933333333333334,20.8,Hell's Kitchen,16,1,0,107,0,1,0
2023-04-18 17:00:00,21.0,10.0,6.0,10.0,20.133333333333333,20.81904761904762,Hell's Kitchen,17,1,0,107,0,1,0
2023-04-18 18:00:00,8.0,21.0,3.0,10.0,21.133333333333333,20.923809523809524,Hell's Kitchen,18,1,0,107,0,1,0
2023-04-18 19:00:00,11.0,8.0,4.0,18.0,21.466666666666665,20.904761904761905,Hell's Kitchen,19,1,0,107,0,1,0
2023-04-18 20:00:00,0.0,11.0,0.0,0.0,21.933333333333334,20.83809523809524,Hell's Kitchen,20,1,0,107,0,1,0
2023-04-19 06:00:00,28.0,,23.0,21.0,21.933333333333334,20.83809523809524,Hell's Kitchen,6,2,0,108,0,1,0
2023-04-19 07:00:00,51.0,28.0,51.0,27.0,22.266666666666666,20.904761904761905,Hell's Kitchen,7,2,0,108,0,1,0
2023-04-19 08:00:00,42.0,51.0,51.0,44.0,22.266666666666666,21.133333333333333,Hell's Kitchen,8,2,0,108,0,1,0
2023-04-19 09:00:00,36.0,42.0,44.0,45.0,21.666666666666668,21.114285714285714,Hell's Kitchen,9,2,0,108,0,1,0
2023-04-19 10:00:00,42.0,36.0,42.0,35.0,21.133333333333333,21.02857142857143,Hell's Kitchen,10,2,0,108,0,1,0
2023-04-19 11:00:00,20.0,42.0,29.0,23.0,21.133333333333333,21.095238095238095,Hell's Kitchen,11,2,0,108,0,1,0
2023-04-19 12:00:00,22.0,20.0,7.0,24.0,20.533333333333335,21.066666666666666,Hell's Kitchen,12,2,0,108,0,1,0
2023-04-19 13:00:00,6.0,22.0,9.0,20.0,21.533333333333335,21.047619047619047,Hell's Kitchen,13,2,0,108,0,1,0
2023-04-19 14:00:00,7.0,6.0,8.0,15.0,21.333333333333332,20.914285714285715,Hell's Kitchen,14,2,0,108,0,1,0
2023-04-19 15:00:00,19.0,7.0,15.0,7.0,21.266666666666666,20.83809523809524,Hell's Kitchen,15,2,0,108,0,1,0
2023-04-19 16:00:00,11.0,19.0,10.0,22.0,21.533333333333335,20.952380952380953,Hell's Kitchen,16,2,0,108,0,1,0
2023-04-19 17:00:00,10.0,11.0,21.0,20.0,21.6,20.847619047619048,Hell's Kitchen,17,2,0,108,0,1,0
2023-04-19 18:00:00,7.0,10.0,8.0,23.0,20.866666666666667,20.752380952380953,Hell's Kitchen,18,2,0,108,0,1,0
2023-04-19 19:00:00,8.0,7.0,11.0,11.0,20.8,20.6,Hell's Kitchen,19,2,0,108,0,1,0
2023-04-19 20:00:00,0.0,8.0,0.0,0.0,20.6,20.571428571428573,Hell's Kitchen,20,2,0,108,0,1,0
2023-04-20 06:00:00,0.0,,28.0,0.0,20.6,20.571428571428573,Hell's Kitchen,6,3,0,109,0,1,0
2023-04-20 07:00:00,0.0,0.0,51.0,0.0,18.733333333333334,20.571428571428573,Hell's Kitchen,7,3,0,109,0,1,0
2023-04-20 08:00:00,72.0,0.0,42.0,77.0,15.333333333333334,20.571428571428573,Hell's Kitchen,8,3,0,109,0,1,0
2023-04-20 09:00:00,58.0,72.0,36.0,68.0,17.333333333333332,20.523809523809526,Hell's Kitchen,9,3,0,109,0,1,0
2023-04-20 10:00:00,58.0,58.0,42.0,77.0,18.8,20.428571428571427,Hell's Kitchen,10,3,0,109,0,1,0
2023-04-20 11:00:00,7.0,58.0,20.0,4.0,19.866666666666667,20.247619047619047,Hell's Kitchen,11,3,0,109,0,1,0
2023-04-20 12:00:00,10.0,7.0,22.0,14.0,19.0,20.276190476190475,Hell's Kitchen,12,3,0,109,0,1,0
2023-04-20 13:00:00,11.0,10.0,6.0,18.0,18.2,20.238095238095237,Hell's Kitchen,13,3,0,109,0,1,0
2023-04-20 14:00:00,13.0,11.0,7.0,14.0,18.533333333333335,20.17142857142857,Hell's Kitchen,14,3,0,109,0,1,0
2023-04-20 15:00:00,15.0,13.0,19.0,10.0,18.933333333333334,20.16190476190476,Hell's Kitchen,15,3,0,109,0,1,0
2023-04-20 16:00:00,13.0,15.0,11.0,16.0,18.666666666666668,20.20952380952381,Hell's Kitchen,16,3,0,109,0,1,0
2023-04-20 17:00:00,3.0,13.0,10.0,4.0,18.8,20.18095238095238,Hell's Kitchen,17,3,0,109,0,1,0
2023-04-20 18:00:00,7.0,3.0,7.0,22.0,18.333333333333332,20.17142857142857,Hell's Kitchen,18,3,0,109,0,1,0
2023-04-20 19:00:00,8.0,7.0,8.0,17.0,18.333333333333332,20.02857142857143,Hell's Kitchen,19,3,0,109,0,1,0
2023-04-20 20:00:00,11.0,8.0,0.0,13.0,18.333333333333332,19.942857142857143,Hell's Kitchen,20,3,0,109,0,1,0
2023-04-21 06:00:00,0.0,,0.0,0.0,19.066666666666666,19.923809523809524,Hell's Kitchen,6,4,0,110,0,1,0
2023-04-21 07:00:00,0.0,0.0,0.0,0.0,19.066666666666666,19.923809523809524,Hell's Kitchen,7,4,0,110,0,1,0
2023-04-21 08:00:00,55.0,0.0,72.0,73.0,19.066666666666666,19.923809523809524,Hell's Kitchen,8,4,0,110,0,1,0
2023-04-21 09:00:00,61.0,55.0,58.0,93.0,17.933333333333334,19.752380952380953,Hell's Kitchen,9,4,0,110,0,1,0
2023-04-21 10:00:00,87.0,61.0,58.0,71.0,18.133333333333333,19.447619047619046,Hell's Kitchen,10,4,0,110,0,1,0
2023-04-21 11:00:00,10.0,87.0,7.0,13.0,20.066666666666666,19.6,Hell's Kitchen,11,4,0,110,0,1,0
2023-04-21 12:00:00,13.0,10.0,10.0,8.0,20.266666666666666,19.571428571428573,Hell's Kitchen,12,4,0,110,0,1,0
2023-04-21 13:00:00,23.0,13.0,11.0,4.0,20.466666666666665,19.61904761904762,Hell's Kitchen,13,4,0,110,0,1,0
2023-04-21 14:00:00,15.0,23.0,13.0,8.0,21.266666666666666,19.8,Hell's Kitchen,14,4,0,110,0,1,0
2023-04-21 15:00:00,12.0,15.0,15.0,15.0,21.4,19.866666666666667,Hell's Kitchen,15,4,0,110,0,1,0
2023-04-21 16:00:00,11.0,12.0,13.0,13.0,21.2,19.83809523809524,Hell's Kitchen,16,4,0,110,0,1,0
2023-04-21 17:00:00,12.0,11.0,3.0,15.0,21.066666666666666,19.81904761904762,Hell's Kitchen,17,4,0,110,0,1,0
2023-04-21 18:00:00,21.0,12.0,7.0,13.0,21.666666666666668,19.79047619047619,Hell's Kitchen,18,4,0,110,0,1,0
2023-04-21 19:00:00,5.0,21.0,8.0,17.0,22.6,19.866666666666667,Hell's Kitchen,19,4,0,110,0,1,0
2023-04-21 20:00:00,15.0,5.0,11.0,15.0,22.4,19.752380952380953,Hell's Kitchen,20,4,0,110,0,1,0
2023-04-22 06:00:00,18.0,,0.0,8.0,22.666666666666668,19.752380952380953,Hell's Kitchen,6,5,1,111,0,1,0
2023-04-22 07:00:00,23.0,18.0,0.0,46.0,23.866666666666667,19.847619047619048,Hell's Kitchen,7,5,1,111,0,1,0
2023-04-22 08:00:00,24.0,23.0,55.0,39.0,25.4,19.62857142857143,Hell's Kitchen,8,5,1,111,0,1,0
2023-04-22 09:00:00,25.0,24.0,61.0,29.0,23.333333333333332,19.485714285714284,Hell's Kitchen,9,5,1,111,0,1,0
2023-04-22 10:00:00,20.0,25.0,87.0,43.0,20.933333333333334,19.447619047619046,Hell's Kitchen,10,5,1,111,0,1,0
2023-04-22 11:00:00,21.0,20.0,10.0,21.0,16.466666666666665,19.228571428571428,Hell's Kitchen,11,5,1,111,0,1,0
2023-04-22 12:00:00,5.0,21.0,13.0,8.0,17.2,19.228571428571428,Hell's Kitchen,12,5,1,111,0,1,0
2023-04-22 13:00:00,9.0,5.0,23.0,10.0,16.666666666666668,19.2,Hell's Kitchen,13,5,1,111,0,1,0
2023-04-22 14:00:00,19.0,9.0,15.0,12.0,15.733333333333333,19.19047619047619,Hell's Kitchen,14,5,1,111,0,1,0
2023-04-22 15:00:00,13.0,19.0,12.0,10.0,16.0,19.257142857142856,Hell's Kitchen,15,5,1,111,0,1,0
2023-04-22 16:00:00,13.0,13.0,11.0,10.0,16.066666666666666,19.285714285714285,Hell's Kitchen,16,5,1,111,0,1,0
2023-04-22 17:00:00,10.0,13.0,12.0,14.0,16.2,19.314285714285713,Hell's Kitchen,17,5,1,111,0,1,0
2023-04-22 18:00:00,18.0,10.0,21.0,8.0,16.066666666666666,19.276190476190475,Hell's Kitchen,18,5,1,111,0,1,0
2023-04-22 19:00:00,8.0,18.0,5.0,12.0,15.866666666666667,19.37142857142857,Hell's Kitchen,19,5,1,111,0,1,0
2023-04-22 20:00:00,0.0,8.0,15.0,0.0,16.066666666666666,19.333333333333332,Hell's Kitchen,20,5,1,111,0,1,0
2023-04-23 06:00:00,18.0,,18.0,29.0,15.066666666666666,19.333333333333332,Hell's Kitchen,6,6,1,112,0,1,0
2023-04-23 07:00:00,40.0,18.0,23.0,56.0,15.066666666666666,19.228571428571428,Hell's Kitchen,7,6,1,112,0,1,0
2023-04-23 08:00:00,36.0,40.0,24.0,46.0,16.2,19.076190476190476,Hell's Kitchen,8,6,1,112,0,1,0
2023-04-23 09:00:00,38.0,36.0,25.0,45.0,17.0,18.98095238095238,Hell's Kitchen,9,6,1,112,0,1,0
2023-04-23 10:00:00,29.0,38.0,20.0,50.0,17.866666666666667,18.914285714285715,Hell's Kitchen,10,6,1,112,0,1,0
2023-04-23 11:00:00,25.0,29.0,21.0,28.0,18.466666666666665,18.714285714285715,Hell's Kitchen,11,6,1,112,0,1,0
2023-04-23 12:00:00,13.0,25.0,5.0,5.0,18.733333333333334,18.685714285714287,Hell's Kitchen,12,6,1,112,0,1,0
2023-04-23 13:00:00,8.0,13.0,9.0,10.0,19.266666666666666,18.761904761904763,Hell's Kitchen,13,6,1,112,0,1,0
2023-04-23 14:00:00,20.0,8.0,19.0,13.0,19.2,18.742857142857144,Hell's Kitchen,14,6,1,112,0,1,0
2023-04-23 15:00:00,9.0,20.0,13.0,9.0,19.266666666666666,18.80952380952381,Hell's Kitchen,15,6,1,112,0,1,0
2023-04-23 16:00:00,9.0,9.0,13.0,12.0,19.0,18.80952380952381,Hell's Kitchen,16,6,1,112,0,1,0
2023-04-23 17:00:00,8.0,9.0,10.0,11.0,18.733333333333334,18.78095238095238,Hell's Kitchen,17,6,1,112,0,1,0
2023-04-23 18:00:00,19.0,8.0,18.0,12.0,18.6,18.752380952380953,Hell's Kitchen,18,6,1,112,0,1,0
2023-04-23 19:00:00,12.0,19.0,8.0,9.0,18.666666666666668,18.81904761904762,Hell's Kitchen,19,6,1,112,0,1,0
2023-04-23 20:00:00,0.0,12.0,0.0,0.0,18.933333333333334,18.847619047619048,Hell's Kitchen,20,6,1,112,0,1,0
2023-04-24 06:00:00,14.0,,18.0,16.0,18.933333333333334,18.847619047619048,Hell's Kitchen,6,0,0,113,0,1,0
2023-04-24 07:00:00,28.0,14.0,40.0,33.0,18.666666666666668,18.82857142857143,Hell's Kitchen,7,0,0,113,0,1,0
2023-04-24 08:00:00,35.0,28.0,36.0,19.0,17.866666666666667,18.78095238095238,Hell's Kitchen,8,0,0,113,0,1,0
2023-04-24 09:00:00,26.0,35.0,38.0,30.0,17.8,18.933333333333334,Hell's Kitchen,9,0,0,113,0,1,0
2023-04-24 10:00:00,38.0,26.0,29.0,43.0,17.0,18.895238095238096,Hell's Kitchen,10,0,0,113,0,1,0
2023-04-24 11:00:00,13.0,38.0,25.0,19.0,17.6,18.847619047619048,Hell's Kitchen,11,0,0,113,0,1,0
2023-04-24 12:00:00,17.0,13.0,13.0,5.0,16.8,18.79047619047619,Hell's Kitchen,12,0,0,113,0,1,0
2023-04-24 13:00:00,10.0,17.0,8.0,5.0,17.066666666666666,18.904761904761905,Hell's Kitchen,13,0,0,113,0,1,0
2023-04-24 14:00:00,8.0,10.0,20.0,8.0,17.2,18.952380952380953,Hell's Kitchen,14,0,0,113,0,1,0
2023-04-24 15:00:00,9.0,8.0,9.0,7.0,16.4,18.952380952380953,Hell's Kitchen,15,0,0,113,0,1,0
2023-04-24 16:00:00,19.0,9.0,9.0,7.0,16.4,18.97142857142857,Hell's Kitchen,16,0,0,113,0,1,0
2023-04-24 17:00:00,11.0,19.0,8.0,6.0,17.066666666666666,19.085714285714285,Hell's Kitchen,17,0,0,113,0,1,0
2023-04-24 18:00:00,9.0,11.0,19.0,3.0,17.266666666666666,19.133333333333333,Hell's Kitchen,18,0,0,113,0,1,0
2023-04-24 19:00:00,11.0,9.0,12.0,4.0,16.6,19.19047619047619,Hell's Kitchen,19,0,0,113,0,1,0
2023-04-24 20:00:00,0.0,11.0,0.0,0.0,16.533333333333335,19.257142857142856,Hell's Kitchen,20,0,0,113,0,1,0
2023-04-25 06:00:00,12.0,,14.0,23.0,16.533333333333335,19.257142857142856,Hell's Kitchen,6,1,0,114,0,1,0
2023-04-25 07:00:00,35.0,12.0,28.0,51.0,16.4,19.152380952380952,Hell's Kitchen,7,1,0,114,0,1,0
2023-04-25 08:00:00,35.0,35.0,35.0,51.0,16.866666666666667,19.0,Hell's Kitchen,8,1,0,114,0,1,0
2023-04-25 09:00:00,29.0,35.0,26.0,44.0,16.866666666666667,18.847619047619048,Hell's Kitchen,9,1,0,114,0,1,0
2023-04-25 10:00:00,33.0,29.0,38.0,42.0,17.066666666666666,18.704761904761906,Hell's Kitchen,10,1,0,114,0,1,0
2023-04-25 11:00:00,26.0,33.0,13.0,29.0,16.733333333333334,18.61904761904762,Hell's Kitchen,11,1,0,114,0,1,0
2023-04-25 12:00:00,17.0,26.0,17.0,7.0,17.6,18.590476190476192,Hell's Kitchen,12,1,0,114,0,1,0
2023-04-25 13:00:00,9.0,17.0,10.0,9.0,17.6,18.685714285714287,Hell's Kitchen,13,1,0,114,0,1,0
2023-04-25 14:00:00,11.0,9.0,8.0,8.0,17.533333333333335,18.685714285714287,Hell's Kitchen,14,1,0,114,0,1,0
2023-04-25 15:00:00,13.0,11.0,9.0,15.0,17.733333333333334,18.714285714285715,Hell's Kitchen,15,1,0,114,0,1,0
2023-04-25 16:00:00,17.0,13.0,19.0,10.0,18.0,18.695238095238096,Hell's Kitchen,16,1,0,114,0,1,0
2023-04-25 17:00:00,11.0,17.0,11.0,21.0,17.866666666666667,18.761904761904763,Hell's Kitchen,17,1,0,114,0,1,0
2023-04-25 18:00:00,6.0,11.0,9.0,8.0,17.866666666666667,18.666666666666668,Hell's Kitchen,18,1,0,114,0,1,0
2023-04-25 19:00:00,12.0,6.0,11.0,11.0,17.666666666666668,18.64761904761905,Hell's Kitchen,19,1,0,114,0,1,0
2023-04-25 20:00:00,0.0,12.0,0.0,0.0,17.733333333333334,18.65714285714286,Hell's Kitchen,20,1,0,114,0,1,0
2023-04-26 06:00:00,15.0,,12.0,28.0,17.733333333333334,18.65714285714286,Hell's Kitchen,6,2,0,115,0,1,0
2023-04-26 07:00:00,38.0,15.0,35.0,51.0,17.933333333333334,18.533333333333335,Hell's Kitchen,7,2,0,115,0,1,0
2023-04-26 08:00:00,39.0,38.0,35.0,42.0,18.133333333333333,18.409523809523808,Hell's Kitchen,8,2,0,115,0,1,0
2023-04-26 09:00:00,34.0,39.0,29.0,36.0,18.4,18.38095238095238,Hell's Kitchen,9,2,0,115,0,1,0
2023-04-26 10:00:00,39.0,34.0,33.0,42.0,18.733333333333334,18.36190476190476,Hell's Kitchen,10,2,0,115,0,1,0
2023-04-26 11:00:00,23.0,39.0,26.0,20.0,19.133333333333333,18.333333333333332,Hell's Kitchen,11,2,0,115,0,1,0
2023-04-26 12:00:00,11.0,23.0,17.0,22.0,18.933333333333334,18.36190476190476,Hell's Kitchen,12,2,0,115,0,1,0
2023-04-26 13:00:00,14.0,11.0,9.0,6.0,18.533333333333335,18.257142857142856,Hell's Kitchen,13,2,0,115,0,1,0
2023-04-26 14:00:00,15.0,14.0,11.0,7.0,18.866666666666667,18.333333333333332,Hell's Kitchen,14,2,0,115,0,1,0
2023-04-26 15:00:00,12.0,15.0,13.0,19.0,19.133333333333333,18.409523809523808,Hell's Kitchen,15,2,0,115,0,1,0
2023-04-26 16:00:00,14.0,12.0,17.0,11.0,19.066666666666666,18.34285714285714,Hell's Kitchen,16,2,0,115,0,1,0
2023-04-26 17:00:00,22.0,14.0,11.0,10.0,18.866666666666667,18.37142857142857,Hell's Kitchen,17,2,0,115,0,1,0
2023-04-26 18:00:00,12.0,22.0,6.0,7.0,19.6,18.485714285714284,Hell's Kitchen,18,2,0,115,0,1,0
2023-04-26 19:00:00,16.0,12.0,12.0,8.0,20.0,18.533333333333335,Hell's Kitchen,19,2,0,115,0,1,0
2023-04-26 20:00:00,0.0,16.0,0.0,0.0,20.266666666666666,18.60952380952381,Hell's Kitchen,20,2,0,115,0,1,0
2023-04-27 06:00:00,0.0,,15.0,0.0,20.266666666666666,18.60952380952381,Hell's Kitchen,6,3,0,116,0,1,0
2023-04-27 07:00:00,0.0,0.0,38.0,0.0,19.266666666666666,18.60952380952381,Hell's Kitchen,7,3,0,116,0,1,0
2023-04-27 08:00:00,47.0,0.0,39.0,72.0,16.733333333333334,18.60952380952381,Hell's Kitchen,8,3,0,116,0,1,0
2023-04-27 09:00:00,70.0,47.0,34.0,58.0,17.266666666666666,18.37142857142857,Hell's Kitchen,9,3,0,116,0,1,0
2023-04-27 10:00:00,65.0,70.0,39.0,58.0,19.666666666666668,18.485714285714284,Hell's Kitchen,10,3,0,116,0,1,0
2023-04-27 11:00:00,5.0,65.0,23.0,7.0,21.4,18.552380952380954,Hell's Kitchen,11,3,0,116,0,1,0
2023-04-27 12:00:00,18.0,5.0,11.0,10.0,20.2,18.533333333333335,Hell's Kitchen,12,3,0,116,0,1,0
2023-04-27 13:00:00,8.0,18.0,14.0,11.0,20.666666666666668,18.60952380952381,Hell's Kitchen,13,3,0,116,0,1,0
2023-04-27 14:00:00,12.0,8.0,15.0,13.0,20.266666666666666,18.580952380952382,Hell's Kitchen,14,3,0,116,0,1,0
2023-04-27 15:00:00,23.0,12.0,12.0,15.0,20.066666666666666,18.571428571428573,Hell's Kitchen,15,3,0,116,0,1,0
2023-04-27 16:00:00,14.0,23.0,14.0,13.0,20.8,18.64761904761905,Hell's Kitchen,16,3,0,116,0,1,0
2023-04-27 17:00:00,15.0,14.0,22.0,3.0,20.8,18.65714285714286,Hell's Kitchen,17,3,0,116,0,1,0
2023-04-27 18:00:00,12.0,15.0,12.0,7.0,20.333333333333332,18.771428571428572,Hell's Kitchen,18,3,0,116,0,1,0
2023-04-27 19:00:00,17.0,12.0,16.0,8.0,20.333333333333332,18.81904761904762,Hell's Kitchen,19,3,0,116,0,1,0
2023-04-27 20:00:00,13.0,17.0,0.0,11.0,20.4,18.904761904761905,Hell's Kitchen,20,3,0,116,0,1,0
2023-04-28 06:00:00,0.0,,0.0,0.0,21.266666666666666,18.923809523809524,Hell's Kitchen,6,4,0,117,0,1,0
2023-04-28 07:00:00,0.0,0.0,0.0,0.0,21.266666666666666,18.923809523809524,Hell's Kitchen,7,4,0,117,0,1,0
2023-04-28 08:00:00,29.0,0.0,47.0,55.0,21.266666666666666,18.923809523809524,Hell's Kitchen,8,4,0,117,0,1,0
2023-04-28 09:00:00,14.0,29.0,70.0,61.0,20.066666666666666,18.676190476190477,Hell's Kitchen,9,4,0,117,0,1,0
2023-04-28 10:00:00,20.0,14.0,65.0,87.0,16.333333333333332,18.228571428571428,Hell's Kitchen,10,4,0,117,0,1,0
2023-04-28 11:00:00,16.0,20.0,5.0,10.0,13.333333333333334,17.590476190476192,Hell's Kitchen,11,4,0,117,0,1,0
2023-04-28 12:00:00,13.0,16.0,18.0,13.0,14.066666666666666,17.64761904761905,Hell's Kitchen,12,4,0,117,0,1,0
2023-04-28 13:00:00,21.0,13.0,8.0,23.0,13.733333333333333,17.64761904761905,Hell's Kitchen,13,4,0,117,0,1,0
2023-04-28 14:00:00,18.0,21.0,12.0,15.0,14.6,17.62857142857143,Hell's Kitchen,14,4,0,117,0,1,0
2023-04-28 15:00:00,22.0,18.0,23.0,12.0,15.0,17.65714285714286,Hell's Kitchen,15,4,0,117,0,1,0
2023-04-28 16:00:00,34.0,22.0,14.0,11.0,14.933333333333334,17.752380952380953,Hell's Kitchen,16,4,0,117,0,1,0
2023-04-28 17:00:00,29.0,34.0,15.0,12.0,16.266666666666666,17.97142857142857,Hell's Kitchen,17,4,0,117,0,1,0
2023-04-28 18:00:00,18.0,29.0,12.0,21.0,17.2,18.133333333333333,Hell's Kitchen,18,4,0,117,0,1,0
2023-04-28 19:00:00,14.0,18.0,17.0,5.0,17.6,18.104761904761904,Hell's Kitchen,19,4,0,117,0,1,0
2023-04-28 20:00:00,0.0,14.0,13.0,15.0,17.4,18.19047619047619,Hell's Kitchen,20,4,0,117,0,1,0
2023-04-29 06:00:00,0.0,,0.0,18.0,16.533333333333335,18.047619047619047,Hell's Kitchen,6,5,1,118,0,1,0
2023-04-29 07:00:00,0.0,0.0,0.0,23.0,16.533333333333335,17.876190476190477,Hell's Kitchen,7,5,1,118,0,1,0
2023-04-29 08:00:00,11.0,0.0,29.0,24.0,16.533333333333335,17.65714285714286,Hell's Kitchen,8,5,1,118,0,1,0
2023-04-29 09:00:00,16.0,11.0,14.0,25.0,15.333333333333334,17.533333333333335,Hell's Kitchen,9,5,1,118,0,1,0
2023-04-29 10:00:00,16.0,16.0,20.0,20.0,15.466666666666667,17.447619047619046,Hell's Kitchen,10,5,1,118,0,1,0
2023-04-29 11:00:00,14.0,16.0,16.0,21.0,15.2,17.409523809523808,Hell's Kitchen,11,5,1,118,0,1,0
2023-04-29 12:00:00,17.0,14.0,13.0,5.0,15.066666666666666,17.34285714285714,Hell's Kitchen,12,5,1,118,0,1,0
2023-04-29 13:00:00,23.0,17.0,21.0,9.0,15.333333333333334,17.457142857142856,Hell's Kitchen,13,5,1,118,0,1,0
2023-04-29 14:00:00,16.0,23.0,18.0,19.0,15.466666666666667,17.590476190476192,Hell's Kitchen,14,5,1,118,0,1,0
2023-04-29 15:00:00,16.0,16.0,22.0,13.0,15.333333333333334,17.561904761904763,Hell's Kitchen,15,5,1,118,0,1,0
2023-04-29 16:00:00,27.0,16.0,34.0,13.0,14.933333333333334,17.590476190476192,Hell's Kitchen,16,5,1,118,0,1,0
2023-04-29 17:00:00,15.0,27.0,29.0,10.0,14.466666666666667,17.723809523809525,Hell's Kitchen,17,5,1,118,0,1,0
2023-04-29 18:00:00,12.0,15.0,18.0,18.0,13.533333333333333,17.771428571428572,Hell's Kitchen,18,5,1,118,0,1,0
2023-04-29 19:00:00,16.0,12.0,14.0,8.0,13.133333333333333,17.714285714285715,Hell's Kitchen,19,5,1,118,0,1,0
2023-04-29 20:00:00,0.0,16.0,0.0,0.0,13.266666666666667,17.79047619047619,Hell's Kitchen,20,5,1,118,0,1,0
2023-04-30 06:00:00,10.0,,0.0,18.0,13.266666666666667,17.79047619047619,Hell's Kitchen,6,6,1,119,0,1,0
2023-04-30 07:00:00,16.0,10.0,0.0,40.0,13.933333333333334,17.714285714285715,Hell's Kitchen,7,6,1,119,0,1,0
2023-04-30 08:00:00,49.0,16.0,11.0,36.0,15.0,17.485714285714284,Hell's Kitchen,8,6,1,119,0,1,0
2023-04-30 09:00:00,32.0,49.0,16.0,38.0,17.533333333333335,17.60952380952381,Hell's Kitchen,9,6,1,119,0,1,0
2023-04-30 10:00:00,48.0,32.0,16.0,29.0,18.6,17.552380952380954,Hell's Kitchen,10,6,1,119,0,1,0
2023-04-30 11:00:00,20.0,48.0,14.0,25.0,20.733333333333334,17.733333333333334,Hell's Kitchen,11,6,1,119,0,1,0
2023-04-30 12:00:00,9.0,20.0,17.0,13.0,21.133333333333333,17.685714285714287,Hell's Kitchen,12,6,1,119,0,1,0
2023-04-30 13:00:00,5.0,9.0,23.0,8.0,20.6,17.64761904761905,Hell's Kitchen,13,6,1,119,0,1,0
2023-04-30 14:00:00,4.0,5.0,16.0,20.0,19.4,17.61904761904762,Hell's Kitchen,14,6,1,119,0,1,0
2023-04-30 15:00:00,12.0,4.0,16.0,9.0,18.6,17.466666666666665,Hell's Kitchen,15,6,1,119,0,1,0
2023-04-30 16:00:00,14.0,12.0,27.0,9.0,18.333333333333332,17.495238095238093,Hell's Kitchen,16,6,1,119,0,1,0
2023-04-30 17:00:00,13.0,14.0,15.0,8.0,17.466666666666665,17.542857142857144,Hell's Kitchen,17,6,1,119,0,1,0
2023-04-30 18:00:00,12.0,13.0,12.0,19.0,17.333333333333332,17.590476190476192,Hell's Kitchen,18,6,1,119,0,1,0
2023-04-30 19:00:00,6.0,12.0,16.0,12.0,17.333333333333332,17.523809523809526,Hell's Kitchen,19,6,1,119,0,1,0
2023-04-30 20:00:00,4.0,6.0,0.0,0.0,16.666666666666668,17.466666666666665,Hell's Kitchen,20,6,1,119,0,1,0
2023-05-01 06:00:00,0.0,,10.0,14.0,16.933333333333334,17.504761904761907,Hell's Kitchen,6,0,0,120,0,1,0
2023-05-01 07:00:00,0.0,0.0,16.0,28.0,16.266666666666666,17.37142857142857,Hell's Kitchen,7,0,0,120,0,1,0
2023-05-01 08:00:00,23.0,0.0,49.0,35.0,15.2,17.104761904761904,Hell's Kitchen,8,0,0,120,0,1,0
2023-05-01 09:00:00,26.0,23.0,32.0,26.0,13.466666666666667,16.99047619047619,Hell's Kitchen,9,0,0,120,0,1,0
2023-05-01 10:00:00,27.0,26.0,48.0,38.0,13.066666666666666,16.99047619047619,Hell's Kitchen,10,0,0,120,0,1,0
2023-05-01 11:00:00,30.0,27.0,20.0,13.0,11.666666666666666,16.885714285714286,Hell's Kitchen,11,0,0,120,0,1,0
2023-05-01 12:00:00,31.0,30.0,9.0,17.0,12.333333333333334,17.047619047619047,Hell's Kitchen,12,0,0,120,0,1,0
2023-05-01 13:00:00,28.0,31.0,5.0,10.0,13.8,17.18095238095238,Hell's Kitchen,13,0,0,120,0,1,0
2023-05-01 14:00:00,32.0,28.0,4.0,8.0,15.333333333333334,17.35238095238095,Hell's Kitchen,14,0,0,120,0,1,0
2023-05-01 15:00:00,23.0,32.0,12.0,9.0,17.2,17.580952380952382,Hell's Kitchen,15,0,0,120,0,1,0
2023-05-01 16:00:00,28.0,23.0,14.0,19.0,17.933333333333334,17.714285714285715,Hell's Kitchen,16,0,0,120,0,1,0
2023-05-01 17:00:00,37.0,28.0,13.0,11.0,18.866666666666667,17.8,Hell's Kitchen,17,0,0,120,0,1,0
2023-05-01 18:00:00,33.0,37.0,12.0,9.0,20.466666666666665,18.047619047619047,Hell's Kitchen,18,0,0,120,0,1,0
2023-05-01 19:00:00,29.0,33.0,6.0,11.0,21.866666666666667,18.276190476190475,Hell's Kitchen,19,0,0,120,0,1,0
2023-05-01 20:00:00,0.0,29.0,4.0,0.0,23.4,18.447619047619046,Hell's Kitchen,20,0,0,120,0,1,0
2023-05-02 06:00:00,0.0,,0.0,12.0,23.133333333333333,18.447619047619046,Hell's Kitchen,6,1,0,121,0,1,0
2023-05-02 07:00:00,0.0,0.0,0.0,35.0,23.133333333333333,18.333333333333332,Hell's Kitchen,7,1,0,121,0,1,0
2023-05-02 08:00:00,32.0,0.0,23.0,35.0,23.133333333333333,18.0,Hell's Kitchen,8,1,0,121,0,1,0
2023-05-02 09:00:00,22.0,32.0,26.0,29.0,23.733333333333334,17.97142857142857,Hell's Kitchen,9,1,0,121,0,1,0
2023-05-02 10:00:00,30.0,22.0,27.0,33.0,23.466666666666665,17.904761904761905,Hell's Kitchen,10,1,0,121,0,1,0
2023-05-02 11:00:00,29.0,30.0,30.0,26.0,23.666666666666668,17.876190476190477,Hell's Kitchen,11,1,0,121,0,1,0
2023-05-02 12:00:00,23.0,29.0,31.0,17.0,23.6,17.904761904761905,Hell's Kitchen,12,1,0,121,0,1,0
2023-05-02 13:00:00,33.0,23.0,28.0,9.0,23.066666666666666,17.961904761904762,Hell's Kitchen,13,1,0,121,0,1,0
2023-05-02 14:00:00,28.0,33.0,32.0,11.0,23.4,18.19047619047619,Hell's Kitchen,14,1,0,121,0,1,0
2023-05-02 15:00:00,32.0,28.0,23.0,13.0,23.133333333333333,18.35238095238095,Hell's Kitchen,15,1,0,121,0,1,0
2023-05-02 16:00:00,30.0,32.0,28.0,17.0,23.733333333333334,18.533333333333335,Hell's Kitchen,16,1,0,121,0,1,0
2023-05-02 17:00:00,39.0,30.0,37.0,11.0,23.866666666666667,18.65714285714286,Hell's Kitchen,17,1,0,121,0,1,0
2023-05-02 18:00:00,22.0,39.0,33.0,6.0,24.0,18.923809523809524,Hell's Kitchen,18,1,0,121,0,1,0
2023-05-02 19:00:00,38.0,22.0,29.0,12.0,23.266666666666666,19.076190476190476,Hell's Kitchen,19,1,0,121,0,1,0
2023-05-02 20:00:00,0.0,38.0,0.0,0.0,23.866666666666667,19.323809523809523,Hell's Kitchen,20,1,0,121,0,1,0
2023-05-03 06:00:00,0.0,,0.0,15.0,23.866666666666667,19.323809523809523,Hell's Kitchen,6,2,0,122,0,1,0
2023-05-03 07:00:00,0.0,0.0,0.0,38.0,23.866666666666667,19.18095238095238,Hell's Kitchen,7,2,0,122,0,1,0
2023-05-03 08:00:00,39.0,0.0,32.0,39.0,23.866666666666667,18.81904761904762,Hell's Kitchen,8,2,0,122,0,1,0
2023-05-03 09:00:00,22.0,39.0,22.0,34.0,24.333333333333332,18.81904761904762,Hell's Kitchen,9,2,0,122,0,1,0
2023-05-03 10:00:00,22.0,22.0,30.0,39.0,24.333333333333332,18.704761904761906,Hell's Kitchen,10,2,0,122,0,1,0
2023-05-03 11:00:00,31.0,22.0,29.0,23.0,23.8,18.542857142857144,Hell's Kitchen,11,2,0,122,0,1,0
2023-05-03 12:00:00,33.0,31.0,23.0,11.0,23.933333333333334,18.61904761904762,Hell's Kitchen,12,2,0,122,0,1,0
2023-05-03 13:00:00,23.0,33.0,33.0,14.0,24.6,18.82857142857143,Hell's Kitchen,13,2,0,122,0,1,0
2023-05-03 14:00:00,39.0,23.0,28.0,15.0,23.933333333333334,18.914285714285715,Hell's Kitchen,14,2,0,122,0,1,0
2023-05-03 15:00:00,27.0,39.0,32.0,12.0,24.666666666666668,19.142857142857142,Hell's Kitchen,15,2,0,122,0,1,0
2023-05-03 16:00:00,23.0,27.0,30.0,14.0,24.333333333333332,19.285714285714285,Hell's Kitchen,16,2,0,122,0,1,0
2023-05-03 17:00:00,31.0,23.0,39.0,22.0,23.866666666666667,19.37142857142857,Hell's Kitchen,17,2,0,122,0,1,0
2023-05-03 18:00:00,41.0,31.0,22.0,12.0,23.333333333333332,19.457142857142856,Hell's Kitchen,18,2,0,122,0,1,0
2023-05-03 19:00:00,26.0,41.0,38.0,16.0,24.6,19.733333333333334,Hell's Kitchen,19,2,0,122,0,1,0
2023-05-03 20:00:00,0.0,26.0,0.0,0.0,23.8,19.82857142857143,Hell's Kitchen,20,2,0,122,0,1,0
2023-05-04 06:00:00,0.0,,0.0,0.0,23.8,19.82857142857143,Hell's Kitchen,6,3,0,123,0,1,0
2023-05-04 07:00:00,0.0,0.0,0.0,0.0,23.8,19.82857142857143,Hell's Kitchen,7,3,0,123,0,1,0
2023-05-04 08:00:00,24.0,0.0,39.0,47.0,23.8,19.82857142857143,Hell's Kitchen,8,3,0,123,0,1,0
2023-05-04 09:00:00,22.0,24.0,22.0,70.0,22.8,19.60952380952381,Hell's Kitchen,9,3,0,123,0,1,0
2023-05-04 10:00:00,24.0,22.0,22.0,65.0,22.8,19.152380952380952,Hell's Kitchen,10,3,0,123,0,1,0
2023-05-04 11:00:00,32.0,24.0,31.0,5.0,22.933333333333334,18.761904761904763,Hell's Kitchen,11,3,0,123,0,1,0
2023-05-04 12:00:00,22.0,32.0,33.0,18.0,23.0,19.01904761904762,Hell's Kitchen,12,3,0,123,0,1,0
2023-05-04 13:00:00,28.0,22.0,23.0,8.0,22.266666666666666,19.057142857142857,Hell's Kitchen,13,3,0,123,0,1,0
2023-05-04 14:00:00,35.0,28.0,39.0,12.0,22.6,19.247619047619047,Hell's Kitchen,14,3,0,123,0,1,0
2023-05-04 15:00:00,22.0,35.0,27.0,23.0,22.333333333333332,19.466666666666665,Hell's Kitchen,15,3,0,123,0,1,0
2023-05-04 16:00:00,27.0,22.0,23.0,14.0,22.0,19.457142857142856,Hell's Kitchen,16,3,0,123,0,1,0
2023-05-04 17:00:00,26.0,27.0,31.0,15.0,22.266666666666666,19.580952380952382,Hell's Kitchen,17,3,0,123,0,1,0
2023-05-04 18:00:00,34.0,26.0,41.0,12.0,21.933333333333334,19.685714285714287,Hell's Kitchen,18,3,0,123,0,1,0
2023-05-04 19:00:00,27.0,34.0,26.0,17.0,21.466666666666665,19.895238095238096,Hell's Kitchen,19,3,0,123,0,1,0
2023-05-04 20:00:00,0.0,27.0,0.0,13.0,21.533333333333335,19.99047619047619,Hell's Kitchen,20,3,0,123,0,1,0
2023-05-05 06:00:00,0.0,,0.0,0.0,21.533333333333335,19.866666666666667,Hell's Kitchen,6,4,0,124,0,1,0
2023-05-05 07:00:00,0.0,0.0,0.0,0.0,21.533333333333335,19.866666666666667,Hell's Kitchen,7,4,0,124,0,1,0
2023-05-05 08:00:00,30.0,0.0,24.0,29.0,21.533333333333335,19.866666666666667,Hell's Kitchen,8,4,0,124,0,1,0
2023-05-05 09:00:00,30.0,30.0,22.0,14.0,21.933333333333334,19.876190476190477,Hell's Kitchen,9,4,0,124,0,1,0
2023-05-05 10:00:00,26.0,30.0,24.0,20.0,22.466666666666665,20.02857142857143,Hell's Kitchen,10,4,0,124,0,1,0
2023-05-05 11:00:00,22.0,26.0,32.0,16.0,22.6,20.085714285714285,Hell's Kitchen,11,4,0,124,0,1,0
2023-05-05 12:00:00,26.0,22.0,22.0,13.0,21.933333333333334,20.142857142857142,Hell's Kitchen,12,4,0,124,0,1,0
2023-05-05 13:00:00,31.0,26.0,28.0,21.0,22.2,20.266666666666666,Hell's Kitchen,13,4,0,124,0,1,0
2023-05-05 14:00:00,25.0,31.0,35.0,18.0,22.4,20.36190476190476,Hell's Kitchen,14,4,0,124,0,1,0
2023-05-05 15:00:00,23.0,25.0,22.0,22.0,21.733333333333334,20.428571428571427,Hell's Kitchen,15,4,0,124,0,1,0
2023-05-05 16:00:00,26.0,23.0,27.0,34.0,21.8,20.438095238095237,Hell's Kitchen,16,4,0,124,0,1,0
2023-05-05 17:00:00,36.0,26.0,26.0,29.0,21.733333333333334,20.36190476190476,Hell's Kitchen,17,4,0,124,0,1,0
2023-05-05 18:00:00,27.0,36.0,34.0,18.0,22.4,20.428571428571427,Hell's Kitchen,18,4,0,124,0,1,0
2023-05-05 19:00:00,20.0,27.0,27.0,14.0,21.933333333333334,20.514285714285716,Hell's Kitchen,19,4,0,124,0,1,0
2023-05-05 20:00:00,0.0,20.0,0.0,0.0,21.466666666666665,20.571428571428573,Hell's Kitchen,20,4,0,124,0,1,0
2023-05-06 06:00:00,0.0,,0.0,0.0,21.466666666666665,20.571428571428573,Hell's Kitchen,6,5,1,125,0,1,0
2023-05-06 07:00:00,0.0,0.0,0.0,0.0,21.466666666666665,20.571428571428573,Hell's Kitchen,7,5,1,125,0,1,0
2023-05-06 08:00:00,26.0,0.0,30.0,11.0,21.466666666666665,20.571428571428573,Hell's Kitchen,8,5,1,125,0,1,0
2023-05-06 09:00:00,23.0,26.0,30.0,16.0,21.2,20.714285714285715,Hell's Kitchen,9,5,1,125,0,1,0
2023-05-06 10:00:00,16.0,23.0,26.0,16.0,20.733333333333334,20.78095238095238,Hell's Kitchen,10,5,1,125,0,1,0
2023-05-06 11:00:00,24.0,16.0,22.0,14.0,20.066666666666666,20.78095238095238,Hell's Kitchen,11,5,1,125,0,1,0
2023-05-06 12:00:00,29.0,24.0,26.0,17.0,20.2,20.876190476190477,Hell's Kitchen,12,5,1,125,0,1,0
2023-05-06 13:00:00,31.0,29.0,31.0,23.0,20.4,20.99047619047619,Hell's Kitchen,13,5,1,125,0,1,0
2023-05-06 14:00:00,25.0,31.0,25.0,16.0,20.4,21.066666666666666,Hell's Kitchen,14,5,1,125,0,1,0
2023-05-06 15:00:00,34.0,25.0,23.0,16.0,20.4,21.152380952380952,Hell's Kitchen,15,5,1,125,0,1,0
2023-05-06 16:00:00,32.0,34.0,26.0,27.0,21.133333333333333,21.323809523809523,Hell's Kitchen,16,5,1,125,0,1,0
2023-05-06 17:00:00,30.0,32.0,36.0,15.0,21.533333333333335,21.37142857142857,Hell's Kitchen,17,5,1,125,0,1,0
2023-05-06 18:00:00,27.0,30.0,27.0,12.0,21.133333333333333,21.514285714285716,Hell's Kitchen,18,5,1,125,0,1,0
2023-05-06 19:00:00,30.0,27.0,20.0,16.0,21.133333333333333,21.65714285714286,Hell's Kitchen,19,5,1,125,0,1,0
2023-05-06 20:00:00,0.0,30.0,0.0,0.0,21.8,21.79047619047619,Hell's Kitchen,20,5,1,125,0,1,0
2023-05-07 06:00:00,0.0,,0.0,10.0,21.8,21.79047619047619,Hell's Kitchen,6,6,1,126,0,1,0
2023-05-07 07:00:00,0.0,0.0,0.0,16.0,21.8,21.695238095238096,Hell's Kitchen,7,6,1,126,0,1,0
2023-05-07 08:00:00,72.0,0.0,26.0,49.0,21.8,21.542857142857144,Hell's Kitchen,8,6,1,126,0,1,0
2023-05-07 09:00:00,66.0,72.0,23.0,32.0,24.866666666666667,21.761904761904763,Hell's Kitchen,9,6,1,126,0,1,0
2023-05-07 10:00:00,78.0,66.0,16.0,48.0,27.733333333333334,22.085714285714285,Hell's Kitchen,10,6,1,126,0,1,0
2023-05-07 11:00:00,38.0,78.0,24.0,20.0,31.866666666666667,22.37142857142857,Hell's Kitchen,11,6,1,126,0,1,0
2023-05-07 12:00:00,19.0,38.0,29.0,9.0,32.8,22.542857142857144,Hell's Kitchen,12,6,1,126,0,1,0
2023-05-07 13:00:00,21.0,19.0,31.0,5.0,32.13333333333333,22.63809523809524,Hell's Kitchen,13,6,1,126,0,1,0
2023-05-07 14:00:00,14.0,21.0,25.0,4.0,31.466666666666665,22.79047619047619,Hell's Kitchen,14,6,1,126,0,1,0
2023-05-07 15:00:00,13.0,14.0,34.0,12.0,30.733333333333334,22.885714285714286,Hell's Kitchen,15,6,1,126,0,1,0
2023-05-07 16:00:00,14.0,13.0,32.0,14.0,29.333333333333332,22.895238095238096,Hell's Kitchen,16,6,1,126,0,1,0
2023-05-07 17:00:00,30.0,14.0,30.0,13.0,28.133333333333333,22.895238095238096,Hell's Kitchen,17,6,1,126,0,1,0
2023-05-07 18:00:00,27.0,30.0,27.0,12.0,28.133333333333333,23.057142857142857,Hell's Kitchen,18,6,1,126,0,1,0
2023-05-07 19:00:00,21.0,27.0,30.0,6.0,28.133333333333333,23.2,Hell's Kitchen,19,6,1,126,0,1,0
2023-05-07 20:00:00,24.0,21.0,0.0,4.0,27.533333333333335,23.34285714285714,Hell's Kitchen,20,6,1,126,0,1,0
2023-05-08 06:00:00,17.0,,0.0,0.0,29.133333333333333,23.533333333333335,Hell's Kitchen,6,0,0,127,0,1,0
2023-05-08 07:00:00,51.0,17.0,0.0,0.0,30.266666666666666,23.695238095238096,Hell's Kitchen,7,0,0,127,0,1,0
2023-05-08 08:00:00,42.0,51.0,72.0,23.0,33.666666666666664,24.18095238095238,Hell's Kitchen,8,0,0,127,0,1,0
2023-05-08 09:00:00,52.0,42.0,66.0,26.0,31.666666666666668,24.36190476190476,Hell's Kitchen,9,0,0,127,0,1,0
2023-05-08 10:00:00,52.0,52.0,78.0,27.0,30.733333333333334,24.60952380952381,Hell's Kitchen,10,0,0,127,0,1,0
2023-05-08 11:00:00,36.0,52.0,38.0,30.0,29.0,24.847619047619048,Hell's Kitchen,11,0,0,127,0,1,0
2023-05-08 12:00:00,14.0,36.0,19.0,31.0,28.866666666666667,24.904761904761905,Hell's Kitchen,12,0,0,127,0,1,0
2023-05-08 13:00:00,18.0,14.0,21.0,28.0,28.533333333333335,24.742857142857144,Hell's Kitchen,13,0,0,127,0,1,0
2023-05-08 14:00:00,34.0,18.0,14.0,32.0,28.333333333333332,24.64761904761905,Hell's Kitchen,14,0,0,127,0,1,0
2023-05-08 15:00:00,12.0,34.0,13.0,23.0,29.666666666666668,24.666666666666668,Hell's Kitchen,15,0,0,127,0,1,0
2023-05-08 16:00:00,22.0,12.0,14.0,28.0,29.6,24.561904761904763,Hell's Kitchen,16,0,0,127,0,1,0
2023-05-08 17:00:00,21.0,22.0,30.0,37.0,30.133333333333333,24.504761904761907,Hell's Kitchen,17,0,0,127,0,1,0
2023-05-08 18:00:00,17.0,21.0,27.0,33.0,29.533333333333335,24.35238095238095,Hell's Kitchen,18,0,0,127,0,1,0
2023-05-08 19:00:00,8.0,17.0,21.0,29.0,28.866666666666667,24.2,Hell's Kitchen,19,0,0,127,0,1,0
2023-05-08 20:00:00,0.0,8.0,24.0,0.0,28.0,24.0,Hell's Kitchen,20,0,0,127,0,1,0
2023-05-09 06:00:00,24.0,,17.0,0.0,26.4,24.0,Hell's Kitchen,6,1,0,128,0,1,0
2023-05-09 07:00:00,68.0,24.0,51.0,0.0,26.866666666666667,24.228571428571428,Hell's Kitchen,7,1,0,128,0,1,0
2023-05-09 08:00:00,47.0,68.0,42.0,32.0,28.0,24.876190476190477,Hell's Kitchen,8,1,0,128,0,1,0
2023-05-09 09:00:00,61.0,47.0,52.0,22.0,28.333333333333332,25.01904761904762,Hell's Kitchen,9,1,0,128,0,1,0
2023-05-09 10:00:00,66.0,61.0,52.0,30.0,28.933333333333334,25.39047619047619,Hell's Kitchen,10,1,0,128,0,1,0
2023-05-09 11:00:00,31.0,66.0,36.0,29.0,29.866666666666667,25.733333333333334,Hell's Kitchen,11,1,0,128,0,1,0
2023-05-09 12:00:00,21.0,31.0,14.0,23.0,29.533333333333335,25.752380952380953,Hell's Kitchen,12,1,0,128,0,1,0
2023-05-09 13:00:00,15.0,21.0,18.0,33.0,30.0,25.733333333333334,Hell's Kitchen,13,1,0,128,0,1,0
2023-05-09 14:00:00,16.0,15.0,34.0,28.0,29.8,25.561904761904763,Hell's Kitchen,14,1,0,128,0,1,0
2023-05-09 15:00:00,14.0,16.0,12.0,32.0,28.6,25.447619047619046,Hell's Kitchen,15,1,0,128,0,1,0
2023-05-09 16:00:00,14.0,14.0,22.0,30.0,28.733333333333334,25.276190476190475,Hell's Kitchen,16,1,0,128,0,1,0
2023-05-09 17:00:00,18.0,14.0,21.0,39.0,28.2,25.123809523809523,Hell's Kitchen,17,1,0,128,0,1,0
2023-05-09 18:00:00,17.0,18.0,17.0,22.0,28.0,24.923809523809524,Hell's Kitchen,18,1,0,128,0,1,0
2023-05-09 19:00:00,18.0,17.0,8.0,38.0,28.0,24.876190476190477,Hell's Kitchen,19,1,0,128,0,1,0
2023-05-09 20:00:00,0.0,18.0,0.0,0.0,28.666666666666668,24.685714285714287,Hell's Kitchen,20,1,0,128,0,1,0
2023-05-10 06:00:00,31.0,,24.0,0.0,28.666666666666668,24.685714285714287,Hell's Kitchen,6,2,0,129,0,1,0
2023-05-10 07:00:00,55.0,31.0,68.0,0.0,29.133333333333333,24.98095238095238,Hell's Kitchen,7,2,0,129,0,1,0
2023-05-10 08:00:00,49.0,55.0,47.0,39.0,28.266666666666666,25.504761904761907,Hell's Kitchen,8,2,0,129,0,1,0
2023-05-10 09:00:00,55.0,49.0,61.0,22.0,28.4,25.6,Hell's Kitchen,9,2,0,129,0,1,0
2023-05-10 10:00:00,53.0,55.0,66.0,22.0,28.0,25.914285714285715,Hell's Kitchen,10,2,0,129,0,1,0
2023-05-10 11:00:00,35.0,53.0,31.0,31.0,27.133333333333333,26.20952380952381,Hell's Kitchen,11,2,0,129,0,1,0
2023-05-10 12:00:00,15.0,35.0,21.0,33.0,27.4,26.247619047619047,Hell's Kitchen,12,2,0,129,0,1,0
2023-05-10 13:00:00,22.0,15.0,15.0,23.0,27.0,26.076190476190476,Hell's Kitchen,13,2,0,129,0,1,0
2023-05-10 14:00:00,16.0,22.0,16.0,39.0,27.466666666666665,26.066666666666666,Hell's Kitchen,14,2,0,129,0,1,0
2023-05-10 15:00:00,24.0,16.0,14.0,27.0,27.466666666666665,25.847619047619048,Hell's Kitchen,15,2,0,129,0,1,0
2023-05-10 16:00:00,16.0,24.0,14.0,23.0,28.133333333333333,25.81904761904762,Hell's Kitchen,16,2,0,129,0,1,0
2023-05-10 17:00:00,18.0,16.0,18.0,31.0,28.266666666666666,25.752380952380953,Hell's Kitchen,17,2,0,129,0,1,0
2023-05-10 18:00:00,20.0,18.0,17.0,41.0,28.266666666666666,25.62857142857143,Hell's Kitchen,18,2,0,129,0,1,0
2023-05-10 19:00:00,13.0,20.0,18.0,26.0,28.466666666666665,25.428571428571427,Hell's Kitchen,19,2,0,129,0,1,0
2023-05-10 20:00:00,0.0,13.0,0.0,0.0,28.133333333333333,25.304761904761904,Hell's Kitchen,20,2,0,129,0,1,0
2023-05-11 06:00:00,32.0,,31.0,0.0,28.133333333333333,25.304761904761904,Hell's Kitchen,6,3,0,130,0,1,0
2023-05-11 07:00:00,48.0,32.0,55.0,0.0,28.2,25.60952380952381,Hell's Kitchen,7,3,0,130,0,1,0
2023-05-11 08:00:00,52.0,48.0,49.0,24.0,27.733333333333334,26.066666666666666,Hell's Kitchen,8,3,0,130,0,1,0
2023-05-11 09:00:00,29.0,52.0,55.0,22.0,27.933333333333334,26.333333333333332,Hell's Kitchen,9,3,0,130,0,1,0
2023-05-11 10:00:00,65.0,29.0,53.0,24.0,26.2,26.4,Hell's Kitchen,10,3,0,130,0,1,0
2023-05-11 11:00:00,42.0,65.0,35.0,32.0,27.0,26.79047619047619,Hell's Kitchen,11,3,0,130,0,1,0
2023-05-11 12:00:00,15.0,42.0,15.0,22.0,27.466666666666665,26.885714285714286,Hell's Kitchen,12,3,0,130,0,1,0
2023-05-11 13:00:00,20.0,15.0,22.0,28.0,27.466666666666665,26.81904761904762,Hell's Kitchen,13,3,0,130,0,1,0
2023-05-11 14:00:00,25.0,20.0,16.0,35.0,27.333333333333332,26.742857142857144,Hell's Kitchen,14,3,0,130,0,1,0
2023-05-11 15:00:00,17.0,25.0,24.0,22.0,27.933333333333334,26.64761904761905,Hell's Kitchen,15,3,0,130,0,1,0
2023-05-11 16:00:00,12.0,17.0,16.0,27.0,27.466666666666665,26.6,Hell's Kitchen,16,3,0,130,0,1,0
2023-05-11 17:00:00,16.0,12.0,18.0,26.0,27.2,26.457142857142856,Hell's Kitchen,17,3,0,130,0,1,0
2023-05-11 18:00:00,18.0,16.0,20.0,34.0,27.066666666666666,26.36190476190476,Hell's Kitchen,18,3,0,130,0,1,0
2023-05-11 19:00:00,13.0,18.0,13.0,27.0,26.933333333333334,26.20952380952381,Hell's Kitchen,19,3,0,130,0,1,0
2023-05-11 20:00:00,0.0,13.0,0.0,0.0,26.933333333333334,26.076190476190476,Hell's Kitchen,20,3,0,130,0,1,0
2023-05-12 06:00:00,33.0,,32.0,0.0,26.933333333333334,26.076190476190476,Hell's Kitchen,6,4,0,131,0,1,0
2023-05-12 07:00:00,42.0,33.0,48.0,0.0,27.0,26.39047619047619,Hell's Kitchen,7,4,0,131,0,1,0
2023-05-12 08:00:00,39.0,42.0,52.0,30.0,26.6,26.79047619047619,Hell's Kitchen,8,4,0,131,0,1,0
2023-05-12 09:00:00,57.0,39.0,29.0,30.0,25.733333333333334,26.876190476190477,Hell's Kitchen,9,4,0,131,0,1,0
2023-05-12 10:00:00,47.0,57.0,65.0,26.0,27.6,27.133333333333333,Hell's Kitchen,10,4,0,131,0,1,0
2023-05-12 11:00:00,30.0,47.0,42.0,22.0,26.4,27.333333333333332,Hell's Kitchen,11,4,0,131,0,1,0
2023-05-12 12:00:00,24.0,30.0,15.0,26.0,25.6,27.409523809523808,Hell's Kitchen,12,4,0,131,0,1,0
2023-05-12 13:00:00,28.0,24.0,20.0,31.0,26.2,27.39047619047619,Hell's Kitchen,13,4,0,131,0,1,0
2023-05-12 14:00:00,12.0,28.0,25.0,25.0,26.733333333333334,27.36190476190476,Hell's Kitchen,14,4,0,131,0,1,0
2023-05-12 15:00:00,16.0,12.0,17.0,23.0,25.866666666666667,27.238095238095237,Hell's Kitchen,15,4,0,131,0,1,0
2023-05-12 16:00:00,13.0,16.0,12.0,26.0,25.8,27.17142857142857,Hell's Kitchen,16,4,0,131,0,1,0
2023-05-12 17:00:00,25.0,13.0,16.0,36.0,25.866666666666667,27.047619047619047,Hell's Kitchen,17,4,0,131,0,1,0
2023-05-12 18:00:00,27.0,25.0,18.0,27.0,26.466666666666665,26.942857142857143,Hell's Kitchen,18,4,0,131,0,1,0
2023-05-12 19:00:00,18.0,27.0,13.0,20.0,27.066666666666666,26.942857142857143,Hell's Kitchen,19,4,0,131,0,1,0
2023-05-12 20:00:00,0.0,18.0,0.0,0.0,27.4,26.923809523809524,Hell's Kitchen,20,4,0,131,0,1,0
2023-05-13 06:00:00,0.0,,33.0,0.0,27.4,26.923809523809524,Hell's Kitchen,6,5,1,132,0,1,0
2023-05-13 07:00:00,0.0,0.0,42.0,0.0,25.2,26.923809523809524,Hell's Kitchen,7,5,1,132,0,1,0
2023-05-13 08:00:00,100.0,0.0,39.0,26.0,22.4,26.923809523809524,Hell's Kitchen,8,5,1,132,0,1,0
2023-05-13 09:00:00,94.0,100.0,57.0,23.0,26.466666666666665,27.62857142857143,Hell's Kitchen,9,5,1,132,0,1,0
2023-05-13 10:00:00,96.0,94.0,47.0,16.0,28.933333333333334,28.304761904761904,Hell's Kitchen,10,5,1,132,0,1,0
2023-05-13 11:00:00,5.0,96.0,30.0,24.0,32.2,29.066666666666666,Hell's Kitchen,11,5,1,132,0,1,0
2023-05-13 12:00:00,12.0,5.0,24.0,29.0,30.533333333333335,28.885714285714286,Hell's Kitchen,12,5,1,132,0,1,0
2023-05-13 13:00:00,19.0,12.0,28.0,31.0,29.733333333333334,28.723809523809525,Hell's Kitchen,13,5,1,132,0,1,0
2023-05-13 14:00:00,17.0,19.0,12.0,25.0,29.133333333333333,28.60952380952381,Hell's Kitchen,14,5,1,132,0,1,0
2023-05-13 15:00:00,12.0,17.0,16.0,34.0,29.466666666666665,28.533333333333335,Hell's Kitchen,15,5,1,132,0,1,0
2023-05-13 16:00:00,27.0,12.0,13.0,32.0,29.2,28.323809523809523,Hell's Kitchen,16,5,1,132,0,1,0
2023-05-13 17:00:00,7.0,27.0,25.0,30.0,30.133333333333333,28.276190476190475,Hell's Kitchen,17,5,1,132,0,1,0
2023-05-13 18:00:00,19.0,7.0,27.0,27.0,28.933333333333334,28.057142857142857,Hell's Kitchen,18,5,1,132,0,1,0
2023-05-13 19:00:00,18.0,19.0,18.0,30.0,28.4,27.98095238095238,Hell's Kitchen,19,5,1,132,0,1,0
2023-05-13 20:00:00,19.0,18.0,0.0,0.0,28.4,27.866666666666667,Hell's Kitchen,20,5,1,132,0,1,0
2023-05-14 06:00:00,0.0,,0.0,0.0,29.666666666666668,28.047619047619047,Hell's Kitchen,6,6,1,133,0,1,0
2023-05-14 07:00:00,0.0,0.0,0.0,0.0,29.666666666666668,28.047619047619047,Hell's Kitchen,7,6,1,133,0,1,0
2023-05-14 08:00:00,105.0,0.0,100.0,72.0,29.666666666666668,28.047619047619047,Hell's Kitchen,8,6,1,133,0,1,0
2023-05-14 09:00:00,115.0,105.0,94.0,66.0,30.0,28.36190476190476,Hell's Kitchen,9,6,1,133,0,1,0
2023-05-14 10:00:00,74.0,115.0,96.0,78.0,31.4,28.82857142857143,Hell's Kitchen,10,6,1,133,0,1,0
2023-05-14 11:00:00,9.0,74.0,5.0,38.0,29.933333333333334,28.79047619047619,Hell's Kitchen,11,6,1,133,0,1,0
2023-05-14 12:00:00,11.0,9.0,12.0,19.0,30.2,28.514285714285716,Hell's Kitchen,12,6,1,133,0,1,0
2023-05-14 13:00:00,13.0,11.0,19.0,21.0,30.133333333333333,28.438095238095237,Hell's Kitchen,13,6,1,133,0,1,0
2023-05-14 14:00:00,7.0,13.0,17.0,14.0,29.733333333333334,28.36190476190476,Hell's Kitchen,14,6,1,133,0,1,0
2023-05-14 15:00:00,21.0,7.0,12.0,13.0,29.066666666666666,28.295238095238094,Hell's Kitchen,15,6,1,133,0,1,0
2023-05-14 16:00:00,13.0,21.0,27.0,14.0,29.666666666666668,28.37142857142857,Hell's Kitchen,16,6,1,133,0,1,0
2023-05-14 17:00:00,17.0,13.0,7.0,30.0,28.733333333333334,28.36190476190476,Hell's Kitchen,17,6,1,133,0,1,0
2023-05-14 18:00:00,13.0,17.0,19.0,27.0,29.4,28.238095238095237,Hell's Kitchen,18,6,1,133,0,1,0
2023-05-14 19:00:00,14.0,13.0,18.0,21.0,29.0,28.104761904761904,Hell's Kitchen,19,6,1,133,0,1,0
2023-05-14 20:00:00,12.0,14.0,19.0,24.0,28.733333333333334,28.038095238095238,Hell's Kitchen,20,6,1,133,0,1,0
2023-05-15 06:00:00,7.0,,0.0,17.0,28.266666666666666,27.923809523809524,Hell's Kitchen,6,0,0,134,0,1,0
2023-05-15 07:00:00,55.0,7.0,0.0,51.0,28.733333333333334,27.82857142857143,Hell's Kitchen,7,0,0,134,0,1,0
2023-05-15 08:00:00,52.0,55.0,105.0,42.0,32.4,27.866666666666667,Hell's Kitchen,8,0,0,134,0,1,0
2023-05-15 09:00:00,49.0,52.0,115.0,52.0,28.866666666666667,27.961904761904762,Hell's Kitchen,9,0,0,134,0,1,0
2023-05-15 10:00:00,41.0,49.0,74.0,52.0,24.466666666666665,27.933333333333334,Hell's Kitchen,10,0,0,134,0,1,0
2023-05-15 11:00:00,35.0,41.0,9.0,36.0,22.266666666666666,27.82857142857143,Hell's Kitchen,11,0,0,134,0,1,0
2023-05-15 12:00:00,17.0,35.0,11.0,14.0,24.0,27.81904761904762,Hell's Kitchen,12,0,0,134,0,1,0
2023-05-15 13:00:00,12.0,17.0,13.0,18.0,24.4,27.847619047619048,Hell's Kitchen,13,0,0,134,0,1,0
2023-05-15 14:00:00,8.0,12.0,7.0,34.0,24.333333333333332,27.79047619047619,Hell's Kitchen,14,0,0,134,0,1,0
2023-05-15 15:00:00,15.0,8.0,21.0,12.0,24.4,27.542857142857144,Hell's Kitchen,15,0,0,134,0,1,0
2023-05-15 16:00:00,7.0,15.0,13.0,22.0,24.0,27.571428571428573,Hell's Kitchen,16,0,0,134,0,1,0
2023-05-15 17:00:00,19.0,7.0,17.0,21.0,23.6,27.428571428571427,Hell's Kitchen,17,0,0,134,0,1,0
2023-05-15 18:00:00,7.0,19.0,13.0,17.0,23.733333333333334,27.409523809523808,Hell's Kitchen,18,0,0,134,0,1,0
2023-05-15 19:00:00,18.0,7.0,14.0,8.0,23.333333333333332,27.314285714285713,Hell's Kitchen,19,0,0,134,0,1,0
2023-05-15 20:00:00,0.0,18.0,12.0,0.0,23.6,27.409523809523808,Hell's Kitchen,20,0,0,134,0,1,0
2023-05-16 06:00:00,27.0,,7.0,24.0,22.8,27.409523809523808,Hell's Kitchen,6,1,0,135,0,1,0
2023-05-16 07:00:00,65.0,27.0,55.0,68.0,24.133333333333333,27.438095238095237,Hell's Kitchen,7,1,0,135,0,1,0
2023-05-16 08:00:00,43.0,65.0,52.0,47.0,24.8,27.409523809523808,Hell's Kitchen,8,1,0,135,0,1,0
2023-05-16 09:00:00,47.0,43.0,49.0,61.0,24.2,27.37142857142857,Hell's Kitchen,9,1,0,135,0,1,0
2023-05-16 10:00:00,64.0,47.0,41.0,66.0,24.066666666666666,27.238095238095237,Hell's Kitchen,10,1,0,135,0,1,0
2023-05-16 11:00:00,48.0,64.0,35.0,31.0,25.6,27.21904761904762,Hell's Kitchen,11,1,0,135,0,1,0
2023-05-16 12:00:00,8.0,48.0,17.0,21.0,26.466666666666665,27.38095238095238,Hell's Kitchen,12,1,0,135,0,1,0
2023-05-16 13:00:00,14.0,8.0,12.0,15.0,25.866666666666667,27.257142857142856,Hell's Kitchen,13,1,0,135,0,1,0
2023-05-16 14:00:00,23.0,14.0,8.0,16.0,26.0,27.247619047619047,Hell's Kitchen,14,1,0,135,0,1,0
2023-05-16 15:00:00,9.0,23.0,15.0,14.0,27.0,27.314285714285713,Hell's Kitchen,15,1,0,135,0,1,0
2023-05-16 16:00:00,9.0,9.0,7.0,14.0,26.6,27.266666666666666,Hell's Kitchen,16,1,0,135,0,1,0
2023-05-16 17:00:00,13.0,9.0,19.0,18.0,26.733333333333334,27.21904761904762,Hell's Kitchen,17,1,0,135,0,1,0
2023-05-16 18:00:00,16.0,13.0,7.0,17.0,26.333333333333332,27.17142857142857,Hell's Kitchen,18,1,0,135,0,1,0
2023-05-16 19:00:00,13.0,16.0,18.0,18.0,26.933333333333334,27.16190476190476,Hell's Kitchen,19,1,0,135,0,1,0
2023-05-16 20:00:00,0.0,13.0,0.0,0.0,26.6,27.114285714285714,Hell's Kitchen,20,1,0,135,0,1,0
2023-05-17 06:00:00,18.0,,27.0,31.0,26.6,27.114285714285714,Hell's Kitchen,6,2,0,136,0,1,0
2023-05-17 07:00:00,26.0,18.0,65.0,55.0,26.0,26.99047619047619,Hell's Kitchen,7,2,0,136,0,1,0
2023-05-17 08:00:00,35.0,26.0,43.0,49.0,23.4,26.714285714285715,Hell's Kitchen,8,2,0,136,0,1,0
2023-05-17 09:00:00,41.0,35.0,47.0,55.0,22.866666666666667,26.580952380952382,Hell's Kitchen,9,2,0,136,0,1,0
2023-05-17 10:00:00,38.0,41.0,64.0,53.0,22.466666666666665,26.447619047619046,Hell's Kitchen,10,2,0,136,0,1,0
2023-05-17 11:00:00,23.0,38.0,48.0,35.0,20.733333333333334,26.304761904761904,Hell's Kitchen,11,2,0,136,0,1,0
2023-05-17 12:00:00,8.0,23.0,8.0,15.0,19.066666666666666,26.19047619047619,Hell's Kitchen,12,2,0,136,0,1,0
2023-05-17 13:00:00,11.0,8.0,14.0,22.0,19.066666666666666,26.123809523809523,Hell's Kitchen,13,2,0,136,0,1,0
2023-05-17 14:00:00,6.0,11.0,23.0,16.0,18.866666666666667,26.01904761904762,Hell's Kitchen,14,2,0,136,0,1,0
2023-05-17 15:00:00,10.0,6.0,9.0,24.0,17.733333333333334,25.923809523809524,Hell's Kitchen,15,2,0,136,0,1,0
2023-05-17 16:00:00,9.0,10.0,9.0,16.0,17.8,25.79047619047619,Hell's Kitchen,16,2,0,136,0,1,0
2023-05-17 17:00:00,4.0,9.0,13.0,18.0,17.8,25.723809523809525,Hell's Kitchen,17,2,0,136,0,1,0
2023-05-17 18:00:00,11.0,4.0,16.0,20.0,17.2,25.590476190476192,Hell's Kitchen,18,2,0,136,0,1,0
2023-05-17 19:00:00,7.0,11.0,13.0,13.0,16.866666666666667,25.504761904761907,Hell's Kitchen,19,2,0,136,0,1,0
2023-05-17 20:00:00,0.0,7.0,0.0,0.0,16.466666666666665,25.447619047619046,Hell's Kitchen,20,2,0,136,0,1,0
2023-05-18 06:00:00,29.0,,18.0,32.0,16.466666666666665,25.447619047619046,Hell's Kitchen,6,3,0,137,0,1,0
2023-05-18 07:00:00,52.0,29.0,26.0,48.0,17.2,25.419047619047618,Hell's Kitchen,7,3,0,137,0,1,0
2023-05-18 08:00:00,58.0,52.0,35.0,52.0,18.933333333333334,25.457142857142856,Hell's Kitchen,8,3,0,137,0,1,0
2023-05-18 09:00:00,63.0,58.0,41.0,29.0,20.466666666666665,25.514285714285716,Hell's Kitchen,9,3,0,137,0,1,0
2023-05-18 10:00:00,67.0,63.0,38.0,65.0,21.933333333333334,25.83809523809524,Hell's Kitchen,10,3,0,137,0,1,0
2023-05-18 11:00:00,30.0,67.0,23.0,42.0,23.866666666666667,25.857142857142858,Hell's Kitchen,11,3,0,137,0,1,0
2023-05-18 12:00:00,18.0,30.0,8.0,15.0,24.333333333333332,25.742857142857144,Hell's Kitchen,12,3,0,137,0,1,0
2023-05-18 13:00:00,20.0,18.0,11.0,20.0,25.0,25.771428571428572,Hell's Kitchen,13,3,0,137,0,1,0
2023-05-18 14:00:00,13.0,20.0,6.0,25.0,25.6,25.771428571428572,Hell's Kitchen,14,3,0,137,0,1,0
2023-05-18 15:00:00,15.0,13.0,10.0,17.0,26.066666666666666,25.65714285714286,Hell's Kitchen,15,3,0,137,0,1,0
2023-05-18 16:00:00,16.0,15.0,9.0,12.0,26.4,25.63809523809524,Hell's Kitchen,16,3,0,137,0,1,0
2023-05-18 17:00:00,14.0,16.0,4.0,16.0,26.866666666666667,25.676190476190477,Hell's Kitchen,17,3,0,137,0,1,0
2023-05-18 18:00:00,9.0,14.0,11.0,18.0,27.533333333333335,25.65714285714286,Hell's Kitchen,18,3,0,137,0,1,0
2023-05-18 19:00:00,15.0,9.0,7.0,13.0,27.4,25.571428571428573,Hell's Kitchen,19,3,0,137,0,1,0
2023-05-18 20:00:00,0.0,15.0,0.0,0.0,27.933333333333334,25.590476190476192,Hell's Kitchen,20,3,0,137,0,1,0
2023-05-19 06:00:00,32.0,,29.0,33.0,27.933333333333334,25.590476190476192,Hell's Kitchen,6,4,0,138,0,1,0
2023-05-19 07:00:00,75.0,32.0,52.0,42.0,28.133333333333333,25.580952380952382,Hell's Kitchen,7,4,0,138,0,1,0
2023-05-19 08:00:00,56.0,75.0,58.0,39.0,29.666666666666668,25.895238095238096,Hell's Kitchen,8,4,0,138,0,1,0
2023-05-19 09:00:00,43.0,56.0,63.0,57.0,29.533333333333335,26.057142857142857,Hell's Kitchen,9,4,0,138,0,1,0
2023-05-19 10:00:00,57.0,43.0,67.0,47.0,28.2,25.923809523809524,Hell's Kitchen,10,4,0,138,0,1,0
2023-05-19 11:00:00,23.0,57.0,30.0,30.0,27.533333333333335,26.01904761904762,Hell's Kitchen,11,4,0,138,0,1,0
2023-05-19 12:00:00,21.0,23.0,18.0,24.0,27.066666666666666,25.952380952380953,Hell's Kitchen,12,4,0,138,0,1,0
2023-05-19 13:00:00,18.0,21.0,20.0,28.0,27.266666666666666,25.923809523809524,Hell's Kitchen,13,4,0,138,0,1,0
2023-05-19 14:00:00,7.0,18.0,13.0,12.0,27.133333333333333,25.82857142857143,Hell's Kitchen,14,4,0,138,0,1,0
2023-05-19 15:00:00,18.0,7.0,15.0,16.0,26.733333333333334,25.78095238095238,Hell's Kitchen,15,4,0,138,0,1,0
2023-05-19 16:00:00,14.0,18.0,16.0,13.0,26.933333333333334,25.8,Hell's Kitchen,16,4,0,138,0,1,0
2023-05-19 17:00:00,11.0,14.0,14.0,25.0,26.8,25.80952380952381,Hell's Kitchen,17,4,0,138,0,1,0
2023-05-19 18:00:00,16.0,11.0,9.0,27.0,26.6,25.676190476190477,Hell's Kitchen,18,4,0,138,0,1,0
2023-05-19 19:00:00,14.0,16.0,15.0,18.0,27.066666666666666,25.571428571428573,Hell's Kitchen,19,4,0,138,0,1,0
2023-05-19 20:00:00,0.0,14.0,0.0,0.0,27.0,25.533333333333335,Hell's Kitchen,20,4,0,138,0,1,0
2023-05-20 06:00:00,0.0,,32.0,0.0,27.0,25.533333333333335,Hell's Kitchen,6,5,1,139,0,1,0
2023-05-20 07:00:00,0.0,0.0,75.0,0.0,24.866666666666667,25.533333333333335,Hell's Kitchen,7,5,1,139,0,1,0
2023-05-20 08:00:00,95.0,0.0,56.0,100.0,19.866666666666667,25.533333333333335,Hell's Kitchen,8,5,1,139,0,1,0
2023-05-20 09:00:00,76.0,95.0,43.0,94.0,22.466666666666665,25.485714285714284,Hell's Kitchen,9,5,1,139,0,1,0
2023-05-20 10:00:00,82.0,76.0,57.0,96.0,24.666666666666668,25.314285714285713,Hell's Kitchen,10,5,1,139,0,1,0
2023-05-20 11:00:00,6.0,82.0,23.0,5.0,26.333333333333332,25.18095238095238,Hell's Kitchen,11,5,1,139,0,1,0
2023-05-20 12:00:00,7.0,6.0,21.0,12.0,25.2,25.19047619047619,Hell's Kitchen,12,5,1,139,0,1,0
2023-05-20 13:00:00,13.0,7.0,18.0,19.0,24.266666666666666,25.142857142857142,Hell's Kitchen,13,5,1,139,0,1,0
2023-05-20 14:00:00,22.0,13.0,7.0,17.0,23.933333333333334,25.085714285714285,Hell's Kitchen,14,5,1,139,0,1,0
2023-05-20 15:00:00,18.0,22.0,18.0,12.0,24.933333333333334,25.133333333333333,Hell's Kitchen,15,5,1,139,0,1,0
2023-05-20 16:00:00,17.0,18.0,14.0,27.0,24.933333333333334,25.19047619047619,Hell's Kitchen,16,5,1,139,0,1,0
2023-05-20 17:00:00,7.0,17.0,11.0,7.0,25.133333333333333,25.095238095238095,Hell's Kitchen,17,5,1,139,0,1,0
2023-05-20 18:00:00,8.0,7.0,16.0,19.0,24.866666666666667,25.095238095238095,Hell's Kitchen,18,5,1,139,0,1,0
2023-05-20 19:00:00,23.0,8.0,14.0,18.0,24.333333333333332,24.99047619047619,Hell's Kitchen,19,5,1,139,0,1,0
2023-05-20 20:00:00,19.0,23.0,0.0,19.0,24.933333333333334,25.038095238095238,Hell's Kitchen,20,5,1,139,0,1,0
2023-05-21 06:00:00,0.0,,0.0,0.0,26.2,25.038095238095238,Hell's Kitchen,6,6,1,140,0,1,0
2023-05-21 07:00:00,0.0,0.0,0.0,0.0,26.2,25.038095238095238,Hell's Kitchen,7,6,1,140,0,1,0
2023-05-21 08:00:00,72.0,0.0,95.0,105.0,26.2,25.038095238095238,Hell's Kitchen,8,6,1,140,0,1,0
2023-05-21 09:00:00,85.0,72.0,76.0,115.0,24.666666666666668,24.723809523809525,Hell's Kitchen,9,6,1,140,0,1,0
2023-05-21 10:00:00,100.0,85.0,82.0,74.0,25.266666666666666,24.438095238095237,Hell's Kitchen,10,6,1,140,0,1,0
2023-05-21 11:00:00,9.0,100.0,6.0,9.0,26.466666666666665,24.685714285714287,Hell's Kitchen,11,6,1,140,0,1,0
2023-05-21 12:00:00,19.0,9.0,7.0,11.0,26.666666666666668,24.685714285714287,Hell's Kitchen,12,6,1,140,0,1,0
2023-05-21 13:00:00,21.0,19.0,13.0,13.0,27.466666666666665,24.761904761904763,Hell's Kitchen,13,6,1,140,0,1,0
2023-05-21 14:00:00,19.0,21.0,22.0,7.0,28.0,24.83809523809524,Hell's Kitchen,14,6,1,140,0,1,0
2023-05-21 15:00:00,20.0,19.0,18.0,21.0,27.8,24.952380952380953,Hell's Kitchen,15,6,1,140,0,1,0
2023-05-21 16:00:00,12.0,20.0,17.0,13.0,27.933333333333334,24.942857142857143,Hell's Kitchen,16,6,1,140,0,1,0
2023-05-21 17:00:00,18.0,12.0,7.0,17.0,27.6,24.933333333333334,Hell's Kitchen,17,6,1,140,0,1,0
2023-05-21 18:00:00,27.0,18.0,8.0,13.0,28.333333333333332,24.942857142857143,Hell's Kitchen,18,6,1,140,0,1,0
2023-05-21 19:00:00,12.0,27.0,23.0,14.0,29.6,25.076190476190476,Hell's Kitchen,19,6,1,140,0,1,0
2023-05-21 20:00:00,22.0,12.0,19.0,12.0,28.866666666666667,25.057142857142857,Hell's Kitchen,20,6,1,140,0,1,0
2023-05-22 06:00:00,17.0,,0.0,7.0,29.066666666666666,25.152380952380952,Hell's Kitchen,6,0,0,141,0,1,0
2023-05-22 07:00:00,26.0,17.0,0.0,55.0,30.2,25.247619047619047,Hell's Kitchen,7,0,0,141,0,1,0
2023-05-22 08:00:00,37.0,26.0,72.0,52.0,31.933333333333334,24.97142857142857,Hell's Kitchen,8,0,0,141,0,1,0
2023-05-22 09:00:00,35.0,37.0,85.0,49.0,29.6,24.82857142857143,Hell's Kitchen,9,0,0,141,0,1,0
2023-05-22 10:00:00,41.0,35.0,100.0,41.0,26.266666666666666,24.695238095238096,Hell's Kitchen,10,0,0,141,0,1,0
2023-05-22 11:00:00,30.0,41.0,9.0,35.0,22.333333333333332,24.695238095238096,Hell's Kitchen,11,0,0,141,0,1,0
2023-05-22 12:00:00,16.0,30.0,19.0,17.0,23.733333333333334,24.64761904761905,Hell's Kitchen,12,0,0,141,0,1,0
2023-05-22 13:00:00,15.0,16.0,21.0,12.0,23.533333333333335,24.63809523809524,Hell's Kitchen,13,0,0,141,0,1,0
2023-05-22 14:00:00,18.0,15.0,19.0,8.0,23.133333333333333,24.666666666666668,Hell's Kitchen,14,0,0,141,0,1,0
2023-05-22 15:00:00,20.0,18.0,20.0,15.0,23.066666666666666,24.761904761904763,Hell's Kitchen,15,0,0,141,0,1,0
2023-05-22 16:00:00,17.0,20.0,12.0,7.0,23.066666666666666,24.80952380952381,Hell's Kitchen,16,0,0,141,0,1,0
2023-05-22 17:00:00,14.0,17.0,18.0,19.0,23.4,24.904761904761905,Hell's Kitchen,17,0,0,141,0,1,0
2023-05-22 18:00:00,18.0,14.0,27.0,7.0,23.133333333333333,24.857142857142858,Hell's Kitchen,18,0,0,141,0,1,0
2023-05-22 19:00:00,16.0,18.0,12.0,18.0,22.533333333333335,24.961904761904762,Hell's Kitchen,19,0,0,141,0,1,0
2023-05-22 20:00:00,0.0,16.0,22.0,0.0,22.8,24.942857142857143,Hell's Kitchen,20,0,0,141,0,1,0
2023-05-23 06:00:00,27.0,,17.0,27.0,21.333333333333332,24.942857142857143,Hell's Kitchen,6,1,0,142,0,1,0
2023-05-23 07:00:00,52.0,27.0,26.0,65.0,22.0,24.942857142857143,Hell's Kitchen,7,1,0,142,0,1,0
2023-05-23 08:00:00,47.0,52.0,37.0,43.0,23.733333333333334,24.81904761904762,Hell's Kitchen,8,1,0,142,0,1,0
2023-05-23 09:00:00,55.0,47.0,35.0,47.0,24.4,24.857142857142858,Hell's Kitchen,9,1,0,142,0,1,0
2023-05-23 10:00:00,42.0,55.0,41.0,64.0,25.733333333333334,24.933333333333334,Hell's Kitchen,10,1,0,142,0,1,0
2023-05-23 11:00:00,31.0,42.0,30.0,48.0,25.8,24.723809523809525,Hell's Kitchen,11,1,0,142,0,1,0
2023-05-23 12:00:00,14.0,31.0,16.0,8.0,25.866666666666667,24.561904761904763,Hell's Kitchen,12,1,0,142,0,1,0
2023-05-23 13:00:00,13.0,14.0,15.0,14.0,25.733333333333334,24.61904761904762,Hell's Kitchen,13,1,0,142,0,1,0
2023-05-23 14:00:00,29.0,13.0,18.0,23.0,25.6,24.60952380952381,Hell's Kitchen,14,1,0,142,0,1,0
2023-05-23 15:00:00,19.0,29.0,20.0,9.0,26.333333333333332,24.666666666666668,Hell's Kitchen,15,1,0,142,0,1,0
2023-05-23 16:00:00,11.0,19.0,17.0,9.0,26.266666666666666,24.761904761904763,Hell's Kitchen,16,1,0,142,0,1,0
2023-05-23 17:00:00,15.0,11.0,14.0,13.0,25.866666666666667,24.78095238095238,Hell's Kitchen,17,1,0,142,0,1,0
2023-05-23 18:00:00,24.0,15.0,18.0,16.0,25.933333333333334,24.8,Hell's Kitchen,18,1,0,142,0,1,0
2023-05-23 19:00:00,15.0,24.0,16.0,13.0,26.333333333333332,24.876190476190477,Hell's Kitchen,19,1,0,142,0,1,0
2023-05-23 20:00:00,0.0,15.0,0.0,0.0,26.266666666666666,24.895238095238096,Hell's Kitchen,20,1,0,142,0,1,0
2023-05-24 06:00:00,12.0,,27.0,18.0,26.266666666666666,24.895238095238096,Hell's Kitchen,6,2,0,143,0,1,0
2023-05-24 07:00:00,31.0,12.0,52.0,26.0,25.266666666666666,24.83809523809524,Hell's Kitchen,7,2,0,143,0,1,0
2023-05-24 08:00:00,45.0,31.0,47.0,35.0,23.866666666666667,24.885714285714286,Hell's Kitchen,8,2,0,143,0,1,0
2023-05-24 09:00:00,33.0,45.0,55.0,41.0,23.733333333333334,24.98095238095238,Hell's Kitchen,9,2,0,143,0,1,0
2023-05-24 10:00:00,43.0,33.0,42.0,38.0,22.266666666666666,24.904761904761905,Hell's Kitchen,10,2,0,143,0,1,0
2023-05-24 11:00:00,23.0,43.0,31.0,23.0,22.333333333333332,24.952380952380953,Hell's Kitchen,11,2,0,143,0,1,0
2023-05-24 12:00:00,23.0,23.0,14.0,8.0,21.8,24.952380952380953,Hell's Kitchen,12,2,0,143,0,1,0
2023-05-24 13:00:00,20.0,23.0,13.0,11.0,22.4,25.095238095238095,Hell's Kitchen,13,2,0,143,0,1,0
2023-05-24 14:00:00,11.0,20.0,29.0,6.0,22.866666666666667,25.18095238095238,Hell's Kitchen,14,2,0,143,0,1,0
2023-05-24 15:00:00,13.0,11.0,19.0,10.0,21.666666666666668,25.228571428571428,Hell's Kitchen,15,2,0,143,0,1,0
2023-05-24 16:00:00,18.0,13.0,11.0,9.0,21.266666666666666,25.257142857142856,Hell's Kitchen,16,2,0,143,0,1,0
2023-05-24 17:00:00,12.0,18.0,15.0,4.0,21.733333333333334,25.34285714285714,Hell's Kitchen,17,2,0,143,0,1,0
2023-05-24 18:00:00,19.0,12.0,24.0,11.0,21.533333333333335,25.419047619047618,Hell's Kitchen,18,2,0,143,0,1,0
2023-05-24 19:00:00,11.0,19.0,15.0,7.0,21.2,25.495238095238093,Hell's Kitchen,19,2,0,143,0,1,0
2023-05-24 20:00:00,0.0,11.0,0.0,0.0,20.933333333333334,25.533333333333335,Hell's Kitchen,20,2,0,143,0,1,0
2023-05-25 06:00:00,16.0,,12.0,29.0,20.933333333333334,25.533333333333335,Hell's Kitchen,6,3,0,144,0,1,0
2023-05-25 07:00:00,35.0,16.0,31.0,52.0,21.2,25.409523809523808,Hell's Kitchen,7,3,0,144,0,1,0
2023-05-25 08:00:00,46.0,35.0,45.0,58.0,21.466666666666665,25.247619047619047,Hell's Kitchen,8,3,0,144,0,1,0
2023-05-25 09:00:00,37.0,46.0,33.0,63.0,21.533333333333335,25.133333333333333,Hell's Kitchen,9,3,0,144,0,1,0
2023-05-25 10:00:00,49.0,37.0,43.0,67.0,21.8,24.885714285714286,Hell's Kitchen,10,3,0,144,0,1,0
2023-05-25 11:00:00,27.0,49.0,23.0,30.0,22.2,24.714285714285715,Hell's Kitchen,11,3,0,144,0,1,0
2023-05-25 12:00:00,14.0,27.0,23.0,18.0,22.466666666666665,24.685714285714287,Hell's Kitchen,12,3,0,144,0,1,0
2023-05-25 13:00:00,17.0,14.0,20.0,20.0,21.866666666666667,24.64761904761905,Hell's Kitchen,13,3,0,144,0,1,0
2023-05-25 14:00:00,14.0,17.0,11.0,13.0,21.666666666666668,24.61904761904762,Hell's Kitchen,14,3,0,144,0,1,0
2023-05-25 15:00:00,10.0,14.0,13.0,15.0,21.866666666666667,24.62857142857143,Hell's Kitchen,15,3,0,144,0,1,0
2023-05-25 16:00:00,20.0,10.0,18.0,16.0,21.666666666666668,24.580952380952382,Hell's Kitchen,16,3,0,144,0,1,0
2023-05-25 17:00:00,16.0,20.0,12.0,14.0,21.8,24.61904761904762,Hell's Kitchen,17,3,0,144,0,1,0
2023-05-25 18:00:00,11.0,16.0,19.0,9.0,22.066666666666666,24.63809523809524,Hell's Kitchen,18,3,0,144,0,1,0
2023-05-25 19:00:00,9.0,11.0,11.0,15.0,21.533333333333335,24.65714285714286,Hell's Kitchen,19,3,0,144,0,1,0
2023-05-25 20:00:00,0.0,9.0,0.0,0.0,21.4,24.6,Hell's Kitchen,20,3,0,144,0,1,0
2023-05-26 06:00:00,20.0,,16.0,32.0,21.4,24.6,Hell's Kitchen,6,4,0,145,0,1,0
2023-05-26 07:00:00,36.0,20.0,35.0,75.0,21.666666666666668,24.485714285714284,Hell's Kitchen,7,4,0,145,0,1,0
2023-05-26 08:00:00,43.0,36.0,46.0,56.0,21.733333333333334,24.114285714285714,Hell's Kitchen,8,4,0,145,0,1,0
2023-05-26 09:00:00,40.0,43.0,37.0,43.0,21.533333333333335,23.99047619047619,Hell's Kitchen,9,4,0,145,0,1,0
2023-05-26 10:00:00,46.0,40.0,49.0,57.0,21.733333333333334,23.961904761904762,Hell's Kitchen,10,4,0,145,0,1,0
2023-05-26 11:00:00,29.0,46.0,27.0,23.0,21.533333333333335,23.857142857142858,Hell's Kitchen,11,4,0,145,0,1,0
2023-05-26 12:00:00,11.0,29.0,14.0,21.0,21.666666666666668,23.914285714285715,Hell's Kitchen,12,4,0,145,0,1,0
2023-05-26 13:00:00,13.0,11.0,17.0,18.0,21.466666666666665,23.81904761904762,Hell's Kitchen,13,4,0,145,0,1,0
2023-05-26 14:00:00,16.0,13.0,14.0,7.0,21.2,23.771428571428572,Hell's Kitchen,14,4,0,145,0,1,0
2023-05-26 15:00:00,13.0,16.0,10.0,18.0,21.333333333333332,23.857142857142858,Hell's Kitchen,15,4,0,145,0,1,0
2023-05-26 16:00:00,15.0,13.0,20.0,14.0,21.533333333333335,23.80952380952381,Hell's Kitchen,16,4,0,145,0,1,0
2023-05-26 17:00:00,22.0,15.0,16.0,11.0,21.2,23.81904761904762,Hell's Kitchen,17,4,0,145,0,1,0
2023-05-26 18:00:00,18.0,22.0,11.0,16.0,21.6,23.923809523809524,Hell's Kitchen,18,4,0,145,0,1,0
2023-05-26 19:00:00,15.0,18.0,9.0,14.0,22.066666666666666,23.942857142857143,Hell's Kitchen,19,4,0,145,0,1,0
2023-05-26 20:00:00,0.0,15.0,0.0,0.0,22.466666666666665,23.952380952380953,Hell's Kitchen,20,4,0,145,0,1,0
2023-05-27 06:00:00,0.0,,20.0,0.0,22.466666666666665,23.952380952380953,Hell's Kitchen,6,5,1,146,0,1,0
2023-05-27 07:00:00,0.0,0.0,36.0,0.0,21.133333333333333,23.952380952380953,Hell's Kitchen,7,5,1,146,0,1,0
2023-05-27 08:00:00,70.0,0.0,43.0,95.0,18.733333333333334,23.952380952380953,Hell's Kitchen,8,5,1,146,0,1,0
2023-05-27 09:00:00,94.0,70.0,40.0,76.0,20.533333333333335,23.714285714285715,Hell's Kitchen,9,5,1,146,0,1,0
2023-05-27 10:00:00,92.0,94.0,46.0,82.0,24.133333333333333,23.885714285714286,Hell's Kitchen,10,5,1,146,0,1,0
2023-05-27 11:00:00,5.0,92.0,29.0,6.0,27.2,23.98095238095238,Hell's Kitchen,11,5,1,146,0,1,0
2023-05-27 12:00:00,19.0,5.0,11.0,7.0,25.6,23.97142857142857,Hell's Kitchen,12,5,1,146,0,1,0
2023-05-27 13:00:00,13.0,19.0,13.0,13.0,26.133333333333333,24.085714285714285,Hell's Kitchen,13,5,1,146,0,1,0
2023-05-27 14:00:00,14.0,13.0,16.0,22.0,26.133333333333333,24.085714285714285,Hell's Kitchen,14,5,1,146,0,1,0
2023-05-27 15:00:00,19.0,14.0,13.0,18.0,26.0,24.00952380952381,Hell's Kitchen,15,5,1,146,0,1,0
2023-05-27 16:00:00,12.0,19.0,15.0,17.0,26.4,24.01904761904762,Hell's Kitchen,16,5,1,146,0,1,0
2023-05-27 17:00:00,17.0,12.0,22.0,7.0,26.2,23.97142857142857,Hell's Kitchen,17,5,1,146,0,1,0
2023-05-27 18:00:00,13.0,17.0,18.0,8.0,25.866666666666667,24.066666666666666,Hell's Kitchen,18,5,1,146,0,1,0
2023-05-27 19:00:00,18.0,13.0,15.0,23.0,25.533333333333335,24.114285714285714,Hell's Kitchen,19,5,1,146,0,1,0
2023-05-27 20:00:00,20.0,18.0,0.0,19.0,25.733333333333334,24.066666666666666,Hell's Kitchen,20,5,1,146,0,1,0
2023-05-28 06:00:00,0.0,,0.0,0.0,27.066666666666666,24.076190476190476,Hell's Kitchen,6,6,1,147,0,1,0
2023-05-28 07:00:00,0.0,0.0,0.0,0.0,27.066666666666666,24.076190476190476,Hell's Kitchen,7,6,1,147,0,1,0
2023-05-28 08:00:00,23.0,0.0,70.0,72.0,27.066666666666666,24.076190476190476,Hell's Kitchen,8,6,1,147,0,1,0
2023-05-28 09:00:00,22.0,23.0,94.0,85.0,23.933333333333334,23.60952380952381,Hell's Kitchen,9,6,1,147,0,1,0
2023-05-28 10:00:00,30.0,22.0,92.0,100.0,19.133333333333333,23.00952380952381,Hell's Kitchen,10,6,1,147,0,1,0
2023-05-28 11:00:00,22.0,30.0,5.0,9.0,15.0,22.34285714285714,Hell's Kitchen,11,6,1,147,0,1,0
2023-05-28 12:00:00,19.0,22.0,19.0,19.0,16.133333333333333,22.466666666666665,Hell's Kitchen,12,6,1,147,0,1,0
2023-05-28 13:00:00,26.0,19.0,13.0,21.0,16.133333333333333,22.466666666666665,Hell's Kitchen,13,6,1,147,0,1,0
2023-05-28 14:00:00,26.0,26.0,14.0,19.0,17.0,22.514285714285716,Hell's Kitchen,14,6,1,147,0,1,0
2023-05-28 15:00:00,27.0,26.0,19.0,20.0,17.8,22.580952380952382,Hell's Kitchen,15,6,1,147,0,1,0
2023-05-28 16:00:00,35.0,27.0,12.0,12.0,18.333333333333332,22.64761904761905,Hell's Kitchen,16,6,1,147,0,1,0
2023-05-28 17:00:00,30.0,35.0,17.0,18.0,19.866666666666667,22.866666666666667,Hell's Kitchen,17,6,1,147,0,1,0
2023-05-28 18:00:00,20.0,30.0,13.0,27.0,20.733333333333334,22.98095238095238,Hell's Kitchen,18,6,1,147,0,1,0
2023-05-28 19:00:00,19.0,20.0,18.0,12.0,21.2,22.914285714285715,Hell's Kitchen,19,6,1,147,0,1,0
2023-05-28 20:00:00,0.0,19.0,20.0,22.0,21.266666666666666,22.98095238095238,Hell's Kitchen,20,6,1,147,0,1,0
2023-05-29 06:00:00,0.0,,0.0,17.0,19.933333333333334,22.771428571428572,Hell's Kitchen,6,0,0,148,0,1,0
2023-05-29 07:00:00,0.0,0.0,0.0,26.0,19.933333333333334,22.60952380952381,Hell's Kitchen,7,0,0,148,0,1,0
2023-05-29 08:00:00,23.0,0.0,23.0,37.0,19.933333333333334,22.36190476190476,Hell's Kitchen,8,0,0,148,0,1,0
2023-05-29 09:00:00,21.0,23.0,22.0,35.0,19.933333333333334,22.228571428571428,Hell's Kitchen,9,0,0,148,0,1,0
2023-05-29 10:00:00,22.0,21.0,30.0,41.0,19.866666666666667,22.095238095238095,Hell's Kitchen,10,0,0,148,0,1,0
2023-05-29 11:00:00,28.0,22.0,22.0,30.0,19.333333333333332,21.914285714285715,Hell's Kitchen,11,0,0,148,0,1,0
2023-05-29 12:00:00,19.0,28.0,19.0,16.0,19.733333333333334,21.895238095238096,Hell's Kitchen,12,0,0,148,0,1,0
2023-05-29 13:00:00,20.0,19.0,26.0,15.0,19.733333333333334,21.923809523809524,Hell's Kitchen,13,0,0,148,0,1,0
2023-05-29 14:00:00,23.0,20.0,26.0,18.0,19.333333333333332,21.97142857142857,Hell's Kitchen,14,0,0,148,0,1,0
2023-05-29 15:00:00,20.0,23.0,27.0,20.0,19.133333333333333,22.01904761904762,Hell's Kitchen,15,0,0,148,0,1,0
2023-05-29 16:00:00,36.0,20.0,35.0,17.0,18.666666666666668,22.01904761904762,Hell's Kitchen,16,0,0,148,0,1,0
2023-05-29 17:00:00,25.0,36.0,30.0,14.0,18.733333333333334,22.2,Hell's Kitchen,17,0,0,148,0,1,0
2023-05-29 18:00:00,7.0,25.0,20.0,18.0,18.4,22.304761904761904,Hell's Kitchen,18,0,0,148,0,1,0
2023-05-29 19:00:00,13.0,7.0,19.0,16.0,17.533333333333335,22.2,Hell's Kitchen,19,0,0,148,0,1,0
2023-05-29 20:00:00,0.0,13.0,0.0,0.0,17.133333333333333,22.17142857142857,Hell's Kitchen,20,0,0,148,0,1,0
2023-05-30 06:00:00,18.0,,0.0,27.0,17.133333333333333,22.17142857142857,Hell's Kitchen,6,1,0,149,0,1,0
2023-05-30 07:00:00,15.0,18.0,0.0,52.0,18.333333333333332,22.085714285714285,Hell's Kitchen,7,1,0,149,0,1,0
2023-05-30 08:00:00,44.0,15.0,23.0,47.0,19.333333333333332,21.733333333333334,Hell's Kitchen,8,1,0,149,0,1,0
2023-05-30 09:00:00,65.0,44.0,21.0,55.0,20.733333333333334,21.704761904761906,Hell's Kitchen,9,1,0,149,0,1,0
2023-05-30 10:00:00,54.0,65.0,22.0,42.0,23.666666666666668,21.8,Hell's Kitchen,10,1,0,149,0,1,0
2023-05-30 11:00:00,23.0,54.0,28.0,31.0,25.8,21.914285714285715,Hell's Kitchen,11,1,0,149,0,1,0
2023-05-30 12:00:00,18.0,23.0,19.0,14.0,25.466666666666665,21.83809523809524,Hell's Kitchen,12,1,0,149,0,1,0
2023-05-30 13:00:00,6.0,18.0,20.0,13.0,25.4,21.876190476190477,Hell's Kitchen,13,1,0,149,0,1,0
2023-05-30 14:00:00,13.0,6.0,23.0,29.0,24.466666666666665,21.80952380952381,Hell's Kitchen,14,1,0,149,0,1,0
2023-05-30 15:00:00,10.0,13.0,20.0,19.0,23.8,21.65714285714286,Hell's Kitchen,15,1,0,149,0,1,0
2023-05-30 16:00:00,13.0,10.0,36.0,11.0,23.133333333333333,21.571428571428573,Hell's Kitchen,16,1,0,149,0,1,0
2023-05-30 17:00:00,11.0,13.0,25.0,15.0,21.6,21.590476190476192,Hell's Kitchen,17,1,0,149,0,1,0
2023-05-30 18:00:00,10.0,11.0,7.0,24.0,20.666666666666668,21.552380952380954,Hell's Kitchen,18,1,0,149,0,1,0
2023-05-30 19:00:00,7.0,10.0,13.0,15.0,20.866666666666667,21.419047619047618,Hell's Kitchen,19,1,0,149,0,1,0
2023-05-30 20:00:00,0.0,7.0,0.0,0.0,20.466666666666665,21.34285714285714,Hell's Kitchen,20,1,0,149,0,1,0
2023-05-31 06:00:00,9.0,,18.0,12.0,20.466666666666665,21.34285714285714,Hell's Kitchen,6,2,0,150,0,1,0
2023-05-31 07:00:00,24.0,9.0,15.0,31.0,19.866666666666667,21.314285714285713,Hell's Kitchen,7,2,0,150,0,1,0
2023-05-31 08:00:00,36.0,24.0,44.0,45.0,20.466666666666665,21.247619047619047,Hell's Kitchen,8,2,0,150,0,1,0
2023-05-31 09:00:00,45.0,36.0,65.0,33.0,19.933333333333334,21.16190476190476,Hell's Kitchen,9,2,0,150,0,1,0
2023-05-31 10:00:00,64.0,45.0,54.0,43.0,18.6,21.276190476190475,Hell's Kitchen,10,2,0,150,0,1,0
2023-05-31 11:00:00,15.0,64.0,23.0,23.0,19.266666666666666,21.476190476190474,Hell's Kitchen,11,2,0,150,0,1,0
2023-05-31 12:00:00,9.0,15.0,18.0,23.0,18.733333333333334,21.4,Hell's Kitchen,12,2,0,150,0,1,0
2023-05-31 13:00:00,14.0,9.0,6.0,20.0,18.133333333333333,21.266666666666666,Hell's Kitchen,13,2,0,150,0,1,0
2023-05-31 14:00:00,11.0,14.0,13.0,11.0,18.666666666666668,21.20952380952381,Hell's Kitchen,14,2,0,150,0,1,0
2023-05-31 15:00:00,15.0,11.0,10.0,13.0,18.533333333333335,21.20952380952381,Hell's Kitchen,15,2,0,150,0,1,0
2023-05-31 16:00:00,15.0,15.0,13.0,18.0,18.866666666666667,21.228571428571428,Hell's Kitchen,16,2,0,150,0,1,0
2023-05-31 17:00:00,15.0,15.0,11.0,12.0,19.0,21.2,Hell's Kitchen,17,2,0,150,0,1,0
2023-05-31 18:00:00,7.0,15.0,10.0,19.0,19.266666666666666,21.228571428571428,Hell's Kitchen,18,2,0,150,0,1,0
2023-05-31 19:00:00,13.0,7.0,7.0,11.0,19.066666666666666,21.114285714285714,Hell's Kitchen,19,2,0,150,0,1,0
2023-05-31 20:00:00,3.0,13.0,0.0,0.0,19.466666666666665,21.133333333333333,Hell's Kitchen,20,2,0,150,0,1,0
2023-06-01 06:00:00,0.0,,9.0,16.0,19.666666666666668,21.16190476190476,Hell's Kitchen,6,3,0,151,0,1,0
2023-06-01 07:00:00,0.0,0.0,24.0,35.0,19.066666666666666,21.00952380952381,Hell's Kitchen,7,3,0,151,0,1,0
2023-06-01 08:00:00,26.0,0.0,36.0,46.0,17.466666666666665,20.676190476190477,Hell's Kitchen,8,3,0,151,0,1,0
2023-06-01 09:00:00,27.0,26.0,45.0,37.0,16.8,20.485714285714284,Hell's Kitchen,9,3,0,151,0,1,0
2023-06-01 10:00:00,24.0,27.0,64.0,49.0,15.6,20.39047619047619,Hell's Kitchen,10,3,0,151,0,1,0
2023-06-01 11:00:00,40.0,24.0,15.0,27.0,12.933333333333334,20.152380952380952,Hell's Kitchen,11,3,0,151,0,1,0
2023-06-01 12:00:00,38.0,40.0,9.0,14.0,14.6,20.276190476190475,Hell's Kitchen,12,3,0,151,0,1,0
2023-06-01 13:00:00,39.0,38.0,14.0,17.0,16.533333333333335,20.504761904761907,Hell's Kitchen,13,3,0,151,0,1,0
2023-06-01 14:00:00,32.0,39.0,11.0,14.0,18.2,20.714285714285715,Hell's Kitchen,14,3,0,151,0,1,0
2023-06-01 15:00:00,27.0,32.0,15.0,10.0,19.6,20.885714285714286,Hell's Kitchen,15,3,0,151,0,1,0
2023-06-01 16:00:00,27.0,27.0,15.0,20.0,20.4,21.047619047619047,Hell's Kitchen,16,3,0,151,0,1,0
2023-06-01 17:00:00,42.0,27.0,15.0,16.0,21.2,21.114285714285714,Hell's Kitchen,17,3,0,151,0,1,0
2023-06-01 18:00:00,39.0,42.0,7.0,11.0,23.0,21.36190476190476,Hell's Kitchen,18,3,0,151,0,1,0
2023-06-01 19:00:00,31.0,39.0,13.0,9.0,25.133333333333333,21.62857142857143,Hell's Kitchen,19,3,0,151,0,1,0
2023-06-01 20:00:00,0.0,31.0,3.0,0.0,26.333333333333332,21.83809523809524,Hell's Kitchen,20,3,0,151,0,1,0
2023-06-02 06:00:00,0.0,,0.0,20.0,26.133333333333333,21.83809523809524,Hell's Kitchen,6,4,0,152,0,1,0
2023-06-02 07:00:00,0.0,0.0,0.0,36.0,26.133333333333333,21.64761904761905,Hell's Kitchen,7,4,0,152,0,1,0
2023-06-02 08:00:00,30.0,0.0,26.0,43.0,26.133333333333333,21.304761904761904,Hell's Kitchen,8,4,0,152,0,1,0
2023-06-02 09:00:00,27.0,30.0,27.0,40.0,26.4,21.18095238095238,Hell's Kitchen,9,4,0,152,0,1,0
2023-06-02 10:00:00,25.0,27.0,24.0,46.0,26.4,21.057142857142857,Hell's Kitchen,10,4,0,152,0,1,0
2023-06-02 11:00:00,33.0,25.0,40.0,29.0,26.466666666666665,20.857142857142858,Hell's Kitchen,11,4,0,152,0,1,0
2023-06-02 12:00:00,25.0,33.0,38.0,11.0,26.0,20.895238095238096,Hell's Kitchen,12,4,0,152,0,1,0
2023-06-02 13:00:00,38.0,25.0,39.0,13.0,25.133333333333333,21.02857142857143,Hell's Kitchen,13,4,0,152,0,1,0
2023-06-02 14:00:00,37.0,38.0,32.0,16.0,25.066666666666666,21.266666666666666,Hell's Kitchen,14,4,0,152,0,1,0
2023-06-02 15:00:00,26.0,37.0,27.0,13.0,25.4,21.466666666666665,Hell's Kitchen,15,4,0,152,0,1,0
2023-06-02 16:00:00,30.0,26.0,27.0,15.0,25.333333333333332,21.590476190476192,Hell's Kitchen,16,4,0,152,0,1,0
2023-06-02 17:00:00,43.0,30.0,42.0,22.0,25.533333333333335,21.733333333333334,Hell's Kitchen,17,4,0,152,0,1,0
2023-06-02 18:00:00,34.0,43.0,39.0,18.0,25.6,21.933333333333334,Hell's Kitchen,18,4,0,152,0,1,0
2023-06-02 19:00:00,33.0,34.0,31.0,15.0,25.266666666666666,22.085714285714285,Hell's Kitchen,19,4,0,152,0,1,0
2023-06-02 20:00:00,0.0,33.0,0.0,0.0,25.4,22.257142857142856,Hell's Kitchen,20,4,0,152,0,1,0
2023-06-03 06:00:00,0.0,,0.0,0.0,25.4,22.257142857142856,Hell's Kitchen,6,5,1,153,0,1,0
2023-06-03 07:00:00,0.0,0.0,0.0,0.0,25.4,22.257142857142856,Hell's Kitchen,7,5,1,153,0,1,0
2023-06-03 08:00:00,29.0,0.0,30.0,70.0,25.4,22.257142857142856,Hell's Kitchen,8,5,1,153,0,1,0
2023-06-03 09:00:00,24.0,29.0,27.0,94.0,25.333333333333332,21.866666666666667,Hell's Kitchen,9,5,1,153,0,1,0
2023-06-03 10:00:00,27.0,24.0,25.0,92.0,25.133333333333333,21.2,Hell's Kitchen,10,5,1,153,0,1,0
2023-06-03 11:00:00,29.0,27.0,33.0,5.0,25.266666666666666,20.580952380952382,Hell's Kitchen,11,5,1,153,0,1,0
2023-06-03 12:00:00,34.0,29.0,25.0,19.0,25.0,20.80952380952381,Hell's Kitchen,12,5,1,153,0,1,0
2023-06-03 13:00:00,15.0,34.0,38.0,13.0,25.6,20.952380952380953,Hell's Kitchen,13,5,1,153,0,1,0
2023-06-03 14:00:00,31.0,15.0,37.0,14.0,24.066666666666666,20.97142857142857,Hell's Kitchen,14,5,1,153,0,1,0
2023-06-03 15:00:00,33.0,31.0,26.0,19.0,23.666666666666668,21.133333333333333,Hell's Kitchen,15,5,1,153,0,1,0
2023-06-03 16:00:00,33.0,33.0,30.0,12.0,24.133333333333333,21.266666666666666,Hell's Kitchen,16,5,1,153,0,1,0
2023-06-03 17:00:00,34.0,33.0,43.0,17.0,24.333333333333332,21.466666666666665,Hell's Kitchen,17,5,1,153,0,1,0
2023-06-03 18:00:00,43.0,34.0,34.0,13.0,23.733333333333334,21.62857142857143,Hell's Kitchen,18,5,1,153,0,1,0
2023-06-03 19:00:00,28.0,43.0,33.0,18.0,24.333333333333332,21.914285714285715,Hell's Kitchen,19,5,1,153,0,1,0
2023-06-03 20:00:00,0.0,28.0,0.0,20.0,24.0,22.00952380952381,Hell's Kitchen,20,5,1,153,0,1,0
2023-06-04 06:00:00,0.0,,0.0,0.0,24.0,21.81904761904762,Hell's Kitchen,6,6,1,154,0,1,0
2023-06-04 07:00:00,0.0,0.0,0.0,0.0,24.0,21.81904761904762,Hell's Kitchen,7,6,1,154,0,1,0
2023-06-04 08:00:00,27.0,0.0,29.0,23.0,24.0,21.81904761904762,Hell's Kitchen,8,6,1,154,0,1,0
2023-06-04 09:00:00,37.0,27.0,24.0,22.0,23.866666666666667,21.857142857142858,Hell's Kitchen,9,6,1,154,0,1,0
2023-06-04 10:00:00,26.0,37.0,27.0,30.0,24.733333333333334,22.0,Hell's Kitchen,10,6,1,154,0,1,0
2023-06-04 11:00:00,37.0,26.0,29.0,22.0,24.666666666666668,21.961904761904762,Hell's Kitchen,11,6,1,154,0,1,0
2023-06-04 12:00:00,24.0,37.0,34.0,19.0,25.2,22.104761904761904,Hell's Kitchen,12,6,1,154,0,1,0
2023-06-04 13:00:00,23.0,24.0,15.0,26.0,24.533333333333335,22.152380952380952,Hell's Kitchen,13,6,1,154,0,1,0
2023-06-04 14:00:00,40.0,23.0,31.0,26.0,25.066666666666666,22.123809523809523,Hell's Kitchen,14,6,1,154,0,1,0
2023-06-04 15:00:00,29.0,40.0,33.0,27.0,25.666666666666668,22.257142857142856,Hell's Kitchen,15,6,1,154,0,1,0
2023-06-04 16:00:00,33.0,29.0,33.0,35.0,25.4,22.276190476190475,Hell's Kitchen,16,6,1,154,0,1,0
2023-06-04 17:00:00,26.0,33.0,34.0,30.0,25.4,22.257142857142856,Hell's Kitchen,17,6,1,154,0,1,0
2023-06-04 18:00:00,32.0,26.0,43.0,20.0,24.866666666666667,22.21904761904762,Hell's Kitchen,18,6,1,154,0,1,0
2023-06-04 19:00:00,29.0,32.0,28.0,19.0,24.133333333333333,22.333333333333332,Hell's Kitchen,19,6,1,154,0,1,0
2023-06-04 20:00:00,0.0,29.0,0.0,0.0,24.2,22.428571428571427,Hell's Kitchen,20,6,1,154,0,1,0
2023-06-05 06:00:00,0.0,,0.0,0.0,24.2,22.428571428571427,Hell's Kitchen,6,0,0,155,0,1,0
2023-06-05 07:00:00,0.0,0.0,0.0,0.0,24.2,22.428571428571427,Hell's Kitchen,7,0,0,155,0,1,0
2023-06-05 08:00:00,27.0,0.0,27.0,23.0,24.2,22.428571428571427,Hell's Kitchen,8,0,0,155,0,1,0
2023-06-05 09:00:00,39.0,27.0,37.0,21.0,24.2,22.466666666666665,Hell's Kitchen,9,0,0,155,0,1,0
2023-06-05 10:00:00,25.0,39.0,26.0,22.0,24.333333333333332,22.63809523809524,Hell's Kitchen,10,0,0,155,0,1,0
2023-06-05 11:00:00,29.0,25.0,37.0,28.0,24.266666666666666,22.666666666666668,Hell's Kitchen,11,0,0,155,0,1,0
2023-06-05 12:00:00,27.0,29.0,24.0,19.0,23.733333333333334,22.676190476190477,Hell's Kitchen,12,0,0,155,0,1,0
2023-06-05 13:00:00,36.0,27.0,23.0,20.0,23.933333333333334,22.752380952380953,Hell's Kitchen,13,0,0,155,0,1,0
2023-06-05 14:00:00,32.0,36.0,40.0,23.0,24.8,22.904761904761905,Hell's Kitchen,14,0,0,155,0,1,0
2023-06-05 15:00:00,24.0,32.0,29.0,20.0,24.266666666666666,22.99047619047619,Hell's Kitchen,15,0,0,155,0,1,0
2023-06-05 16:00:00,33.0,24.0,33.0,36.0,23.933333333333334,23.02857142857143,Hell's Kitchen,16,0,0,155,0,1,0
2023-06-05 17:00:00,25.0,33.0,26.0,25.0,23.933333333333334,23.0,Hell's Kitchen,17,0,0,155,0,1,0
2023-06-05 18:00:00,21.0,25.0,32.0,7.0,23.866666666666667,23.0,Hell's Kitchen,18,0,0,155,0,1,0
2023-06-05 19:00:00,28.0,21.0,29.0,13.0,23.133333333333333,23.133333333333333,Hell's Kitchen,19,0,0,155,0,1,0
2023-06-05 20:00:00,0.0,28.0,0.0,0.0,23.066666666666666,23.276190476190475,Hell's Kitchen,20,0,0,155,0,1,0
2023-06-06 06:00:00,0.0,,0.0,18.0,23.066666666666666,23.276190476190475,Hell's Kitchen,6,1,0,156,0,1,0
2023-06-06 07:00:00,0.0,0.0,0.0,15.0,23.066666666666666,23.104761904761904,Hell's Kitchen,7,1,0,156,0,1,0
2023-06-06 08:00:00,30.0,0.0,27.0,44.0,23.066666666666666,22.961904761904762,Hell's Kitchen,8,1,0,156,0,1,0
2023-06-06 09:00:00,28.0,30.0,39.0,65.0,23.266666666666666,22.82857142857143,Hell's Kitchen,9,1,0,156,0,1,0
2023-06-06 10:00:00,25.0,28.0,25.0,54.0,22.533333333333335,22.476190476190474,Hell's Kitchen,10,1,0,156,0,1,0
2023-06-06 11:00:00,27.0,25.0,29.0,23.0,22.533333333333335,22.2,Hell's Kitchen,11,1,0,156,0,1,0
2023-06-06 12:00:00,24.0,27.0,27.0,18.0,22.4,22.238095238095237,Hell's Kitchen,12,1,0,156,0,1,0
2023-06-06 13:00:00,39.0,24.0,36.0,6.0,22.2,22.295238095238094,Hell's Kitchen,13,1,0,156,0,1,0
2023-06-06 14:00:00,31.0,39.0,32.0,13.0,22.4,22.60952380952381,Hell's Kitchen,14,1,0,156,0,1,0
2023-06-06 15:00:00,32.0,31.0,24.0,10.0,22.333333333333332,22.78095238095238,Hell's Kitchen,15,1,0,156,0,1,0
2023-06-06 16:00:00,40.0,32.0,33.0,13.0,22.866666666666667,22.99047619047619,Hell's Kitchen,16,1,0,156,0,1,0
2023-06-06 17:00:00,30.0,40.0,25.0,11.0,23.333333333333332,23.247619047619047,Hell's Kitchen,17,1,0,156,0,1,0
2023-06-06 18:00:00,28.0,30.0,21.0,10.0,23.666666666666668,23.428571428571427,Hell's Kitchen,18,1,0,156,0,1,0
2023-06-06 19:00:00,28.0,28.0,28.0,7.0,24.133333333333333,23.6,Hell's Kitchen,19,1,0,156,0,1,0
2023-06-06 20:00:00,0.0,28.0,0.0,0.0,24.133333333333333,23.8,Hell's Kitchen,20,1,0,156,0,1,0
2023-06-07 06:00:00,0.0,,0.0,9.0,24.133333333333333,23.8,Hell's Kitchen,6,2,0,157,0,1,0
2023-06-07 07:00:00,0.0,0.0,0.0,24.0,24.133333333333333,23.714285714285715,Hell's Kitchen,7,2,0,157,0,1,0
2023-06-07 08:00:00,80.0,0.0,30.0,36.0,24.133333333333333,23.485714285714284,Hell's Kitchen,8,2,0,157,0,1,0
2023-06-07 09:00:00,68.0,80.0,28.0,45.0,27.466666666666665,23.904761904761905,Hell's Kitchen,9,2,0,157,0,1,0
2023-06-07 10:00:00,88.0,68.0,25.0,64.0,30.133333333333333,24.123809523809523,Hell's Kitchen,10,2,0,157,0,1,0
2023-06-07 11:00:00,30.0,88.0,27.0,15.0,34.333333333333336,24.35238095238095,Hell's Kitchen,11,2,0,157,0,1,0
2023-06-07 12:00:00,24.0,30.0,24.0,9.0,34.53333333333333,24.495238095238093,Hell's Kitchen,12,2,0,157,0,1,0
2023-06-07 13:00:00,18.0,24.0,39.0,14.0,34.53333333333333,24.63809523809524,Hell's Kitchen,13,2,0,157,0,1,0
2023-06-07 14:00:00,19.0,18.0,31.0,11.0,33.13333333333333,24.676190476190477,Hell's Kitchen,14,2,0,157,0,1,0
2023-06-07 15:00:00,22.0,19.0,32.0,15.0,32.333333333333336,24.752380952380953,Hell's Kitchen,15,2,0,157,0,1,0
2023-06-07 16:00:00,16.0,22.0,40.0,15.0,31.666666666666668,24.81904761904762,Hell's Kitchen,16,2,0,157,0,1,0
2023-06-07 17:00:00,23.0,16.0,30.0,15.0,30.066666666666666,24.82857142857143,Hell's Kitchen,17,2,0,157,0,1,0
2023-06-07 18:00:00,23.0,23.0,28.0,7.0,29.6,24.904761904761905,Hell's Kitchen,18,2,0,157,0,1,0
2023-06-07 19:00:00,19.0,23.0,28.0,13.0,29.266666666666666,25.057142857142857,Hell's Kitchen,19,2,0,157,0,1,0
2023-06-07 20:00:00,23.0,19.0,0.0,3.0,28.666666666666668,25.114285714285714,Hell's Kitchen,20,2,0,157,0,1,0
2023-06-08 06:00:00,24.0,,0.0,0.0,30.2,25.304761904761904,Hell's Kitchen,6,3,0,158,0,1,0
2023-06-08 07:00:00,59.0,24.0,0.0,0.0,31.8,25.533333333333335,Hell's Kitchen,7,3,0,158,0,1,0
2023-06-08 08:00:00,42.0,59.0,80.0,26.0,35.733333333333334,26.095238095238095,Hell's Kitchen,8,3,0,158,0,1,0
2023-06-08 09:00:00,51.0,42.0,68.0,27.0,33.2,26.247619047619047,Hell's Kitchen,9,3,0,158,0,1,0
2023-06-08 10:00:00,57.0,51.0,88.0,24.0,32.06666666666667,26.476190476190474,Hell's Kitchen,10,3,0,158,0,1,0
2023-06-08 11:00:00,49.0,57.0,30.0,40.0,30.0,26.79047619047619,Hell's Kitchen,11,3,0,158,0,1,0
2023-06-08 12:00:00,17.0,49.0,24.0,38.0,31.266666666666666,26.876190476190477,Hell's Kitchen,12,3,0,158,0,1,0
2023-06-08 13:00:00,17.0,17.0,18.0,39.0,30.8,26.676190476190477,Hell's Kitchen,13,3,0,158,0,1,0
2023-06-08 14:00:00,35.0,17.0,19.0,32.0,30.733333333333334,26.466666666666665,Hell's Kitchen,14,3,0,158,0,1,0
2023-06-08 15:00:00,11.0,35.0,22.0,27.0,31.8,26.495238095238093,Hell's Kitchen,15,3,0,158,0,1,0
2023-06-08 16:00:00,30.0,11.0,16.0,27.0,31.066666666666666,26.34285714285714,Hell's Kitchen,16,3,0,158,0,1,0
2023-06-08 17:00:00,24.0,30.0,23.0,42.0,32.0,26.37142857142857,Hell's Kitchen,17,3,0,158,0,1,0
2023-06-08 18:00:00,19.0,24.0,23.0,39.0,32.06666666666667,26.2,Hell's Kitchen,18,3,0,158,0,1,0
2023-06-08 19:00:00,13.0,19.0,19.0,31.0,31.8,26.00952380952381,Hell's Kitchen,19,3,0,158,0,1,0
2023-06-08 20:00:00,0.0,13.0,23.0,0.0,31.4,25.83809523809524,Hell's Kitchen,20,3,0,158,0,1,0
2023-06-09 06:00:00,25.0,,24.0,0.0,29.866666666666667,25.83809523809524,Hell's Kitchen,6,4,0,159,0,1,0
2023-06-09 07:00:00,57.0,25.0,59.0,0.0,29.933333333333334,26.076190476190476,Hell's Kitchen,7,4,0,159,0,1,0
2023-06-09 08:00:00,50.0,57.0,42.0,30.0,29.8,26.61904761904762,Hell's Kitchen,8,4,0,159,0,1,0
2023-06-09 09:00:00,72.0,50.0,51.0,27.0,30.333333333333332,26.80952380952381,Hell's Kitchen,9,4,0,159,0,1,0
2023-06-09 10:00:00,64.0,72.0,57.0,25.0,31.733333333333334,27.238095238095237,Hell's Kitchen,10,4,0,159,0,1,0
2023-06-09 11:00:00,47.0,64.0,49.0,33.0,32.2,27.60952380952381,Hell's Kitchen,11,4,0,159,0,1,0
2023-06-09 12:00:00,23.0,47.0,17.0,25.0,32.06666666666667,27.742857142857144,Hell's Kitchen,12,4,0,159,0,1,0
2023-06-09 13:00:00,24.0,23.0,17.0,38.0,32.46666666666667,27.723809523809525,Hell's Kitchen,13,4,0,159,0,1,0
2023-06-09 14:00:00,23.0,24.0,35.0,37.0,32.93333333333333,27.590476190476192,Hell's Kitchen,14,4,0,159,0,1,0
2023-06-09 15:00:00,18.0,23.0,11.0,26.0,32.13333333333333,27.457142857142856,Hell's Kitchen,15,4,0,159,0,1,0
2023-06-09 16:00:00,20.0,18.0,30.0,30.0,32.6,27.38095238095238,Hell's Kitchen,16,4,0,159,0,1,0
2023-06-09 17:00:00,24.0,20.0,24.0,43.0,31.933333333333334,27.285714285714285,Hell's Kitchen,17,4,0,159,0,1,0
2023-06-09 18:00:00,21.0,24.0,19.0,34.0,31.933333333333334,27.104761904761904,Hell's Kitchen,18,4,0,159,0,1,0
2023-06-09 19:00:00,23.0,21.0,13.0,33.0,32.06666666666667,26.98095238095238,Hell's Kitchen,19,4,0,159,0,1,0
2023-06-09 20:00:00,0.0,23.0,0.0,0.0,32.733333333333334,26.885714285714286,Hell's Kitchen,20,4,0,159,0,1,0
2023-06-10 06:00:00,35.0,,25.0,0.0,32.733333333333334,26.885714285714286,Hell's Kitchen,6,5,1,160,0,1,0
2023-06-10 07:00:00,47.0,35.0,57.0,0.0,33.4,27.21904761904762,Hell's Kitchen,7,5,1,160,0,1,0
2023-06-10 08:00:00,43.0,47.0,50.0,29.0,32.733333333333334,27.666666666666668,Hell's Kitchen,8,5,1,160,0,1,0
2023-06-10 09:00:00,61.0,43.0,72.0,24.0,32.266666666666666,27.8,Hell's Kitchen,9,5,1,160,0,1,0
2023-06-10 10:00:00,67.0,61.0,64.0,27.0,31.533333333333335,28.152380952380952,Hell's Kitchen,10,5,1,160,0,1,0
2023-06-10 11:00:00,31.0,67.0,47.0,29.0,31.733333333333334,28.533333333333335,Hell's Kitchen,11,5,1,160,0,1,0
2023-06-10 12:00:00,15.0,31.0,23.0,34.0,30.666666666666668,28.552380952380954,Hell's Kitchen,12,5,1,160,0,1,0
2023-06-10 13:00:00,24.0,15.0,24.0,15.0,30.133333333333333,28.37142857142857,Hell's Kitchen,13,5,1,160,0,1,0
2023-06-10 14:00:00,18.0,24.0,23.0,31.0,30.133333333333333,28.457142857142856,Hell's Kitchen,14,5,1,160,0,1,0
2023-06-10 15:00:00,27.0,18.0,18.0,33.0,29.8,28.333333333333332,Hell's Kitchen,15,5,1,160,0,1,0
2023-06-10 16:00:00,18.0,27.0,20.0,33.0,30.4,28.276190476190475,Hell's Kitchen,16,5,1,160,0,1,0
2023-06-10 17:00:00,21.0,18.0,24.0,34.0,30.266666666666666,28.133333333333333,Hell's Kitchen,17,5,1,160,0,1,0
2023-06-10 18:00:00,24.0,21.0,21.0,43.0,30.066666666666666,28.00952380952381,Hell's Kitchen,18,5,1,160,0,1,0
2023-06-10 19:00:00,8.0,24.0,23.0,28.0,30.266666666666666,27.82857142857143,Hell's Kitchen,19,5,1,160,0,1,0
2023-06-10 20:00:00,0.0,8.0,0.0,0.0,29.266666666666666,27.63809523809524,Hell's Kitchen,20,5,1,160,0,1,0
2023-06-11 06:00:00,31.0,,35.0,0.0,29.266666666666666,27.63809523809524,Hell's Kitchen,6,6,1,161,0,1,0
2023-06-11 07:00:00,49.0,31.0,47.0,0.0,29.0,27.933333333333334,Hell's Kitchen,7,6,1,161,0,1,0
2023-06-11 08:00:00,77.0,49.0,43.0,27.0,29.133333333333333,28.4,Hell's Kitchen,8,6,1,161,0,1,0
2023-06-11 09:00:00,42.0,77.0,61.0,37.0,31.4,28.876190476190477,Hell's Kitchen,9,6,1,161,0,1,0
2023-06-11 10:00:00,60.0,42.0,67.0,26.0,30.133333333333333,28.923809523809524,Hell's Kitchen,10,6,1,161,0,1,0
2023-06-11 11:00:00,50.0,60.0,31.0,37.0,29.666666666666668,29.247619047619047,Hell's Kitchen,11,6,1,161,0,1,0
2023-06-11 12:00:00,16.0,50.0,15.0,24.0,30.933333333333334,29.37142857142857,Hell's Kitchen,12,6,1,161,0,1,0
2023-06-11 13:00:00,19.0,16.0,24.0,23.0,31.0,29.295238095238094,Hell's Kitchen,13,6,1,161,0,1,0
2023-06-11 14:00:00,28.0,19.0,18.0,40.0,30.666666666666668,29.257142857142856,Hell's Kitchen,14,6,1,161,0,1,0
2023-06-11 15:00:00,17.0,28.0,27.0,29.0,31.333333333333332,29.142857142857142,Hell's Kitchen,15,6,1,161,0,1,0
2023-06-11 16:00:00,16.0,17.0,18.0,33.0,30.666666666666668,29.02857142857143,Hell's Kitchen,16,6,1,161,0,1,0
2023-06-11 17:00:00,13.0,16.0,21.0,26.0,30.533333333333335,28.866666666666667,Hell's Kitchen,17,6,1,161,0,1,0
2023-06-11 18:00:00,19.0,13.0,24.0,32.0,30.0,28.742857142857144,Hell's Kitchen,18,6,1,161,0,1,0
2023-06-11 19:00:00,18.0,19.0,8.0,29.0,29.666666666666668,28.61904761904762,Hell's Kitchen,19,6,1,161,0,1,0
2023-06-11 20:00:00,0.0,18.0,0.0,0.0,30.333333333333332,28.514285714285716,Hell's Kitchen,20,6,1,161,0,1,0
2023-06-12 06:00:00,34.0,,31.0,0.0,30.333333333333332,28.514285714285716,Hell's Kitchen,6,0,0,162,0,1,0
2023-06-12 07:00:00,46.0,34.0,49.0,0.0,30.533333333333335,28.83809523809524,Hell's Kitchen,7,0,0,162,0,1,0
2023-06-12 08:00:00,47.0,46.0,77.0,27.0,30.333333333333332,29.276190476190475,Hell's Kitchen,8,0,0,162,0,1,0
2023-06-12 09:00:00,61.0,47.0,42.0,39.0,28.333333333333332,29.466666666666665,Hell's Kitchen,9,0,0,162,0,1,0
2023-06-12 10:00:00,57.0,61.0,60.0,25.0,29.6,29.676190476190477,Hell's Kitchen,10,0,0,162,0,1,0
2023-06-12 11:00:00,28.0,57.0,50.0,29.0,29.4,29.98095238095238,Hell's Kitchen,11,0,0,162,0,1,0
2023-06-12 12:00:00,24.0,28.0,16.0,27.0,27.933333333333334,29.97142857142857,Hell's Kitchen,12,0,0,162,0,1,0
2023-06-12 13:00:00,25.0,24.0,19.0,36.0,28.466666666666665,29.942857142857143,Hell's Kitchen,13,0,0,162,0,1,0
2023-06-12 14:00:00,16.0,25.0,28.0,32.0,28.866666666666667,29.83809523809524,Hell's Kitchen,14,0,0,162,0,1,0
2023-06-12 15:00:00,15.0,16.0,17.0,24.0,28.066666666666666,29.685714285714287,Hell's Kitchen,15,0,0,162,0,1,0
2023-06-12 16:00:00,19.0,15.0,16.0,33.0,27.933333333333334,29.6,Hell's Kitchen,16,0,0,162,0,1,0
2023-06-12 17:00:00,32.0,19.0,13.0,25.0,28.133333333333333,29.466666666666665,Hell's Kitchen,17,0,0,162,0,1,0
2023-06-12 18:00:00,28.0,32.0,19.0,21.0,29.4,29.533333333333335,Hell's Kitchen,18,0,0,162,0,1,0
2023-06-12 19:00:00,21.0,28.0,18.0,28.0,30.0,29.6,Hell's Kitchen,19,0,0,162,0,1,0
2023-06-12 20:00:00,0.0,21.0,0.0,0.0,30.2,29.533333333333335,Hell's Kitchen,20,0,0,162,0,1,0
2023-06-13 06:00:00,0.0,,34.0,0.0,30.2,29.533333333333335,Hell's Kitchen,6,1,0,163,0,1,0
2023-06-13 07:00:00,0.0,0.0,46.0,0.0,27.933333333333334,29.533333333333335,Hell's Kitchen,7,1,0,163,0,1,0
2023-06-13 08:00:00,120.0,0.0,47.0,30.0,24.866666666666667,29.533333333333335,Hell's Kitchen,8,1,0,163,0,1,0
2023-06-13 09:00:00,102.0,120.0,61.0,28.0,29.733333333333334,30.39047619047619,Hell's Kitchen,9,1,0,163,0,1,0
2023-06-13 10:00:00,94.0,102.0,57.0,25.0,32.46666666666667,31.095238095238095,Hell's Kitchen,10,1,0,163,0,1,0
2023-06-13 11:00:00,6.0,94.0,28.0,27.0,34.93333333333333,31.752380952380953,Hell's Kitchen,11,1,0,163,0,1,0
2023-06-13 12:00:00,13.0,6.0,24.0,24.0,33.46666666666667,31.552380952380954,Hell's Kitchen,12,1,0,163,0,1,0
2023-06-13 13:00:00,17.0,13.0,25.0,39.0,32.733333333333334,31.447619047619046,Hell's Kitchen,13,1,0,163,0,1,0
2023-06-13 14:00:00,16.0,17.0,16.0,31.0,32.2,31.238095238095237,Hell's Kitchen,14,1,0,163,0,1,0
2023-06-13 15:00:00,17.0,16.0,15.0,32.0,32.2,31.095238095238095,Hell's Kitchen,15,1,0,163,0,1,0
2023-06-13 16:00:00,30.0,17.0,19.0,40.0,32.333333333333336,30.952380952380953,Hell's Kitchen,16,1,0,163,0,1,0
2023-06-13 17:00:00,11.0,30.0,32.0,30.0,33.06666666666667,30.857142857142858,Hell's Kitchen,17,1,0,163,0,1,0
2023-06-13 18:00:00,24.0,11.0,28.0,28.0,31.666666666666668,30.676190476190477,Hell's Kitchen,18,1,0,163,0,1,0
2023-06-13 19:00:00,18.0,24.0,21.0,28.0,31.4,30.63809523809524,Hell's Kitchen,19,1,0,163,0,1,0
2023-06-13 20:00:00,25.0,18.0,0.0,0.0,31.2,30.542857142857144,Hell's Kitchen,20,1,0,163,0,1,0
2023-06-14 06:00:00,0.0,,0.0,0.0,32.86666666666667,30.78095238095238,Hell's Kitchen,6,2,0,164,0,1,0
2023-06-14 07:00:00,0.0,0.0,0.0,0.0,32.86666666666667,30.78095238095238,Hell's Kitchen,7,2,0,164,0,1,0
2023-06-14 08:00:00,123.0,0.0,120.0,80.0,32.86666666666667,30.78095238095238,Hell's Kitchen,8,2,0,164,0,1,0
2023-06-14 09:00:00,118.0,123.0,102.0,68.0,33.06666666666667,31.19047619047619,Hell's Kitchen,9,2,0,164,0,1,0
2023-06-14 10:00:00,102.0,118.0,94.0,88.0,34.13333333333333,31.666666666666668,Hell's Kitchen,10,2,0,164,0,1,0
2023-06-14 11:00:00,12.0,102.0,6.0,30.0,34.666666666666664,31.8,Hell's Kitchen,11,2,0,164,0,1,0
2023-06-14 12:00:00,13.0,12.0,13.0,24.0,35.06666666666667,31.62857142857143,Hell's Kitchen,12,2,0,164,0,1,0
2023-06-14 13:00:00,19.0,13.0,17.0,18.0,35.06666666666667,31.523809523809526,Hell's Kitchen,13,2,0,164,0,1,0
2023-06-14 14:00:00,12.0,19.0,16.0,19.0,35.2,31.533333333333335,Hell's Kitchen,14,2,0,164,0,1,0
2023-06-14 15:00:00,14.0,12.0,17.0,22.0,34.93333333333333,31.466666666666665,Hell's Kitchen,15,2,0,164,0,1,0
2023-06-14 16:00:00,18.0,14.0,30.0,16.0,34.733333333333334,31.39047619047619,Hell's Kitchen,16,2,0,164,0,1,0
2023-06-14 17:00:00,13.0,18.0,11.0,23.0,33.93333333333333,31.409523809523808,Hell's Kitchen,17,2,0,164,0,1,0
2023-06-14 18:00:00,17.0,13.0,24.0,23.0,34.06666666666667,31.314285714285713,Hell's Kitchen,18,2,0,164,0,1,0
2023-06-14 19:00:00,19.0,17.0,18.0,19.0,33.6,31.257142857142856,Hell's Kitchen,19,2,0,164,0,1,0
2023-06-14 20:00:00,18.0,19.0,25.0,23.0,33.666666666666664,31.257142857142856,Hell's Kitchen,20,2,0,164,0,1,0
2023-06-15 06:00:00,10.0,,0.0,24.0,33.2,31.20952380952381,Hell's Kitchen,6,3,0,165,0,1,0
2023-06-15 07:00:00,68.0,10.0,0.0,59.0,33.86666666666667,31.076190476190476,Hell's Kitchen,7,3,0,165,0,1,0
2023-06-15 08:00:00,49.0,68.0,123.0,42.0,38.4,31.16190476190476,Hell's Kitchen,8,3,0,165,0,1,0
2023-06-15 09:00:00,53.0,49.0,118.0,51.0,33.46666666666667,31.228571428571428,Hell's Kitchen,9,3,0,165,0,1,0
2023-06-15 10:00:00,48.0,53.0,102.0,57.0,29.133333333333333,31.247619047619047,Hell's Kitchen,10,3,0,165,0,1,0
2023-06-15 11:00:00,34.0,48.0,12.0,49.0,25.533333333333335,31.16190476190476,Hell's Kitchen,11,3,0,165,0,1,0
2023-06-15 12:00:00,11.0,34.0,13.0,17.0,27.0,31.01904761904762,Hell's Kitchen,12,3,0,165,0,1,0
2023-06-15 13:00:00,18.0,11.0,19.0,17.0,26.866666666666667,30.961904761904762,Hell's Kitchen,13,3,0,165,0,1,0
2023-06-15 14:00:00,15.0,18.0,12.0,35.0,26.8,30.97142857142857,Hell's Kitchen,14,3,0,165,0,1,0
2023-06-15 15:00:00,13.0,15.0,14.0,11.0,27.0,30.78095238095238,Hell's Kitchen,15,3,0,165,0,1,0
2023-06-15 16:00:00,19.0,13.0,18.0,30.0,26.933333333333334,30.8,Hell's Kitchen,16,3,0,165,0,1,0
2023-06-15 17:00:00,21.0,19.0,13.0,24.0,27.0,30.695238095238096,Hell's Kitchen,17,3,0,165,0,1,0
2023-06-15 18:00:00,12.0,21.0,17.0,19.0,27.533333333333335,30.666666666666668,Hell's Kitchen,18,3,0,165,0,1,0
2023-06-15 19:00:00,21.0,12.0,19.0,13.0,27.2,30.6,Hell's Kitchen,19,3,0,165,0,1,0
2023-06-15 20:00:00,0.0,21.0,18.0,0.0,27.333333333333332,30.676190476190477,Hell's Kitchen,20,3,0,165,0,1,0
2023-06-16 06:00:00,28.0,,10.0,25.0,26.133333333333333,30.676190476190477,Hell's Kitchen,6,4,0,166,0,1,0
2023-06-16 07:00:00,79.0,28.0,68.0,57.0,27.333333333333332,30.704761904761906,Hell's Kitchen,7,4,0,166,0,1,0
2023-06-16 08:00:00,53.0,79.0,49.0,50.0,28.066666666666666,30.914285714285715,Hell's Kitchen,8,4,0,166,0,1,0
2023-06-16 09:00:00,53.0,53.0,53.0,72.0,28.333333333333332,30.942857142857143,Hell's Kitchen,9,4,0,166,0,1,0
2023-06-16 10:00:00,60.0,53.0,48.0,64.0,28.333333333333332,30.761904761904763,Hell's Kitchen,10,4,0,166,0,1,0
2023-06-16 11:00:00,37.0,60.0,34.0,47.0,29.133333333333333,30.723809523809525,Hell's Kitchen,11,4,0,166,0,1,0
2023-06-16 12:00:00,15.0,37.0,11.0,23.0,29.333333333333332,30.62857142857143,Hell's Kitchen,12,4,0,166,0,1,0
2023-06-16 13:00:00,16.0,15.0,18.0,24.0,29.6,30.552380952380954,Hell's Kitchen,13,4,0,166,0,1,0
2023-06-16 14:00:00,24.0,16.0,15.0,23.0,29.466666666666665,30.476190476190474,Hell's Kitchen,14,4,0,166,0,1,0
2023-06-16 15:00:00,9.0,24.0,13.0,18.0,30.066666666666666,30.485714285714284,Hell's Kitchen,15,4,0,166,0,1,0
2023-06-16 16:00:00,14.0,9.0,19.0,20.0,29.8,30.4,Hell's Kitchen,16,4,0,166,0,1,0
2023-06-16 17:00:00,13.0,14.0,21.0,24.0,29.466666666666665,30.34285714285714,Hell's Kitchen,17,4,0,166,0,1,0
2023-06-16 18:00:00,20.0,13.0,12.0,21.0,28.933333333333334,30.238095238095237,Hell's Kitchen,18,4,0,166,0,1,0
2023-06-16 19:00:00,15.0,20.0,21.0,23.0,29.466666666666665,30.228571428571428,Hell's Kitchen,19,4,0,166,0,1,0
2023-06-16 20:00:00,0.0,15.0,0.0,0.0,29.066666666666666,30.152380952380952,Hell's Kitchen,20,4,0,166,0,1,0
2023-06-17 06:00:00,28.0,,28.0,35.0,29.066666666666666,30.152380952380952,Hell's Kitchen,6,5,1,167,0,1,0
2023-06-17 07:00:00,35.0,28.0,79.0,47.0,29.066666666666666,30.085714285714285,Hell's Kitchen,7,5,1,167,0,1,0
2023-06-17 08:00:00,26.0,35.0,53.0,43.0,26.133333333333333,29.97142857142857,Hell's Kitchen,8,5,1,167,0,1,0
2023-06-17 09:00:00,41.0,26.0,53.0,61.0,24.333333333333332,29.80952380952381,Hell's Kitchen,9,5,1,167,0,1,0
2023-06-17 10:00:00,46.0,41.0,60.0,67.0,23.533333333333335,29.61904761904762,Hell's Kitchen,10,5,1,167,0,1,0
2023-06-17 11:00:00,24.0,46.0,37.0,31.0,22.6,29.419047619047618,Hell's Kitchen,11,5,1,167,0,1,0
2023-06-17 12:00:00,15.0,24.0,15.0,15.0,21.733333333333334,29.35238095238095,Hell's Kitchen,12,5,1,167,0,1,0
2023-06-17 13:00:00,12.0,15.0,16.0,24.0,21.733333333333334,29.35238095238095,Hell's Kitchen,13,5,1,167,0,1,0
2023-06-17 14:00:00,7.0,12.0,24.0,18.0,21.466666666666665,29.238095238095237,Hell's Kitchen,14,5,1,167,0,1,0
2023-06-17 15:00:00,10.0,7.0,9.0,27.0,20.333333333333332,29.133333333333333,Hell's Kitchen,15,5,1,167,0,1,0
2023-06-17 16:00:00,8.0,10.0,14.0,18.0,20.4,28.97142857142857,Hell's Kitchen,16,5,1,167,0,1,0
2023-06-17 17:00:00,10.0,8.0,13.0,21.0,20.0,28.876190476190477,Hell's Kitchen,17,5,1,167,0,1,0
2023-06-17 18:00:00,7.0,10.0,20.0,24.0,19.8,28.771428571428572,Hell's Kitchen,18,5,1,167,0,1,0
2023-06-17 19:00:00,4.0,7.0,15.0,8.0,18.933333333333334,28.60952380952381,Hell's Kitchen,19,5,1,167,0,1,0
2023-06-17 20:00:00,0.0,4.0,0.0,0.0,18.2,28.571428571428573,Hell's Kitchen,20,5,1,167,0,1,0
2023-06-18 06:00:00,25.0,,28.0,31.0,18.2,28.571428571428573,Hell's Kitchen,6,6,1,168,0,1,0
2023-06-18 07:00:00,67.0,25.0,35.0,49.0,18.0,28.514285714285716,Hell's Kitchen,7,6,1,168,0,1,0
2023-06-18 08:00:00,73.0,67.0,26.0,77.0,20.133333333333333,28.685714285714287,Hell's Kitchen,8,6,1,168,0,1,0
2023-06-18 09:00:00,58.0,73.0,41.0,42.0,23.266666666666666,28.64761904761905,Hell's Kitchen,9,6,1,168,0,1,0
2023-06-18 10:00:00,64.0,58.0,46.0,60.0,24.4,28.8,Hell's Kitchen,10,6,1,168,0,1,0
2023-06-18 11:00:00,33.0,64.0,24.0,50.0,25.6,28.83809523809524,Hell's Kitchen,11,6,1,168,0,1,0
2023-06-18 12:00:00,18.0,33.0,15.0,16.0,26.2,28.676190476190477,Hell's Kitchen,12,6,1,168,0,1,0
2023-06-18 13:00:00,18.0,18.0,12.0,19.0,26.4,28.695238095238096,Hell's Kitchen,13,6,1,168,0,1,0
2023-06-18 14:00:00,15.0,18.0,7.0,28.0,26.8,28.685714285714287,Hell's Kitchen,14,6,1,168,0,1,0
2023-06-18 15:00:00,15.0,15.0,10.0,17.0,27.333333333333332,28.561904761904763,Hell's Kitchen,15,6,1,168,0,1,0
2023-06-18 16:00:00,16.0,15.0,8.0,16.0,27.666666666666668,28.542857142857144,Hell's Kitchen,16,6,1,168,0,1,0
2023-06-18 17:00:00,21.0,16.0,10.0,13.0,28.2,28.542857142857144,Hell's Kitchen,17,6,1,168,0,1,0
2023-06-18 18:00:00,10.0,21.0,7.0,19.0,28.933333333333334,28.61904761904762,Hell's Kitchen,18,6,1,168,0,1,0
2023-06-18 19:00:00,18.0,10.0,4.0,18.0,29.133333333333333,28.533333333333335,Hell's Kitchen,19,6,1,168,0,1,0
2023-06-18 20:00:00,0.0,18.0,0.0,0.0,30.066666666666666,28.533333333333335,Hell's Kitchen,20,6,1,168,0,1,0
2023-06-19 06:00:00,47.0,,25.0,34.0,30.066666666666666,28.533333333333335,Hell's Kitchen,6,0,0,169,0,1,0
2023-06-19 07:00:00,68.0,47.0,67.0,46.0,31.533333333333335,28.65714285714286,Hell's Kitchen,7,0,0,169,0,1,0
2023-06-19 08:00:00,68.0,68.0,73.0,47.0,31.6,28.866666666666667,Hell's Kitchen,8,0,0,169,0,1,0
2023-06-19 09:00:00,53.0,68.0,58.0,61.0,31.266666666666666,29.066666666666666,Hell's Kitchen,9,0,0,169,0,1,0
2023-06-19 10:00:00,52.0,53.0,64.0,57.0,30.933333333333334,28.99047619047619,Hell's Kitchen,10,0,0,169,0,1,0
2023-06-19 11:00:00,32.0,52.0,33.0,28.0,30.133333333333333,28.942857142857143,Hell's Kitchen,11,0,0,169,0,1,0
2023-06-19 12:00:00,25.0,32.0,18.0,24.0,30.066666666666666,28.98095238095238,Hell's Kitchen,12,0,0,169,0,1,0
2023-06-19 13:00:00,12.0,25.0,18.0,25.0,30.533333333333335,28.99047619047619,Hell's Kitchen,13,0,0,169,0,1,0
2023-06-19 14:00:00,9.0,12.0,15.0,16.0,30.133333333333333,28.866666666666667,Hell's Kitchen,14,0,0,169,0,1,0
2023-06-19 15:00:00,24.0,9.0,15.0,15.0,29.733333333333334,28.8,Hell's Kitchen,15,0,0,169,0,1,0
2023-06-19 16:00:00,19.0,24.0,16.0,19.0,30.333333333333332,28.885714285714286,Hell's Kitchen,16,0,0,169,0,1,0
2023-06-19 17:00:00,13.0,19.0,21.0,32.0,30.533333333333335,28.885714285714286,Hell's Kitchen,17,0,0,169,0,1,0
2023-06-19 18:00:00,17.0,13.0,10.0,28.0,30.0,28.704761904761906,Hell's Kitchen,18,0,0,169,0,1,0
2023-06-19 19:00:00,15.0,17.0,18.0,21.0,30.466666666666665,28.6,Hell's Kitchen,19,0,0,169,0,1,0
2023-06-19 20:00:00,0.0,15.0,0.0,0.0,30.266666666666666,28.542857142857144,Hell's Kitchen,20,0,0,169,0,1,0
2023-06-20 06:00:00,0.0,,47.0,0.0,30.266666666666666,28.542857142857144,Hell's Kitchen,6,1,0,170,0,1,0
2023-06-20 07:00:00,0.0,0.0,68.0,0.0,27.133333333333333,28.542857142857144,Hell's Kitchen,7,1,0,170,0,1,0
2023-06-20 08:00:00,94.0,0.0,68.0,120.0,22.6,28.542857142857144,Hell's Kitchen,8,1,0,170,0,1,0
2023-06-20 09:00:00,74.0,94.0,53.0,102.0,24.333333333333332,28.295238095238094,Hell's Kitchen,9,1,0,170,0,1,0
2023-06-20 10:00:00,82.0,74.0,52.0,94.0,25.733333333333334,28.02857142857143,Hell's Kitchen,10,1,0,170,0,1,0
2023-06-20 11:00:00,8.0,82.0,32.0,6.0,27.733333333333334,27.914285714285715,Hell's Kitchen,11,1,0,170,0,1,0
2023-06-20 12:00:00,8.0,8.0,25.0,13.0,26.133333333333333,27.933333333333334,Hell's Kitchen,12,1,0,170,0,1,0
2023-06-20 13:00:00,13.0,8.0,12.0,17.0,25.0,27.885714285714286,Hell's Kitchen,13,1,0,170,0,1,0
2023-06-20 14:00:00,26.0,13.0,9.0,16.0,25.066666666666666,27.847619047619048,Hell's Kitchen,14,1,0,170,0,1,0
2023-06-20 15:00:00,15.0,26.0,24.0,17.0,26.2,27.942857142857143,Hell's Kitchen,15,1,0,170,0,1,0
2023-06-20 16:00:00,16.0,15.0,19.0,30.0,25.6,27.923809523809524,Hell's Kitchen,16,1,0,170,0,1,0
2023-06-20 17:00:00,10.0,16.0,13.0,11.0,25.4,27.79047619047619,Hell's Kitchen,17,1,0,170,0,1,0
2023-06-20 18:00:00,9.0,10.0,17.0,24.0,25.2,27.78095238095238,Hell's Kitchen,18,1,0,170,0,1,0
2023-06-20 19:00:00,20.0,9.0,15.0,18.0,24.666666666666668,27.63809523809524,Hell's Kitchen,19,1,0,170,0,1,0
2023-06-20 20:00:00,21.0,20.0,0.0,25.0,25.0,27.65714285714286,Hell's Kitchen,20,1,0,170,0,1,0
2023-06-21 06:00:00,0.0,,0.0,0.0,26.4,27.61904761904762,Hell's Kitchen,6,2,0,171,0,1,0
2023-06-21 07:00:00,0.0,0.0,0.0,0.0,26.4,27.61904761904762,Hell's Kitchen,7,2,0,171,0,1,0
2023-06-21 08:00:00,92.0,0.0,94.0,123.0,26.4,27.61904761904762,Hell's Kitchen,8,2,0,171,0,1,0
2023-06-21 09:00:00,100.0,92.0,74.0,118.0,26.266666666666666,27.323809523809523,Hell's Kitchen,9,2,0,171,0,1,0
2023-06-21 10:00:00,99.0,100.0,82.0,102.0,28.0,27.152380952380952,Hell's Kitchen,10,2,0,171,0,1,0
2023-06-21 11:00:00,9.0,99.0,8.0,12.0,29.133333333333333,27.123809523809523,Hell's Kitchen,11,2,0,171,0,1,0
2023-06-21 12:00:00,19.0,9.0,8.0,13.0,29.2,27.095238095238095,Hell's Kitchen,12,2,0,171,0,1,0
2023-06-21 13:00:00,27.0,19.0,13.0,19.0,29.933333333333334,27.152380952380952,Hell's Kitchen,13,2,0,171,0,1,0
2023-06-21 14:00:00,26.0,27.0,26.0,12.0,30.866666666666667,27.228571428571428,Hell's Kitchen,14,2,0,171,0,1,0
2023-06-21 15:00:00,22.0,26.0,15.0,14.0,30.866666666666667,27.36190476190476,Hell's Kitchen,15,2,0,171,0,1,0
2023-06-21 16:00:00,15.0,22.0,16.0,18.0,31.333333333333332,27.438095238095237,Hell's Kitchen,16,2,0,171,0,1,0
2023-06-21 17:00:00,13.0,15.0,10.0,13.0,31.266666666666666,27.409523809523808,Hell's Kitchen,17,2,0,171,0,1,0
2023-06-21 18:00:00,22.0,13.0,9.0,17.0,31.466666666666665,27.409523809523808,Hell's Kitchen,18,2,0,171,0,1,0
2023-06-21 19:00:00,15.0,22.0,20.0,19.0,32.333333333333336,27.457142857142856,Hell's Kitchen,19,2,0,171,0,1,0
2023-06-21 20:00:00,26.0,15.0,21.0,18.0,32.0,27.419047619047618,Hell's Kitchen,20,2,0,171,0,1,0
2023-06-22 06:00:00,16.0,,0.0,10.0,32.333333333333336,27.495238095238093,Hell's Kitchen,6,3,0,172,0,1,0
2023-06-22 07:00:00,34.0,16.0,0.0,68.0,33.4,27.552380952380954,Hell's Kitchen,7,3,0,172,0,1,0
2023-06-22 08:00:00,45.0,34.0,92.0,49.0,35.666666666666664,27.228571428571428,Hell's Kitchen,8,3,0,172,0,1,0
2023-06-22 09:00:00,39.0,45.0,100.0,53.0,32.53333333333333,27.19047619047619,Hell's Kitchen,9,3,0,172,0,1,0
2023-06-22 10:00:00,37.0,39.0,99.0,48.0,28.466666666666665,27.057142857142857,Hell's Kitchen,10,3,0,172,0,1,0
2023-06-22 11:00:00,26.0,37.0,9.0,34.0,24.333333333333332,26.952380952380953,Hell's Kitchen,11,3,0,172,0,1,0
2023-06-22 12:00:00,16.0,26.0,19.0,11.0,25.466666666666665,26.876190476190477,Hell's Kitchen,12,3,0,172,0,1,0
2023-06-22 13:00:00,18.0,16.0,27.0,18.0,25.266666666666666,26.923809523809524,Hell's Kitchen,13,3,0,172,0,1,0
2023-06-22 14:00:00,18.0,18.0,26.0,15.0,24.666666666666668,26.923809523809524,Hell's Kitchen,14,3,0,172,0,1,0
2023-06-22 15:00:00,20.0,18.0,22.0,13.0,24.133333333333333,26.952380952380953,Hell's Kitchen,15,3,0,172,0,1,0
2023-06-22 16:00:00,16.0,20.0,15.0,19.0,24.0,27.01904761904762,Hell's Kitchen,16,3,0,172,0,1,0
2023-06-22 17:00:00,16.0,16.0,13.0,21.0,24.066666666666666,26.99047619047619,Hell's Kitchen,17,3,0,172,0,1,0
2023-06-22 18:00:00,18.0,16.0,22.0,12.0,24.266666666666666,26.942857142857143,Hell's Kitchen,18,3,0,172,0,1,0
2023-06-22 19:00:00,22.0,18.0,15.0,21.0,24.0,27.0,Hell's Kitchen,19,3,0,172,0,1,0
2023-06-22 20:00:00,0.0,22.0,26.0,0.0,24.466666666666665,27.00952380952381,Hell's Kitchen,20,3,0,172,0,1,0
2023-06-23 06:00:00,29.0,,16.0,28.0,22.733333333333334,27.00952380952381,Hell's Kitchen,6,4,0,173,0,1,0
2023-06-23 07:00:00,51.0,29.0,34.0,79.0,23.6,27.01904761904762,Hell's Kitchen,7,4,0,173,0,1,0
2023-06-23 08:00:00,48.0,51.0,45.0,53.0,24.733333333333334,26.752380952380953,Hell's Kitchen,8,4,0,173,0,1,0
2023-06-23 09:00:00,59.0,48.0,39.0,53.0,24.933333333333334,26.704761904761906,Hell's Kitchen,9,4,0,173,0,1,0
2023-06-23 10:00:00,31.0,59.0,37.0,60.0,26.266666666666666,26.761904761904763,Hell's Kitchen,10,4,0,173,0,1,0
2023-06-23 11:00:00,33.0,31.0,26.0,37.0,25.866666666666667,26.485714285714284,Hell's Kitchen,11,4,0,173,0,1,0
2023-06-23 12:00:00,16.0,33.0,16.0,15.0,26.333333333333332,26.447619047619046,Hell's Kitchen,12,4,0,173,0,1,0
2023-06-23 13:00:00,15.0,16.0,18.0,16.0,26.333333333333332,26.457142857142856,Hell's Kitchen,13,4,0,173,0,1,0
2023-06-23 14:00:00,26.0,15.0,18.0,24.0,26.133333333333333,26.447619047619046,Hell's Kitchen,14,4,0,173,0,1,0
2023-06-23 15:00:00,20.0,26.0,20.0,9.0,26.666666666666668,26.466666666666665,Hell's Kitchen,15,4,0,173,0,1,0
2023-06-23 16:00:00,11.0,20.0,16.0,14.0,26.666666666666668,26.571428571428573,Hell's Kitchen,16,4,0,173,0,1,0
2023-06-23 17:00:00,17.0,11.0,16.0,13.0,26.333333333333332,26.542857142857144,Hell's Kitchen,17,4,0,173,0,1,0
2023-06-23 18:00:00,26.0,17.0,18.0,20.0,26.4,26.580952380952382,Hell's Kitchen,18,4,0,173,0,1,0
2023-06-23 19:00:00,20.0,26.0,22.0,15.0,26.933333333333334,26.63809523809524,Hell's Kitchen,19,4,0,173,0,1,0
2023-06-23 20:00:00,0.0,20.0,0.0,0.0,26.8,26.685714285714287,Hell's Kitchen,20,4,0,173,0,1,0
2023-06-24 06:00:00,21.0,,29.0,28.0,26.8,26.685714285714287,Hell's Kitchen,6,5,1,174,0,1,0
2023-06-24 07:00:00,46.0,21.0,51.0,35.0,26.266666666666666,26.61904761904762,Hell's Kitchen,7,5,1,174,0,1,0
2023-06-24 08:00:00,44.0,46.0,48.0,26.0,25.933333333333334,26.723809523809525,Hell's Kitchen,8,5,1,174,0,1,0
2023-06-24 09:00:00,37.0,44.0,59.0,41.0,25.666666666666668,26.895238095238096,Hell's Kitchen,9,5,1,174,0,1,0
2023-06-24 10:00:00,41.0,37.0,31.0,46.0,24.2,26.857142857142858,Hell's Kitchen,10,5,1,174,0,1,0
2023-06-24 11:00:00,23.0,41.0,33.0,24.0,24.866666666666667,26.80952380952381,Hell's Kitchen,11,5,1,174,0,1,0
2023-06-24 12:00:00,25.0,23.0,16.0,15.0,24.2,26.8,Hell's Kitchen,12,5,1,174,0,1,0
2023-06-24 13:00:00,15.0,25.0,15.0,12.0,24.8,26.895238095238096,Hell's Kitchen,13,5,1,174,0,1,0
2023-06-24 14:00:00,21.0,15.0,26.0,7.0,24.8,26.923809523809524,Hell's Kitchen,14,5,1,174,0,1,0
2023-06-24 15:00:00,20.0,21.0,20.0,10.0,24.466666666666665,27.057142857142857,Hell's Kitchen,15,5,1,174,0,1,0
2023-06-24 16:00:00,16.0,20.0,11.0,8.0,24.466666666666665,27.152380952380952,Hell's Kitchen,16,5,1,174,0,1,0
2023-06-24 17:00:00,16.0,16.0,17.0,10.0,24.8,27.228571428571428,Hell's Kitchen,17,5,1,174,0,1,0
2023-06-24 18:00:00,18.0,16.0,26.0,7.0,24.733333333333334,27.285714285714285,Hell's Kitchen,18,5,1,174,0,1,0
2023-06-24 19:00:00,16.0,18.0,20.0,4.0,24.2,27.39047619047619,Hell's Kitchen,19,5,1,174,0,1,0
2023-06-24 20:00:00,0.0,16.0,0.0,0.0,23.933333333333334,27.504761904761907,Hell's Kitchen,20,5,1,174,0,1,0
2023-06-25 06:00:00,21.0,,21.0,25.0,23.933333333333334,27.504761904761907,Hell's Kitchen,6,6,1,175,0,1,0
2023-06-25 07:00:00,51.0,21.0,46.0,67.0,23.933333333333334,27.466666666666665,Hell's Kitchen,7,6,1,175,0,1,0
2023-06-25 08:00:00,49.0,51.0,44.0,73.0,24.266666666666666,27.314285714285713,Hell's Kitchen,8,6,1,175,0,1,0
2023-06-25 09:00:00,42.0,49.0,37.0,58.0,24.6,27.085714285714285,Hell's Kitchen,9,6,1,175,0,1,0
2023-06-25 10:00:00,42.0,42.0,41.0,64.0,24.933333333333334,26.933333333333334,Hell's Kitchen,10,6,1,175,0,1,0
2023-06-25 11:00:00,33.0,42.0,23.0,33.0,25.0,26.723809523809525,Hell's Kitchen,11,6,1,175,0,1,0
2023-06-25 12:00:00,19.0,33.0,25.0,18.0,25.666666666666668,26.723809523809525,Hell's Kitchen,12,6,1,175,0,1,0
2023-06-25 13:00:00,17.0,19.0,15.0,18.0,25.266666666666666,26.733333333333334,Hell's Kitchen,13,6,1,175,0,1,0
2023-06-25 14:00:00,15.0,17.0,21.0,15.0,25.4,26.723809523809525,Hell's Kitchen,14,6,1,175,0,1,0
2023-06-25 15:00:00,12.0,15.0,20.0,15.0,25.0,26.723809523809525,Hell's Kitchen,15,6,1,175,0,1,0
2023-06-25 16:00:00,22.0,12.0,16.0,16.0,24.466666666666665,26.695238095238096,Hell's Kitchen,16,6,1,175,0,1,0
2023-06-25 17:00:00,20.0,22.0,16.0,21.0,24.866666666666667,26.752380952380953,Hell's Kitchen,17,6,1,175,0,1,0
2023-06-25 18:00:00,17.0,20.0,18.0,10.0,25.133333333333333,26.742857142857144,Hell's Kitchen,18,6,1,175,0,1,0
2023-06-25 19:00:00,16.0,17.0,16.0,18.0,25.066666666666666,26.80952380952381,Hell's Kitchen,19,6,1,175,0,1,0
2023-06-25 20:00:00,0.0,16.0,0.0,0.0,25.066666666666666,26.79047619047619,Hell's Kitchen,20,6,1,175,0,1,0
2023-06-26 06:00:00,20.0,,21.0,47.0,25.066666666666666,26.79047619047619,Hell's Kitchen,6,0,0,176,0,1,0
2023-06-26 07:00:00,48.0,20.0,51.0,68.0,25.0,26.533333333333335,Hell's Kitchen,7,0,0,176,0,1,0
2023-06-26 08:00:00,47.0,48.0,49.0,68.0,24.8,26.34285714285714,Hell's Kitchen,8,0,0,176,0,1,0
2023-06-26 09:00:00,52.0,47.0,42.0,53.0,24.666666666666668,26.142857142857142,Hell's Kitchen,9,0,0,176,0,1,0
2023-06-26 10:00:00,51.0,52.0,42.0,52.0,25.333333333333332,26.133333333333333,Hell's Kitchen,10,0,0,176,0,1,0
2023-06-26 11:00:00,31.0,51.0,33.0,32.0,25.933333333333334,26.123809523809523,Hell's Kitchen,11,0,0,176,0,1,0
2023-06-26 12:00:00,11.0,31.0,19.0,25.0,25.8,26.114285714285714,Hell's Kitchen,12,0,0,176,0,1,0
2023-06-26 13:00:00,24.0,11.0,17.0,12.0,25.266666666666666,25.98095238095238,Hell's Kitchen,13,0,0,176,0,1,0
2023-06-26 14:00:00,20.0,24.0,15.0,9.0,25.733333333333334,26.095238095238095,Hell's Kitchen,14,0,0,176,0,1,0
2023-06-26 15:00:00,12.0,20.0,12.0,24.0,26.066666666666666,26.2,Hell's Kitchen,15,0,0,176,0,1,0
2023-06-26 16:00:00,17.0,12.0,22.0,19.0,26.066666666666666,26.085714285714285,Hell's Kitchen,16,0,0,176,0,1,0
2023-06-26 17:00:00,20.0,17.0,20.0,13.0,25.733333333333334,26.066666666666666,Hell's Kitchen,17,0,0,176,0,1,0
2023-06-26 18:00:00,20.0,20.0,17.0,17.0,25.733333333333334,26.133333333333333,Hell's Kitchen,18,0,0,176,0,1,0
2023-06-26 19:00:00,14.0,20.0,16.0,15.0,25.933333333333334,26.16190476190476,Hell's Kitchen,19,0,0,176,0,1,0
2023-06-26 20:00:00,0.0,14.0,0.0,0.0,25.8,26.152380952380952,Hell's Kitchen,20,0,0,176,0,1,0
2023-06-27 06:00:00,0.0,,20.0,0.0,25.8,26.152380952380952,Hell's Kitchen,6,1,0,177,0,1,0
2023-06-27 07:00:00,0.0,0.0,48.0,0.0,24.466666666666665,26.152380952380952,Hell's Kitchen,7,1,0,177,0,1,0
2023-06-27 08:00:00,71.0,0.0,47.0,94.0,21.266666666666666,26.152380952380952,Hell's Kitchen,8,1,0,177,0,1,0
2023-06-27 09:00:00,97.0,71.0,52.0,74.0,22.866666666666667,25.933333333333334,Hell's Kitchen,9,1,0,177,0,1,0
2023-06-27 10:00:00,99.0,97.0,51.0,82.0,25.866666666666667,26.152380952380952,Hell's Kitchen,10,1,0,177,0,1,0
2023-06-27 11:00:00,8.0,99.0,31.0,8.0,29.066666666666666,26.314285714285713,Hell's Kitchen,11,1,0,177,0,1,0
2023-06-27 12:00:00,21.0,8.0,11.0,8.0,27.533333333333335,26.314285714285713,Hell's Kitchen,12,1,0,177,0,1,0
2023-06-27 13:00:00,14.0,21.0,24.0,13.0,28.2,26.438095238095237,Hell's Kitchen,13,1,0,177,0,1,0
2023-06-27 14:00:00,8.0,14.0,20.0,26.0,27.533333333333335,26.447619047619046,Hell's Kitchen,14,1,0,177,0,1,0
2023-06-27 15:00:00,20.0,8.0,12.0,15.0,26.733333333333334,26.276190476190475,Hell's Kitchen,15,1,0,177,0,1,0
2023-06-27 16:00:00,12.0,20.0,17.0,16.0,27.266666666666666,26.323809523809523,Hell's Kitchen,16,1,0,177,0,1,0
2023-06-27 17:00:00,19.0,12.0,20.0,10.0,26.933333333333334,26.285714285714285,Hell's Kitchen,17,1,0,177,0,1,0
2023-06-27 18:00:00,14.0,19.0,20.0,9.0,26.866666666666667,26.37142857142857,Hell's Kitchen,18,1,0,177,0,1,0
2023-06-27 19:00:00,11.0,14.0,14.0,20.0,26.466666666666665,26.419047619047618,Hell's Kitchen,19,1,0,177,0,1,0
2023-06-27 20:00:00,20.0,11.0,0.0,21.0,26.266666666666666,26.333333333333332,Hell's Kitchen,20,1,0,177,0,1,0
2023-06-28 06:00:00,0.0,,0.0,0.0,27.6,26.323809523809523,Hell's Kitchen,6,2,0,178,0,1,0
2023-06-28 07:00:00,0.0,0.0,0.0,0.0,27.6,26.323809523809523,Hell's Kitchen,7,2,0,178,0,1,0
2023-06-28 08:00:00,28.0,0.0,71.0,92.0,27.6,26.323809523809523,Hell's Kitchen,8,2,0,178,0,1,0
2023-06-28 09:00:00,27.0,28.0,97.0,100.0,24.733333333333334,25.714285714285715,Hell's Kitchen,9,2,0,178,0,1,0
2023-06-28 10:00:00,28.0,27.0,99.0,99.0,20.066666666666666,25.01904761904762,Hell's Kitchen,10,2,0,178,0,1,0
2023-06-28 11:00:00,22.0,28.0,8.0,9.0,15.333333333333334,24.34285714285714,Hell's Kitchen,11,2,0,178,0,1,0
2023-06-28 12:00:00,23.0,22.0,21.0,19.0,16.266666666666666,24.466666666666665,Hell's Kitchen,12,2,0,178,0,1,0
2023-06-28 13:00:00,36.0,23.0,14.0,27.0,16.4,24.504761904761907,Hell's Kitchen,13,2,0,178,0,1,0
2023-06-28 14:00:00,34.0,36.0,8.0,26.0,17.866666666666667,24.590476190476192,Hell's Kitchen,14,2,0,178,0,1,0
2023-06-28 15:00:00,24.0,34.0,20.0,22.0,19.6,24.666666666666668,Hell's Kitchen,15,2,0,178,0,1,0
2023-06-28 16:00:00,32.0,24.0,12.0,15.0,19.866666666666667,24.685714285714287,Hell's Kitchen,16,2,0,178,0,1,0
2023-06-28 17:00:00,29.0,32.0,19.0,13.0,21.2,24.847619047619048,Hell's Kitchen,17,2,0,178,0,1,0
2023-06-28 18:00:00,24.0,29.0,14.0,22.0,21.866666666666667,25.0,Hell's Kitchen,18,2,0,178,0,1,0
2023-06-28 19:00:00,27.0,24.0,11.0,15.0,22.533333333333335,25.01904761904762,Hell's Kitchen,19,2,0,178,0,1,0
2023-06-28 20:00:00,0.0,27.0,20.0,26.0,23.6,25.133333333333333,Hell's Kitchen,20,2,0,178,0,1,0
2023-06-29 06:00:00,0.0,,0.0,16.0,22.266666666666666,24.885714285714286,Hell's Kitchen,6,3,0,179,0,1,0
2023-06-29 07:00:00,0.0,0.0,0.0,34.0,22.266666666666666,24.733333333333334,Hell's Kitchen,7,3,0,179,0,1,0
2023-06-29 08:00:00,23.0,0.0,28.0,45.0,22.266666666666666,24.409523809523808,Hell's Kitchen,8,3,0,179,0,1,0
2023-06-29 09:00:00,25.0,23.0,27.0,39.0,21.933333333333334,24.2,Hell's Kitchen,9,3,0,179,0,1,0
2023-06-29 10:00:00,24.0,25.0,28.0,37.0,21.8,24.066666666666666,Hell's Kitchen,10,3,0,179,0,1,0
2023-06-29 11:00:00,32.0,24.0,22.0,26.0,21.533333333333335,23.942857142857143,Hell's Kitchen,11,3,0,179,0,1,0
2023-06-29 12:00:00,19.0,32.0,23.0,16.0,22.2,24.0,Hell's Kitchen,12,3,0,179,0,1,0
2023-06-29 13:00:00,25.0,19.0,36.0,18.0,21.933333333333334,24.02857142857143,Hell's Kitchen,13,3,0,179,0,1,0
2023-06-29 14:00:00,22.0,25.0,34.0,18.0,21.2,24.095238095238095,Hell's Kitchen,14,3,0,179,0,1,0
2023-06-29 15:00:00,19.0,22.0,24.0,20.0,20.4,24.133333333333333,Hell's Kitchen,15,3,0,179,0,1,0
2023-06-29 16:00:00,32.0,19.0,32.0,16.0,20.066666666666666,24.123809523809523,Hell's Kitchen,16,3,0,179,0,1,0
2023-06-29 17:00:00,32.0,32.0,29.0,16.0,20.066666666666666,24.276190476190475,Hell's Kitchen,17,3,0,179,0,1,0
2023-06-29 18:00:00,15.0,32.0,24.0,18.0,20.266666666666666,24.428571428571427,Hell's Kitchen,18,3,0,179,0,1,0
2023-06-29 19:00:00,26.0,15.0,27.0,22.0,19.666666666666668,24.4,Hell's Kitchen,19,3,0,179,0,1,0
2023-06-29 20:00:00,0.0,26.0,0.0,0.0,19.6,24.438095238095237,Hell's Kitchen,20,3,0,179,0,1,0
2023-06-30 06:00:00,20.0,,0.0,29.0,19.6,24.438095238095237,Hell's Kitchen,6,4,0,180,0,1,0
2023-06-30 07:00:00,27.0,20.0,0.0,51.0,20.933333333333334,24.35238095238095,Hell's Kitchen,7,4,0,180,0,1,0
2023-06-30 08:00:00,57.0,27.0,23.0,48.0,22.733333333333334,24.123809523809523,Hell's Kitchen,8,4,0,180,0,1,0
2023-06-30 09:00:00,62.0,57.0,25.0,59.0,25.0,24.20952380952381,Hell's Kitchen,9,4,0,180,0,1,0
2023-06-30 10:00:00,60.0,62.0,24.0,31.0,27.466666666666665,24.238095238095237,Hell's Kitchen,10,4,0,180,0,1,0
2023-06-30 11:00:00,28.0,60.0,32.0,33.0,29.866666666666667,24.514285714285716,Hell's Kitchen,11,4,0,180,0,1,0
2023-06-30 12:00:00,8.0,28.0,19.0,16.0,29.6,24.466666666666665,Hell's Kitchen,12,4,0,180,0,1,0
2023-06-30 13:00:00,11.0,8.0,25.0,15.0,28.866666666666667,24.39047619047619,Hell's Kitchen,13,4,0,180,0,1,0
2023-06-30 14:00:00,11.0,11.0,22.0,26.0,27.933333333333334,24.35238095238095,Hell's Kitchen,14,4,0,180,0,1,0
2023-06-30 15:00:00,13.0,11.0,19.0,20.0,27.2,24.20952380952381,Hell's Kitchen,15,4,0,180,0,1,0
2023-06-30 16:00:00,5.0,13.0,32.0,11.0,26.8,24.142857142857142,Hell's Kitchen,16,4,0,180,0,1,0
2023-06-30 17:00:00,15.0,5.0,32.0,17.0,25.0,24.085714285714285,Hell's Kitchen,17,4,0,180,0,1,0
2023-06-30 18:00:00,6.0,15.0,15.0,26.0,23.866666666666667,24.066666666666666,Hell's Kitchen,18,4,0,180,0,1,0
2023-06-30 19:00:00,14.0,6.0,26.0,20.0,23.266666666666666,23.876190476190477,Hell's Kitchen,19,4,0,180,0,1,0
2023-06-30 20:00:00,6.0,14.0,0.0,0.0,22.466666666666665,23.81904761904762,Hell's Kitchen,20,4,0,180,0,1,0
2023-01-08 06:00:00,0.0,,4.0,0.0,10.4,11.038095238095238,Lower Manhattan,6,6,1,7,0,0,1
2023-01-08 07:00:00,13.0,0.0,34.0,17.0,10.133333333333333,11.038095238095238,Lower Manhattan,7,6,1,7,0,0,1
2023-01-08 08:00:00,35.0,13.0,32.0,10.0,8.733333333333333,11.0,Lower Manhattan,8,6,1,7,0,0,1
2023-01-08 09:00:00,40.0,35.0,26.0,24.0,8.933333333333334,11.238095238095237,Lower Manhattan,9,6,1,7,0,0,1
2023-01-08 10:00:00,36.0,40.0,41.0,15.0,9.866666666666667,11.39047619047619,Lower Manhattan,10,6,1,7,0,0,1
2023-01-08 11:00:00,11.0,36.0,8.0,16.0,9.533333333333333,11.59047619047619,Lower Manhattan,11,6,1,7,0,0,1
2023-01-08 12:00:00,9.0,11.0,11.0,13.0,9.733333333333333,11.542857142857143,Lower Manhattan,12,6,1,7,0,0,1
2023-01-08 13:00:00,9.0,9.0,0.0,21.0,9.6,11.504761904761905,Lower Manhattan,13,6,1,7,0,0,1
2023-01-08 14:00:00,5.0,9.0,0.0,17.0,10.2,11.39047619047619,Lower Manhattan,14,6,1,7,0,0,1
2023-01-08 15:00:00,8.0,5.0,0.0,14.0,10.533333333333333,11.276190476190477,Lower Manhattan,15,6,1,7,0,0,1
2023-01-08 16:00:00,10.0,8.0,0.0,13.0,11.066666666666666,11.219047619047618,Lower Manhattan,16,6,1,7,0,0,1
2023-01-08 17:00:00,4.0,10.0,0.0,9.0,11.733333333333333,11.19047619047619,Lower Manhattan,17,6,1,7,0,0,1
2023-01-08 18:00:00,8.0,4.0,0.0,7.0,12.0,11.142857142857142,Lower Manhattan,18,6,1,7,0,0,1
2023-01-08 19:00:00,7.0,8.0,0.0,0.0,12.533333333333333,11.152380952380952,Lower Manhattan,19,6,1,7,0,0,1
2023-01-08 20:00:00,10.0,7.0,0.0,0.0,13.0,11.219047619047618,Lower Manhattan,20,6,1,7,0,0,1
2023-01-09 06:00:00,0.0,,0.0,0.0,13.666666666666666,11.314285714285715,Lower Manhattan,6,0,0,8,0,0,1
2023-01-09 07:00:00,24.0,0.0,13.0,14.0,13.666666666666666,11.314285714285715,Lower Manhattan,7,0,0,8,0,0,1
2023-01-09 08:00:00,30.0,24.0,35.0,10.0,14.4,11.40952380952381,Lower Manhattan,8,0,0,8,0,0,1
2023-01-09 09:00:00,42.0,30.0,40.0,11.0,14.066666666666666,11.6,Lower Manhattan,9,0,0,8,0,0,1
2023-01-09 10:00:00,35.0,42.0,36.0,11.0,14.2,11.895238095238096,Lower Manhattan,10,0,0,8,0,0,1
2023-01-09 11:00:00,7.0,35.0,11.0,11.0,14.133333333333333,12.123809523809523,Lower Manhattan,11,0,0,8,0,0,1
2023-01-09 12:00:00,10.0,7.0,9.0,17.0,13.866666666666667,12.085714285714285,Lower Manhattan,12,0,0,8,0,0,1
2023-01-09 13:00:00,8.0,10.0,9.0,9.0,13.933333333333334,12.019047619047619,Lower Manhattan,13,0,0,8,0,0,1
2023-01-09 14:00:00,7.0,8.0,5.0,15.0,13.866666666666667,12.00952380952381,Lower Manhattan,14,0,0,8,0,0,1
2023-01-09 15:00:00,5.0,7.0,8.0,25.0,14.0,11.933333333333334,Lower Manhattan,15,0,0,8,0,0,1
2023-01-09 16:00:00,6.0,5.0,10.0,20.0,13.8,11.742857142857142,Lower Manhattan,16,0,0,8,0,0,1
2023-01-09 17:00:00,0.0,6.0,4.0,9.0,13.533333333333333,11.60952380952381,Lower Manhattan,17,0,0,8,0,0,1
2023-01-09 18:00:00,7.0,0.0,8.0,7.0,13.266666666666667,11.523809523809524,Lower Manhattan,18,0,0,8,0,0,1
2023-01-09 19:00:00,9.0,7.0,7.0,0.0,13.2,11.523809523809524,Lower Manhattan,19,0,0,8,0,0,1
2023-01-09 20:00:00,2.0,9.0,10.0,0.0,13.333333333333334,11.60952380952381,Lower Manhattan,20,0,0,8,0,0,1
2023-01-10 06:00:00,19.0,,0.0,0.0,12.8,11.628571428571428,Lower Manhattan,6,1,0,9,0,0,1
2023-01-10 07:00:00,28.0,19.0,24.0,7.0,14.066666666666666,11.80952380952381,Lower Manhattan,7,1,0,9,0,0,1
2023-01-10 08:00:00,29.0,28.0,30.0,14.0,14.333333333333334,12.00952380952381,Lower Manhattan,8,1,0,9,0,0,1
2023-01-10 09:00:00,31.0,29.0,42.0,14.0,14.266666666666667,12.152380952380952,Lower Manhattan,9,1,0,9,0,0,1
2023-01-10 10:00:00,24.0,31.0,35.0,17.0,13.533333333333333,12.314285714285715,Lower Manhattan,10,1,0,9,0,0,1
2023-01-10 11:00:00,17.0,24.0,7.0,20.0,12.8,12.380952380952381,Lower Manhattan,11,1,0,9,0,0,1
2023-01-10 12:00:00,4.0,17.0,10.0,10.0,13.466666666666667,12.352380952380953,Lower Manhattan,12,1,0,9,0,0,1
2023-01-10 13:00:00,10.0,4.0,8.0,9.0,13.066666666666666,12.295238095238096,Lower Manhattan,13,1,0,9,0,0,1
2023-01-10 14:00:00,15.0,10.0,7.0,17.0,13.2,12.304761904761905,Lower Manhattan,14,1,0,9,0,0,1
2023-01-10 15:00:00,7.0,15.0,5.0,21.0,13.733333333333333,12.285714285714286,Lower Manhattan,15,1,0,9,0,0,1
2023-01-10 16:00:00,12.0,7.0,6.0,18.0,13.866666666666667,12.152380952380952,Lower Manhattan,16,1,0,9,0,0,1
2023-01-10 17:00:00,2.0,12.0,0.0,17.0,14.266666666666667,12.095238095238095,Lower Manhattan,17,1,0,9,0,0,1
2023-01-10 18:00:00,5.0,2.0,7.0,2.0,14.4,11.952380952380953,Lower Manhattan,18,1,0,9,0,0,1
2023-01-10 19:00:00,0.0,5.0,9.0,0.0,14.266666666666667,11.980952380952381,Lower Manhattan,19,1,0,9,0,0,1
2023-01-10 20:00:00,0.0,0.0,2.0,0.0,13.666666666666666,11.980952380952381,Lower Manhattan,20,1,0,9,0,0,1
2023-01-11 06:00:00,27.0,,19.0,0.0,13.533333333333333,11.980952380952381,Lower Manhattan,6,2,0,10,0,0,1
2023-01-11 07:00:00,21.0,27.0,28.0,9.0,14.066666666666666,12.238095238095237,Lower Manhattan,7,2,0,10,0,0,1
2023-01-11 08:00:00,26.0,21.0,29.0,8.0,13.6,12.352380952380953,Lower Manhattan,8,2,0,10,0,0,1
2023-01-11 09:00:00,20.0,26.0,31.0,13.0,13.4,12.523809523809524,Lower Manhattan,9,2,0,10,0,0,1
2023-01-11 10:00:00,13.0,20.0,24.0,9.0,12.666666666666666,12.59047619047619,Lower Manhattan,10,2,0,10,0,0,1
2023-01-11 11:00:00,6.0,13.0,17.0,8.0,11.933333333333334,12.628571428571428,Lower Manhattan,11,2,0,10,0,0,1
2023-01-11 12:00:00,10.0,6.0,4.0,14.0,11.2,12.60952380952381,Lower Manhattan,12,2,0,10,0,0,1
2023-01-11 13:00:00,16.0,10.0,10.0,9.0,11.6,12.571428571428571,Lower Manhattan,13,2,0,10,0,0,1
2023-01-11 14:00:00,6.0,16.0,15.0,22.0,12.0,12.638095238095238,Lower Manhattan,14,2,0,10,0,0,1
2023-01-11 15:00:00,11.0,6.0,7.0,17.0,11.4,12.485714285714286,Lower Manhattan,15,2,0,10,0,0,1
2023-01-11 16:00:00,14.0,11.0,12.0,8.0,11.666666666666666,12.428571428571429,Lower Manhattan,16,2,0,10,0,0,1
2023-01-11 17:00:00,8.0,14.0,2.0,15.0,11.8,12.485714285714286,Lower Manhattan,17,2,0,10,0,0,1
2023-01-11 18:00:00,9.0,8.0,5.0,8.0,12.2,12.41904761904762,Lower Manhattan,18,2,0,10,0,0,1
2023-01-11 19:00:00,0.0,9.0,0.0,0.0,12.466666666666667,12.428571428571429,Lower Manhattan,19,2,0,10,0,0,1
2023-01-11 20:00:00,0.0,0.0,0.0,0.0,12.466666666666667,12.428571428571429,Lower Manhattan,20,2,0,10,0,0,1
2023-01-12 06:00:00,25.0,,27.0,0.0,12.466666666666667,12.428571428571429,Lower Manhattan,6,3,0,11,0,0,1
2023-01-12 07:00:00,28.0,25.0,21.0,13.0,12.333333333333334,12.666666666666666,Lower Manhattan,7,3,0,11,0,0,1
2023-01-12 08:00:00,18.0,28.0,26.0,22.0,12.8,12.80952380952381,Lower Manhattan,8,3,0,11,0,0,1
2023-01-12 09:00:00,28.0,18.0,20.0,14.0,12.266666666666667,12.771428571428572,Lower Manhattan,9,3,0,11,0,0,1
2023-01-12 10:00:00,31.0,28.0,13.0,18.0,12.8,12.904761904761905,Lower Manhattan,10,3,0,11,0,0,1
2023-01-12 11:00:00,8.0,31.0,6.0,22.0,14.0,13.028571428571428,Lower Manhattan,11,3,0,11,0,0,1
2023-01-12 12:00:00,5.0,8.0,10.0,19.0,14.133333333333333,12.895238095238096,Lower Manhattan,12,3,0,11,0,0,1
2023-01-12 13:00:00,9.0,5.0,16.0,15.0,13.8,12.761904761904763,Lower Manhattan,13,3,0,11,0,0,1
2023-01-12 14:00:00,14.0,9.0,6.0,16.0,13.333333333333334,12.704761904761904,Lower Manhattan,14,3,0,11,0,0,1
2023-01-12 15:00:00,4.0,14.0,11.0,20.0,13.866666666666667,12.685714285714285,Lower Manhattan,15,3,0,11,0,0,1
2023-01-12 16:00:00,19.0,4.0,14.0,11.0,13.4,12.533333333333333,Lower Manhattan,16,3,0,11,0,0,1
2023-01-12 17:00:00,15.0,19.0,8.0,7.0,13.733333333333333,12.60952380952381,Lower Manhattan,17,3,0,11,0,0,1
2023-01-12 18:00:00,7.0,15.0,9.0,4.0,14.2,12.685714285714285,Lower Manhattan,18,3,0,11,0,0,1
2023-01-12 19:00:00,0.0,7.0,0.0,0.0,14.066666666666666,12.714285714285714,Lower Manhattan,19,3,0,11,0,0,1
2023-01-12 20:00:00,0.0,0.0,0.0,0.0,14.066666666666666,12.714285714285714,Lower Manhattan,20,3,0,11,0,0,1
2023-01-13 06:00:00,0.0,,25.0,0.0,14.066666666666666,12.714285714285714,Lower Manhattan,6,4,0,12,0,0,1
2023-01-13 07:00:00,39.0,0.0,28.0,22.0,12.4,12.714285714285714,Lower Manhattan,7,4,0,12,0,0,1
2023-01-13 08:00:00,30.0,39.0,18.0,18.0,13.133333333333333,12.876190476190477,Lower Manhattan,8,4,0,12,0,0,1
2023-01-13 09:00:00,26.0,30.0,28.0,14.0,13.933333333333334,12.99047619047619,Lower Manhattan,9,4,0,12,0,0,1
2023-01-13 10:00:00,24.0,26.0,31.0,12.0,13.8,13.104761904761904,Lower Manhattan,10,4,0,12,0,0,1
2023-01-13 11:00:00,8.0,24.0,8.0,16.0,13.333333333333334,13.219047619047618,Lower Manhattan,11,4,0,12,0,0,1
2023-01-13 12:00:00,14.0,8.0,5.0,10.0,13.333333333333334,13.142857142857142,Lower Manhattan,12,4,0,12,0,0,1
2023-01-13 13:00:00,3.0,14.0,9.0,15.0,13.933333333333334,13.18095238095238,Lower Manhattan,13,4,0,12,0,0,1
2023-01-13 14:00:00,16.0,3.0,14.0,16.0,13.533333333333333,13.066666666666666,Lower Manhattan,14,4,0,12,0,0,1
2023-01-13 15:00:00,11.0,16.0,4.0,26.0,13.666666666666666,13.066666666666666,Lower Manhattan,15,4,0,12,0,0,1
2023-01-13 16:00:00,8.0,11.0,19.0,13.0,14.133333333333333,12.923809523809524,Lower Manhattan,16,4,0,12,0,0,1
2023-01-13 17:00:00,8.0,8.0,15.0,14.0,13.4,12.876190476190477,Lower Manhattan,17,4,0,12,0,0,1
2023-01-13 18:00:00,6.0,8.0,7.0,5.0,12.933333333333334,12.81904761904762,Lower Manhattan,18,4,0,12,0,0,1
2023-01-13 19:00:00,0.0,6.0,0.0,0.0,12.866666666666667,12.82857142857143,Lower Manhattan,19,4,0,12,0,0,1
2023-01-13 20:00:00,0.0,0.0,0.0,0.0,12.866666666666667,12.82857142857143,Lower Manhattan,20,4,0,12,0,0,1
2023-01-14 06:00:00,0.0,,0.0,4.0,12.866666666666667,12.82857142857143,Lower Manhattan,6,5,1,13,0,0,1
2023-01-14 07:00:00,25.0,0.0,39.0,34.0,12.866666666666667,12.790476190476191,Lower Manhattan,7,5,1,13,0,0,1
2023-01-14 08:00:00,34.0,25.0,30.0,32.0,11.933333333333334,12.704761904761904,Lower Manhattan,8,5,1,13,0,0,1
2023-01-14 09:00:00,25.0,34.0,26.0,26.0,12.2,12.723809523809523,Lower Manhattan,9,5,1,13,0,0,1
2023-01-14 10:00:00,24.0,25.0,24.0,41.0,12.133333333333333,12.714285714285714,Lower Manhattan,10,5,1,13,0,0,1
2023-01-14 11:00:00,8.0,24.0,8.0,8.0,12.133333333333333,12.552380952380952,Lower Manhattan,11,5,1,13,0,0,1
2023-01-14 12:00:00,9.0,8.0,14.0,11.0,12.133333333333333,12.552380952380952,Lower Manhattan,12,5,1,13,0,0,1
2023-01-14 13:00:00,15.0,9.0,3.0,0.0,11.8,12.533333333333333,Lower Manhattan,13,5,1,13,0,0,1
2023-01-14 14:00:00,5.0,15.0,16.0,0.0,12.6,12.676190476190476,Lower Manhattan,14,5,1,13,0,0,1
2023-01-14 15:00:00,9.0,5.0,11.0,0.0,11.866666666666667,12.723809523809523,Lower Manhattan,15,5,1,13,0,0,1
2023-01-14 16:00:00,7.0,9.0,8.0,0.0,11.733333333333333,12.80952380952381,Lower Manhattan,16,5,1,13,0,0,1
2023-01-14 17:00:00,14.0,7.0,8.0,0.0,11.666666666666666,12.876190476190477,Lower Manhattan,17,5,1,13,0,0,1
2023-01-14 18:00:00,4.0,14.0,6.0,0.0,12.066666666666666,13.00952380952381,Lower Manhattan,18,5,1,13,0,0,1
2023-01-14 19:00:00,0.0,4.0,0.0,0.0,11.933333333333334,13.047619047619047,Lower Manhattan,19,5,1,13,0,0,1
2023-01-14 20:00:00,0.0,0.0,0.0,0.0,11.933333333333334,13.047619047619047,Lower Manhattan,20,5,1,13,0,0,1
2023-01-15 06:00:00,28.0,,0.0,0.0,11.933333333333334,13.047619047619047,Lower Manhattan,6,6,1,14,0,0,1
2023-01-15 07:00:00,25.0,28.0,25.0,13.0,13.8,13.314285714285715,Lower Manhattan,7,6,1,14,0,0,1
2023-01-15 08:00:00,15.0,25.0,34.0,35.0,13.8,13.428571428571429,Lower Manhattan,8,6,1,14,0,0,1
2023-01-15 09:00:00,25.0,15.0,25.0,40.0,12.533333333333333,13.238095238095237,Lower Manhattan,9,6,1,14,0,0,1
2023-01-15 10:00:00,27.0,25.0,24.0,36.0,12.533333333333333,13.095238095238095,Lower Manhattan,10,6,1,14,0,0,1
2023-01-15 11:00:00,7.0,27.0,8.0,11.0,12.733333333333333,13.00952380952381,Lower Manhattan,11,6,1,14,0,0,1
2023-01-15 12:00:00,14.0,7.0,9.0,9.0,12.666666666666666,12.971428571428572,Lower Manhattan,12,6,1,14,0,0,1
2023-01-15 13:00:00,16.0,14.0,15.0,9.0,13.0,13.019047619047619,Lower Manhattan,13,6,1,14,0,0,1
2023-01-15 14:00:00,10.0,16.0,5.0,5.0,13.066666666666666,13.085714285714285,Lower Manhattan,14,6,1,14,0,0,1
2023-01-15 15:00:00,8.0,10.0,9.0,8.0,13.4,13.133333333333333,Lower Manhattan,15,6,1,14,0,0,1
2023-01-15 16:00:00,16.0,8.0,7.0,10.0,13.333333333333334,13.133333333333333,Lower Manhattan,16,6,1,14,0,0,1
2023-01-15 17:00:00,2.0,16.0,14.0,4.0,13.933333333333334,13.19047619047619,Lower Manhattan,17,6,1,14,0,0,1
2023-01-15 18:00:00,6.0,2.0,4.0,8.0,13.133333333333333,13.17142857142857,Lower Manhattan,18,6,1,14,0,0,1
2023-01-15 19:00:00,0.0,6.0,0.0,7.0,13.266666666666667,13.152380952380952,Lower Manhattan,19,6,1,14,0,0,1
2023-01-15 20:00:00,0.0,0.0,0.0,10.0,13.266666666666667,13.085714285714285,Lower Manhattan,20,6,1,14,0,0,1
2023-01-16 06:00:00,19.0,,28.0,0.0,13.266666666666667,12.99047619047619,Lower Manhattan,6,0,0,15,0,0,1
2023-01-16 07:00:00,25.0,19.0,25.0,24.0,12.666666666666666,13.17142857142857,Lower Manhattan,7,0,0,15,0,0,1
2023-01-16 08:00:00,23.0,25.0,15.0,30.0,12.666666666666666,13.18095238095238,Lower Manhattan,8,0,0,15,0,0,1
2023-01-16 09:00:00,26.0,23.0,25.0,42.0,13.2,13.114285714285714,Lower Manhattan,9,0,0,15,0,0,1
2023-01-16 10:00:00,24.0,26.0,27.0,35.0,13.266666666666667,12.961904761904762,Lower Manhattan,10,0,0,15,0,0,1
2023-01-16 11:00:00,12.0,24.0,7.0,7.0,13.066666666666666,12.857142857142858,Lower Manhattan,11,0,0,15,0,0,1
2023-01-16 12:00:00,13.0,12.0,14.0,10.0,13.4,12.904761904761905,Lower Manhattan,12,0,0,15,0,0,1
2023-01-16 13:00:00,5.0,13.0,16.0,8.0,13.333333333333334,12.933333333333334,Lower Manhattan,13,0,0,15,0,0,1
2023-01-16 14:00:00,9.0,5.0,10.0,7.0,12.6,12.904761904761905,Lower Manhattan,14,0,0,15,0,0,1
2023-01-16 15:00:00,10.0,9.0,8.0,5.0,12.533333333333333,12.923809523809524,Lower Manhattan,15,0,0,15,0,0,1
2023-01-16 16:00:00,17.0,10.0,16.0,6.0,12.666666666666666,12.971428571428572,Lower Manhattan,16,0,0,15,0,0,1
2023-01-16 17:00:00,5.0,17.0,2.0,0.0,12.733333333333333,13.076190476190476,Lower Manhattan,17,0,0,15,0,0,1
2023-01-16 18:00:00,4.0,5.0,6.0,7.0,12.933333333333334,13.123809523809523,Lower Manhattan,18,0,0,15,0,0,1
2023-01-16 19:00:00,0.0,4.0,0.0,9.0,12.8,13.095238095238095,Lower Manhattan,19,0,0,15,0,0,1
2023-01-16 20:00:00,0.0,0.0,0.0,2.0,12.8,13.00952380952381,Lower Manhattan,20,0,0,15,0,0,1
2023-01-17 06:00:00,29.0,,19.0,19.0,12.8,12.99047619047619,Lower Manhattan,6,1,0,16,0,0,1
2023-01-17 07:00:00,20.0,29.0,25.0,28.0,13.466666666666667,13.085714285714285,Lower Manhattan,7,1,0,16,0,0,1
2023-01-17 08:00:00,24.0,20.0,23.0,29.0,13.133333333333333,13.00952380952381,Lower Manhattan,8,1,0,16,0,0,1
2023-01-17 09:00:00,18.0,24.0,26.0,31.0,13.2,12.961904761904762,Lower Manhattan,9,1,0,16,0,0,1
2023-01-17 10:00:00,23.0,18.0,24.0,24.0,12.666666666666666,12.838095238095239,Lower Manhattan,10,1,0,16,0,0,1
2023-01-17 11:00:00,11.0,23.0,12.0,17.0,12.6,12.82857142857143,Lower Manhattan,11,1,0,16,0,0,1
2023-01-17 12:00:00,14.0,11.0,13.0,4.0,12.533333333333333,12.771428571428572,Lower Manhattan,12,1,0,16,0,0,1
2023-01-17 13:00:00,5.0,14.0,5.0,10.0,12.6,12.866666666666667,Lower Manhattan,13,1,0,16,0,0,1
2023-01-17 14:00:00,7.0,5.0,9.0,15.0,12.6,12.81904761904762,Lower Manhattan,14,1,0,16,0,0,1
2023-01-17 15:00:00,11.0,7.0,10.0,7.0,12.466666666666667,12.742857142857142,Lower Manhattan,15,1,0,16,0,0,1
2023-01-17 16:00:00,12.0,11.0,17.0,12.0,12.533333333333333,12.780952380952382,Lower Manhattan,16,1,0,16,0,0,1
2023-01-17 17:00:00,8.0,12.0,5.0,2.0,12.2,12.780952380952382,Lower Manhattan,17,1,0,16,0,0,1
2023-01-17 18:00:00,3.0,8.0,4.0,5.0,12.4,12.838095238095239,Lower Manhattan,18,1,0,16,0,0,1
2023-01-17 19:00:00,0.0,3.0,0.0,0.0,12.333333333333334,12.81904761904762,Lower Manhattan,19,1,0,16,0,0,1
2023-01-17 20:00:00,0.0,0.0,0.0,0.0,12.333333333333334,12.81904761904762,Lower Manhattan,20,1,0,16,0,0,1
2023-01-18 06:00:00,21.0,,29.0,27.0,12.333333333333334,12.81904761904762,Lower Manhattan,6,2,0,17,0,0,1
2023-01-18 07:00:00,25.0,21.0,20.0,21.0,11.8,12.761904761904763,Lower Manhattan,7,2,0,17,0,0,1
2023-01-18 08:00:00,15.0,25.0,24.0,26.0,12.133333333333333,12.8,Lower Manhattan,8,2,0,17,0,0,1
2023-01-18 09:00:00,25.0,15.0,18.0,20.0,11.533333333333333,12.695238095238095,Lower Manhattan,9,2,0,17,0,0,1
2023-01-18 10:00:00,24.0,25.0,23.0,13.0,12.0,12.742857142857142,Lower Manhattan,10,2,0,17,0,0,1
2023-01-18 11:00:00,8.0,24.0,11.0,6.0,12.066666666666666,12.847619047619048,Lower Manhattan,11,2,0,17,0,0,1
2023-01-18 12:00:00,12.0,8.0,14.0,10.0,11.866666666666667,12.866666666666667,Lower Manhattan,12,2,0,17,0,0,1
2023-01-18 13:00:00,9.0,12.0,5.0,16.0,11.733333333333333,12.885714285714286,Lower Manhattan,13,2,0,17,0,0,1
2023-01-18 14:00:00,5.0,9.0,7.0,6.0,12.0,12.81904761904762,Lower Manhattan,14,2,0,17,0,0,1
2023-01-18 15:00:00,16.0,5.0,11.0,11.0,11.866666666666667,12.80952380952381,Lower Manhattan,15,2,0,17,0,0,1
2023-01-18 16:00:00,14.0,16.0,12.0,14.0,12.2,12.857142857142858,Lower Manhattan,16,2,0,17,0,0,1
2023-01-18 17:00:00,8.0,14.0,8.0,8.0,12.333333333333334,12.857142857142858,Lower Manhattan,17,2,0,17,0,0,1
2023-01-18 18:00:00,4.0,8.0,3.0,9.0,12.333333333333334,12.857142857142858,Lower Manhattan,18,2,0,17,0,0,1
2023-01-18 19:00:00,0.0,4.0,0.0,0.0,12.4,12.80952380952381,Lower Manhattan,19,2,0,17,0,0,1
2023-01-18 20:00:00,0.0,0.0,0.0,0.0,12.4,12.80952380952381,Lower Manhattan,20,2,0,17,0,0,1
2023-01-19 06:00:00,27.0,,21.0,25.0,12.4,12.80952380952381,Lower Manhattan,6,3,0,18,0,0,1
2023-01-19 07:00:00,18.0,27.0,25.0,28.0,12.8,12.82857142857143,Lower Manhattan,7,3,0,18,0,0,1
2023-01-19 08:00:00,13.0,18.0,15.0,18.0,12.333333333333334,12.733333333333333,Lower Manhattan,8,3,0,18,0,0,1
2023-01-19 09:00:00,23.0,13.0,25.0,28.0,12.2,12.685714285714285,Lower Manhattan,9,3,0,18,0,0,1
2023-01-19 10:00:00,18.0,23.0,24.0,31.0,12.066666666666666,12.638095238095238,Lower Manhattan,10,3,0,18,0,0,1
2023-01-19 11:00:00,14.0,18.0,8.0,8.0,11.666666666666666,12.514285714285714,Lower Manhattan,11,3,0,18,0,0,1
2023-01-19 12:00:00,16.0,14.0,12.0,5.0,12.066666666666666,12.571428571428571,Lower Manhattan,12,3,0,18,0,0,1
2023-01-19 13:00:00,9.0,16.0,9.0,9.0,12.333333333333334,12.676190476190476,Lower Manhattan,13,3,0,18,0,0,1
2023-01-19 14:00:00,6.0,9.0,5.0,14.0,12.333333333333334,12.676190476190476,Lower Manhattan,14,3,0,18,0,0,1
2023-01-19 15:00:00,13.0,6.0,16.0,4.0,12.4,12.6,Lower Manhattan,15,3,0,18,0,0,1
2023-01-19 16:00:00,11.0,13.0,14.0,19.0,12.2,12.685714285714285,Lower Manhattan,16,3,0,18,0,0,1
2023-01-19 17:00:00,11.0,11.0,8.0,15.0,12.0,12.60952380952381,Lower Manhattan,17,3,0,18,0,0,1
2023-01-19 18:00:00,5.0,11.0,4.0,7.0,12.2,12.571428571428571,Lower Manhattan,18,3,0,18,0,0,1
2023-01-19 19:00:00,0.0,5.0,0.0,0.0,12.266666666666667,12.552380952380952,Lower Manhattan,19,3,0,18,0,0,1
2023-01-19 20:00:00,0.0,0.0,0.0,0.0,12.266666666666667,12.552380952380952,Lower Manhattan,20,3,0,18,0,0,1
2023-01-20 06:00:00,0.0,,27.0,0.0,12.266666666666667,12.552380952380952,Lower Manhattan,6,4,0,19,0,0,1
2023-01-20 07:00:00,33.0,0.0,18.0,39.0,10.466666666666667,12.552380952380952,Lower Manhattan,7,4,0,19,0,0,1
2023-01-20 08:00:00,23.0,33.0,13.0,30.0,11.466666666666667,12.495238095238095,Lower Manhattan,8,4,0,19,0,0,1
2023-01-20 09:00:00,18.0,23.0,23.0,26.0,12.133333333333333,12.428571428571429,Lower Manhattan,9,4,0,19,0,0,1
2023-01-20 10:00:00,34.0,18.0,18.0,24.0,11.8,12.352380952380953,Lower Manhattan,10,4,0,19,0,0,1
2023-01-20 11:00:00,9.0,34.0,14.0,8.0,12.866666666666667,12.447619047619048,Lower Manhattan,11,4,0,19,0,0,1
2023-01-20 12:00:00,4.0,9.0,16.0,14.0,12.533333333333333,12.457142857142857,Lower Manhattan,12,4,0,19,0,0,1
2023-01-20 13:00:00,12.0,4.0,9.0,3.0,11.733333333333333,12.361904761904762,Lower Manhattan,13,4,0,19,0,0,1
2023-01-20 14:00:00,1.0,12.0,6.0,16.0,11.933333333333334,12.447619047619048,Lower Manhattan,14,4,0,19,0,0,1
2023-01-20 15:00:00,10.0,1.0,13.0,11.0,11.6,12.304761904761905,Lower Manhattan,15,4,0,19,0,0,1
2023-01-20 16:00:00,9.0,10.0,11.0,8.0,11.4,12.295238095238096,Lower Manhattan,16,4,0,19,0,0,1
2023-01-20 17:00:00,10.0,9.0,11.0,8.0,11.266666666666667,12.304761904761905,Lower Manhattan,17,4,0,19,0,0,1
2023-01-20 18:00:00,5.0,10.0,5.0,6.0,11.2,12.323809523809524,Lower Manhattan,18,4,0,19,0,0,1
2023-01-20 19:00:00,0.0,5.0,0.0,0.0,11.2,12.314285714285715,Lower Manhattan,19,4,0,19,0,0,1
2023-01-20 20:00:00,0.0,0.0,0.0,0.0,11.2,12.314285714285715,Lower Manhattan,20,4,0,19,0,0,1
2023-01-21 06:00:00,0.0,,0.0,0.0,11.2,12.314285714285715,Lower Manhattan,6,5,1,20,0,0,1
2023-01-21 07:00:00,37.0,0.0,33.0,25.0,11.2,12.314285714285715,Lower Manhattan,7,5,1,20,0,0,1
2023-01-21 08:00:00,25.0,37.0,23.0,34.0,11.466666666666667,12.428571428571429,Lower Manhattan,8,5,1,20,0,0,1
2023-01-21 09:00:00,35.0,25.0,18.0,25.0,11.6,12.342857142857143,Lower Manhattan,9,5,1,20,0,0,1
2023-01-21 10:00:00,28.0,35.0,34.0,24.0,12.733333333333333,12.438095238095238,Lower Manhattan,10,5,1,20,0,0,1
2023-01-21 11:00:00,5.0,28.0,9.0,8.0,12.333333333333334,12.476190476190476,Lower Manhattan,11,5,1,20,0,0,1
2023-01-21 12:00:00,9.0,5.0,4.0,9.0,12.066666666666666,12.447619047619048,Lower Manhattan,12,5,1,20,0,0,1
2023-01-21 13:00:00,9.0,9.0,12.0,15.0,12.4,12.447619047619048,Lower Manhattan,13,5,1,20,0,0,1
2023-01-21 14:00:00,11.0,9.0,1.0,5.0,12.2,12.39047619047619,Lower Manhattan,14,5,1,20,0,0,1
2023-01-21 15:00:00,9.0,11.0,10.0,9.0,12.866666666666667,12.447619047619048,Lower Manhattan,15,5,1,20,0,0,1
2023-01-21 16:00:00,9.0,9.0,9.0,7.0,12.8,12.447619047619048,Lower Manhattan,16,5,1,20,0,0,1
2023-01-21 17:00:00,2.0,9.0,10.0,14.0,12.8,12.466666666666667,Lower Manhattan,17,5,1,20,0,0,1
2023-01-21 18:00:00,2.0,2.0,5.0,4.0,12.266666666666667,12.352380952380953,Lower Manhattan,18,5,1,20,0,0,1
2023-01-21 19:00:00,0.0,2.0,0.0,0.0,12.066666666666666,12.333333333333334,Lower Manhattan,19,5,1,20,0,0,1
2023-01-21 20:00:00,0.0,0.0,0.0,0.0,12.066666666666666,12.333333333333334,Lower Manhattan,20,5,1,20,0,0,1
2023-01-22 06:00:00,24.0,,0.0,28.0,12.066666666666666,12.333333333333334,Lower Manhattan,6,6,1,21,0,0,1
2023-01-22 07:00:00,23.0,24.0,37.0,25.0,13.666666666666666,12.295238095238096,Lower Manhattan,7,6,1,21,0,0,1
2023-01-22 08:00:00,21.0,23.0,25.0,15.0,12.733333333333333,12.276190476190477,Lower Manhattan,8,6,1,21,0,0,1
2023-01-22 09:00:00,20.0,21.0,35.0,25.0,12.466666666666667,12.333333333333334,Lower Manhattan,9,6,1,21,0,0,1
2023-01-22 10:00:00,26.0,20.0,28.0,27.0,11.466666666666667,12.285714285714286,Lower Manhattan,10,6,1,21,0,0,1
2023-01-22 11:00:00,12.0,26.0,5.0,7.0,11.333333333333334,12.276190476190477,Lower Manhattan,11,6,1,21,0,0,1
2023-01-22 12:00:00,12.0,12.0,9.0,14.0,11.8,12.323809523809524,Lower Manhattan,12,6,1,21,0,0,1
2023-01-22 13:00:00,10.0,12.0,9.0,16.0,12.0,12.304761904761905,Lower Manhattan,13,6,1,21,0,0,1
2023-01-22 14:00:00,4.0,10.0,11.0,10.0,12.066666666666666,12.247619047619047,Lower Manhattan,14,6,1,21,0,0,1
2023-01-22 15:00:00,8.0,4.0,9.0,8.0,11.6,12.19047619047619,Lower Manhattan,15,6,1,21,0,0,1
2023-01-22 16:00:00,6.0,8.0,9.0,16.0,11.533333333333333,12.19047619047619,Lower Manhattan,16,6,1,21,0,0,1
2023-01-22 17:00:00,16.0,6.0,2.0,2.0,11.333333333333334,12.095238095238095,Lower Manhattan,17,6,1,21,0,0,1
2023-01-22 18:00:00,4.0,16.0,2.0,6.0,12.266666666666667,12.228571428571428,Lower Manhattan,18,6,1,21,0,0,1
2023-01-22 19:00:00,0.0,4.0,0.0,0.0,12.4,12.209523809523809,Lower Manhattan,19,6,1,21,0,0,1
2023-01-22 20:00:00,0.0,0.0,0.0,0.0,12.4,12.209523809523809,Lower Manhattan,20,6,1,21,0,0,1
2023-01-23 06:00:00,13.0,,24.0,19.0,12.4,12.209523809523809,Lower Manhattan,6,0,0,22,0,0,1
2023-01-23 07:00:00,12.0,13.0,23.0,25.0,11.666666666666666,12.152380952380952,Lower Manhattan,7,0,0,22,0,0,1
2023-01-23 08:00:00,19.0,12.0,21.0,23.0,10.933333333333334,12.028571428571428,Lower Manhattan,8,0,0,22,0,0,1
2023-01-23 09:00:00,28.0,19.0,20.0,26.0,10.8,11.99047619047619,Lower Manhattan,9,0,0,22,0,0,1
2023-01-23 10:00:00,23.0,28.0,26.0,24.0,11.333333333333334,12.00952380952381,Lower Manhattan,10,0,0,22,0,0,1
2023-01-23 11:00:00,9.0,23.0,12.0,12.0,11.133333333333333,12.0,Lower Manhattan,11,0,0,22,0,0,1
2023-01-23 12:00:00,7.0,9.0,12.0,13.0,10.933333333333334,11.971428571428572,Lower Manhattan,12,0,0,22,0,0,1
2023-01-23 13:00:00,9.0,7.0,10.0,5.0,10.6,11.914285714285715,Lower Manhattan,13,0,0,22,0,0,1
2023-01-23 14:00:00,14.0,9.0,4.0,9.0,10.533333333333333,11.952380952380953,Lower Manhattan,14,0,0,22,0,0,1
2023-01-23 15:00:00,6.0,14.0,8.0,10.0,11.2,12.0,Lower Manhattan,15,0,0,22,0,0,1
2023-01-23 16:00:00,6.0,6.0,6.0,17.0,11.066666666666666,11.961904761904762,Lower Manhattan,16,0,0,22,0,0,1
2023-01-23 17:00:00,14.0,6.0,16.0,5.0,11.066666666666666,11.857142857142858,Lower Manhattan,17,0,0,22,0,0,1
2023-01-23 18:00:00,10.0,14.0,4.0,4.0,10.933333333333334,11.942857142857143,Lower Manhattan,18,0,0,22,0,0,1
2023-01-23 19:00:00,0.0,10.0,0.0,0.0,11.333333333333334,12.0,Lower Manhattan,19,0,0,22,0,0,1
2023-01-23 20:00:00,0.0,0.0,0.0,0.0,11.333333333333334,12.0,Lower Manhattan,20,0,0,22,0,0,1
2023-01-24 06:00:00,22.0,,13.0,29.0,11.333333333333334,12.0,Lower Manhattan,6,1,0,23,0,0,1
2023-01-24 07:00:00,21.0,22.0,12.0,20.0,11.933333333333334,11.933333333333334,Lower Manhattan,7,1,0,23,0,0,1
2023-01-24 08:00:00,20.0,21.0,19.0,24.0,12.533333333333333,11.942857142857143,Lower Manhattan,8,1,0,23,0,0,1
2023-01-24 09:00:00,30.0,20.0,28.0,18.0,12.6,11.904761904761905,Lower Manhattan,9,1,0,23,0,0,1
2023-01-24 10:00:00,34.0,30.0,23.0,23.0,12.733333333333333,12.019047619047619,Lower Manhattan,10,1,0,23,0,0,1
2023-01-24 11:00:00,17.0,34.0,9.0,11.0,13.466666666666667,12.123809523809523,Lower Manhattan,11,1,0,23,0,0,1
2023-01-24 12:00:00,8.0,17.0,7.0,14.0,14.0,12.18095238095238,Lower Manhattan,12,1,0,23,0,0,1
2023-01-24 13:00:00,13.0,8.0,9.0,5.0,14.066666666666666,12.123809523809523,Lower Manhattan,13,1,0,23,0,0,1
2023-01-24 14:00:00,21.0,13.0,14.0,7.0,14.333333333333334,12.2,Lower Manhattan,14,1,0,23,0,0,1
2023-01-24 15:00:00,12.0,21.0,6.0,11.0,14.8,12.333333333333334,Lower Manhattan,15,1,0,23,0,0,1
2023-01-24 16:00:00,7.0,12.0,6.0,12.0,15.2,12.342857142857143,Lower Manhattan,16,1,0,23,0,0,1
2023-01-24 17:00:00,6.0,7.0,14.0,8.0,15.266666666666667,12.295238095238096,Lower Manhattan,17,1,0,23,0,0,1
2023-01-24 18:00:00,2.0,6.0,10.0,3.0,14.733333333333333,12.276190476190477,Lower Manhattan,18,1,0,23,0,0,1
2023-01-24 19:00:00,0.0,2.0,0.0,0.0,14.2,12.266666666666667,Lower Manhattan,19,1,0,23,0,0,1
2023-01-24 20:00:00,0.0,0.0,0.0,0.0,14.2,12.266666666666667,Lower Manhattan,20,1,0,23,0,0,1
2023-01-25 06:00:00,22.0,,22.0,21.0,14.2,12.266666666666667,Lower Manhattan,6,2,0,24,0,0,1
2023-01-25 07:00:00,22.0,22.0,21.0,25.0,14.2,12.276190476190477,Lower Manhattan,7,2,0,24,0,0,1
2023-01-25 08:00:00,19.0,22.0,20.0,15.0,14.266666666666667,12.247619047619047,Lower Manhattan,8,2,0,24,0,0,1
2023-01-25 09:00:00,30.0,19.0,30.0,25.0,14.2,12.285714285714286,Lower Manhattan,9,2,0,24,0,0,1
2023-01-25 10:00:00,17.0,30.0,34.0,24.0,14.2,12.333333333333334,Lower Manhattan,10,2,0,24,0,0,1
2023-01-25 11:00:00,6.0,17.0,17.0,8.0,13.066666666666666,12.266666666666667,Lower Manhattan,11,2,0,24,0,0,1
2023-01-25 12:00:00,17.0,6.0,8.0,12.0,12.333333333333334,12.247619047619047,Lower Manhattan,12,2,0,24,0,0,1
2023-01-25 13:00:00,12.0,17.0,13.0,9.0,12.933333333333334,12.295238095238096,Lower Manhattan,13,2,0,24,0,0,1
2023-01-25 14:00:00,11.0,12.0,21.0,5.0,12.866666666666667,12.323809523809524,Lower Manhattan,14,2,0,24,0,0,1
2023-01-25 15:00:00,8.0,11.0,12.0,16.0,12.2,12.380952380952381,Lower Manhattan,15,2,0,24,0,0,1
2023-01-25 16:00:00,13.0,8.0,7.0,14.0,11.933333333333334,12.304761904761905,Lower Manhattan,16,2,0,24,0,0,1
2023-01-25 17:00:00,8.0,13.0,6.0,8.0,12.333333333333334,12.295238095238096,Lower Manhattan,17,2,0,24,0,0,1
2023-01-25 18:00:00,2.0,8.0,2.0,4.0,12.466666666666667,12.295238095238096,Lower Manhattan,18,2,0,24,0,0,1
2023-01-25 19:00:00,0.0,2.0,0.0,0.0,12.466666666666667,12.276190476190477,Lower Manhattan,19,2,0,24,0,0,1
2023-01-25 20:00:00,0.0,0.0,0.0,0.0,12.466666666666667,12.276190476190477,Lower Manhattan,20,2,0,24,0,0,1
2023-01-26 06:00:00,27.0,,22.0,27.0,12.466666666666667,12.276190476190477,Lower Manhattan,6,3,0,25,0,0,1
2023-01-26 07:00:00,19.0,27.0,22.0,18.0,12.8,12.276190476190477,Lower Manhattan,7,3,0,25,0,0,1
2023-01-26 08:00:00,24.0,19.0,19.0,13.0,12.6,12.285714285714286,Lower Manhattan,8,3,0,25,0,0,1
2023-01-26 09:00:00,29.0,24.0,30.0,23.0,12.933333333333334,12.39047619047619,Lower Manhattan,9,3,0,25,0,0,1
2023-01-26 10:00:00,25.0,29.0,17.0,18.0,12.866666666666667,12.447619047619048,Lower Manhattan,10,3,0,25,0,0,1
2023-01-26 11:00:00,11.0,25.0,6.0,14.0,13.4,12.514285714285714,Lower Manhattan,11,3,0,25,0,0,1
2023-01-26 12:00:00,8.0,11.0,17.0,16.0,13.733333333333333,12.485714285714286,Lower Manhattan,12,3,0,25,0,0,1
2023-01-26 13:00:00,8.0,8.0,12.0,9.0,13.133333333333333,12.40952380952381,Lower Manhattan,13,3,0,25,0,0,1
2023-01-26 14:00:00,6.0,8.0,11.0,6.0,12.866666666666667,12.4,Lower Manhattan,14,3,0,25,0,0,1
2023-01-26 15:00:00,6.0,6.0,8.0,13.0,12.533333333333333,12.4,Lower Manhattan,15,3,0,25,0,0,1
2023-01-26 16:00:00,2.0,6.0,13.0,11.0,12.4,12.333333333333334,Lower Manhattan,16,3,0,25,0,0,1
2023-01-26 17:00:00,15.0,2.0,8.0,11.0,11.666666666666666,12.247619047619047,Lower Manhattan,17,3,0,25,0,0,1
2023-01-26 18:00:00,6.0,15.0,2.0,5.0,12.133333333333333,12.285714285714286,Lower Manhattan,18,3,0,25,0,0,1
2023-01-26 19:00:00,0.0,6.0,0.0,0.0,12.4,12.295238095238096,Lower Manhattan,19,3,0,25,0,0,1
2023-01-26 20:00:00,0.0,0.0,0.0,0.0,12.4,12.295238095238096,Lower Manhattan,20,3,0,25,0,0,1
2023-01-27 06:00:00,0.0,,27.0,0.0,12.4,12.295238095238096,Lower Manhattan,6,4,0,26,0,0,1
2023-01-27 07:00:00,31.0,0.0,19.0,33.0,10.6,12.295238095238096,Lower Manhattan,7,4,0,26,0,0,1
2023-01-27 08:00:00,26.0,31.0,24.0,23.0,11.4,12.276190476190477,Lower Manhattan,8,4,0,26,0,0,1
2023-01-27 09:00:00,30.0,26.0,29.0,18.0,11.533333333333333,12.304761904761905,Lower Manhattan,9,4,0,26,0,0,1
2023-01-27 10:00:00,35.0,30.0,25.0,34.0,11.6,12.41904761904762,Lower Manhattan,10,4,0,26,0,0,1
2023-01-27 11:00:00,8.0,35.0,11.0,9.0,12.266666666666667,12.428571428571429,Lower Manhattan,11,4,0,26,0,0,1
2023-01-27 12:00:00,5.0,8.0,8.0,4.0,12.066666666666666,12.41904761904762,Lower Manhattan,12,4,0,26,0,0,1
2023-01-27 13:00:00,10.0,5.0,8.0,12.0,11.866666666666667,12.428571428571429,Lower Manhattan,13,4,0,26,0,0,1
2023-01-27 14:00:00,11.0,10.0,6.0,1.0,12.0,12.40952380952381,Lower Manhattan,14,4,0,26,0,0,1
2023-01-27 15:00:00,23.0,11.0,6.0,10.0,12.333333333333334,12.504761904761905,Lower Manhattan,15,4,0,26,0,0,1
2023-01-27 16:00:00,8.0,23.0,2.0,9.0,13.466666666666667,12.628571428571428,Lower Manhattan,16,4,0,26,0,0,1
2023-01-27 17:00:00,17.0,8.0,15.0,10.0,13.866666666666667,12.619047619047619,Lower Manhattan,17,4,0,26,0,0,1
2023-01-27 18:00:00,2.0,17.0,6.0,5.0,14.0,12.685714285714285,Lower Manhattan,18,4,0,26,0,0,1
2023-01-27 19:00:00,0.0,2.0,0.0,0.0,13.733333333333333,12.657142857142857,Lower Manhattan,19,4,0,26,0,0,1
2023-01-27 20:00:00,0.0,0.0,0.0,0.0,13.733333333333333,12.657142857142857,Lower Manhattan,20,4,0,26,0,0,1
2023-01-28 06:00:00,0.0,,0.0,0.0,13.733333333333333,12.657142857142857,Lower Manhattan,6,5,1,27,0,0,1
2023-01-28 07:00:00,6.0,0.0,31.0,37.0,13.733333333333333,12.657142857142857,Lower Manhattan,7,5,1,27,0,0,1
2023-01-28 08:00:00,18.0,6.0,26.0,25.0,12.066666666666666,12.361904761904762,Lower Manhattan,8,5,1,27,0,0,1
2023-01-28 09:00:00,12.0,18.0,30.0,35.0,11.533333333333333,12.295238095238096,Lower Manhattan,9,5,1,27,0,0,1
2023-01-28 10:00:00,13.0,12.0,35.0,28.0,10.333333333333334,12.076190476190476,Lower Manhattan,10,5,1,27,0,0,1
2023-01-28 11:00:00,14.0,13.0,8.0,5.0,8.866666666666667,11.933333333333334,Lower Manhattan,11,5,1,27,0,0,1
2023-01-28 12:00:00,13.0,14.0,5.0,9.0,9.266666666666667,12.019047619047619,Lower Manhattan,12,5,1,27,0,0,1
2023-01-28 13:00:00,10.0,13.0,10.0,9.0,9.8,12.057142857142857,Lower Manhattan,13,5,1,27,0,0,1
2023-01-28 14:00:00,15.0,10.0,11.0,11.0,9.8,12.066666666666666,Lower Manhattan,14,5,1,27,0,0,1
2023-01-28 15:00:00,14.0,15.0,23.0,9.0,10.066666666666666,12.104761904761904,Lower Manhattan,15,5,1,27,0,0,1
2023-01-28 16:00:00,13.0,14.0,8.0,9.0,9.466666666666667,12.152380952380952,Lower Manhattan,16,5,1,27,0,0,1
2023-01-28 17:00:00,6.0,13.0,17.0,2.0,9.8,12.19047619047619,Lower Manhattan,17,5,1,27,0,0,1
2023-01-28 18:00:00,6.0,6.0,2.0,2.0,9.066666666666666,12.228571428571428,Lower Manhattan,18,5,1,27,0,0,1
2023-01-28 19:00:00,0.0,6.0,0.0,0.0,9.333333333333334,12.266666666666667,Lower Manhattan,19,5,1,27,0,0,1
2023-01-28 20:00:00,0.0,0.0,0.0,0.0,9.333333333333334,12.266666666666667,Lower Manhattan,20,5,1,27,0,0,1
2023-01-29 06:00:00,0.0,,0.0,24.0,9.333333333333334,12.266666666666667,Lower Manhattan,6,6,1,28,0,0,1
2023-01-29 07:00:00,8.0,0.0,6.0,23.0,9.333333333333334,12.038095238095238,Lower Manhattan,7,6,1,28,0,0,1
2023-01-29 08:00:00,8.0,8.0,18.0,21.0,9.466666666666667,11.895238095238096,Lower Manhattan,8,6,1,28,0,0,1
2023-01-29 09:00:00,11.0,8.0,12.0,20.0,8.8,11.771428571428572,Lower Manhattan,9,6,1,28,0,0,1
2023-01-29 10:00:00,16.0,11.0,13.0,26.0,8.733333333333333,11.685714285714285,Lower Manhattan,10,6,1,28,0,0,1
2023-01-29 11:00:00,15.0,16.0,14.0,12.0,8.933333333333334,11.59047619047619,Lower Manhattan,11,6,1,28,0,0,1
2023-01-29 12:00:00,13.0,15.0,13.0,12.0,9.0,11.619047619047619,Lower Manhattan,12,6,1,28,0,0,1
2023-01-29 13:00:00,13.0,13.0,10.0,10.0,9.0,11.628571428571428,Lower Manhattan,13,6,1,28,0,0,1
2023-01-29 14:00:00,15.0,13.0,15.0,4.0,9.2,11.657142857142857,Lower Manhattan,14,6,1,28,0,0,1
2023-01-29 15:00:00,9.0,15.0,14.0,8.0,9.2,11.761904761904763,Lower Manhattan,15,6,1,28,0,0,1
2023-01-29 16:00:00,14.0,9.0,13.0,6.0,8.866666666666667,11.771428571428572,Lower Manhattan,16,6,1,28,0,0,1
2023-01-29 17:00:00,10.0,14.0,6.0,16.0,8.933333333333334,11.847619047619048,Lower Manhattan,17,6,1,28,0,0,1
2023-01-29 18:00:00,8.0,10.0,6.0,4.0,9.2,11.790476190476191,Lower Manhattan,18,6,1,28,0,0,1
2023-01-29 19:00:00,0.0,8.0,0.0,0.0,9.333333333333334,11.82857142857143,Lower Manhattan,19,6,1,28,0,0,1
2023-01-29 20:00:00,0.0,0.0,0.0,0.0,9.333333333333334,11.82857142857143,Lower Manhattan,20,6,1,28,0,0,1
2023-01-30 06:00:00,15.0,,0.0,13.0,9.333333333333334,11.82857142857143,Lower Manhattan,6,0,0,29,0,0,1
2023-01-30 07:00:00,19.0,15.0,8.0,12.0,10.333333333333334,11.847619047619048,Lower Manhattan,7,0,0,29,0,0,1
2023-01-30 08:00:00,13.0,19.0,8.0,19.0,11.066666666666666,11.914285714285715,Lower Manhattan,8,0,0,29,0,0,1
2023-01-30 09:00:00,19.0,13.0,11.0,28.0,11.4,11.857142857142858,Lower Manhattan,9,0,0,29,0,0,1
2023-01-30 10:00:00,26.0,19.0,16.0,23.0,11.933333333333334,11.771428571428572,Lower Manhattan,10,0,0,29,0,0,1
2023-01-30 11:00:00,6.0,26.0,15.0,9.0,12.6,11.8,Lower Manhattan,11,0,0,29,0,0,1
2023-01-30 12:00:00,14.0,6.0,13.0,7.0,12.0,11.771428571428572,Lower Manhattan,12,0,0,29,0,0,1
2023-01-30 13:00:00,0.0,14.0,13.0,9.0,12.066666666666666,11.838095238095239,Lower Manhattan,13,0,0,29,0,0,1
2023-01-30 14:00:00,12.0,0.0,15.0,14.0,11.2,11.752380952380953,Lower Manhattan,14,0,0,29,0,0,1
2023-01-30 15:00:00,2.0,12.0,9.0,6.0,11.0,11.733333333333333,Lower Manhattan,15,0,0,29,0,0,1
2023-01-30 16:00:00,7.0,2.0,14.0,6.0,10.533333333333333,11.695238095238095,Lower Manhattan,16,0,0,29,0,0,1
2023-01-30 17:00:00,4.0,7.0,10.0,14.0,10.066666666666666,11.704761904761904,Lower Manhattan,17,0,0,29,0,0,1
2023-01-30 18:00:00,5.0,4.0,8.0,10.0,9.666666666666666,11.60952380952381,Lower Manhattan,18,0,0,29,0,0,1
2023-01-30 19:00:00,0.0,5.0,0.0,0.0,9.466666666666667,11.561904761904762,Lower Manhattan,19,0,0,29,0,0,1
2023-01-30 20:00:00,1.0,0.0,0.0,0.0,9.466666666666667,11.561904761904762,Lower Manhattan,20,0,0,29,0,0,1
2023-01-31 06:00:00,11.0,,15.0,22.0,9.533333333333333,11.571428571428571,Lower Manhattan,6,1,0,30,0,0,1
2023-01-31 07:00:00,25.0,11.0,19.0,21.0,9.266666666666667,11.466666666666667,Lower Manhattan,7,1,0,30,0,0,1
2023-01-31 08:00:00,16.0,25.0,13.0,20.0,9.666666666666666,11.504761904761905,Lower Manhattan,8,1,0,30,0,0,1
2023-01-31 09:00:00,18.0,16.0,19.0,30.0,9.866666666666667,11.466666666666667,Lower Manhattan,9,1,0,30,0,0,1
2023-01-31 10:00:00,18.0,18.0,26.0,34.0,9.8,11.352380952380953,Lower Manhattan,10,1,0,30,0,0,1
2023-01-31 11:00:00,8.0,18.0,6.0,17.0,9.266666666666667,11.2,Lower Manhattan,11,1,0,30,0,0,1
2023-01-31 12:00:00,7.0,8.0,14.0,8.0,9.4,11.114285714285714,Lower Manhattan,12,1,0,30,0,0,1
2023-01-31 13:00:00,7.0,7.0,0.0,13.0,8.933333333333334,11.104761904761904,Lower Manhattan,13,1,0,30,0,0,1
2023-01-31 14:00:00,8.0,7.0,12.0,21.0,9.4,11.047619047619047,Lower Manhattan,14,1,0,30,0,0,1
2023-01-31 15:00:00,2.0,8.0,2.0,12.0,9.133333333333333,10.923809523809524,Lower Manhattan,15,1,0,30,0,0,1
2023-01-31 16:00:00,11.0,2.0,7.0,7.0,9.133333333333333,10.82857142857143,Lower Manhattan,16,1,0,30,0,0,1
2023-01-31 17:00:00,5.0,11.0,4.0,6.0,9.4,10.866666666666667,Lower Manhattan,17,1,0,30,0,0,1
2023-01-31 18:00:00,1.0,5.0,5.0,2.0,9.466666666666667,10.857142857142858,Lower Manhattan,18,1,0,30,0,0,1
2023-01-31 19:00:00,0.0,1.0,0.0,0.0,9.2,10.847619047619048,Lower Manhattan,19,1,0,30,0,0,1
2023-01-31 20:00:00,1.0,0.0,1.0,0.0,9.2,10.847619047619048,Lower Manhattan,20,1,0,30,0,0,1
2023-02-01 06:00:00,0.0,,11.0,22.0,9.2,10.857142857142858,Lower Manhattan,6,2,0,31,0,0,1
2023-02-01 07:00:00,18.0,0.0,25.0,22.0,8.466666666666667,10.647619047619047,Lower Manhattan,7,2,0,31,0,0,1
2023-02-01 08:00:00,15.0,18.0,16.0,19.0,8.0,10.60952380952381,Lower Manhattan,8,2,0,31,0,0,1
2023-02-01 09:00:00,20.0,15.0,18.0,30.0,7.933333333333334,10.571428571428571,Lower Manhattan,9,2,0,31,0,0,1
2023-02-01 10:00:00,9.0,20.0,18.0,17.0,8.066666666666666,10.476190476190476,Lower Manhattan,10,2,0,31,0,0,1
2023-02-01 11:00:00,11.0,9.0,8.0,6.0,7.466666666666667,10.4,Lower Manhattan,11,2,0,31,0,0,1
2023-02-01 12:00:00,11.0,11.0,7.0,17.0,7.666666666666667,10.447619047619048,Lower Manhattan,12,2,0,31,0,0,1
2023-02-01 13:00:00,18.0,11.0,7.0,12.0,7.933333333333334,10.39047619047619,Lower Manhattan,13,2,0,31,0,0,1
2023-02-01 14:00:00,15.0,18.0,8.0,11.0,8.666666666666666,10.447619047619048,Lower Manhattan,14,2,0,31,0,0,1
2023-02-01 15:00:00,24.0,15.0,2.0,8.0,9.133333333333333,10.485714285714286,Lower Manhattan,15,2,0,31,0,0,1
2023-02-01 16:00:00,14.0,24.0,11.0,13.0,10.6,10.638095238095238,Lower Manhattan,16,2,0,31,0,0,1
2023-02-01 17:00:00,18.0,14.0,5.0,8.0,10.8,10.647619047619047,Lower Manhattan,17,2,0,31,0,0,1
2023-02-01 18:00:00,6.0,18.0,1.0,2.0,11.666666666666666,10.742857142857142,Lower Manhattan,18,2,0,31,0,0,1
2023-02-01 19:00:00,0.0,6.0,0.0,0.0,12.0,10.780952380952382,Lower Manhattan,19,2,0,31,0,0,1
2023-02-01 20:00:00,0.0,0.0,1.0,0.0,12.0,10.780952380952382,Lower Manhattan,20,2,0,31,0,0,1
2023-02-02 06:00:00,0.0,,0.0,27.0,11.933333333333334,10.780952380952382,Lower Manhattan,6,3,0,32,0,0,1
2023-02-02 07:00:00,14.0,0.0,18.0,19.0,11.933333333333334,10.523809523809524,Lower Manhattan,7,3,0,32,0,0,1
2023-02-02 08:00:00,17.0,14.0,15.0,24.0,11.666666666666666,10.476190476190476,Lower Manhattan,8,3,0,32,0,0,1
2023-02-02 09:00:00,14.0,17.0,20.0,29.0,11.8,10.40952380952381,Lower Manhattan,9,3,0,32,0,0,1
2023-02-02 10:00:00,7.0,14.0,9.0,25.0,11.4,10.266666666666667,Lower Manhattan,10,3,0,32,0,0,1
2023-02-02 11:00:00,8.0,7.0,11.0,11.0,11.266666666666667,10.095238095238095,Lower Manhattan,11,3,0,32,0,0,1
2023-02-02 12:00:00,18.0,8.0,11.0,8.0,11.066666666666666,10.066666666666666,Lower Manhattan,12,3,0,32,0,0,1
2023-02-02 13:00:00,11.0,18.0,18.0,8.0,11.533333333333333,10.161904761904761,Lower Manhattan,13,3,0,32,0,0,1
2023-02-02 14:00:00,10.0,11.0,15.0,6.0,11.066666666666666,10.19047619047619,Lower Manhattan,14,3,0,32,0,0,1
2023-02-02 15:00:00,16.0,10.0,24.0,6.0,10.733333333333333,10.228571428571428,Lower Manhattan,15,3,0,32,0,0,1
2023-02-02 16:00:00,21.0,16.0,14.0,2.0,10.2,10.323809523809524,Lower Manhattan,16,3,0,32,0,0,1
2023-02-02 17:00:00,14.0,21.0,18.0,15.0,10.666666666666666,10.504761904761905,Lower Manhattan,17,3,0,32,0,0,1
2023-02-02 18:00:00,9.0,14.0,6.0,6.0,10.4,10.495238095238095,Lower Manhattan,18,3,0,32,0,0,1
2023-02-02 19:00:00,0.0,9.0,0.0,0.0,10.6,10.523809523809524,Lower Manhattan,19,3,0,32,0,0,1
2023-02-02 20:00:00,0.0,0.0,0.0,0.0,10.6,10.523809523809524,Lower Manhattan,20,3,0,32,0,0,1
2023-02-03 06:00:00,0.0,,0.0,0.0,10.6,10.523809523809524,Lower Manhattan,6,4,0,33,0,0,1
2023-02-03 07:00:00,15.0,0.0,14.0,31.0,10.6,10.523809523809524,Lower Manhattan,7,4,0,33,0,0,1
2023-02-03 08:00:00,17.0,15.0,17.0,26.0,10.666666666666666,10.371428571428572,Lower Manhattan,8,4,0,33,0,0,1
2023-02-03 09:00:00,8.0,17.0,14.0,30.0,10.666666666666666,10.285714285714286,Lower Manhattan,9,4,0,33,0,0,1
2023-02-03 10:00:00,13.0,8.0,7.0,35.0,10.266666666666667,10.076190476190476,Lower Manhattan,10,4,0,33,0,0,1
2023-02-03 11:00:00,20.0,13.0,8.0,8.0,10.666666666666666,9.866666666666667,Lower Manhattan,11,4,0,33,0,0,1
2023-02-03 12:00:00,15.0,20.0,18.0,5.0,11.466666666666667,9.980952380952381,Lower Manhattan,12,4,0,33,0,0,1
2023-02-03 13:00:00,9.0,15.0,11.0,10.0,11.266666666666667,10.076190476190476,Lower Manhattan,13,4,0,33,0,0,1
2023-02-03 14:00:00,16.0,9.0,10.0,11.0,11.133333333333333,10.066666666666666,Lower Manhattan,14,4,0,33,0,0,1
2023-02-03 15:00:00,19.0,16.0,16.0,23.0,11.533333333333333,10.114285714285714,Lower Manhattan,15,4,0,33,0,0,1
2023-02-03 16:00:00,18.0,19.0,21.0,8.0,11.733333333333333,10.076190476190476,Lower Manhattan,16,4,0,33,0,0,1
2023-02-03 17:00:00,17.0,18.0,14.0,17.0,11.533333333333333,10.17142857142857,Lower Manhattan,17,4,0,33,0,0,1
2023-02-03 18:00:00,3.0,17.0,9.0,2.0,11.733333333333333,10.17142857142857,Lower Manhattan,18,4,0,33,0,0,1
2023-02-03 19:00:00,0.0,3.0,0.0,0.0,11.333333333333334,10.18095238095238,Lower Manhattan,19,4,0,33,0,0,1
2023-02-03 20:00:00,0.0,0.0,0.0,0.0,11.333333333333334,10.18095238095238,Lower Manhattan,20,4,0,33,0,0,1
2023-02-04 06:00:00,0.0,,0.0,0.0,11.333333333333334,10.18095238095238,Lower Manhattan,6,5,1,34,0,0,1
2023-02-04 07:00:00,12.0,0.0,15.0,6.0,11.333333333333334,10.18095238095238,Lower Manhattan,7,5,1,34,0,0,1
2023-02-04 08:00:00,15.0,12.0,17.0,18.0,11.133333333333333,10.238095238095237,Lower Manhattan,8,5,1,34,0,0,1
2023-02-04 09:00:00,21.0,15.0,8.0,12.0,11.0,10.209523809523809,Lower Manhattan,9,5,1,34,0,0,1
2023-02-04 10:00:00,14.0,21.0,13.0,13.0,11.866666666666667,10.295238095238096,Lower Manhattan,10,5,1,34,0,0,1
2023-02-04 11:00:00,15.0,14.0,20.0,14.0,11.933333333333334,10.304761904761905,Lower Manhattan,11,5,1,34,0,0,1
2023-02-04 12:00:00,17.0,15.0,15.0,13.0,11.6,10.314285714285715,Lower Manhattan,12,5,1,34,0,0,1
2023-02-04 13:00:00,13.0,17.0,9.0,10.0,11.733333333333333,10.352380952380953,Lower Manhattan,13,5,1,34,0,0,1
2023-02-04 14:00:00,25.0,13.0,16.0,15.0,12.0,10.380952380952381,Lower Manhattan,14,5,1,34,0,0,1
2023-02-04 15:00:00,21.0,25.0,19.0,14.0,12.6,10.476190476190476,Lower Manhattan,15,5,1,34,0,0,1
2023-02-04 16:00:00,8.0,21.0,18.0,13.0,12.733333333333333,10.542857142857143,Lower Manhattan,16,5,1,34,0,0,1
2023-02-04 17:00:00,20.0,8.0,17.0,6.0,12.066666666666666,10.495238095238095,Lower Manhattan,17,5,1,34,0,0,1
2023-02-04 18:00:00,12.0,20.0,3.0,6.0,12.266666666666667,10.628571428571428,Lower Manhattan,18,5,1,34,0,0,1
2023-02-04 19:00:00,0.0,12.0,0.0,0.0,12.866666666666667,10.685714285714285,Lower Manhattan,19,5,1,34,0,0,1
2023-02-04 20:00:00,0.0,0.0,0.0,0.0,12.866666666666667,10.685714285714285,Lower Manhattan,20,5,1,34,0,0,1
2023-02-05 06:00:00,0.0,,0.0,0.0,12.866666666666667,10.685714285714285,Lower Manhattan,6,6,1,35,0,0,1
2023-02-05 07:00:00,11.0,0.0,12.0,8.0,12.866666666666667,10.685714285714285,Lower Manhattan,7,6,1,35,0,0,1
2023-02-05 08:00:00,19.0,11.0,15.0,8.0,12.8,10.714285714285714,Lower Manhattan,8,6,1,35,0,0,1
2023-02-05 09:00:00,21.0,19.0,21.0,11.0,13.066666666666666,10.81904761904762,Lower Manhattan,9,6,1,35,0,0,1
2023-02-05 10:00:00,24.0,21.0,14.0,16.0,13.066666666666666,10.914285714285715,Lower Manhattan,10,6,1,35,0,0,1
2023-02-05 11:00:00,13.0,24.0,15.0,15.0,13.733333333333333,10.99047619047619,Lower Manhattan,11,6,1,35,0,0,1
2023-02-05 12:00:00,19.0,13.0,17.0,13.0,13.6,10.971428571428572,Lower Manhattan,12,6,1,35,0,0,1
2023-02-05 13:00:00,9.0,19.0,13.0,13.0,13.733333333333333,11.028571428571428,Lower Manhattan,13,6,1,35,0,0,1
2023-02-05 14:00:00,16.0,9.0,25.0,15.0,13.466666666666667,10.99047619047619,Lower Manhattan,14,6,1,35,0,0,1
2023-02-05 15:00:00,12.0,16.0,21.0,9.0,12.866666666666667,11.0,Lower Manhattan,15,6,1,35,0,0,1
2023-02-05 16:00:00,6.0,12.0,8.0,14.0,12.266666666666667,11.028571428571428,Lower Manhattan,16,6,1,35,0,0,1
2023-02-05 17:00:00,9.0,6.0,20.0,10.0,12.133333333333333,10.952380952380953,Lower Manhattan,17,6,1,35,0,0,1
2023-02-05 18:00:00,5.0,9.0,12.0,8.0,11.4,10.942857142857143,Lower Manhattan,18,6,1,35,0,0,1
2023-02-05 19:00:00,0.0,5.0,0.0,0.0,10.933333333333334,10.914285714285715,Lower Manhattan,19,6,1,35,0,0,1
2023-02-05 20:00:00,0.0,0.0,0.0,0.0,10.933333333333334,10.914285714285715,Lower Manhattan,20,6,1,35,0,0,1
2023-02-06 06:00:00,0.0,,0.0,15.0,10.933333333333334,10.914285714285715,Lower Manhattan,6,0,0,36,0,0,1
2023-02-06 07:00:00,18.0,0.0,11.0,19.0,10.933333333333334,10.771428571428572,Lower Manhattan,7,0,0,36,0,0,1
2023-02-06 08:00:00,9.0,18.0,19.0,13.0,11.4,10.761904761904763,Lower Manhattan,8,0,0,36,0,0,1
2023-02-06 09:00:00,13.0,9.0,21.0,19.0,10.733333333333333,10.723809523809523,Lower Manhattan,9,0,0,36,0,0,1
2023-02-06 10:00:00,15.0,13.0,24.0,26.0,10.2,10.666666666666666,Lower Manhattan,10,0,0,36,0,0,1
2023-02-06 11:00:00,15.0,15.0,13.0,6.0,9.6,10.561904761904762,Lower Manhattan,11,0,0,36,0,0,1
2023-02-06 12:00:00,13.0,15.0,19.0,14.0,9.733333333333333,10.647619047619047,Lower Manhattan,12,0,0,36,0,0,1
2023-02-06 13:00:00,14.0,13.0,9.0,0.0,9.333333333333334,10.638095238095238,Lower Manhattan,13,0,0,36,0,0,1
2023-02-06 14:00:00,15.0,14.0,16.0,12.0,9.666666666666666,10.771428571428572,Lower Manhattan,14,0,0,36,0,0,1
2023-02-06 15:00:00,14.0,15.0,12.0,2.0,9.6,10.8,Lower Manhattan,15,0,0,36,0,0,1
2023-02-06 16:00:00,14.0,14.0,6.0,7.0,9.733333333333333,10.914285714285715,Lower Manhattan,16,0,0,36,0,0,1
2023-02-06 17:00:00,20.0,14.0,9.0,4.0,10.266666666666667,10.980952380952381,Lower Manhattan,17,0,0,36,0,0,1
2023-02-06 18:00:00,8.0,20.0,5.0,5.0,11.0,11.133333333333333,Lower Manhattan,18,0,0,36,0,0,1
2023-02-06 19:00:00,0.0,8.0,0.0,0.0,11.2,11.161904761904761,Lower Manhattan,19,0,0,36,0,0,1
2023-02-06 20:00:00,0.0,0.0,0.0,1.0,11.2,11.161904761904761,Lower Manhattan,20,0,0,36,0,0,1
2023-02-07 06:00:00,4.0,,0.0,11.0,11.2,11.152380952380952,Lower Manhattan,6,1,0,37,0,0,1
2023-02-07 07:00:00,36.0,4.0,18.0,25.0,11.466666666666667,11.085714285714285,Lower Manhattan,7,1,0,37,0,0,1
2023-02-07 08:00:00,32.0,36.0,9.0,16.0,12.666666666666666,11.19047619047619,Lower Manhattan,8,1,0,37,0,0,1
2023-02-07 09:00:00,30.0,32.0,13.0,18.0,14.2,11.342857142857143,Lower Manhattan,9,1,0,37,0,0,1
2023-02-07 10:00:00,45.0,30.0,15.0,18.0,15.333333333333334,11.457142857142857,Lower Manhattan,10,1,0,37,0,0,1
2023-02-07 11:00:00,4.0,45.0,15.0,8.0,17.333333333333332,11.714285714285714,Lower Manhattan,11,1,0,37,0,0,1
2023-02-07 12:00:00,7.0,4.0,13.0,7.0,16.6,11.676190476190476,Lower Manhattan,12,1,0,37,0,0,1
2023-02-07 13:00:00,0.0,7.0,14.0,7.0,16.2,11.676190476190476,Lower Manhattan,13,1,0,37,0,0,1
2023-02-07 14:00:00,0.0,0.0,15.0,8.0,15.266666666666667,11.60952380952381,Lower Manhattan,14,1,0,37,0,0,1
2023-02-07 15:00:00,0.0,0.0,14.0,2.0,14.266666666666667,11.533333333333333,Lower Manhattan,15,1,0,37,0,0,1
2023-02-07 16:00:00,0.0,0.0,14.0,11.0,13.333333333333334,11.514285714285714,Lower Manhattan,16,1,0,37,0,0,1
2023-02-07 17:00:00,0.0,0.0,20.0,5.0,12.4,11.40952380952381,Lower Manhattan,17,1,0,37,0,0,1
2023-02-07 18:00:00,0.0,0.0,8.0,1.0,11.066666666666666,11.361904761904762,Lower Manhattan,18,1,0,37,0,0,1
2023-02-07 19:00:00,0.0,0.0,0.0,0.0,10.533333333333333,11.352380952380953,Lower Manhattan,19,1,0,37,0,0,1
2023-02-07 20:00:00,0.0,0.0,0.0,1.0,10.533333333333333,11.352380952380953,Lower Manhattan,20,1,0,37,0,0,1
2023-02-08 06:00:00,0.0,,4.0,0.0,10.533333333333333,11.342857142857143,Lower Manhattan,6,2,0,38,0,0,1
2023-02-08 07:00:00,19.0,0.0,36.0,18.0,10.266666666666667,11.342857142857143,Lower Manhattan,7,2,0,38,0,0,1
2023-02-08 08:00:00,31.0,19.0,32.0,15.0,9.133333333333333,11.352380952380953,Lower Manhattan,8,2,0,38,0,0,1
2023-02-08 09:00:00,32.0,31.0,30.0,20.0,9.066666666666666,11.504761904761905,Lower Manhattan,9,2,0,38,0,0,1
2023-02-08 10:00:00,39.0,32.0,45.0,9.0,9.2,11.619047619047619,Lower Manhattan,10,2,0,38,0,0,1
2023-02-08 11:00:00,12.0,39.0,4.0,11.0,8.8,11.904761904761905,Lower Manhattan,11,2,0,38,0,0,1
2023-02-08 12:00:00,12.0,12.0,7.0,11.0,9.333333333333334,11.914285714285715,Lower Manhattan,12,2,0,38,0,0,1
2023-02-08 13:00:00,7.0,12.0,0.0,18.0,9.666666666666666,11.923809523809524,Lower Manhattan,13,2,0,38,0,0,1
2023-02-08 14:00:00,4.0,7.0,0.0,15.0,10.133333333333333,11.81904761904762,Lower Manhattan,14,2,0,38,0,0,1
2023-02-08 15:00:00,8.0,4.0,0.0,24.0,10.4,11.714285714285714,Lower Manhattan,15,2,0,38,0,0,1
2023-02-08 16:00:00,12.0,8.0,0.0,14.0,10.933333333333334,11.561904761904762,Lower Manhattan,16,2,0,38,0,0,1
2023-02-08 17:00:00,6.0,12.0,0.0,18.0,11.733333333333333,11.542857142857143,Lower Manhattan,17,2,0,38,0,0,1
2023-02-08 18:00:00,7.0,6.0,0.0,6.0,12.133333333333333,11.428571428571429,Lower Manhattan,18,2,0,38,0,0,1
2023-02-08 19:00:00,5.0,7.0,0.0,0.0,12.6,11.438095238095238,Lower Manhattan,19,2,0,38,0,0,1
2023-02-08 20:00:00,5.0,5.0,0.0,0.0,12.933333333333334,11.485714285714286,Lower Manhattan,20,2,0,38,0,0,1
2023-02-09 06:00:00,0.0,,0.0,0.0,13.266666666666667,11.533333333333333,Lower Manhattan,6,3,0,39,0,0,1
2023-02-09 07:00:00,20.0,0.0,19.0,14.0,13.266666666666667,11.533333333333333,Lower Manhattan,7,3,0,39,0,0,1
2023-02-09 08:00:00,21.0,20.0,31.0,17.0,13.333333333333334,11.59047619047619,Lower Manhattan,8,3,0,39,0,0,1
2023-02-09 09:00:00,35.0,21.0,32.0,14.0,12.666666666666666,11.628571428571428,Lower Manhattan,9,3,0,39,0,0,1
2023-02-09 10:00:00,30.0,35.0,39.0,7.0,12.866666666666667,11.82857142857143,Lower Manhattan,10,3,0,39,0,0,1
2023-02-09 11:00:00,5.0,30.0,12.0,8.0,12.266666666666667,12.047619047619047,Lower Manhattan,11,3,0,39,0,0,1
2023-02-09 12:00:00,9.0,5.0,12.0,18.0,11.8,12.019047619047619,Lower Manhattan,12,3,0,39,0,0,1
2023-02-09 13:00:00,1.0,9.0,7.0,11.0,11.6,11.933333333333334,Lower Manhattan,13,3,0,39,0,0,1
2023-02-09 14:00:00,9.0,1.0,4.0,10.0,11.2,11.838095238095239,Lower Manhattan,14,3,0,39,0,0,1
2023-02-09 15:00:00,12.0,9.0,8.0,16.0,11.533333333333333,11.82857142857143,Lower Manhattan,15,3,0,39,0,0,1
2023-02-09 16:00:00,1.0,12.0,12.0,21.0,11.8,11.790476190476191,Lower Manhattan,16,3,0,39,0,0,1
2023-02-09 17:00:00,7.0,1.0,6.0,14.0,11.066666666666666,11.6,Lower Manhattan,17,3,0,39,0,0,1
2023-02-09 18:00:00,9.0,7.0,7.0,9.0,11.133333333333333,11.533333333333333,Lower Manhattan,18,3,0,39,0,0,1
2023-02-09 19:00:00,7.0,9.0,5.0,0.0,11.266666666666667,11.533333333333333,Lower Manhattan,19,3,0,39,0,0,1
2023-02-09 20:00:00,5.0,7.0,5.0,0.0,11.4,11.6,Lower Manhattan,20,3,0,39,0,0,1
2023-02-10 06:00:00,22.0,,0.0,0.0,11.4,11.647619047619047,Lower Manhattan,6,4,0,40,0,0,1
2023-02-10 07:00:00,27.0,22.0,20.0,15.0,12.866666666666667,11.857142857142858,Lower Manhattan,7,4,0,40,0,0,1
2023-02-10 08:00:00,24.0,27.0,21.0,17.0,13.333333333333334,11.971428571428572,Lower Manhattan,8,4,0,40,0,0,1
2023-02-10 09:00:00,31.0,24.0,35.0,8.0,13.533333333333333,12.038095238095238,Lower Manhattan,9,4,0,40,0,0,1
2023-02-10 10:00:00,23.0,31.0,30.0,13.0,13.266666666666667,12.257142857142858,Lower Manhattan,10,4,0,40,0,0,1
2023-02-10 11:00:00,20.0,23.0,5.0,20.0,12.8,12.352380952380953,Lower Manhattan,11,4,0,40,0,0,1
2023-02-10 12:00:00,12.0,20.0,9.0,15.0,13.8,12.352380952380953,Lower Manhattan,12,4,0,40,0,0,1
2023-02-10 13:00:00,7.0,12.0,1.0,9.0,14.0,12.323809523809524,Lower Manhattan,13,4,0,40,0,0,1
2023-02-10 14:00:00,14.0,7.0,9.0,16.0,14.4,12.304761904761905,Lower Manhattan,14,4,0,40,0,0,1
2023-02-10 15:00:00,9.0,14.0,12.0,19.0,14.733333333333333,12.285714285714286,Lower Manhattan,15,4,0,40,0,0,1
2023-02-10 16:00:00,8.0,9.0,1.0,18.0,14.533333333333333,12.19047619047619,Lower Manhattan,16,4,0,40,0,0,1
2023-02-10 17:00:00,5.0,8.0,7.0,17.0,15.0,12.095238095238095,Lower Manhattan,17,4,0,40,0,0,1
2023-02-10 18:00:00,3.0,5.0,9.0,3.0,14.866666666666667,11.980952380952381,Lower Manhattan,18,4,0,40,0,0,1
2023-02-10 19:00:00,0.0,3.0,7.0,0.0,14.466666666666667,11.980952380952381,Lower Manhattan,19,4,0,40,0,0,1
2023-02-10 20:00:00,0.0,0.0,5.0,0.0,14.0,11.980952380952381,Lower Manhattan,20,4,0,40,0,0,1
2023-02-11 06:00:00,23.0,,22.0,0.0,13.666666666666666,11.980952380952381,Lower Manhattan,6,5,1,41,0,0,1
2023-02-11 07:00:00,24.0,23.0,27.0,12.0,13.733333333333333,12.2,Lower Manhattan,7,5,1,41,0,0,1
2023-02-11 08:00:00,36.0,24.0,24.0,15.0,13.533333333333333,12.314285714285715,Lower Manhattan,8,5,1,41,0,0,1
2023-02-11 09:00:00,17.0,36.0,31.0,21.0,14.333333333333334,12.514285714285714,Lower Manhattan,9,5,1,41,0,0,1
2023-02-11 10:00:00,23.0,17.0,23.0,14.0,13.4,12.476190476190476,Lower Manhattan,10,5,1,41,0,0,1
2023-02-11 11:00:00,5.0,23.0,20.0,15.0,13.4,12.561904761904762,Lower Manhattan,11,5,1,41,0,0,1
2023-02-11 12:00:00,15.0,5.0,12.0,17.0,12.4,12.466666666666667,Lower Manhattan,12,5,1,41,0,0,1
2023-02-11 13:00:00,9.0,15.0,7.0,13.0,12.6,12.447619047619048,Lower Manhattan,13,5,1,41,0,0,1
2023-02-11 14:00:00,13.0,9.0,14.0,25.0,12.733333333333333,12.40952380952381,Lower Manhattan,14,5,1,41,0,0,1
2023-02-11 15:00:00,8.0,13.0,9.0,21.0,12.666666666666666,12.295238095238096,Lower Manhattan,15,5,1,41,0,0,1
2023-02-11 16:00:00,6.0,8.0,8.0,8.0,12.6,12.17142857142857,Lower Manhattan,16,5,1,41,0,0,1
2023-02-11 17:00:00,3.0,6.0,5.0,20.0,12.466666666666667,12.152380952380952,Lower Manhattan,17,5,1,41,0,0,1
2023-02-11 18:00:00,9.0,3.0,3.0,12.0,12.333333333333334,11.99047619047619,Lower Manhattan,18,5,1,41,0,0,1
2023-02-11 19:00:00,0.0,9.0,0.0,0.0,12.733333333333333,11.961904761904762,Lower Manhattan,19,5,1,41,0,0,1
2023-02-11 20:00:00,0.0,0.0,0.0,0.0,12.733333333333333,11.961904761904762,Lower Manhattan,20,5,1,41,0,0,1
2023-02-12 06:00:00,26.0,,23.0,0.0,12.733333333333333,11.961904761904762,Lower Manhattan,6,6,1,42,0,0,1
2023-02-12 07:00:00,34.0,26.0,24.0,11.0,12.933333333333334,12.209523809523809,Lower Manhattan,7,6,1,42,0,0,1
2023-02-12 08:00:00,17.0,34.0,36.0,19.0,13.6,12.428571428571429,Lower Manhattan,8,6,1,42,0,0,1
2023-02-12 09:00:00,22.0,17.0,17.0,21.0,12.333333333333334,12.40952380952381,Lower Manhattan,9,6,1,42,0,0,1
2023-02-12 10:00:00,44.0,22.0,23.0,24.0,12.666666666666666,12.41904761904762,Lower Manhattan,10,6,1,42,0,0,1
2023-02-12 11:00:00,3.0,44.0,5.0,13.0,14.066666666666666,12.60952380952381,Lower Manhattan,11,6,1,42,0,0,1
2023-02-12 12:00:00,8.0,3.0,15.0,19.0,13.933333333333334,12.514285714285714,Lower Manhattan,12,6,1,42,0,0,1
2023-02-12 13:00:00,13.0,8.0,9.0,9.0,13.466666666666667,12.40952380952381,Lower Manhattan,13,6,1,42,0,0,1
2023-02-12 14:00:00,17.0,13.0,13.0,16.0,13.733333333333333,12.447619047619048,Lower Manhattan,14,6,1,42,0,0,1
2023-02-12 15:00:00,10.0,17.0,8.0,12.0,14.0,12.457142857142857,Lower Manhattan,15,6,1,42,0,0,1
2023-02-12 16:00:00,15.0,10.0,6.0,6.0,14.133333333333333,12.438095238095238,Lower Manhattan,16,6,1,42,0,0,1
2023-02-12 17:00:00,14.0,15.0,3.0,9.0,14.733333333333333,12.523809523809524,Lower Manhattan,17,6,1,42,0,0,1
2023-02-12 18:00:00,11.0,14.0,9.0,5.0,15.466666666666667,12.571428571428571,Lower Manhattan,18,6,1,42,0,0,1
2023-02-12 19:00:00,0.0,11.0,0.0,0.0,15.6,12.628571428571428,Lower Manhattan,19,6,1,42,0,0,1
2023-02-12 20:00:00,0.0,0.0,0.0,0.0,15.6,12.628571428571428,Lower Manhattan,20,6,1,42,0,0,1
2023-02-13 06:00:00,0.0,,26.0,0.0,15.6,12.628571428571428,Lower Manhattan,6,0,0,43,0,0,1
2023-02-13 07:00:00,40.0,0.0,34.0,18.0,13.866666666666667,12.628571428571428,Lower Manhattan,7,0,0,43,0,0,1
2023-02-13 08:00:00,30.0,40.0,17.0,9.0,14.266666666666667,12.838095238095239,Lower Manhattan,8,0,0,43,0,0,1
2023-02-13 09:00:00,27.0,30.0,22.0,13.0,15.133333333333333,13.038095238095238,Lower Manhattan,9,0,0,43,0,0,1
2023-02-13 10:00:00,25.0,27.0,44.0,15.0,15.466666666666667,13.17142857142857,Lower Manhattan,10,0,0,43,0,0,1
2023-02-13 11:00:00,19.0,25.0,3.0,15.0,14.2,13.266666666666667,Lower Manhattan,11,0,0,43,0,0,1
2023-02-13 12:00:00,11.0,19.0,8.0,13.0,15.266666666666667,13.304761904761905,Lower Manhattan,12,0,0,43,0,0,1
2023-02-13 13:00:00,11.0,11.0,13.0,14.0,15.466666666666667,13.285714285714286,Lower Manhattan,13,0,0,43,0,0,1
2023-02-13 14:00:00,10.0,11.0,17.0,15.0,15.333333333333334,13.257142857142858,Lower Manhattan,14,0,0,43,0,0,1
2023-02-13 15:00:00,10.0,10.0,10.0,14.0,14.866666666666667,13.209523809523809,Lower Manhattan,15,0,0,43,0,0,1
2023-02-13 16:00:00,11.0,10.0,15.0,14.0,14.866666666666667,13.17142857142857,Lower Manhattan,16,0,0,43,0,0,1
2023-02-13 17:00:00,8.0,11.0,14.0,20.0,14.6,13.142857142857142,Lower Manhattan,17,0,0,43,0,0,1
2023-02-13 18:00:00,10.0,8.0,11.0,8.0,14.2,13.028571428571428,Lower Manhattan,18,0,0,43,0,0,1
2023-02-13 19:00:00,0.0,10.0,0.0,0.0,14.133333333333333,13.047619047619047,Lower Manhattan,19,0,0,43,0,0,1
2023-02-13 20:00:00,0.0,0.0,0.0,0.0,14.133333333333333,13.047619047619047,Lower Manhattan,20,0,0,43,0,0,1
2023-02-14 06:00:00,0.0,,0.0,4.0,14.133333333333333,13.047619047619047,Lower Manhattan,6,1,0,44,0,0,1
2023-02-14 07:00:00,19.0,0.0,40.0,36.0,14.133333333333333,13.00952380952381,Lower Manhattan,7,1,0,44,0,0,1
2023-02-14 08:00:00,29.0,19.0,30.0,32.0,12.733333333333333,12.847619047619048,Lower Manhattan,8,1,0,44,0,0,1
2023-02-14 09:00:00,38.0,29.0,27.0,30.0,12.666666666666666,12.81904761904762,Lower Manhattan,9,1,0,44,0,0,1
2023-02-14 10:00:00,42.0,38.0,25.0,45.0,13.4,12.895238095238096,Lower Manhattan,10,1,0,44,0,0,1
2023-02-14 11:00:00,6.0,42.0,19.0,4.0,14.533333333333333,12.866666666666667,Lower Manhattan,11,1,0,44,0,0,1
2023-02-14 12:00:00,8.0,6.0,11.0,7.0,13.666666666666666,12.885714285714286,Lower Manhattan,12,1,0,44,0,0,1
2023-02-14 13:00:00,9.0,8.0,11.0,0.0,13.466666666666667,12.895238095238096,Lower Manhattan,13,1,0,44,0,0,1
2023-02-14 14:00:00,6.0,9.0,10.0,0.0,13.333333333333334,12.980952380952381,Lower Manhattan,14,1,0,44,0,0,1
2023-02-14 15:00:00,5.0,6.0,10.0,0.0,13.066666666666666,13.038095238095238,Lower Manhattan,15,1,0,44,0,0,1
2023-02-14 16:00:00,8.0,5.0,11.0,0.0,12.733333333333333,13.085714285714285,Lower Manhattan,16,1,0,44,0,0,1
2023-02-14 17:00:00,7.0,8.0,8.0,0.0,12.533333333333333,13.161904761904761,Lower Manhattan,17,1,0,44,0,0,1
2023-02-14 18:00:00,2.0,7.0,10.0,0.0,12.466666666666667,13.228571428571428,Lower Manhattan,18,1,0,44,0,0,1
2023-02-14 19:00:00,0.0,2.0,0.0,0.0,11.933333333333334,13.247619047619047,Lower Manhattan,19,1,0,44,0,0,1
2023-02-14 20:00:00,0.0,0.0,0.0,0.0,11.933333333333334,13.247619047619047,Lower Manhattan,20,1,0,44,0,0,1
2023-02-15 06:00:00,27.0,,0.0,0.0,11.933333333333334,13.247619047619047,Lower Manhattan,6,2,0,45,0,0,1
2023-02-15 07:00:00,19.0,27.0,19.0,19.0,13.733333333333333,13.504761904761905,Lower Manhattan,7,2,0,45,0,0,1
2023-02-15 08:00:00,24.0,19.0,29.0,31.0,13.733333333333333,13.504761904761905,Lower Manhattan,8,2,0,45,0,0,1
2023-02-15 09:00:00,19.0,24.0,38.0,32.0,13.4,13.438095238095238,Lower Manhattan,9,2,0,45,0,0,1
2023-02-15 10:00:00,22.0,19.0,42.0,39.0,12.133333333333333,13.314285714285715,Lower Manhattan,10,2,0,45,0,0,1
2023-02-15 11:00:00,11.0,22.0,6.0,12.0,10.8,13.152380952380952,Lower Manhattan,11,2,0,45,0,0,1
2023-02-15 12:00:00,5.0,11.0,8.0,12.0,11.133333333333333,13.142857142857142,Lower Manhattan,12,2,0,45,0,0,1
2023-02-15 13:00:00,8.0,5.0,9.0,7.0,10.933333333333334,13.076190476190476,Lower Manhattan,13,2,0,45,0,0,1
2023-02-15 14:00:00,9.0,8.0,6.0,4.0,10.866666666666667,13.085714285714285,Lower Manhattan,14,2,0,45,0,0,1
2023-02-15 15:00:00,15.0,9.0,5.0,8.0,11.066666666666666,13.133333333333333,Lower Manhattan,15,2,0,45,0,0,1
2023-02-15 16:00:00,11.0,15.0,8.0,12.0,11.733333333333333,13.2,Lower Manhattan,16,2,0,45,0,0,1
2023-02-15 17:00:00,3.0,11.0,7.0,6.0,11.933333333333334,13.19047619047619,Lower Manhattan,17,2,0,45,0,0,1
2023-02-15 18:00:00,8.0,3.0,2.0,7.0,11.666666666666666,13.161904761904761,Lower Manhattan,18,2,0,45,0,0,1
2023-02-15 19:00:00,0.0,8.0,0.0,5.0,12.066666666666666,13.17142857142857,Lower Manhattan,19,2,0,45,0,0,1
2023-02-15 20:00:00,0.0,0.0,0.0,5.0,12.066666666666666,13.123809523809523,Lower Manhattan,20,2,0,45,0,0,1
2023-02-16 06:00:00,19.0,,27.0,0.0,12.066666666666666,13.076190476190476,Lower Manhattan,6,3,0,46,0,0,1
2023-02-16 07:00:00,20.0,19.0,19.0,20.0,11.533333333333333,13.257142857142858,Lower Manhattan,7,3,0,46,0,0,1
2023-02-16 08:00:00,31.0,20.0,24.0,21.0,11.6,13.257142857142858,Lower Manhattan,8,3,0,46,0,0,1
2023-02-16 09:00:00,28.0,31.0,19.0,35.0,12.066666666666666,13.352380952380953,Lower Manhattan,9,3,0,46,0,0,1
2023-02-16 10:00:00,18.0,28.0,22.0,30.0,12.666666666666666,13.285714285714286,Lower Manhattan,10,3,0,46,0,0,1
2023-02-16 11:00:00,12.0,18.0,11.0,5.0,12.4,13.17142857142857,Lower Manhattan,11,3,0,46,0,0,1
2023-02-16 12:00:00,17.0,12.0,5.0,9.0,12.466666666666667,13.238095238095237,Lower Manhattan,12,3,0,46,0,0,1
2023-02-16 13:00:00,10.0,17.0,8.0,1.0,13.266666666666667,13.314285714285715,Lower Manhattan,13,3,0,46,0,0,1
2023-02-16 14:00:00,13.0,10.0,9.0,9.0,13.4,13.4,Lower Manhattan,14,3,0,46,0,0,1
2023-02-16 15:00:00,15.0,13.0,15.0,12.0,13.666666666666666,13.438095238095238,Lower Manhattan,15,3,0,46,0,0,1
2023-02-16 16:00:00,8.0,15.0,11.0,1.0,13.666666666666666,13.466666666666667,Lower Manhattan,16,3,0,46,0,0,1
2023-02-16 17:00:00,4.0,8.0,3.0,7.0,13.466666666666667,13.533333333333333,Lower Manhattan,17,3,0,46,0,0,1
2023-02-16 18:00:00,6.0,4.0,8.0,9.0,13.533333333333333,13.504761904761905,Lower Manhattan,18,3,0,46,0,0,1
2023-02-16 19:00:00,0.0,6.0,0.0,7.0,13.4,13.476190476190476,Lower Manhattan,19,3,0,46,0,0,1
2023-02-16 20:00:00,0.0,0.0,0.0,5.0,13.4,13.40952380952381,Lower Manhattan,20,3,0,46,0,0,1
2023-02-17 06:00:00,26.0,,19.0,22.0,13.4,13.361904761904762,Lower Manhattan,6,4,0,47,0,0,1
2023-02-17 07:00:00,15.0,26.0,20.0,27.0,13.866666666666667,13.4,Lower Manhattan,7,4,0,47,0,0,1
2023-02-17 08:00:00,21.0,15.0,31.0,24.0,13.533333333333333,13.285714285714286,Lower Manhattan,8,4,0,47,0,0,1
2023-02-17 09:00:00,21.0,21.0,28.0,31.0,12.866666666666667,13.257142857142858,Lower Manhattan,9,4,0,47,0,0,1
2023-02-17 10:00:00,18.0,21.0,18.0,23.0,12.4,13.161904761904761,Lower Manhattan,10,4,0,47,0,0,1
2023-02-17 11:00:00,9.0,18.0,12.0,20.0,12.4,13.114285714285714,Lower Manhattan,11,4,0,47,0,0,1
2023-02-17 12:00:00,16.0,9.0,17.0,12.0,12.2,13.00952380952381,Lower Manhattan,12,4,0,47,0,0,1
2023-02-17 13:00:00,5.0,16.0,10.0,7.0,12.133333333333333,13.047619047619047,Lower Manhattan,13,4,0,47,0,0,1
2023-02-17 14:00:00,6.0,5.0,13.0,14.0,11.8,13.028571428571428,Lower Manhattan,14,4,0,47,0,0,1
2023-02-17 15:00:00,9.0,6.0,15.0,9.0,11.333333333333334,12.952380952380953,Lower Manhattan,15,4,0,47,0,0,1
2023-02-17 16:00:00,10.0,9.0,8.0,8.0,10.933333333333334,12.952380952380953,Lower Manhattan,16,4,0,47,0,0,1
2023-02-17 17:00:00,10.0,10.0,4.0,5.0,11.066666666666666,12.971428571428572,Lower Manhattan,17,4,0,47,0,0,1
2023-02-17 18:00:00,3.0,10.0,6.0,3.0,11.466666666666667,13.019047619047619,Lower Manhattan,18,4,0,47,0,0,1
2023-02-17 19:00:00,0.0,3.0,0.0,0.0,11.266666666666667,13.019047619047619,Lower Manhattan,19,4,0,47,0,0,1
2023-02-17 20:00:00,0.0,0.0,0.0,0.0,11.266666666666667,13.019047619047619,Lower Manhattan,20,4,0,47,0,0,1
2023-02-18 06:00:00,16.0,,26.0,23.0,11.266666666666667,13.019047619047619,Lower Manhattan,6,5,1,48,0,0,1
2023-02-18 07:00:00,28.0,16.0,15.0,24.0,10.6,12.952380952380953,Lower Manhattan,7,5,1,48,0,0,1
2023-02-18 08:00:00,16.0,28.0,21.0,36.0,11.466666666666667,12.99047619047619,Lower Manhattan,8,5,1,48,0,0,1
2023-02-18 09:00:00,19.0,16.0,21.0,17.0,11.133333333333333,12.8,Lower Manhattan,9,5,1,48,0,0,1
2023-02-18 10:00:00,15.0,19.0,18.0,23.0,11.0,12.81904761904762,Lower Manhattan,10,5,1,48,0,0,1
2023-02-18 11:00:00,9.0,15.0,9.0,5.0,10.8,12.742857142857142,Lower Manhattan,11,5,1,48,0,0,1
2023-02-18 12:00:00,14.0,9.0,16.0,15.0,10.8,12.780952380952382,Lower Manhattan,12,5,1,48,0,0,1
2023-02-18 13:00:00,16.0,14.0,5.0,9.0,10.666666666666666,12.771428571428572,Lower Manhattan,13,5,1,48,0,0,1
2023-02-18 14:00:00,7.0,16.0,6.0,13.0,11.4,12.838095238095239,Lower Manhattan,14,5,1,48,0,0,1
2023-02-18 15:00:00,16.0,7.0,9.0,8.0,11.466666666666667,12.780952380952382,Lower Manhattan,15,5,1,48,0,0,1
2023-02-18 16:00:00,16.0,16.0,10.0,6.0,11.933333333333334,12.857142857142858,Lower Manhattan,16,5,1,48,0,0,1
2023-02-18 17:00:00,5.0,16.0,10.0,3.0,12.333333333333334,12.952380952380953,Lower Manhattan,17,5,1,48,0,0,1
2023-02-18 18:00:00,3.0,5.0,3.0,9.0,12.0,12.971428571428572,Lower Manhattan,18,5,1,48,0,0,1
2023-02-18 19:00:00,0.0,3.0,0.0,0.0,12.0,12.914285714285715,Lower Manhattan,19,5,1,48,0,0,1
2023-02-18 20:00:00,0.0,0.0,0.0,0.0,12.0,12.914285714285715,Lower Manhattan,20,5,1,48,0,0,1
2023-02-19 06:00:00,26.0,,16.0,26.0,12.0,12.914285714285715,Lower Manhattan,6,6,1,49,0,0,1
2023-02-19 07:00:00,29.0,26.0,28.0,34.0,12.666666666666666,12.914285714285715,Lower Manhattan,7,6,1,49,0,0,1
2023-02-19 08:00:00,17.0,29.0,16.0,17.0,12.733333333333333,12.866666666666667,Lower Manhattan,8,6,1,49,0,0,1
2023-02-19 09:00:00,17.0,17.0,19.0,22.0,12.8,12.866666666666667,Lower Manhattan,9,6,1,49,0,0,1
2023-02-19 10:00:00,23.0,17.0,15.0,44.0,12.666666666666666,12.81904761904762,Lower Manhattan,10,6,1,49,0,0,1
2023-02-19 11:00:00,12.0,23.0,9.0,3.0,13.2,12.619047619047619,Lower Manhattan,11,6,1,49,0,0,1
2023-02-19 12:00:00,17.0,12.0,14.0,8.0,13.4,12.704761904761904,Lower Manhattan,12,6,1,49,0,0,1
2023-02-19 13:00:00,9.0,17.0,16.0,13.0,13.6,12.790476190476191,Lower Manhattan,13,6,1,49,0,0,1
2023-02-19 14:00:00,5.0,9.0,7.0,17.0,13.133333333333333,12.752380952380953,Lower Manhattan,14,6,1,49,0,0,1
2023-02-19 15:00:00,17.0,5.0,16.0,10.0,13.0,12.638095238095238,Lower Manhattan,15,6,1,49,0,0,1
2023-02-19 16:00:00,13.0,17.0,16.0,15.0,13.066666666666666,12.704761904761904,Lower Manhattan,16,6,1,49,0,0,1
2023-02-19 17:00:00,11.0,13.0,5.0,14.0,12.866666666666667,12.685714285714285,Lower Manhattan,17,6,1,49,0,0,1
2023-02-19 18:00:00,4.0,11.0,3.0,11.0,13.266666666666667,12.657142857142857,Lower Manhattan,18,6,1,49,0,0,1
2023-02-19 19:00:00,0.0,4.0,0.0,0.0,13.333333333333334,12.59047619047619,Lower Manhattan,19,6,1,49,0,0,1
2023-02-19 20:00:00,0.0,0.0,0.0,0.0,13.333333333333334,12.59047619047619,Lower Manhattan,20,6,1,49,0,0,1
2023-02-20 06:00:00,0.0,,26.0,0.0,13.333333333333334,12.59047619047619,Lower Manhattan,6,0,0,50,0,0,1
2023-02-20 07:00:00,44.0,0.0,29.0,40.0,11.6,12.59047619047619,Lower Manhattan,7,0,0,50,0,0,1
2023-02-20 08:00:00,19.0,44.0,17.0,30.0,12.6,12.628571428571428,Lower Manhattan,8,0,0,50,0,0,1
2023-02-20 09:00:00,32.0,19.0,17.0,27.0,12.733333333333333,12.523809523809524,Lower Manhattan,9,0,0,50,0,0,1
2023-02-20 10:00:00,37.0,32.0,23.0,25.0,13.733333333333333,12.571428571428571,Lower Manhattan,10,0,0,50,0,0,1
2023-02-20 11:00:00,6.0,37.0,12.0,19.0,14.666666666666666,12.685714285714285,Lower Manhattan,11,0,0,50,0,0,1
2023-02-20 12:00:00,6.0,6.0,17.0,11.0,14.266666666666667,12.561904761904762,Lower Manhattan,12,0,0,50,0,0,1
2023-02-20 13:00:00,10.0,6.0,9.0,11.0,13.533333333333333,12.514285714285714,Lower Manhattan,13,0,0,50,0,0,1
2023-02-20 14:00:00,18.0,10.0,5.0,10.0,13.6,12.504761904761905,Lower Manhattan,14,0,0,50,0,0,1
2023-02-20 15:00:00,7.0,18.0,17.0,10.0,14.466666666666667,12.58095238095238,Lower Manhattan,15,0,0,50,0,0,1
2023-02-20 16:00:00,13.0,7.0,13.0,11.0,13.8,12.552380952380952,Lower Manhattan,16,0,0,50,0,0,1
2023-02-20 17:00:00,7.0,13.0,11.0,8.0,13.8,12.571428571428571,Lower Manhattan,17,0,0,50,0,0,1
2023-02-20 18:00:00,5.0,7.0,4.0,10.0,13.533333333333333,12.561904761904762,Lower Manhattan,18,0,0,50,0,0,1
2023-02-20 19:00:00,0.0,5.0,0.0,0.0,13.6,12.514285714285714,Lower Manhattan,19,0,0,50,0,0,1
2023-02-20 20:00:00,0.0,0.0,0.0,0.0,13.6,12.514285714285714,Lower Manhattan,20,0,0,50,0,0,1
2023-02-21 06:00:00,0.0,,0.0,0.0,13.6,12.514285714285714,Lower Manhattan,6,1,0,51,0,0,1
2023-02-21 07:00:00,22.0,0.0,44.0,19.0,13.6,12.514285714285714,Lower Manhattan,7,1,0,51,0,0,1
2023-02-21 08:00:00,23.0,22.0,19.0,29.0,12.133333333333333,12.542857142857143,Lower Manhattan,8,1,0,51,0,0,1
2023-02-21 09:00:00,25.0,23.0,32.0,38.0,12.4,12.485714285714286,Lower Manhattan,9,1,0,51,0,0,1
2023-02-21 10:00:00,31.0,25.0,37.0,42.0,11.933333333333334,12.361904761904762,Lower Manhattan,10,1,0,51,0,0,1
2023-02-21 11:00:00,7.0,31.0,6.0,6.0,11.533333333333333,12.257142857142858,Lower Manhattan,11,1,0,51,0,0,1
2023-02-21 12:00:00,13.0,7.0,6.0,8.0,11.6,12.266666666666667,Lower Manhattan,12,1,0,51,0,0,1
2023-02-21 13:00:00,11.0,13.0,10.0,9.0,12.066666666666666,12.314285714285715,Lower Manhattan,13,1,0,51,0,0,1
2023-02-21 14:00:00,13.0,11.0,18.0,6.0,12.133333333333333,12.333333333333334,Lower Manhattan,14,1,0,51,0,0,1
2023-02-21 15:00:00,6.0,13.0,7.0,5.0,11.8,12.4,Lower Manhattan,15,1,0,51,0,0,1
2023-02-21 16:00:00,3.0,6.0,13.0,8.0,11.733333333333333,12.40952380952381,Lower Manhattan,16,1,0,51,0,0,1
2023-02-21 17:00:00,3.0,3.0,7.0,7.0,11.066666666666666,12.361904761904762,Lower Manhattan,17,1,0,51,0,0,1
2023-02-21 18:00:00,8.0,3.0,5.0,2.0,10.8,12.323809523809524,Lower Manhattan,18,1,0,51,0,0,1
2023-02-21 19:00:00,0.0,8.0,0.0,0.0,11.0,12.380952380952381,Lower Manhattan,19,1,0,51,0,0,1
2023-02-21 20:00:00,0.0,0.0,0.0,0.0,11.0,12.380952380952381,Lower Manhattan,20,1,0,51,0,0,1
2023-02-22 06:00:00,20.0,,0.0,27.0,11.0,12.380952380952381,Lower Manhattan,6,2,0,52,0,0,1
2023-02-22 07:00:00,22.0,20.0,22.0,19.0,12.333333333333334,12.314285714285715,Lower Manhattan,7,2,0,52,0,0,1
2023-02-22 08:00:00,29.0,22.0,23.0,24.0,12.333333333333334,12.342857142857143,Lower Manhattan,8,2,0,52,0,0,1
2023-02-22 09:00:00,19.0,29.0,25.0,19.0,12.733333333333333,12.39047619047619,Lower Manhattan,9,2,0,52,0,0,1
2023-02-22 10:00:00,22.0,19.0,31.0,22.0,12.333333333333334,12.39047619047619,Lower Manhattan,10,2,0,52,0,0,1
2023-02-22 11:00:00,9.0,22.0,7.0,11.0,11.733333333333333,12.39047619047619,Lower Manhattan,11,2,0,52,0,0,1
2023-02-22 12:00:00,15.0,9.0,13.0,5.0,11.866666666666667,12.371428571428572,Lower Manhattan,12,2,0,52,0,0,1
2023-02-22 13:00:00,10.0,15.0,11.0,8.0,12.0,12.466666666666667,Lower Manhattan,13,2,0,52,0,0,1
2023-02-22 14:00:00,5.0,10.0,13.0,9.0,11.933333333333334,12.485714285714286,Lower Manhattan,14,2,0,52,0,0,1
2023-02-22 15:00:00,9.0,5.0,6.0,15.0,11.4,12.447619047619048,Lower Manhattan,15,2,0,52,0,0,1
2023-02-22 16:00:00,11.0,9.0,3.0,11.0,11.6,12.39047619047619,Lower Manhattan,16,2,0,52,0,0,1
2023-02-22 17:00:00,13.0,11.0,3.0,3.0,12.133333333333333,12.39047619047619,Lower Manhattan,17,2,0,52,0,0,1
2023-02-22 18:00:00,3.0,13.0,8.0,8.0,12.8,12.485714285714286,Lower Manhattan,18,2,0,52,0,0,1
2023-02-22 19:00:00,0.0,3.0,0.0,0.0,12.466666666666667,12.438095238095238,Lower Manhattan,19,2,0,52,0,0,1
2023-02-22 20:00:00,0.0,0.0,0.0,0.0,12.466666666666667,12.438095238095238,Lower Manhattan,20,2,0,52,0,0,1
2023-02-23 06:00:00,32.0,,20.0,19.0,12.466666666666667,12.438095238095238,Lower Manhattan,6,3,0,53,0,0,1
2023-02-23 07:00:00,18.0,32.0,22.0,20.0,13.266666666666667,12.561904761904762,Lower Manhattan,7,3,0,53,0,0,1
2023-02-23 08:00:00,19.0,18.0,29.0,31.0,13.0,12.542857142857143,Lower Manhattan,8,3,0,53,0,0,1
2023-02-23 09:00:00,27.0,19.0,19.0,28.0,12.333333333333334,12.428571428571429,Lower Manhattan,9,3,0,53,0,0,1
2023-02-23 10:00:00,19.0,27.0,22.0,18.0,12.866666666666667,12.41904761904762,Lower Manhattan,10,3,0,53,0,0,1
2023-02-23 11:00:00,10.0,19.0,9.0,12.0,12.666666666666666,12.428571428571429,Lower Manhattan,11,3,0,53,0,0,1
2023-02-23 12:00:00,2.0,10.0,15.0,17.0,12.733333333333333,12.40952380952381,Lower Manhattan,12,3,0,53,0,0,1
2023-02-23 13:00:00,6.0,2.0,10.0,10.0,11.866666666666667,12.266666666666667,Lower Manhattan,13,3,0,53,0,0,1
2023-02-23 14:00:00,13.0,6.0,5.0,13.0,11.6,12.228571428571428,Lower Manhattan,14,3,0,53,0,0,1
2023-02-23 15:00:00,8.0,13.0,9.0,15.0,12.133333333333333,12.228571428571428,Lower Manhattan,15,3,0,53,0,0,1
2023-02-23 16:00:00,11.0,8.0,11.0,8.0,12.066666666666666,12.161904761904761,Lower Manhattan,16,3,0,53,0,0,1
2023-02-23 17:00:00,12.0,11.0,13.0,4.0,12.066666666666666,12.19047619047619,Lower Manhattan,17,3,0,53,0,0,1
2023-02-23 18:00:00,1.0,12.0,3.0,6.0,12.0,12.266666666666667,Lower Manhattan,18,3,0,53,0,0,1
2023-02-23 19:00:00,0.0,1.0,0.0,0.0,11.866666666666667,12.219047619047618,Lower Manhattan,19,3,0,53,0,0,1
2023-02-23 20:00:00,0.0,0.0,0.0,0.0,11.866666666666667,12.219047619047618,Lower Manhattan,20,3,0,53,0,0,1
2023-02-24 06:00:00,27.0,,32.0,26.0,11.866666666666667,12.219047619047618,Lower Manhattan,6,4,0,54,0,0,1
2023-02-24 07:00:00,28.0,27.0,18.0,15.0,11.533333333333333,12.228571428571428,Lower Manhattan,7,4,0,54,0,0,1
2023-02-24 08:00:00,25.0,28.0,19.0,21.0,12.2,12.352380952380953,Lower Manhattan,8,4,0,54,0,0,1
2023-02-24 09:00:00,26.0,25.0,27.0,21.0,12.6,12.39047619047619,Lower Manhattan,9,4,0,54,0,0,1
2023-02-24 10:00:00,25.0,26.0,19.0,18.0,12.533333333333333,12.438095238095238,Lower Manhattan,10,4,0,54,0,0,1
2023-02-24 11:00:00,13.0,25.0,10.0,9.0,12.933333333333334,12.504761904761905,Lower Manhattan,11,4,0,54,0,0,1
2023-02-24 12:00:00,7.0,13.0,2.0,16.0,13.133333333333333,12.542857142857143,Lower Manhattan,12,4,0,54,0,0,1
2023-02-24 13:00:00,10.0,7.0,6.0,5.0,13.466666666666667,12.457142857142857,Lower Manhattan,13,4,0,54,0,0,1
2023-02-24 14:00:00,24.0,10.0,13.0,6.0,13.733333333333333,12.504761904761905,Lower Manhattan,14,4,0,54,0,0,1
2023-02-24 15:00:00,10.0,24.0,8.0,9.0,14.466666666666667,12.676190476190476,Lower Manhattan,15,4,0,54,0,0,1
2023-02-24 16:00:00,10.0,10.0,11.0,10.0,14.6,12.685714285714285,Lower Manhattan,16,4,0,54,0,0,1
2023-02-24 17:00:00,7.0,10.0,12.0,10.0,14.533333333333333,12.685714285714285,Lower Manhattan,17,4,0,54,0,0,1
2023-02-24 18:00:00,2.0,7.0,1.0,3.0,14.2,12.657142857142857,Lower Manhattan,18,4,0,54,0,0,1
2023-02-24 19:00:00,0.0,2.0,0.0,0.0,14.266666666666667,12.647619047619047,Lower Manhattan,19,4,0,54,0,0,1
2023-02-24 20:00:00,0.0,0.0,0.0,0.0,14.266666666666667,12.647619047619047,Lower Manhattan,20,4,0,54,0,0,1
2023-02-25 06:00:00,29.0,,27.0,16.0,14.266666666666667,12.647619047619047,Lower Manhattan,6,5,1,55,0,0,1
2023-02-25 07:00:00,35.0,29.0,28.0,28.0,14.4,12.771428571428572,Lower Manhattan,7,5,1,55,0,0,1
2023-02-25 08:00:00,19.0,35.0,25.0,16.0,14.866666666666667,12.838095238095239,Lower Manhattan,8,5,1,55,0,0,1
2023-02-25 09:00:00,28.0,19.0,26.0,19.0,14.466666666666667,12.866666666666667,Lower Manhattan,9,5,1,55,0,0,1
2023-02-25 10:00:00,24.0,28.0,25.0,15.0,14.6,12.952380952380953,Lower Manhattan,10,5,1,55,0,0,1
2023-02-25 11:00:00,10.0,24.0,13.0,9.0,14.533333333333333,13.038095238095238,Lower Manhattan,11,5,1,55,0,0,1
2023-02-25 12:00:00,10.0,10.0,7.0,14.0,14.333333333333334,13.047619047619047,Lower Manhattan,12,5,1,55,0,0,1
2023-02-25 13:00:00,18.0,10.0,10.0,16.0,14.533333333333333,13.00952380952381,Lower Manhattan,13,5,1,55,0,0,1
2023-02-25 14:00:00,3.0,18.0,24.0,7.0,15.066666666666666,13.028571428571428,Lower Manhattan,14,5,1,55,0,0,1
2023-02-25 15:00:00,5.0,3.0,10.0,16.0,13.666666666666666,12.99047619047619,Lower Manhattan,15,5,1,55,0,0,1
2023-02-25 16:00:00,14.0,5.0,10.0,16.0,13.333333333333334,12.885714285714286,Lower Manhattan,16,5,1,55,0,0,1
2023-02-25 17:00:00,7.0,14.0,7.0,5.0,13.6,12.866666666666667,Lower Manhattan,17,5,1,55,0,0,1
2023-02-25 18:00:00,7.0,7.0,2.0,3.0,13.6,12.885714285714286,Lower Manhattan,18,5,1,55,0,0,1
2023-02-25 19:00:00,0.0,7.0,0.0,0.0,13.933333333333334,12.923809523809524,Lower Manhattan,19,5,1,55,0,0,1
2023-02-25 20:00:00,0.0,0.0,0.0,0.0,13.933333333333334,12.923809523809524,Lower Manhattan,20,5,1,55,0,0,1
2023-02-26 06:00:00,16.0,,29.0,26.0,13.933333333333334,12.923809523809524,Lower Manhattan,6,6,1,56,0,0,1
2023-02-26 07:00:00,18.0,16.0,35.0,29.0,13.066666666666666,12.82857142857143,Lower Manhattan,7,6,1,56,0,0,1
2023-02-26 08:00:00,28.0,18.0,19.0,17.0,11.933333333333334,12.723809523809523,Lower Manhattan,8,6,1,56,0,0,1
2023-02-26 09:00:00,26.0,28.0,28.0,17.0,12.533333333333333,12.82857142857143,Lower Manhattan,9,6,1,56,0,0,1
2023-02-26 10:00:00,19.0,26.0,24.0,23.0,12.4,12.914285714285715,Lower Manhattan,10,6,1,56,0,0,1
2023-02-26 11:00:00,12.0,19.0,10.0,12.0,12.066666666666666,12.876190476190477,Lower Manhattan,11,6,1,56,0,0,1
2023-02-26 12:00:00,7.0,12.0,10.0,17.0,12.2,12.876190476190477,Lower Manhattan,12,6,1,56,0,0,1
2023-02-26 13:00:00,12.0,7.0,18.0,9.0,12.0,12.780952380952382,Lower Manhattan,13,6,1,56,0,0,1
2023-02-26 14:00:00,9.0,12.0,3.0,5.0,11.6,12.80952380952381,Lower Manhattan,14,6,1,56,0,0,1
2023-02-26 15:00:00,11.0,9.0,5.0,17.0,12.0,12.847619047619048,Lower Manhattan,15,6,1,56,0,0,1
2023-02-26 16:00:00,6.0,11.0,14.0,13.0,12.4,12.790476190476191,Lower Manhattan,16,6,1,56,0,0,1
2023-02-26 17:00:00,3.0,6.0,7.0,11.0,11.866666666666667,12.723809523809523,Lower Manhattan,17,6,1,56,0,0,1
2023-02-26 18:00:00,3.0,3.0,7.0,4.0,11.6,12.647619047619047,Lower Manhattan,18,6,1,56,0,0,1
2023-02-26 19:00:00,0.0,3.0,0.0,0.0,11.333333333333334,12.638095238095238,Lower Manhattan,19,6,1,56,0,0,1
2023-02-26 20:00:00,0.0,0.0,0.0,0.0,11.333333333333334,12.638095238095238,Lower Manhattan,20,6,1,56,0,0,1
2023-02-27 06:00:00,0.0,,16.0,0.0,11.333333333333334,12.638095238095238,Lower Manhattan,6,0,0,57,0,0,1
2023-02-27 07:00:00,37.0,0.0,18.0,44.0,10.266666666666667,12.638095238095238,Lower Manhattan,7,0,0,57,0,0,1
2023-02-27 08:00:00,43.0,37.0,28.0,19.0,11.533333333333333,12.571428571428571,Lower Manhattan,8,0,0,57,0,0,1
2023-02-27 09:00:00,42.0,43.0,26.0,32.0,12.533333333333333,12.8,Lower Manhattan,9,0,0,57,0,0,1
2023-02-27 10:00:00,35.0,42.0,19.0,37.0,13.6,12.895238095238096,Lower Manhattan,10,0,0,57,0,0,1
2023-02-27 11:00:00,16.0,35.0,12.0,6.0,14.666666666666666,12.876190476190477,Lower Manhattan,11,0,0,57,0,0,1
2023-02-27 12:00:00,12.0,16.0,7.0,6.0,14.933333333333334,12.971428571428572,Lower Manhattan,12,0,0,57,0,0,1
2023-02-27 13:00:00,6.0,12.0,12.0,10.0,15.266666666666667,13.028571428571428,Lower Manhattan,13,0,0,57,0,0,1
2023-02-27 14:00:00,19.0,6.0,9.0,18.0,14.866666666666667,12.99047619047619,Lower Manhattan,14,0,0,57,0,0,1
2023-02-27 15:00:00,21.0,19.0,11.0,7.0,15.533333333333333,13.0,Lower Manhattan,15,0,0,57,0,0,1
2023-02-27 16:00:00,16.0,21.0,6.0,13.0,16.2,13.133333333333333,Lower Manhattan,16,0,0,57,0,0,1
2023-02-27 17:00:00,17.0,16.0,3.0,7.0,16.866666666666667,13.161904761904761,Lower Manhattan,17,0,0,57,0,0,1
2023-02-27 18:00:00,4.0,17.0,3.0,5.0,17.8,13.257142857142858,Lower Manhattan,18,0,0,57,0,0,1
2023-02-27 19:00:00,0.0,4.0,0.0,0.0,17.866666666666667,13.247619047619047,Lower Manhattan,19,0,0,57,0,0,1
2023-02-27 20:00:00,0.0,0.0,0.0,0.0,17.866666666666667,13.247619047619047,Lower Manhattan,20,0,0,57,0,0,1
2023-02-28 06:00:00,0.0,,0.0,0.0,17.866666666666667,13.247619047619047,Lower Manhattan,6,1,0,58,0,0,1
2023-02-28 07:00:00,15.0,0.0,37.0,22.0,17.866666666666667,13.247619047619047,Lower Manhattan,7,1,0,58,0,0,1
2023-02-28 08:00:00,16.0,15.0,43.0,23.0,16.4,13.18095238095238,Lower Manhattan,8,1,0,58,0,0,1
2023-02-28 09:00:00,16.0,16.0,42.0,25.0,14.6,13.114285714285714,Lower Manhattan,9,1,0,58,0,0,1
2023-02-28 10:00:00,13.0,16.0,35.0,31.0,12.866666666666667,13.028571428571428,Lower Manhattan,10,1,0,58,0,0,1
2023-02-28 11:00:00,10.0,13.0,16.0,7.0,11.4,12.857142857142858,Lower Manhattan,11,1,0,58,0,0,1
2023-02-28 12:00:00,13.0,10.0,12.0,13.0,11.0,12.885714285714286,Lower Manhattan,12,1,0,58,0,0,1
2023-02-28 13:00:00,12.0,13.0,6.0,11.0,11.066666666666666,12.885714285714286,Lower Manhattan,13,1,0,58,0,0,1
2023-02-28 14:00:00,18.0,12.0,19.0,13.0,11.466666666666667,12.895238095238096,Lower Manhattan,14,1,0,58,0,0,1
2023-02-28 15:00:00,15.0,18.0,21.0,6.0,11.4,12.942857142857143,Lower Manhattan,15,1,0,58,0,0,1
2023-02-28 16:00:00,15.0,15.0,16.0,3.0,11.0,13.028571428571428,Lower Manhattan,16,1,0,58,0,0,1
2023-02-28 17:00:00,10.0,15.0,17.0,3.0,10.933333333333334,13.142857142857142,Lower Manhattan,17,1,0,58,0,0,1
2023-02-28 18:00:00,2.0,10.0,4.0,8.0,10.466666666666667,13.209523809523809,Lower Manhattan,18,1,0,58,0,0,1
2023-02-28 19:00:00,0.0,2.0,0.0,0.0,10.333333333333334,13.152380952380952,Lower Manhattan,19,1,0,58,0,0,1
2023-02-28 20:00:00,0.0,0.0,0.0,0.0,10.333333333333334,13.152380952380952,Lower Manhattan,20,1,0,58,0,0,1
2023-03-01 06:00:00,0.0,,0.0,20.0,10.333333333333334,13.152380952380952,Lower Manhattan,6,2,0,59,0,0,1
2023-03-01 07:00:00,26.0,0.0,15.0,22.0,10.333333333333334,12.961904761904762,Lower Manhattan,7,2,0,59,0,0,1
2023-03-01 08:00:00,19.0,26.0,16.0,29.0,11.066666666666666,13.0,Lower Manhattan,8,2,0,59,0,0,1
2023-03-01 09:00:00,23.0,19.0,16.0,19.0,11.266666666666667,12.904761904761905,Lower Manhattan,9,2,0,59,0,0,1
2023-03-01 10:00:00,18.0,23.0,13.0,22.0,11.733333333333333,12.942857142857143,Lower Manhattan,10,2,0,59,0,0,1
2023-03-01 11:00:00,16.0,18.0,10.0,9.0,12.066666666666666,12.904761904761905,Lower Manhattan,11,2,0,59,0,0,1
2023-03-01 12:00:00,9.0,16.0,13.0,15.0,12.466666666666667,12.971428571428572,Lower Manhattan,12,2,0,59,0,0,1
2023-03-01 13:00:00,22.0,9.0,12.0,10.0,12.2,12.914285714285715,Lower Manhattan,13,2,0,59,0,0,1
2023-03-01 14:00:00,21.0,22.0,18.0,5.0,12.866666666666667,13.028571428571428,Lower Manhattan,14,2,0,59,0,0,1
2023-03-01 15:00:00,26.0,21.0,15.0,9.0,13.066666666666666,13.18095238095238,Lower Manhattan,15,2,0,59,0,0,1
2023-03-01 16:00:00,15.0,26.0,15.0,11.0,13.8,13.342857142857143,Lower Manhattan,16,2,0,59,0,0,1
2023-03-01 17:00:00,19.0,15.0,10.0,13.0,13.8,13.380952380952381,Lower Manhattan,17,2,0,59,0,0,1
2023-03-01 18:00:00,4.0,19.0,2.0,3.0,14.4,13.438095238095238,Lower Manhattan,18,2,0,59,0,0,1
2023-03-01 19:00:00,0.0,4.0,0.0,0.0,14.533333333333333,13.447619047619048,Lower Manhattan,19,2,0,59,0,0,1
2023-03-01 20:00:00,0.0,0.0,0.0,0.0,14.533333333333333,13.447619047619048,Lower Manhattan,20,2,0,59,0,0,1
2023-03-02 06:00:00,0.0,,0.0,32.0,14.533333333333333,13.447619047619048,Lower Manhattan,6,3,0,60,0,0,1
2023-03-02 07:00:00,12.0,0.0,26.0,18.0,14.533333333333333,13.142857142857142,Lower Manhattan,7,3,0,60,0,0,1
2023-03-02 08:00:00,19.0,12.0,19.0,19.0,13.6,13.085714285714285,Lower Manhattan,8,3,0,60,0,0,1
2023-03-02 09:00:00,12.0,19.0,23.0,27.0,13.6,13.085714285714285,Lower Manhattan,9,3,0,60,0,0,1
2023-03-02 10:00:00,13.0,12.0,18.0,19.0,12.866666666666667,12.942857142857143,Lower Manhattan,10,3,0,60,0,0,1
2023-03-02 11:00:00,14.0,13.0,16.0,10.0,12.533333333333333,12.885714285714286,Lower Manhattan,11,3,0,60,0,0,1
2023-03-02 12:00:00,19.0,14.0,9.0,2.0,12.4,12.923809523809524,Lower Manhattan,12,3,0,60,0,0,1
2023-03-02 13:00:00,16.0,19.0,22.0,6.0,13.066666666666666,13.085714285714285,Lower Manhattan,13,3,0,60,0,0,1
2023-03-02 14:00:00,23.0,16.0,21.0,13.0,12.666666666666666,13.18095238095238,Lower Manhattan,14,3,0,60,0,0,1
2023-03-02 15:00:00,18.0,23.0,26.0,8.0,12.8,13.276190476190477,Lower Manhattan,15,3,0,60,0,0,1
2023-03-02 16:00:00,29.0,18.0,15.0,11.0,12.266666666666667,13.371428571428572,Lower Manhattan,16,3,0,60,0,0,1
2023-03-02 17:00:00,15.0,29.0,19.0,12.0,13.2,13.542857142857143,Lower Manhattan,17,3,0,60,0,0,1
2023-03-02 18:00:00,12.0,15.0,4.0,1.0,12.933333333333334,13.571428571428571,Lower Manhattan,18,3,0,60,0,0,1
2023-03-02 19:00:00,0.0,12.0,0.0,0.0,13.466666666666667,13.676190476190476,Lower Manhattan,19,3,0,60,0,0,1
2023-03-02 20:00:00,0.0,0.0,0.0,0.0,13.466666666666667,13.676190476190476,Lower Manhattan,20,3,0,60,0,0,1
2023-03-03 06:00:00,0.0,,0.0,27.0,13.466666666666667,13.676190476190476,Lower Manhattan,6,4,0,61,0,0,1
2023-03-03 07:00:00,24.0,0.0,12.0,28.0,13.466666666666667,13.41904761904762,Lower Manhattan,7,4,0,61,0,0,1
2023-03-03 08:00:00,16.0,24.0,19.0,25.0,14.266666666666667,13.380952380952381,Lower Manhattan,8,4,0,61,0,0,1
2023-03-03 09:00:00,26.0,16.0,12.0,26.0,14.066666666666666,13.295238095238096,Lower Manhattan,9,4,0,61,0,0,1
2023-03-03 10:00:00,12.0,26.0,13.0,25.0,15.0,13.295238095238096,Lower Manhattan,10,4,0,61,0,0,1
2023-03-03 11:00:00,25.0,12.0,14.0,13.0,14.933333333333334,13.17142857142857,Lower Manhattan,11,4,0,61,0,0,1
2023-03-03 12:00:00,17.0,25.0,19.0,7.0,15.666666666666666,13.285714285714286,Lower Manhattan,12,4,0,61,0,0,1
2023-03-03 13:00:00,17.0,17.0,16.0,10.0,15.533333333333333,13.380952380952381,Lower Manhattan,13,4,0,61,0,0,1
2023-03-03 14:00:00,20.0,17.0,23.0,24.0,15.6,13.447619047619048,Lower Manhattan,14,4,0,61,0,0,1
2023-03-03 15:00:00,17.0,20.0,18.0,10.0,15.4,13.40952380952381,Lower Manhattan,15,4,0,61,0,0,1
2023-03-03 16:00:00,17.0,17.0,29.0,10.0,15.333333333333334,13.476190476190476,Lower Manhattan,16,4,0,61,0,0,1
2023-03-03 17:00:00,19.0,17.0,15.0,7.0,14.533333333333333,13.542857142857143,Lower Manhattan,17,4,0,61,0,0,1
2023-03-03 18:00:00,7.0,19.0,12.0,2.0,14.8,13.657142857142857,Lower Manhattan,18,4,0,61,0,0,1
2023-03-03 19:00:00,0.0,7.0,0.0,0.0,14.466666666666667,13.704761904761904,Lower Manhattan,19,4,0,61,0,0,1
2023-03-03 20:00:00,0.0,0.0,0.0,0.0,14.466666666666667,13.704761904761904,Lower Manhattan,20,4,0,61,0,0,1
2023-03-04 06:00:00,0.0,,0.0,29.0,14.466666666666667,13.704761904761904,Lower Manhattan,6,5,1,62,0,0,1
2023-03-04 07:00:00,14.0,0.0,24.0,35.0,14.466666666666667,13.428571428571429,Lower Manhattan,7,5,1,62,0,0,1
2023-03-04 08:00:00,17.0,14.0,16.0,19.0,13.8,13.228571428571428,Lower Manhattan,8,5,1,62,0,0,1
2023-03-04 09:00:00,15.0,17.0,26.0,28.0,13.866666666666667,13.209523809523809,Lower Manhattan,9,5,1,62,0,0,1
2023-03-04 10:00:00,16.0,15.0,12.0,24.0,13.133333333333333,13.085714285714285,Lower Manhattan,10,5,1,62,0,0,1
2023-03-04 11:00:00,14.0,16.0,25.0,10.0,13.4,13.00952380952381,Lower Manhattan,11,5,1,62,0,0,1
2023-03-04 12:00:00,18.0,14.0,17.0,10.0,12.666666666666666,13.047619047619047,Lower Manhattan,12,5,1,62,0,0,1
2023-03-04 13:00:00,9.0,18.0,17.0,18.0,12.733333333333333,13.123809523809523,Lower Manhattan,13,5,1,62,0,0,1
2023-03-04 14:00:00,23.0,9.0,20.0,3.0,12.2,13.038095238095238,Lower Manhattan,14,5,1,62,0,0,1
2023-03-04 15:00:00,30.0,23.0,17.0,5.0,12.4,13.228571428571428,Lower Manhattan,15,5,1,62,0,0,1
2023-03-04 16:00:00,20.0,30.0,17.0,14.0,13.266666666666667,13.466666666666667,Lower Manhattan,16,5,1,62,0,0,1
2023-03-04 17:00:00,12.0,20.0,19.0,7.0,13.466666666666667,13.523809523809524,Lower Manhattan,17,5,1,62,0,0,1
2023-03-04 18:00:00,13.0,12.0,7.0,7.0,13.0,13.571428571428571,Lower Manhattan,18,5,1,62,0,0,1
2023-03-04 19:00:00,0.0,13.0,0.0,0.0,13.4,13.628571428571428,Lower Manhattan,19,5,1,62,0,0,1
2023-03-04 20:00:00,0.0,0.0,0.0,0.0,13.4,13.628571428571428,Lower Manhattan,20,5,1,62,0,0,1
2023-03-05 06:00:00,0.0,,0.0,16.0,13.4,13.628571428571428,Lower Manhattan,6,6,1,63,0,0,1
2023-03-05 07:00:00,22.0,0.0,14.0,18.0,13.4,13.476190476190476,Lower Manhattan,7,6,1,63,0,0,1
2023-03-05 08:00:00,26.0,22.0,17.0,28.0,13.933333333333334,13.514285714285714,Lower Manhattan,8,6,1,63,0,0,1
2023-03-05 09:00:00,22.0,26.0,15.0,26.0,14.533333333333333,13.495238095238095,Lower Manhattan,9,6,1,63,0,0,1
2023-03-05 10:00:00,13.0,22.0,16.0,19.0,15.0,13.457142857142857,Lower Manhattan,10,6,1,63,0,0,1
2023-03-05 11:00:00,20.0,13.0,14.0,12.0,14.8,13.4,Lower Manhattan,11,6,1,63,0,0,1
2023-03-05 12:00:00,17.0,20.0,18.0,7.0,15.2,13.476190476190476,Lower Manhattan,12,6,1,63,0,0,1
2023-03-05 13:00:00,16.0,17.0,9.0,12.0,15.133333333333333,13.571428571428571,Lower Manhattan,13,6,1,63,0,0,1
2023-03-05 14:00:00,22.0,16.0,23.0,9.0,15.6,13.60952380952381,Lower Manhattan,14,6,1,63,0,0,1
2023-03-05 15:00:00,22.0,22.0,30.0,11.0,15.533333333333333,13.733333333333333,Lower Manhattan,15,6,1,63,0,0,1
2023-03-05 16:00:00,9.0,22.0,20.0,6.0,15.0,13.838095238095239,Lower Manhattan,16,6,1,63,0,0,1
2023-03-05 17:00:00,20.0,9.0,12.0,3.0,14.266666666666667,13.866666666666667,Lower Manhattan,17,6,1,63,0,0,1
2023-03-05 18:00:00,6.0,20.0,13.0,3.0,14.8,14.028571428571428,Lower Manhattan,18,6,1,63,0,0,1
2023-03-05 19:00:00,0.0,6.0,0.0,0.0,14.333333333333334,14.057142857142857,Lower Manhattan,19,6,1,63,0,0,1
2023-03-05 20:00:00,0.0,0.0,0.0,0.0,14.333333333333334,14.057142857142857,Lower Manhattan,20,6,1,63,0,0,1
2023-03-06 06:00:00,0.0,,0.0,0.0,14.333333333333334,14.057142857142857,Lower Manhattan,6,0,0,64,0,0,1
2023-03-06 07:00:00,13.0,0.0,22.0,37.0,14.333333333333334,14.057142857142857,Lower Manhattan,7,0,0,64,0,0,1
2023-03-06 08:00:00,19.0,13.0,26.0,43.0,13.733333333333333,13.82857142857143,Lower Manhattan,8,0,0,64,0,0,1
2023-03-06 09:00:00,15.0,19.0,22.0,42.0,13.266666666666667,13.6,Lower Manhattan,9,0,0,64,0,0,1
2023-03-06 10:00:00,26.0,15.0,13.0,35.0,12.8,13.342857142857143,Lower Manhattan,10,0,0,64,0,0,1
2023-03-06 11:00:00,14.0,26.0,20.0,16.0,13.666666666666666,13.257142857142858,Lower Manhattan,11,0,0,64,0,0,1
2023-03-06 12:00:00,15.0,14.0,17.0,12.0,13.266666666666667,13.238095238095237,Lower Manhattan,12,0,0,64,0,0,1
2023-03-06 13:00:00,23.0,15.0,16.0,6.0,13.133333333333333,13.266666666666667,Lower Manhattan,13,0,0,64,0,0,1
2023-03-06 14:00:00,13.0,23.0,22.0,19.0,13.6,13.428571428571429,Lower Manhattan,14,0,0,64,0,0,1
2023-03-06 15:00:00,24.0,13.0,22.0,21.0,13.0,13.371428571428572,Lower Manhattan,15,0,0,64,0,0,1
2023-03-06 16:00:00,18.0,24.0,9.0,16.0,13.133333333333333,13.4,Lower Manhattan,16,0,0,64,0,0,1
2023-03-06 17:00:00,27.0,18.0,20.0,17.0,13.733333333333333,13.41904761904762,Lower Manhattan,17,0,0,64,0,0,1
2023-03-06 18:00:00,6.0,27.0,6.0,4.0,14.2,13.514285714285714,Lower Manhattan,18,0,0,64,0,0,1
2023-03-06 19:00:00,0.0,6.0,0.0,0.0,14.2,13.533333333333333,Lower Manhattan,19,0,0,64,0,0,1
2023-03-06 20:00:00,0.0,0.0,0.0,0.0,14.2,13.533333333333333,Lower Manhattan,20,0,0,64,0,0,1
2023-03-07 06:00:00,5.0,,0.0,0.0,14.2,13.533333333333333,Lower Manhattan,6,1,0,65,0,0,1
2023-03-07 07:00:00,32.0,5.0,13.0,15.0,14.533333333333333,13.58095238095238,Lower Manhattan,7,1,0,65,0,0,1
2023-03-07 08:00:00,40.0,32.0,19.0,16.0,15.8,13.742857142857142,Lower Manhattan,8,1,0,65,0,0,1
2023-03-07 09:00:00,24.0,40.0,15.0,16.0,17.2,13.971428571428572,Lower Manhattan,9,1,0,65,0,0,1
2023-03-07 10:00:00,39.0,24.0,26.0,13.0,17.8,14.047619047619047,Lower Manhattan,10,1,0,65,0,0,1
2023-03-07 11:00:00,8.0,39.0,14.0,10.0,18.666666666666668,14.295238095238096,Lower Manhattan,11,1,0,65,0,0,1
2023-03-07 12:00:00,6.0,8.0,15.0,13.0,18.266666666666666,14.276190476190477,Lower Manhattan,12,1,0,65,0,0,1
2023-03-07 13:00:00,0.0,6.0,23.0,12.0,17.666666666666668,14.209523809523809,Lower Manhattan,13,1,0,65,0,0,1
2023-03-07 14:00:00,0.0,0.0,13.0,18.0,16.133333333333333,14.095238095238095,Lower Manhattan,14,1,0,65,0,0,1
2023-03-07 15:00:00,0.0,0.0,24.0,15.0,15.266666666666667,13.923809523809524,Lower Manhattan,15,1,0,65,0,0,1
2023-03-07 16:00:00,0.0,0.0,18.0,15.0,13.666666666666666,13.780952380952382,Lower Manhattan,16,1,0,65,0,0,1
2023-03-07 17:00:00,0.0,0.0,27.0,10.0,12.466666666666667,13.638095238095238,Lower Manhattan,17,1,0,65,0,0,1
2023-03-07 18:00:00,0.0,0.0,6.0,2.0,10.666666666666666,13.542857142857143,Lower Manhattan,18,1,0,65,0,0,1
2023-03-07 19:00:00,0.0,0.0,0.0,0.0,10.266666666666667,13.523809523809524,Lower Manhattan,19,1,0,65,0,0,1
2023-03-07 20:00:00,0.0,0.0,0.0,0.0,10.266666666666667,13.523809523809524,Lower Manhattan,20,1,0,65,0,0,1
2023-03-08 06:00:00,0.0,,5.0,0.0,10.266666666666667,13.523809523809524,Lower Manhattan,6,2,0,66,0,0,1
2023-03-08 07:00:00,21.0,0.0,32.0,26.0,9.933333333333334,13.523809523809524,Lower Manhattan,7,2,0,66,0,0,1
2023-03-08 08:00:00,35.0,21.0,40.0,19.0,9.2,13.476190476190476,Lower Manhattan,8,2,0,66,0,0,1
2023-03-08 09:00:00,36.0,35.0,24.0,23.0,8.866666666666667,13.628571428571428,Lower Manhattan,9,2,0,66,0,0,1
2023-03-08 10:00:00,44.0,36.0,39.0,18.0,9.666666666666666,13.752380952380953,Lower Manhattan,10,2,0,66,0,0,1
2023-03-08 11:00:00,13.0,44.0,8.0,16.0,10.0,14.0,Lower Manhattan,11,2,0,66,0,0,1
2023-03-08 12:00:00,12.0,13.0,6.0,9.0,10.333333333333334,13.971428571428572,Lower Manhattan,12,2,0,66,0,0,1
2023-03-08 13:00:00,13.0,12.0,0.0,22.0,10.733333333333333,14.0,Lower Manhattan,13,2,0,66,0,0,1
2023-03-08 14:00:00,7.0,13.0,0.0,21.0,11.6,13.914285714285715,Lower Manhattan,14,2,0,66,0,0,1
2023-03-08 15:00:00,9.0,7.0,0.0,26.0,12.066666666666666,13.780952380952382,Lower Manhattan,15,2,0,66,0,0,1
2023-03-08 16:00:00,10.0,9.0,0.0,15.0,12.666666666666666,13.619047619047619,Lower Manhattan,16,2,0,66,0,0,1
2023-03-08 17:00:00,8.0,10.0,0.0,19.0,13.333333333333334,13.571428571428571,Lower Manhattan,17,2,0,66,0,0,1
2023-03-08 18:00:00,15.0,8.0,0.0,4.0,13.866666666666667,13.466666666666667,Lower Manhattan,18,2,0,66,0,0,1
2023-03-08 19:00:00,10.0,15.0,0.0,0.0,14.866666666666667,13.571428571428571,Lower Manhattan,19,2,0,66,0,0,1
2023-03-08 20:00:00,6.0,10.0,0.0,0.0,15.533333333333333,13.666666666666666,Lower Manhattan,20,2,0,66,0,0,1
2023-03-09 06:00:00,0.0,,0.0,0.0,15.933333333333334,13.723809523809523,Lower Manhattan,6,3,0,67,0,0,1
2023-03-09 07:00:00,23.0,0.0,21.0,12.0,15.933333333333334,13.723809523809523,Lower Manhattan,7,3,0,67,0,0,1
2023-03-09 08:00:00,33.0,23.0,35.0,19.0,16.066666666666666,13.82857142857143,Lower Manhattan,8,3,0,67,0,0,1
2023-03-09 09:00:00,37.0,33.0,36.0,12.0,15.933333333333334,13.961904761904762,Lower Manhattan,9,3,0,67,0,0,1
2023-03-09 10:00:00,56.0,37.0,44.0,13.0,16.0,14.2,Lower Manhattan,10,3,0,67,0,0,1
2023-03-09 11:00:00,7.0,56.0,13.0,14.0,16.8,14.60952380952381,Lower Manhattan,11,3,0,67,0,0,1
2023-03-09 12:00:00,14.0,7.0,12.0,19.0,16.4,14.542857142857143,Lower Manhattan,12,3,0,67,0,0,1
2023-03-09 13:00:00,12.0,14.0,13.0,16.0,16.533333333333335,14.495238095238095,Lower Manhattan,13,3,0,67,0,0,1
2023-03-09 14:00:00,9.0,12.0,7.0,23.0,16.466666666666665,14.457142857142857,Lower Manhattan,14,3,0,67,0,0,1
2023-03-09 15:00:00,9.0,9.0,9.0,18.0,16.6,14.323809523809524,Lower Manhattan,15,3,0,67,0,0,1
2023-03-09 16:00:00,3.0,9.0,10.0,29.0,16.6,14.238095238095237,Lower Manhattan,16,3,0,67,0,0,1
2023-03-09 17:00:00,9.0,3.0,8.0,15.0,16.133333333333333,13.99047619047619,Lower Manhattan,17,3,0,67,0,0,1
2023-03-09 18:00:00,9.0,9.0,15.0,12.0,16.2,13.933333333333334,Lower Manhattan,18,3,0,67,0,0,1
2023-03-09 19:00:00,11.0,9.0,10.0,0.0,15.8,13.904761904761905,Lower Manhattan,19,3,0,67,0,0,1
2023-03-09 20:00:00,5.0,11.0,6.0,0.0,15.866666666666667,14.00952380952381,Lower Manhattan,20,3,0,67,0,0,1
2023-03-10 06:00:00,26.0,,0.0,0.0,15.8,14.057142857142857,Lower Manhattan,6,4,0,68,0,0,1
2023-03-10 07:00:00,31.0,26.0,23.0,24.0,17.533333333333335,14.304761904761905,Lower Manhattan,7,4,0,68,0,0,1
2023-03-10 08:00:00,30.0,31.0,33.0,16.0,18.066666666666666,14.371428571428572,Lower Manhattan,8,4,0,68,0,0,1
2023-03-10 09:00:00,35.0,30.0,37.0,26.0,17.866666666666667,14.504761904761905,Lower Manhattan,9,4,0,68,0,0,1
2023-03-10 10:00:00,33.0,35.0,56.0,12.0,17.733333333333334,14.59047619047619,Lower Manhattan,10,4,0,68,0,0,1
2023-03-10 11:00:00,20.0,33.0,7.0,25.0,16.2,14.790476190476191,Lower Manhattan,11,4,0,68,0,0,1
2023-03-10 12:00:00,9.0,20.0,14.0,17.0,17.066666666666666,14.742857142857142,Lower Manhattan,12,4,0,68,0,0,1
2023-03-10 13:00:00,5.0,9.0,12.0,17.0,16.733333333333334,14.666666666666666,Lower Manhattan,13,4,0,68,0,0,1
2023-03-10 14:00:00,13.0,5.0,9.0,20.0,16.266666666666666,14.552380952380952,Lower Manhattan,14,4,0,68,0,0,1
2023-03-10 15:00:00,7.0,13.0,9.0,17.0,16.533333333333335,14.485714285714286,Lower Manhattan,15,4,0,68,0,0,1
2023-03-10 16:00:00,14.0,7.0,3.0,17.0,16.4,14.39047619047619,Lower Manhattan,16,4,0,68,0,0,1
2023-03-10 17:00:00,8.0,14.0,9.0,19.0,17.133333333333333,14.361904761904762,Lower Manhattan,17,4,0,68,0,0,1
2023-03-10 18:00:00,5.0,8.0,9.0,7.0,17.066666666666666,14.257142857142858,Lower Manhattan,18,4,0,68,0,0,1
2023-03-10 19:00:00,0.0,5.0,11.0,0.0,16.8,14.238095238095237,Lower Manhattan,19,4,0,68,0,0,1
2023-03-10 20:00:00,0.0,0.0,5.0,0.0,16.066666666666666,14.238095238095237,Lower Manhattan,20,4,0,68,0,0,1
2023-03-11 06:00:00,36.0,,26.0,0.0,15.733333333333333,14.238095238095237,Lower Manhattan,6,5,1,69,0,0,1
2023-03-11 07:00:00,32.0,36.0,31.0,14.0,16.4,14.58095238095238,Lower Manhattan,7,5,1,69,0,0,1
2023-03-11 08:00:00,34.0,32.0,30.0,17.0,16.466666666666665,14.752380952380953,Lower Manhattan,8,5,1,69,0,0,1
2023-03-11 09:00:00,26.0,34.0,35.0,15.0,16.733333333333334,14.914285714285715,Lower Manhattan,9,5,1,69,0,0,1
2023-03-11 10:00:00,14.0,26.0,33.0,16.0,16.133333333333333,15.019047619047619,Lower Manhattan,10,5,1,69,0,0,1
2023-03-11 11:00:00,8.0,14.0,20.0,14.0,14.866666666666667,15.0,Lower Manhattan,11,5,1,69,0,0,1
2023-03-11 12:00:00,17.0,8.0,9.0,18.0,14.066666666666666,14.942857142857143,Lower Manhattan,12,5,1,69,0,0,1
2023-03-11 13:00:00,12.0,17.0,5.0,9.0,14.6,14.933333333333334,Lower Manhattan,13,5,1,69,0,0,1
2023-03-11 14:00:00,18.0,12.0,13.0,23.0,15.066666666666666,14.961904761904762,Lower Manhattan,14,5,1,69,0,0,1
2023-03-11 15:00:00,12.0,18.0,7.0,30.0,15.4,14.914285714285715,Lower Manhattan,15,5,1,69,0,0,1
2023-03-11 16:00:00,9.0,12.0,14.0,20.0,15.733333333333333,14.742857142857142,Lower Manhattan,16,5,1,69,0,0,1
2023-03-11 17:00:00,10.0,9.0,8.0,12.0,15.4,14.638095238095238,Lower Manhattan,17,5,1,69,0,0,1
2023-03-11 18:00:00,8.0,10.0,5.0,13.0,15.533333333333333,14.619047619047619,Lower Manhattan,18,5,1,69,0,0,1
2023-03-11 19:00:00,0.0,8.0,0.0,0.0,15.733333333333333,14.571428571428571,Lower Manhattan,19,5,1,69,0,0,1
2023-03-11 20:00:00,0.0,0.0,0.0,0.0,15.733333333333333,14.571428571428571,Lower Manhattan,20,5,1,69,0,0,1
2023-03-12 06:00:00,35.0,,36.0,0.0,15.733333333333333,14.571428571428571,Lower Manhattan,6,6,1,70,0,0,1
2023-03-12 07:00:00,34.0,35.0,32.0,22.0,15.666666666666666,14.904761904761905,Lower Manhattan,7,6,1,70,0,0,1
2023-03-12 08:00:00,19.0,34.0,34.0,26.0,15.8,15.019047619047619,Lower Manhattan,8,6,1,70,0,0,1
2023-03-12 09:00:00,33.0,19.0,26.0,22.0,14.8,14.952380952380953,Lower Manhattan,9,6,1,70,0,0,1
2023-03-12 10:00:00,38.0,33.0,14.0,13.0,15.266666666666667,15.057142857142857,Lower Manhattan,10,6,1,70,0,0,1
2023-03-12 11:00:00,8.0,38.0,8.0,20.0,16.866666666666667,15.295238095238096,Lower Manhattan,11,6,1,70,0,0,1
2023-03-12 12:00:00,9.0,8.0,17.0,17.0,16.866666666666667,15.18095238095238,Lower Manhattan,12,6,1,70,0,0,1
2023-03-12 13:00:00,10.0,9.0,12.0,16.0,16.333333333333332,15.104761904761904,Lower Manhattan,13,6,1,70,0,0,1
2023-03-12 14:00:00,10.0,10.0,18.0,22.0,16.2,15.047619047619047,Lower Manhattan,14,6,1,70,0,0,1
2023-03-12 15:00:00,11.0,10.0,12.0,22.0,15.666666666666666,14.933333333333334,Lower Manhattan,15,6,1,70,0,0,1
2023-03-12 16:00:00,16.0,11.0,9.0,9.0,15.6,14.82857142857143,Lower Manhattan,16,6,1,70,0,0,1
2023-03-12 17:00:00,19.0,16.0,10.0,20.0,16.066666666666666,14.895238095238096,Lower Manhattan,17,6,1,70,0,0,1
2023-03-12 18:00:00,15.0,19.0,8.0,6.0,16.666666666666668,14.885714285714286,Lower Manhattan,18,6,1,70,0,0,1
2023-03-12 19:00:00,0.0,15.0,0.0,0.0,17.133333333333333,14.971428571428572,Lower Manhattan,19,6,1,70,0,0,1
2023-03-12 20:00:00,0.0,0.0,0.0,0.0,17.133333333333333,14.971428571428572,Lower Manhattan,20,6,1,70,0,0,1
2023-03-13 06:00:00,0.0,,35.0,0.0,17.133333333333333,14.971428571428572,Lower Manhattan,6,0,0,71,0,0,1
2023-03-13 07:00:00,44.0,0.0,34.0,13.0,14.8,14.971428571428572,Lower Manhattan,7,0,0,71,0,0,1
2023-03-13 08:00:00,38.0,44.0,19.0,19.0,15.466666666666667,15.266666666666667,Lower Manhattan,8,0,0,71,0,0,1
2023-03-13 09:00:00,25.0,38.0,33.0,15.0,16.733333333333334,15.447619047619048,Lower Manhattan,9,0,0,71,0,0,1
2023-03-13 10:00:00,32.0,25.0,38.0,26.0,16.2,15.542857142857143,Lower Manhattan,10,0,0,71,0,0,1
2023-03-13 11:00:00,24.0,32.0,8.0,14.0,15.8,15.6,Lower Manhattan,11,0,0,71,0,0,1
2023-03-13 12:00:00,23.0,24.0,9.0,15.0,16.866666666666667,15.695238095238095,Lower Manhattan,12,0,0,71,0,0,1
2023-03-13 13:00:00,10.0,23.0,10.0,23.0,17.8,15.771428571428572,Lower Manhattan,13,0,0,71,0,0,1
2023-03-13 14:00:00,14.0,10.0,10.0,13.0,17.8,15.647619047619047,Lower Manhattan,14,0,0,71,0,0,1
2023-03-13 15:00:00,24.0,14.0,11.0,24.0,18.066666666666666,15.657142857142857,Lower Manhattan,15,0,0,71,0,0,1
2023-03-13 16:00:00,11.0,24.0,16.0,18.0,18.933333333333334,15.657142857142857,Lower Manhattan,16,0,0,71,0,0,1
2023-03-13 17:00:00,7.0,11.0,19.0,27.0,18.6,15.59047619047619,Lower Manhattan,17,0,0,71,0,0,1
2023-03-13 18:00:00,10.0,7.0,15.0,6.0,17.8,15.4,Lower Manhattan,18,0,0,71,0,0,1
2023-03-13 19:00:00,0.0,10.0,0.0,0.0,17.466666666666665,15.438095238095238,Lower Manhattan,19,0,0,71,0,0,1
2023-03-13 20:00:00,0.0,0.0,0.0,0.0,17.466666666666665,15.438095238095238,Lower Manhattan,20,0,0,71,0,0,1
2023-03-14 06:00:00,0.0,,0.0,5.0,17.466666666666665,15.438095238095238,Lower Manhattan,6,1,0,72,0,0,1
2023-03-14 07:00:00,32.0,0.0,44.0,32.0,17.466666666666665,15.39047619047619,Lower Manhattan,7,1,0,72,0,0,1
2023-03-14 08:00:00,35.0,32.0,38.0,40.0,16.666666666666668,15.39047619047619,Lower Manhattan,8,1,0,72,0,0,1
2023-03-14 09:00:00,41.0,35.0,25.0,24.0,16.466666666666665,15.342857142857143,Lower Manhattan,9,1,0,72,0,0,1
2023-03-14 10:00:00,45.0,41.0,32.0,39.0,17.533333333333335,15.504761904761905,Lower Manhattan,10,1,0,72,0,0,1
2023-03-14 11:00:00,6.0,45.0,24.0,8.0,18.4,15.561904761904762,Lower Manhattan,11,1,0,72,0,0,1
2023-03-14 12:00:00,13.0,6.0,23.0,6.0,17.2,15.542857142857143,Lower Manhattan,12,1,0,72,0,0,1
2023-03-14 13:00:00,12.0,13.0,10.0,0.0,16.533333333333335,15.60952380952381,Lower Manhattan,13,1,0,72,0,0,1
2023-03-14 14:00:00,10.0,12.0,14.0,0.0,16.666666666666668,15.723809523809523,Lower Manhattan,14,1,0,72,0,0,1
2023-03-14 15:00:00,5.0,10.0,24.0,0.0,16.4,15.81904761904762,Lower Manhattan,15,1,0,72,0,0,1
2023-03-14 16:00:00,2.0,5.0,11.0,0.0,15.133333333333333,15.866666666666667,Lower Manhattan,16,1,0,72,0,0,1
2023-03-14 17:00:00,15.0,2.0,7.0,0.0,14.533333333333333,15.885714285714286,Lower Manhattan,17,1,0,72,0,0,1
2023-03-14 18:00:00,3.0,15.0,10.0,0.0,15.066666666666666,16.02857142857143,Lower Manhattan,18,1,0,72,0,0,1
2023-03-14 19:00:00,0.0,3.0,0.0,0.0,14.6,16.057142857142857,Lower Manhattan,19,1,0,72,0,0,1
2023-03-14 20:00:00,0.0,0.0,0.0,0.0,14.6,16.057142857142857,Lower Manhattan,20,1,0,72,0,0,1
2023-03-15 06:00:00,29.0,,0.0,0.0,14.6,16.057142857142857,Lower Manhattan,6,2,0,73,0,0,1
2023-03-15 07:00:00,22.0,29.0,32.0,21.0,16.533333333333335,16.333333333333332,Lower Manhattan,7,2,0,73,0,0,1
2023-03-15 08:00:00,20.0,22.0,35.0,35.0,15.866666666666667,16.34285714285714,Lower Manhattan,8,2,0,73,0,0,1
2023-03-15 09:00:00,21.0,20.0,41.0,36.0,14.866666666666667,16.2,Lower Manhattan,9,2,0,73,0,0,1
2023-03-15 10:00:00,35.0,21.0,45.0,44.0,13.533333333333333,16.057142857142857,Lower Manhattan,10,2,0,73,0,0,1
2023-03-15 11:00:00,10.0,35.0,6.0,13.0,12.866666666666667,15.971428571428572,Lower Manhattan,11,2,0,73,0,0,1
2023-03-15 12:00:00,13.0,10.0,13.0,12.0,13.133333333333333,15.942857142857143,Lower Manhattan,12,2,0,73,0,0,1
2023-03-15 13:00:00,14.0,13.0,12.0,13.0,13.133333333333333,15.952380952380953,Lower Manhattan,13,2,0,73,0,0,1
2023-03-15 14:00:00,7.0,14.0,10.0,7.0,13.266666666666667,15.961904761904762,Lower Manhattan,14,2,0,73,0,0,1
2023-03-15 15:00:00,16.0,7.0,5.0,9.0,13.066666666666666,15.961904761904762,Lower Manhattan,15,2,0,73,0,0,1
2023-03-15 16:00:00,8.0,16.0,2.0,10.0,13.8,16.02857142857143,Lower Manhattan,16,2,0,73,0,0,1
2023-03-15 17:00:00,7.0,8.0,15.0,8.0,14.2,16.00952380952381,Lower Manhattan,17,2,0,73,0,0,1
2023-03-15 18:00:00,7.0,7.0,3.0,15.0,13.666666666666666,16.0,Lower Manhattan,18,2,0,73,0,0,1
2023-03-15 19:00:00,0.0,7.0,0.0,10.0,13.933333333333334,15.923809523809524,Lower Manhattan,19,2,0,73,0,0,1
2023-03-15 20:00:00,0.0,0.0,0.0,6.0,13.933333333333334,15.82857142857143,Lower Manhattan,20,2,0,73,0,0,1
2023-03-16 06:00:00,25.0,,29.0,0.0,13.933333333333334,15.771428571428572,Lower Manhattan,6,3,0,74,0,0,1
2023-03-16 07:00:00,30.0,25.0,22.0,23.0,13.666666666666666,16.00952380952381,Lower Manhattan,7,3,0,74,0,0,1
2023-03-16 08:00:00,29.0,30.0,20.0,33.0,14.2,16.076190476190476,Lower Manhattan,8,3,0,74,0,0,1
2023-03-16 09:00:00,24.0,29.0,21.0,37.0,14.8,16.038095238095238,Lower Manhattan,9,3,0,74,0,0,1
2023-03-16 10:00:00,28.0,24.0,35.0,56.0,15.0,15.914285714285715,Lower Manhattan,10,3,0,74,0,0,1
2023-03-16 11:00:00,9.0,28.0,10.0,7.0,14.533333333333333,15.647619047619047,Lower Manhattan,11,3,0,74,0,0,1
2023-03-16 12:00:00,22.0,9.0,13.0,14.0,14.466666666666667,15.666666666666666,Lower Manhattan,12,3,0,74,0,0,1
2023-03-16 13:00:00,9.0,22.0,14.0,12.0,15.066666666666666,15.742857142857142,Lower Manhattan,13,3,0,74,0,0,1
2023-03-16 14:00:00,7.0,9.0,7.0,9.0,14.733333333333333,15.714285714285714,Lower Manhattan,14,3,0,74,0,0,1
2023-03-16 15:00:00,18.0,7.0,16.0,9.0,14.733333333333333,15.695238095238095,Lower Manhattan,15,3,0,74,0,0,1
2023-03-16 16:00:00,24.0,18.0,8.0,3.0,14.866666666666667,15.780952380952382,Lower Manhattan,16,3,0,74,0,0,1
2023-03-16 17:00:00,10.0,24.0,7.0,9.0,15.933333333333334,15.980952380952381,Lower Manhattan,17,3,0,74,0,0,1
2023-03-16 18:00:00,5.0,10.0,7.0,9.0,16.133333333333333,15.99047619047619,Lower Manhattan,18,3,0,74,0,0,1
2023-03-16 19:00:00,0.0,5.0,0.0,11.0,16.0,15.952380952380953,Lower Manhattan,19,3,0,74,0,0,1
2023-03-16 20:00:00,0.0,0.0,0.0,5.0,16.0,15.847619047619048,Lower Manhattan,20,3,0,74,0,0,1
2023-03-17 06:00:00,34.0,,25.0,26.0,16.0,15.8,Lower Manhattan,6,4,0,75,0,0,1
2023-03-17 07:00:00,28.0,34.0,30.0,31.0,16.6,15.876190476190477,Lower Manhattan,7,4,0,75,0,0,1
2023-03-17 08:00:00,27.0,28.0,29.0,30.0,16.466666666666665,15.847619047619048,Lower Manhattan,8,4,0,75,0,0,1
2023-03-17 09:00:00,19.0,27.0,24.0,35.0,16.333333333333332,15.81904761904762,Lower Manhattan,9,4,0,75,0,0,1
2023-03-17 10:00:00,27.0,19.0,28.0,33.0,16.0,15.666666666666666,Lower Manhattan,10,4,0,75,0,0,1
2023-03-17 11:00:00,8.0,27.0,9.0,20.0,15.933333333333334,15.60952380952381,Lower Manhattan,11,4,0,75,0,0,1
2023-03-17 12:00:00,12.0,8.0,22.0,9.0,15.866666666666667,15.495238095238095,Lower Manhattan,12,4,0,75,0,0,1
2023-03-17 13:00:00,12.0,12.0,9.0,5.0,15.2,15.523809523809524,Lower Manhattan,13,4,0,75,0,0,1
2023-03-17 14:00:00,7.0,12.0,7.0,13.0,15.4,15.59047619047619,Lower Manhattan,14,4,0,75,0,0,1
2023-03-17 15:00:00,9.0,7.0,18.0,7.0,15.4,15.533333333333333,Lower Manhattan,15,4,0,75,0,0,1
2023-03-17 16:00:00,18.0,9.0,24.0,14.0,14.8,15.552380952380952,Lower Manhattan,16,4,0,75,0,0,1
2023-03-17 17:00:00,13.0,18.0,10.0,8.0,14.4,15.59047619047619,Lower Manhattan,17,4,0,75,0,0,1
2023-03-17 18:00:00,7.0,13.0,5.0,5.0,14.6,15.638095238095238,Lower Manhattan,18,4,0,75,0,0,1
2023-03-17 19:00:00,0.0,7.0,0.0,0.0,14.733333333333333,15.657142857142857,Lower Manhattan,19,4,0,75,0,0,1
2023-03-17 20:00:00,0.0,0.0,0.0,0.0,14.733333333333333,15.657142857142857,Lower Manhattan,20,4,0,75,0,0,1
2023-03-18 06:00:00,32.0,,34.0,36.0,14.733333333333333,15.657142857142857,Lower Manhattan,6,5,1,76,0,0,1
2023-03-18 07:00:00,34.0,32.0,28.0,32.0,14.6,15.619047619047619,Lower Manhattan,7,5,1,76,0,0,1
2023-03-18 08:00:00,20.0,34.0,27.0,34.0,15.0,15.638095238095238,Lower Manhattan,8,5,1,76,0,0,1
2023-03-18 09:00:00,16.0,20.0,19.0,26.0,14.533333333333333,15.504761904761905,Lower Manhattan,9,5,1,76,0,0,1
2023-03-18 10:00:00,30.0,16.0,27.0,14.0,14.333333333333334,15.40952380952381,Lower Manhattan,10,5,1,76,0,0,1
2023-03-18 11:00:00,15.0,30.0,8.0,8.0,14.533333333333333,15.561904761904762,Lower Manhattan,11,5,1,76,0,0,1
2023-03-18 12:00:00,10.0,15.0,12.0,17.0,15.0,15.628571428571428,Lower Manhattan,12,5,1,76,0,0,1
2023-03-18 13:00:00,16.0,10.0,12.0,12.0,14.866666666666667,15.561904761904762,Lower Manhattan,13,5,1,76,0,0,1
2023-03-18 14:00:00,19.0,16.0,7.0,18.0,15.133333333333333,15.6,Lower Manhattan,14,5,1,76,0,0,1
2023-03-18 15:00:00,18.0,19.0,9.0,12.0,15.933333333333334,15.60952380952381,Lower Manhattan,15,5,1,76,0,0,1
2023-03-18 16:00:00,18.0,18.0,18.0,9.0,16.533333333333335,15.666666666666666,Lower Manhattan,16,5,1,76,0,0,1
2023-03-18 17:00:00,1.0,18.0,13.0,10.0,16.533333333333335,15.752380952380953,Lower Manhattan,17,5,1,76,0,0,1
2023-03-18 18:00:00,2.0,1.0,7.0,8.0,15.733333333333333,15.666666666666666,Lower Manhattan,18,5,1,76,0,0,1
2023-03-18 19:00:00,0.0,2.0,0.0,0.0,15.4,15.60952380952381,Lower Manhattan,19,5,1,76,0,0,1
2023-03-18 20:00:00,0.0,0.0,0.0,0.0,15.4,15.60952380952381,Lower Manhattan,20,5,1,76,0,0,1
2023-03-19 06:00:00,22.0,,32.0,35.0,15.4,15.60952380952381,Lower Manhattan,6,6,1,77,0,0,1
2023-03-19 07:00:00,24.0,22.0,34.0,34.0,14.733333333333333,15.485714285714286,Lower Manhattan,7,6,1,77,0,0,1
2023-03-19 08:00:00,18.0,24.0,20.0,19.0,14.066666666666666,15.39047619047619,Lower Manhattan,8,6,1,77,0,0,1
2023-03-19 09:00:00,12.0,18.0,16.0,33.0,13.933333333333334,15.380952380952381,Lower Manhattan,9,6,1,77,0,0,1
2023-03-19 10:00:00,25.0,12.0,30.0,38.0,13.666666666666666,15.18095238095238,Lower Manhattan,10,6,1,77,0,0,1
2023-03-19 11:00:00,14.0,25.0,15.0,8.0,13.333333333333334,15.057142857142857,Lower Manhattan,11,6,1,77,0,0,1
2023-03-19 12:00:00,20.0,14.0,10.0,9.0,13.266666666666667,15.114285714285714,Lower Manhattan,12,6,1,77,0,0,1
2023-03-19 13:00:00,3.0,20.0,16.0,10.0,13.933333333333334,15.219047619047618,Lower Manhattan,13,6,1,77,0,0,1
2023-03-19 14:00:00,11.0,3.0,19.0,10.0,13.066666666666666,15.152380952380952,Lower Manhattan,14,6,1,77,0,0,1
2023-03-19 15:00:00,18.0,11.0,18.0,11.0,12.533333333333333,15.161904761904761,Lower Manhattan,15,6,1,77,0,0,1
2023-03-19 16:00:00,10.0,18.0,18.0,16.0,12.533333333333333,15.228571428571428,Lower Manhattan,16,6,1,77,0,0,1
2023-03-19 17:00:00,9.0,10.0,1.0,19.0,12.0,15.17142857142857,Lower Manhattan,17,6,1,77,0,0,1
2023-03-19 18:00:00,4.0,9.0,2.0,15.0,12.533333333333333,15.076190476190476,Lower Manhattan,18,6,1,77,0,0,1
2023-03-19 19:00:00,0.0,4.0,0.0,0.0,12.666666666666666,14.971428571428572,Lower Manhattan,19,6,1,77,0,0,1
2023-03-19 20:00:00,0.0,0.0,0.0,0.0,12.666666666666666,14.971428571428572,Lower Manhattan,20,6,1,77,0,0,1
2023-03-20 06:00:00,0.0,,22.0,0.0,12.666666666666666,14.971428571428572,Lower Manhattan,6,0,0,78,0,0,1
2023-03-20 07:00:00,43.0,0.0,24.0,44.0,11.2,14.971428571428572,Lower Manhattan,7,0,0,78,0,0,1
2023-03-20 08:00:00,37.0,43.0,18.0,38.0,12.466666666666667,14.961904761904762,Lower Manhattan,8,0,0,78,0,0,1
2023-03-20 09:00:00,32.0,37.0,12.0,25.0,13.733333333333333,14.952380952380953,Lower Manhattan,9,0,0,78,0,0,1
2023-03-20 10:00:00,26.0,32.0,25.0,32.0,15.066666666666666,15.019047619047619,Lower Manhattan,10,0,0,78,0,0,1
2023-03-20 11:00:00,7.0,26.0,14.0,24.0,15.133333333333333,14.961904761904762,Lower Manhattan,11,0,0,78,0,0,1
2023-03-20 12:00:00,5.0,7.0,20.0,23.0,14.666666666666666,14.8,Lower Manhattan,12,0,0,78,0,0,1
2023-03-20 13:00:00,9.0,5.0,3.0,10.0,13.666666666666666,14.628571428571428,Lower Manhattan,13,0,0,78,0,0,1
2023-03-20 14:00:00,7.0,9.0,11.0,14.0,14.066666666666666,14.619047619047619,Lower Manhattan,14,0,0,78,0,0,1
2023-03-20 15:00:00,10.0,7.0,18.0,24.0,13.8,14.552380952380952,Lower Manhattan,15,0,0,78,0,0,1
2023-03-20 16:00:00,17.0,10.0,10.0,11.0,13.266666666666667,14.41904761904762,Lower Manhattan,16,0,0,78,0,0,1
2023-03-20 17:00:00,13.0,17.0,9.0,7.0,13.733333333333333,14.476190476190476,Lower Manhattan,17,0,0,78,0,0,1
2023-03-20 18:00:00,3.0,13.0,4.0,10.0,14.0,14.533333333333333,Lower Manhattan,18,0,0,78,0,0,1
2023-03-20 19:00:00,0.0,3.0,0.0,0.0,13.933333333333334,14.466666666666667,Lower Manhattan,19,0,0,78,0,0,1
2023-03-20 20:00:00,0.0,0.0,0.0,0.0,13.933333333333334,14.466666666666667,Lower Manhattan,20,0,0,78,0,0,1
2023-03-21 06:00:00,0.0,,0.0,0.0,13.933333333333334,14.466666666666667,Lower Manhattan,6,1,0,79,0,0,1
2023-03-21 07:00:00,32.0,0.0,43.0,32.0,13.933333333333334,14.466666666666667,Lower Manhattan,7,1,0,79,0,0,1
2023-03-21 08:00:00,23.0,32.0,37.0,35.0,13.2,14.466666666666667,Lower Manhattan,8,1,0,79,0,0,1
2023-03-21 09:00:00,32.0,23.0,32.0,41.0,12.266666666666667,14.352380952380953,Lower Manhattan,9,1,0,79,0,0,1
2023-03-21 10:00:00,28.0,32.0,26.0,45.0,12.266666666666667,14.266666666666667,Lower Manhattan,10,1,0,79,0,0,1
2023-03-21 11:00:00,8.0,28.0,7.0,6.0,12.4,14.104761904761904,Lower Manhattan,11,1,0,79,0,0,1
2023-03-21 12:00:00,13.0,8.0,5.0,13.0,12.466666666666667,14.123809523809523,Lower Manhattan,12,1,0,79,0,0,1
2023-03-21 13:00:00,12.0,13.0,9.0,12.0,13.0,14.123809523809523,Lower Manhattan,13,1,0,79,0,0,1
2023-03-21 14:00:00,9.0,12.0,7.0,10.0,13.2,14.123809523809523,Lower Manhattan,14,1,0,79,0,0,1
2023-03-21 15:00:00,8.0,9.0,10.0,5.0,13.333333333333334,14.114285714285714,Lower Manhattan,15,1,0,79,0,0,1
2023-03-21 16:00:00,11.0,8.0,17.0,2.0,13.2,14.142857142857142,Lower Manhattan,16,1,0,79,0,0,1
2023-03-21 17:00:00,2.0,11.0,13.0,15.0,12.8,14.228571428571428,Lower Manhattan,17,1,0,79,0,0,1
2023-03-21 18:00:00,8.0,2.0,3.0,3.0,12.066666666666666,14.104761904761904,Lower Manhattan,18,1,0,79,0,0,1
2023-03-21 19:00:00,0.0,8.0,0.0,0.0,12.4,14.152380952380952,Lower Manhattan,19,1,0,79,0,0,1
2023-03-21 20:00:00,0.0,0.0,0.0,0.0,12.4,14.152380952380952,Lower Manhattan,20,1,0,79,0,0,1
2023-03-22 06:00:00,35.0,,0.0,29.0,12.4,14.152380952380952,Lower Manhattan,6,2,0,80,0,0,1
2023-03-22 07:00:00,27.0,35.0,32.0,22.0,14.733333333333333,14.209523809523809,Lower Manhattan,7,2,0,80,0,0,1
2023-03-22 08:00:00,31.0,27.0,23.0,20.0,14.4,14.257142857142858,Lower Manhattan,8,2,0,80,0,0,1
2023-03-22 09:00:00,24.0,31.0,32.0,21.0,14.933333333333334,14.361904761904762,Lower Manhattan,9,2,0,80,0,0,1
2023-03-22 10:00:00,16.0,24.0,28.0,35.0,14.4,14.39047619047619,Lower Manhattan,10,2,0,80,0,0,1
2023-03-22 11:00:00,12.0,16.0,8.0,10.0,13.6,14.209523809523809,Lower Manhattan,11,2,0,80,0,0,1
2023-03-22 12:00:00,15.0,12.0,13.0,13.0,13.866666666666667,14.228571428571428,Lower Manhattan,12,2,0,80,0,0,1
2023-03-22 13:00:00,10.0,15.0,12.0,14.0,14.0,14.247619047619047,Lower Manhattan,13,2,0,80,0,0,1
2023-03-22 14:00:00,7.0,10.0,9.0,7.0,13.866666666666667,14.209523809523809,Lower Manhattan,14,2,0,80,0,0,1
2023-03-22 15:00:00,9.0,7.0,8.0,16.0,13.733333333333333,14.209523809523809,Lower Manhattan,15,2,0,80,0,0,1
2023-03-22 16:00:00,10.0,9.0,11.0,8.0,13.8,14.142857142857142,Lower Manhattan,16,2,0,80,0,0,1
2023-03-22 17:00:00,11.0,10.0,2.0,7.0,13.733333333333333,14.161904761904761,Lower Manhattan,17,2,0,80,0,0,1
2023-03-22 18:00:00,3.0,11.0,8.0,7.0,14.333333333333334,14.2,Lower Manhattan,18,2,0,80,0,0,1
2023-03-22 19:00:00,0.0,3.0,0.0,0.0,14.0,14.161904761904761,Lower Manhattan,19,2,0,80,0,0,1
2023-03-22 20:00:00,0.0,0.0,0.0,0.0,14.0,14.161904761904761,Lower Manhattan,20,2,0,80,0,0,1
2023-03-23 06:00:00,28.0,,35.0,25.0,14.0,14.161904761904761,Lower Manhattan,6,3,0,81,0,0,1
2023-03-23 07:00:00,25.0,28.0,27.0,30.0,13.533333333333333,14.19047619047619,Lower Manhattan,7,3,0,81,0,0,1
2023-03-23 08:00:00,22.0,25.0,31.0,29.0,13.4,14.142857142857142,Lower Manhattan,8,3,0,81,0,0,1
2023-03-23 09:00:00,21.0,22.0,24.0,24.0,12.8,14.076190476190476,Lower Manhattan,9,3,0,81,0,0,1
2023-03-23 10:00:00,39.0,21.0,16.0,28.0,12.6,14.047619047619047,Lower Manhattan,10,3,0,81,0,0,1
2023-03-23 11:00:00,12.0,39.0,12.0,9.0,14.133333333333333,14.152380952380952,Lower Manhattan,11,3,0,81,0,0,1
2023-03-23 12:00:00,10.0,12.0,15.0,22.0,14.133333333333333,14.18095238095238,Lower Manhattan,12,3,0,81,0,0,1
2023-03-23 13:00:00,12.0,10.0,10.0,9.0,13.8,14.066666666666666,Lower Manhattan,13,3,0,81,0,0,1
2023-03-23 14:00:00,11.0,12.0,7.0,7.0,13.933333333333334,14.095238095238095,Lower Manhattan,14,3,0,81,0,0,1
2023-03-23 15:00:00,9.0,11.0,9.0,18.0,14.2,14.133333333333333,Lower Manhattan,15,3,0,81,0,0,1
2023-03-23 16:00:00,9.0,9.0,10.0,24.0,14.2,14.047619047619047,Lower Manhattan,16,3,0,81,0,0,1
2023-03-23 17:00:00,18.0,9.0,11.0,10.0,14.133333333333333,13.904761904761905,Lower Manhattan,17,3,0,81,0,0,1
2023-03-23 18:00:00,7.0,18.0,3.0,5.0,14.6,13.980952380952381,Lower Manhattan,18,3,0,81,0,0,1
2023-03-23 19:00:00,0.0,7.0,0.0,0.0,14.866666666666667,14.0,Lower Manhattan,19,3,0,81,0,0,1
2023-03-23 20:00:00,0.0,0.0,0.0,0.0,14.866666666666667,14.0,Lower Manhattan,20,3,0,81,0,0,1
2023-03-24 06:00:00,28.0,,28.0,34.0,14.866666666666667,14.0,Lower Manhattan,6,4,0,82,0,0,1
2023-03-24 07:00:00,34.0,28.0,25.0,28.0,14.866666666666667,13.942857142857143,Lower Manhattan,7,4,0,82,0,0,1
2023-03-24 08:00:00,32.0,34.0,22.0,27.0,15.466666666666667,14.0,Lower Manhattan,8,4,0,82,0,0,1
2023-03-24 09:00:00,30.0,32.0,21.0,19.0,16.133333333333333,14.047619047619047,Lower Manhattan,9,4,0,82,0,0,1
2023-03-24 10:00:00,38.0,30.0,39.0,27.0,16.733333333333334,14.152380952380952,Lower Manhattan,10,4,0,82,0,0,1
2023-03-24 11:00:00,14.0,38.0,12.0,8.0,16.666666666666668,14.257142857142858,Lower Manhattan,11,4,0,82,0,0,1
2023-03-24 12:00:00,8.0,14.0,10.0,12.0,16.8,14.314285714285715,Lower Manhattan,12,4,0,82,0,0,1
2023-03-24 13:00:00,17.0,8.0,12.0,12.0,16.666666666666668,14.276190476190477,Lower Manhattan,13,4,0,82,0,0,1
2023-03-24 14:00:00,19.0,17.0,11.0,7.0,17.0,14.323809523809524,Lower Manhattan,14,4,0,82,0,0,1
2023-03-24 15:00:00,15.0,19.0,9.0,9.0,17.533333333333335,14.438095238095238,Lower Manhattan,15,4,0,82,0,0,1
2023-03-24 16:00:00,10.0,15.0,9.0,18.0,17.933333333333334,14.495238095238095,Lower Manhattan,16,4,0,82,0,0,1
2023-03-24 17:00:00,6.0,10.0,18.0,13.0,18.0,14.41904761904762,Lower Manhattan,17,4,0,82,0,0,1
2023-03-24 18:00:00,8.0,6.0,7.0,7.0,17.2,14.352380952380953,Lower Manhattan,18,4,0,82,0,0,1
2023-03-24 19:00:00,0.0,8.0,0.0,0.0,17.266666666666666,14.361904761904762,Lower Manhattan,19,4,0,82,0,0,1
2023-03-24 20:00:00,0.0,0.0,0.0,0.0,17.266666666666666,14.361904761904762,Lower Manhattan,20,4,0,82,0,0,1
2023-03-25 06:00:00,22.0,,28.0,32.0,17.266666666666666,14.361904761904762,Lower Manhattan,6,5,1,83,0,0,1
2023-03-25 07:00:00,40.0,22.0,34.0,34.0,16.866666666666667,14.266666666666667,Lower Manhattan,7,5,1,83,0,0,1
2023-03-25 08:00:00,23.0,40.0,32.0,20.0,17.266666666666666,14.323809523809524,Lower Manhattan,8,5,1,83,0,0,1
2023-03-25 09:00:00,36.0,23.0,30.0,16.0,16.666666666666668,14.352380952380953,Lower Manhattan,9,5,1,83,0,0,1
2023-03-25 10:00:00,29.0,36.0,38.0,30.0,17.066666666666666,14.542857142857143,Lower Manhattan,10,5,1,83,0,0,1
2023-03-25 11:00:00,10.0,29.0,14.0,15.0,16.466666666666665,14.533333333333333,Lower Manhattan,11,5,1,83,0,0,1
2023-03-25 12:00:00,9.0,10.0,8.0,10.0,16.2,14.485714285714286,Lower Manhattan,12,5,1,83,0,0,1
2023-03-25 13:00:00,14.0,9.0,17.0,16.0,16.266666666666666,14.476190476190476,Lower Manhattan,13,5,1,83,0,0,1
2023-03-25 14:00:00,7.0,14.0,19.0,19.0,16.066666666666666,14.457142857142857,Lower Manhattan,14,5,1,83,0,0,1
2023-03-25 15:00:00,12.0,7.0,15.0,18.0,15.266666666666667,14.342857142857143,Lower Manhattan,15,5,1,83,0,0,1
2023-03-25 16:00:00,17.0,12.0,10.0,18.0,15.066666666666666,14.285714285714286,Lower Manhattan,16,5,1,83,0,0,1
2023-03-25 17:00:00,15.0,17.0,6.0,1.0,15.533333333333333,14.276190476190477,Lower Manhattan,17,5,1,83,0,0,1
2023-03-25 18:00:00,4.0,15.0,8.0,2.0,16.133333333333333,14.40952380952381,Lower Manhattan,18,5,1,83,0,0,1
2023-03-25 19:00:00,0.0,4.0,0.0,0.0,15.866666666666667,14.428571428571429,Lower Manhattan,19,5,1,83,0,0,1
2023-03-25 20:00:00,0.0,0.0,0.0,0.0,15.866666666666667,14.428571428571429,Lower Manhattan,20,5,1,83,0,0,1
2023-03-26 06:00:00,26.0,,22.0,22.0,15.866666666666667,14.428571428571429,Lower Manhattan,6,6,1,84,0,0,1
2023-03-26 07:00:00,20.0,26.0,40.0,24.0,16.133333333333333,14.466666666666667,Lower Manhattan,7,6,1,84,0,0,1
2023-03-26 08:00:00,36.0,20.0,23.0,18.0,14.8,14.428571428571429,Lower Manhattan,8,6,1,84,0,0,1
2023-03-26 09:00:00,32.0,36.0,36.0,12.0,15.666666666666666,14.6,Lower Manhattan,9,6,1,84,0,0,1
2023-03-26 10:00:00,17.0,32.0,29.0,25.0,15.4,14.790476190476191,Lower Manhattan,10,6,1,84,0,0,1
2023-03-26 11:00:00,12.0,17.0,10.0,14.0,14.6,14.714285714285714,Lower Manhattan,11,6,1,84,0,0,1
2023-03-26 12:00:00,9.0,12.0,9.0,20.0,14.733333333333333,14.695238095238095,Lower Manhattan,12,6,1,84,0,0,1
2023-03-26 13:00:00,14.0,9.0,14.0,3.0,14.733333333333333,14.59047619047619,Lower Manhattan,13,6,1,84,0,0,1
2023-03-26 14:00:00,9.0,14.0,7.0,11.0,14.733333333333333,14.695238095238095,Lower Manhattan,14,6,1,84,0,0,1
2023-03-26 15:00:00,12.0,9.0,12.0,18.0,14.866666666666667,14.676190476190476,Lower Manhattan,15,6,1,84,0,0,1
2023-03-26 16:00:00,3.0,12.0,17.0,10.0,14.866666666666667,14.619047619047619,Lower Manhattan,16,6,1,84,0,0,1
2023-03-26 17:00:00,4.0,3.0,15.0,9.0,13.933333333333334,14.552380952380952,Lower Manhattan,17,6,1,84,0,0,1
2023-03-26 18:00:00,1.0,4.0,4.0,4.0,13.2,14.504761904761905,Lower Manhattan,18,6,1,84,0,0,1
2023-03-26 19:00:00,0.0,1.0,0.0,0.0,13.0,14.476190476190476,Lower Manhattan,19,6,1,84,0,0,1
2023-03-26 20:00:00,0.0,0.0,0.0,0.0,13.0,14.476190476190476,Lower Manhattan,20,6,1,84,0,0,1
2023-03-27 06:00:00,0.0,,26.0,0.0,13.0,14.476190476190476,Lower Manhattan,6,0,0,85,0,0,1
2023-03-27 07:00:00,35.0,0.0,20.0,43.0,11.266666666666667,14.476190476190476,Lower Manhattan,7,0,0,85,0,0,1
2023-03-27 08:00:00,37.0,35.0,36.0,37.0,12.266666666666667,14.4,Lower Manhattan,8,0,0,85,0,0,1
2023-03-27 09:00:00,34.0,37.0,32.0,32.0,12.333333333333334,14.4,Lower Manhattan,9,0,0,85,0,0,1
2023-03-27 10:00:00,43.0,34.0,17.0,26.0,12.466666666666667,14.41904761904762,Lower Manhattan,10,0,0,85,0,0,1
2023-03-27 11:00:00,10.0,43.0,12.0,7.0,14.2,14.58095238095238,Lower Manhattan,11,0,0,85,0,0,1
2023-03-27 12:00:00,15.0,10.0,9.0,5.0,14.066666666666666,14.60952380952381,Lower Manhattan,12,0,0,85,0,0,1
2023-03-27 13:00:00,12.0,15.0,14.0,9.0,14.466666666666667,14.704761904761904,Lower Manhattan,13,0,0,85,0,0,1
2023-03-27 14:00:00,5.0,12.0,9.0,7.0,14.333333333333334,14.733333333333333,Lower Manhattan,14,0,0,85,0,0,1
2023-03-27 15:00:00,23.0,5.0,12.0,10.0,14.066666666666666,14.714285714285714,Lower Manhattan,15,0,0,85,0,0,1
2023-03-27 16:00:00,16.0,23.0,3.0,17.0,14.8,14.838095238095239,Lower Manhattan,16,0,0,85,0,0,1
2023-03-27 17:00:00,19.0,16.0,4.0,13.0,15.666666666666666,14.82857142857143,Lower Manhattan,17,0,0,85,0,0,1
2023-03-27 18:00:00,3.0,19.0,1.0,3.0,16.666666666666668,14.885714285714286,Lower Manhattan,18,0,0,85,0,0,1
2023-03-27 19:00:00,0.0,3.0,0.0,0.0,16.8,14.885714285714286,Lower Manhattan,19,0,0,85,0,0,1
2023-03-27 20:00:00,0.0,0.0,0.0,0.0,16.8,14.885714285714286,Lower Manhattan,20,0,0,85,0,0,1
2023-03-28 06:00:00,0.0,,0.0,0.0,16.8,14.885714285714286,Lower Manhattan,6,1,0,86,0,0,1
2023-03-28 07:00:00,19.0,0.0,35.0,32.0,16.8,14.885714285714286,Lower Manhattan,7,1,0,86,0,0,1
2023-03-28 08:00:00,14.0,19.0,37.0,23.0,15.733333333333333,14.761904761904763,Lower Manhattan,8,1,0,86,0,0,1
2023-03-28 09:00:00,17.0,14.0,34.0,32.0,14.2,14.676190476190476,Lower Manhattan,9,1,0,86,0,0,1
2023-03-28 10:00:00,20.0,17.0,43.0,28.0,13.066666666666666,14.533333333333333,Lower Manhattan,10,1,0,86,0,0,1
2023-03-28 11:00:00,16.0,20.0,10.0,8.0,11.533333333333333,14.457142857142857,Lower Manhattan,11,1,0,86,0,0,1
2023-03-28 12:00:00,14.0,16.0,15.0,13.0,11.933333333333334,14.533333333333333,Lower Manhattan,12,1,0,86,0,0,1
2023-03-28 13:00:00,20.0,14.0,12.0,12.0,11.866666666666667,14.542857142857143,Lower Manhattan,13,1,0,86,0,0,1
2023-03-28 14:00:00,19.0,20.0,5.0,9.0,12.4,14.619047619047619,Lower Manhattan,14,1,0,86,0,0,1
2023-03-28 15:00:00,17.0,19.0,23.0,8.0,13.333333333333334,14.714285714285714,Lower Manhattan,15,1,0,86,0,0,1
2023-03-28 16:00:00,21.0,17.0,16.0,11.0,12.933333333333334,14.8,Lower Manhattan,16,1,0,86,0,0,1
2023-03-28 17:00:00,19.0,21.0,19.0,2.0,13.266666666666667,14.895238095238096,Lower Manhattan,17,1,0,86,0,0,1
2023-03-28 18:00:00,11.0,19.0,3.0,8.0,13.266666666666667,15.057142857142857,Lower Manhattan,18,1,0,86,0,0,1
2023-03-28 19:00:00,0.0,11.0,0.0,0.0,13.8,15.085714285714285,Lower Manhattan,19,1,0,86,0,0,1
2023-03-28 20:00:00,0.0,0.0,0.0,0.0,13.8,15.085714285714285,Lower Manhattan,20,1,0,86,0,0,1
2023-03-29 06:00:00,0.0,,0.0,35.0,13.8,15.085714285714285,Lower Manhattan,6,2,0,87,0,0,1
2023-03-29 07:00:00,11.0,0.0,19.0,27.0,13.8,14.752380952380953,Lower Manhattan,7,2,0,87,0,0,1
2023-03-29 08:00:00,12.0,11.0,14.0,31.0,13.266666666666667,14.6,Lower Manhattan,8,2,0,87,0,0,1
2023-03-29 09:00:00,16.0,12.0,17.0,24.0,13.133333333333333,14.41904761904762,Lower Manhattan,9,2,0,87,0,0,1
2023-03-29 10:00:00,21.0,16.0,20.0,16.0,13.066666666666666,14.342857142857143,Lower Manhattan,10,2,0,87,0,0,1
2023-03-29 11:00:00,6.0,21.0,16.0,12.0,13.133333333333333,14.39047619047619,Lower Manhattan,11,2,0,87,0,0,1
2023-03-29 12:00:00,21.0,6.0,14.0,15.0,12.466666666666667,14.333333333333334,Lower Manhattan,12,2,0,87,0,0,1
2023-03-29 13:00:00,15.0,21.0,20.0,10.0,12.933333333333334,14.39047619047619,Lower Manhattan,13,2,0,87,0,0,1
2023-03-29 14:00:00,17.0,15.0,19.0,7.0,12.6,14.438095238095238,Lower Manhattan,14,2,0,87,0,0,1
2023-03-29 15:00:00,18.0,17.0,17.0,9.0,12.466666666666667,14.533333333333333,Lower Manhattan,15,2,0,87,0,0,1
2023-03-29 16:00:00,23.0,18.0,21.0,10.0,12.533333333333333,14.619047619047619,Lower Manhattan,16,2,0,87,0,0,1
2023-03-29 17:00:00,23.0,23.0,19.0,11.0,12.666666666666666,14.742857142857142,Lower Manhattan,17,2,0,87,0,0,1
2023-03-29 18:00:00,11.0,23.0,11.0,3.0,12.933333333333334,14.857142857142858,Lower Manhattan,18,2,0,87,0,0,1
2023-03-29 19:00:00,0.0,11.0,0.0,0.0,12.933333333333334,14.933333333333334,Lower Manhattan,19,2,0,87,0,0,1
2023-03-29 20:00:00,0.0,0.0,0.0,0.0,12.933333333333334,14.933333333333334,Lower Manhattan,20,2,0,87,0,0,1
2023-03-30 06:00:00,27.0,,0.0,28.0,12.933333333333334,14.933333333333334,Lower Manhattan,6,3,0,88,0,0,1
2023-03-30 07:00:00,30.0,27.0,11.0,25.0,14.733333333333333,14.923809523809524,Lower Manhattan,7,3,0,88,0,0,1
2023-03-30 08:00:00,25.0,30.0,12.0,22.0,16.0,14.971428571428572,Lower Manhattan,8,3,0,88,0,0,1
2023-03-30 09:00:00,29.0,25.0,16.0,21.0,16.866666666666667,15.0,Lower Manhattan,9,3,0,88,0,0,1
2023-03-30 10:00:00,36.0,29.0,21.0,39.0,17.733333333333334,15.076190476190476,Lower Manhattan,10,3,0,88,0,0,1
2023-03-30 11:00:00,9.0,36.0,6.0,12.0,18.733333333333334,15.047619047619047,Lower Manhattan,11,3,0,88,0,0,1
2023-03-30 12:00:00,10.0,9.0,21.0,10.0,18.933333333333334,15.019047619047619,Lower Manhattan,12,3,0,88,0,0,1
2023-03-30 13:00:00,6.0,10.0,15.0,12.0,18.2,15.019047619047619,Lower Manhattan,13,3,0,88,0,0,1
2023-03-30 14:00:00,10.0,6.0,17.0,11.0,17.6,14.961904761904762,Lower Manhattan,14,3,0,88,0,0,1
2023-03-30 15:00:00,3.0,10.0,18.0,9.0,17.133333333333333,14.952380952380953,Lower Manhattan,15,3,0,88,0,0,1
2023-03-30 16:00:00,8.0,3.0,23.0,9.0,16.133333333333333,14.895238095238096,Lower Manhattan,16,3,0,88,0,0,1
2023-03-30 17:00:00,14.0,8.0,23.0,18.0,15.133333333333333,14.885714285714286,Lower Manhattan,17,3,0,88,0,0,1
2023-03-30 18:00:00,3.0,14.0,11.0,7.0,14.533333333333333,14.847619047619048,Lower Manhattan,18,3,0,88,0,0,1
2023-03-30 19:00:00,0.0,3.0,0.0,0.0,14.0,14.80952380952381,Lower Manhattan,19,3,0,88,0,0,1
2023-03-30 20:00:00,0.0,0.0,0.0,0.0,14.0,14.80952380952381,Lower Manhattan,20,3,0,88,0,0,1
2023-03-31 06:00:00,5.0,,27.0,28.0,14.0,14.80952380952381,Lower Manhattan,6,4,0,89,0,0,1
2023-03-31 07:00:00,31.0,5.0,30.0,34.0,12.533333333333333,14.59047619047619,Lower Manhattan,7,4,0,89,0,0,1
2023-03-31 08:00:00,31.0,31.0,25.0,32.0,12.6,14.561904761904762,Lower Manhattan,8,4,0,89,0,0,1
2023-03-31 09:00:00,33.0,31.0,29.0,30.0,13.0,14.552380952380952,Lower Manhattan,9,4,0,89,0,0,1
2023-03-31 10:00:00,32.0,33.0,36.0,38.0,13.266666666666667,14.58095238095238,Lower Manhattan,10,4,0,89,0,0,1
2023-03-31 11:00:00,12.0,32.0,9.0,14.0,13.0,14.523809523809524,Lower Manhattan,11,4,0,89,0,0,1
2023-03-31 12:00:00,13.0,12.0,10.0,8.0,13.2,14.504761904761905,Lower Manhattan,12,4,0,89,0,0,1
2023-03-31 13:00:00,5.0,13.0,6.0,17.0,13.4,14.552380952380952,Lower Manhattan,13,4,0,89,0,0,1
2023-03-31 14:00:00,8.0,5.0,10.0,19.0,13.333333333333334,14.438095238095238,Lower Manhattan,14,4,0,89,0,0,1
2023-03-31 15:00:00,7.0,8.0,3.0,15.0,13.2,14.333333333333334,Lower Manhattan,15,4,0,89,0,0,1
2023-03-31 16:00:00,12.0,7.0,8.0,10.0,13.466666666666667,14.257142857142858,Lower Manhattan,16,4,0,89,0,0,1
2023-03-31 17:00:00,12.0,12.0,14.0,6.0,13.733333333333333,14.276190476190477,Lower Manhattan,17,4,0,89,0,0,1
2023-03-31 18:00:00,1.0,12.0,3.0,8.0,13.6,14.333333333333334,Lower Manhattan,18,4,0,89,0,0,1
2023-03-31 19:00:00,0.0,1.0,0.0,0.0,13.466666666666667,14.266666666666667,Lower Manhattan,19,4,0,89,0,0,1
2023-03-31 20:00:00,0.0,0.0,0.0,0.0,13.466666666666667,14.266666666666667,Lower Manhattan,20,4,0,89,0,0,1
2023-04-01 06:00:00,0.0,,5.0,22.0,13.466666666666667,14.266666666666667,Lower Manhattan,6,5,1,90,0,0,1
2023-04-01 07:00:00,27.0,0.0,31.0,40.0,13.133333333333333,14.057142857142857,Lower Manhattan,7,5,1,90,0,0,1
2023-04-01 08:00:00,20.0,27.0,31.0,23.0,12.866666666666667,13.933333333333334,Lower Manhattan,8,5,1,90,0,0,1
2023-04-01 09:00:00,32.0,20.0,33.0,36.0,12.133333333333333,13.904761904761905,Lower Manhattan,9,5,1,90,0,0,1
2023-04-01 10:00:00,21.0,32.0,32.0,29.0,12.066666666666666,13.866666666666667,Lower Manhattan,10,5,1,90,0,0,1
2023-04-01 11:00:00,18.0,21.0,12.0,10.0,11.333333333333334,13.790476190476191,Lower Manhattan,11,5,1,90,0,0,1
2023-04-01 12:00:00,19.0,18.0,13.0,9.0,11.733333333333333,13.866666666666667,Lower Manhattan,12,5,1,90,0,0,1
2023-04-01 13:00:00,26.0,19.0,5.0,14.0,12.133333333333333,13.961904761904762,Lower Manhattan,13,5,1,90,0,0,1
2023-04-01 14:00:00,25.0,26.0,8.0,7.0,13.533333333333333,14.076190476190476,Lower Manhattan,14,5,1,90,0,0,1
2023-04-01 15:00:00,26.0,25.0,7.0,12.0,14.666666666666666,14.247619047619047,Lower Manhattan,15,5,1,90,0,0,1
2023-04-01 16:00:00,20.0,26.0,12.0,17.0,15.933333333333334,14.380952380952381,Lower Manhattan,16,5,1,90,0,0,1
2023-04-01 17:00:00,25.0,20.0,12.0,15.0,16.466666666666665,14.40952380952381,Lower Manhattan,17,5,1,90,0,0,1
2023-04-01 18:00:00,8.0,25.0,1.0,4.0,17.333333333333332,14.504761904761905,Lower Manhattan,18,5,1,90,0,0,1
2023-04-01 19:00:00,0.0,8.0,0.0,0.0,17.8,14.542857142857143,Lower Manhattan,19,5,1,90,0,0,1
2023-04-01 20:00:00,0.0,0.0,0.0,0.0,17.8,14.542857142857143,Lower Manhattan,20,5,1,90,0,0,1
2023-04-02 06:00:00,0.0,,0.0,26.0,17.8,14.542857142857143,Lower Manhattan,6,6,1,91,0,0,1
2023-04-02 07:00:00,16.0,0.0,27.0,20.0,17.8,14.295238095238096,Lower Manhattan,7,6,1,91,0,0,1
2023-04-02 08:00:00,16.0,16.0,20.0,36.0,17.066666666666666,14.257142857142858,Lower Manhattan,8,6,1,91,0,0,1
2023-04-02 09:00:00,20.0,16.0,32.0,32.0,16.8,14.066666666666666,Lower Manhattan,9,6,1,91,0,0,1
2023-04-02 10:00:00,13.0,20.0,21.0,17.0,16.0,13.952380952380953,Lower Manhattan,10,6,1,91,0,0,1
2023-04-02 11:00:00,15.0,13.0,18.0,12.0,15.466666666666667,13.914285714285715,Lower Manhattan,11,6,1,91,0,0,1
2023-04-02 12:00:00,19.0,15.0,19.0,9.0,15.266666666666667,13.942857142857143,Lower Manhattan,12,6,1,91,0,0,1
2023-04-02 13:00:00,22.0,19.0,26.0,14.0,15.266666666666667,14.038095238095238,Lower Manhattan,13,6,1,91,0,0,1
2023-04-02 14:00:00,19.0,22.0,25.0,9.0,15.0,14.114285714285714,Lower Manhattan,14,6,1,91,0,0,1
2023-04-02 15:00:00,34.0,19.0,26.0,12.0,14.6,14.209523809523809,Lower Manhattan,15,6,1,91,0,0,1
2023-04-02 16:00:00,25.0,34.0,20.0,3.0,15.133333333333333,14.41904761904762,Lower Manhattan,16,6,1,91,0,0,1
2023-04-02 17:00:00,23.0,25.0,25.0,4.0,15.466666666666667,14.628571428571428,Lower Manhattan,17,6,1,91,0,0,1
2023-04-02 18:00:00,11.0,23.0,8.0,1.0,15.333333333333334,14.80952380952381,Lower Manhattan,18,6,1,91,0,0,1
2023-04-02 19:00:00,0.0,11.0,0.0,0.0,15.533333333333333,14.904761904761905,Lower Manhattan,19,6,1,91,0,0,1
2023-04-02 20:00:00,0.0,0.0,0.0,0.0,15.533333333333333,14.904761904761905,Lower Manhattan,20,6,1,91,0,0,1
2023-04-03 06:00:00,0.0,,0.0,0.0,15.533333333333333,14.904761904761905,Lower Manhattan,6,0,0,92,0,0,1
2023-04-03 07:00:00,21.0,0.0,16.0,35.0,15.533333333333333,14.904761904761905,Lower Manhattan,7,0,0,92,0,0,1
2023-04-03 08:00:00,29.0,21.0,16.0,37.0,15.866666666666667,14.771428571428572,Lower Manhattan,8,0,0,92,0,0,1
2023-04-03 09:00:00,23.0,29.0,20.0,34.0,16.733333333333334,14.695238095238095,Lower Manhattan,9,0,0,92,0,0,1
2023-04-03 10:00:00,23.0,23.0,13.0,43.0,16.933333333333334,14.59047619047619,Lower Manhattan,10,0,0,92,0,0,1
2023-04-03 11:00:00,30.0,23.0,15.0,10.0,17.6,14.4,Lower Manhattan,11,0,0,92,0,0,1
2023-04-03 12:00:00,27.0,30.0,19.0,15.0,18.6,14.59047619047619,Lower Manhattan,12,0,0,92,0,0,1
2023-04-03 13:00:00,19.0,27.0,22.0,12.0,19.133333333333333,14.704761904761904,Lower Manhattan,13,0,0,92,0,0,1
2023-04-03 14:00:00,16.0,19.0,19.0,5.0,18.933333333333334,14.771428571428572,Lower Manhattan,14,0,0,92,0,0,1
2023-04-03 15:00:00,21.0,16.0,34.0,23.0,18.733333333333334,14.876190476190477,Lower Manhattan,15,0,0,92,0,0,1
2023-04-03 16:00:00,19.0,21.0,25.0,16.0,17.866666666666667,14.857142857142858,Lower Manhattan,16,0,0,92,0,0,1
2023-04-03 17:00:00,23.0,19.0,23.0,19.0,17.466666666666665,14.885714285714286,Lower Manhattan,17,0,0,92,0,0,1
2023-04-03 18:00:00,8.0,23.0,11.0,3.0,17.466666666666665,14.923809523809524,Lower Manhattan,18,0,0,92,0,0,1
2023-04-03 19:00:00,0.0,8.0,0.0,0.0,17.266666666666666,14.971428571428572,Lower Manhattan,19,0,0,92,0,0,1
2023-04-03 20:00:00,0.0,0.0,0.0,0.0,17.266666666666666,14.971428571428572,Lower Manhattan,20,0,0,92,0,0,1
2023-04-04 06:00:00,0.0,,0.0,0.0,17.266666666666666,14.971428571428572,Lower Manhattan,6,1,0,93,0,0,1
2023-04-04 07:00:00,22.0,0.0,21.0,19.0,17.266666666666666,14.971428571428572,Lower Manhattan,7,1,0,93,0,0,1
2023-04-04 08:00:00,11.0,22.0,29.0,14.0,17.333333333333332,15.0,Lower Manhattan,8,1,0,93,0,0,1
2023-04-04 09:00:00,25.0,11.0,23.0,17.0,16.133333333333333,14.971428571428572,Lower Manhattan,9,1,0,93,0,0,1
2023-04-04 10:00:00,19.0,25.0,23.0,20.0,16.266666666666666,15.047619047619047,Lower Manhattan,10,1,0,93,0,0,1
2023-04-04 11:00:00,16.0,19.0,30.0,16.0,16.0,15.038095238095238,Lower Manhattan,11,1,0,93,0,0,1
2023-04-04 12:00:00,22.0,16.0,27.0,14.0,15.066666666666666,15.038095238095238,Lower Manhattan,12,1,0,93,0,0,1
2023-04-04 13:00:00,14.0,22.0,19.0,20.0,14.733333333333333,15.114285714285714,Lower Manhattan,13,1,0,93,0,0,1
2023-04-04 14:00:00,33.0,14.0,16.0,19.0,14.4,15.057142857142857,Lower Manhattan,14,1,0,93,0,0,1
2023-04-04 15:00:00,25.0,33.0,21.0,17.0,15.533333333333333,15.19047619047619,Lower Manhattan,15,1,0,93,0,0,1
2023-04-04 16:00:00,16.0,25.0,19.0,21.0,15.8,15.266666666666667,Lower Manhattan,16,1,0,93,0,0,1
2023-04-04 17:00:00,20.0,16.0,23.0,19.0,15.6,15.219047619047618,Lower Manhattan,17,1,0,93,0,0,1
2023-04-04 18:00:00,18.0,20.0,8.0,11.0,15.4,15.228571428571428,Lower Manhattan,18,1,0,93,0,0,1
2023-04-04 19:00:00,0.0,18.0,0.0,0.0,16.066666666666666,15.295238095238096,Lower Manhattan,19,1,0,93,0,0,1
2023-04-04 20:00:00,0.0,0.0,0.0,0.0,16.066666666666666,15.295238095238096,Lower Manhattan,20,1,0,93,0,0,1
2023-04-05 06:00:00,0.0,,0.0,0.0,16.066666666666666,15.295238095238096,Lower Manhattan,6,2,0,94,0,0,1
2023-04-05 07:00:00,25.0,0.0,22.0,11.0,16.066666666666666,15.295238095238096,Lower Manhattan,7,2,0,94,0,0,1
2023-04-05 08:00:00,27.0,25.0,11.0,12.0,16.266666666666666,15.428571428571429,Lower Manhattan,8,2,0,94,0,0,1
2023-04-05 09:00:00,23.0,27.0,25.0,16.0,17.333333333333332,15.571428571428571,Lower Manhattan,9,2,0,94,0,0,1
2023-04-05 10:00:00,30.0,23.0,19.0,21.0,17.2,15.638095238095238,Lower Manhattan,10,2,0,94,0,0,1
2023-04-05 11:00:00,33.0,30.0,16.0,6.0,17.933333333333334,15.723809523809523,Lower Manhattan,11,2,0,94,0,0,1
2023-04-05 12:00:00,18.0,33.0,22.0,21.0,19.066666666666666,15.980952380952381,Lower Manhattan,12,2,0,94,0,0,1
2023-04-05 13:00:00,17.0,18.0,14.0,15.0,18.8,15.952380952380953,Lower Manhattan,13,2,0,94,0,0,1
2023-04-05 14:00:00,21.0,17.0,33.0,17.0,19.0,15.971428571428572,Lower Manhattan,14,2,0,94,0,0,1
2023-04-05 15:00:00,31.0,21.0,25.0,18.0,18.2,16.00952380952381,Lower Manhattan,15,2,0,94,0,0,1
2023-04-05 16:00:00,21.0,31.0,16.0,23.0,18.6,16.133333333333333,Lower Manhattan,16,2,0,94,0,0,1
2023-04-05 17:00:00,20.0,21.0,20.0,23.0,18.933333333333334,16.114285714285714,Lower Manhattan,17,2,0,94,0,0,1
2023-04-05 18:00:00,8.0,20.0,18.0,11.0,18.933333333333334,16.085714285714285,Lower Manhattan,18,2,0,94,0,0,1
2023-04-05 19:00:00,0.0,8.0,0.0,0.0,18.266666666666666,16.057142857142857,Lower Manhattan,19,2,0,94,0,0,1
2023-04-05 20:00:00,0.0,0.0,0.0,0.0,18.266666666666666,16.057142857142857,Lower Manhattan,20,2,0,94,0,0,1
2023-04-06 06:00:00,0.0,,0.0,27.0,18.266666666666666,16.057142857142857,Lower Manhattan,6,3,0,95,0,0,1
2023-04-06 07:00:00,15.0,0.0,25.0,30.0,18.266666666666666,15.8,Lower Manhattan,7,3,0,95,0,0,1
2023-04-06 08:00:00,26.0,15.0,27.0,25.0,17.6,15.657142857142857,Lower Manhattan,8,3,0,95,0,0,1
2023-04-06 09:00:00,22.0,26.0,23.0,29.0,17.533333333333335,15.666666666666666,Lower Manhattan,9,3,0,95,0,0,1
2023-04-06 10:00:00,25.0,22.0,30.0,36.0,17.466666666666665,15.6,Lower Manhattan,10,3,0,95,0,0,1
2023-04-06 11:00:00,17.0,25.0,33.0,9.0,17.133333333333333,15.495238095238095,Lower Manhattan,11,3,0,95,0,0,1
2023-04-06 12:00:00,19.0,17.0,18.0,10.0,16.066666666666666,15.571428571428571,Lower Manhattan,12,3,0,95,0,0,1
2023-04-06 13:00:00,24.0,19.0,17.0,6.0,16.133333333333333,15.657142857142857,Lower Manhattan,13,3,0,95,0,0,1
2023-04-06 14:00:00,14.0,24.0,21.0,10.0,16.6,15.82857142857143,Lower Manhattan,14,3,0,95,0,0,1
2023-04-06 15:00:00,28.0,14.0,31.0,3.0,16.133333333333333,15.866666666666667,Lower Manhattan,15,3,0,95,0,0,1
2023-04-06 16:00:00,13.0,28.0,21.0,8.0,15.933333333333334,16.104761904761904,Lower Manhattan,16,3,0,95,0,0,1
2023-04-06 17:00:00,29.0,13.0,20.0,14.0,15.4,16.152380952380952,Lower Manhattan,17,3,0,95,0,0,1
2023-04-06 18:00:00,13.0,29.0,8.0,3.0,16.0,16.295238095238094,Lower Manhattan,18,3,0,95,0,0,1
2023-04-06 19:00:00,0.0,13.0,0.0,0.0,16.333333333333332,16.39047619047619,Lower Manhattan,19,3,0,95,0,0,1
2023-04-06 20:00:00,0.0,0.0,0.0,0.0,16.333333333333332,16.39047619047619,Lower Manhattan,20,3,0,95,0,0,1
2023-04-07 06:00:00,4.0,,0.0,5.0,16.333333333333332,16.39047619047619,Lower Manhattan,6,4,0,96,0,0,1
2023-04-07 07:00:00,48.0,4.0,15.0,31.0,16.6,16.38095238095238,Lower Manhattan,7,4,0,96,0,0,1
2023-04-07 08:00:00,37.0,48.0,26.0,31.0,18.8,16.542857142857144,Lower Manhattan,8,4,0,96,0,0,1
2023-04-07 09:00:00,42.0,37.0,22.0,33.0,19.533333333333335,16.6,Lower Manhattan,9,4,0,96,0,0,1
2023-04-07 10:00:00,50.0,42.0,25.0,32.0,20.866666666666667,16.685714285714287,Lower Manhattan,10,4,0,96,0,0,1
2023-04-07 11:00:00,7.0,50.0,17.0,12.0,22.533333333333335,16.857142857142858,Lower Manhattan,11,4,0,96,0,0,1
2023-04-07 12:00:00,14.0,7.0,19.0,13.0,21.866666666666667,16.80952380952381,Lower Manhattan,12,4,0,96,0,0,1
2023-04-07 13:00:00,0.0,14.0,24.0,5.0,21.533333333333335,16.81904761904762,Lower Manhattan,13,4,0,96,0,0,1
2023-04-07 14:00:00,0.0,0.0,14.0,8.0,19.933333333333334,16.771428571428572,Lower Manhattan,14,4,0,96,0,0,1
2023-04-07 15:00:00,0.0,0.0,28.0,7.0,19.0,16.695238095238096,Lower Manhattan,15,4,0,96,0,0,1
2023-04-07 16:00:00,0.0,0.0,13.0,12.0,17.133333333333333,16.62857142857143,Lower Manhattan,16,4,0,96,0,0,1
2023-04-07 17:00:00,0.0,0.0,29.0,12.0,16.266666666666666,16.514285714285716,Lower Manhattan,17,4,0,96,0,0,1
2023-04-07 18:00:00,0.0,0.0,13.0,1.0,14.333333333333334,16.4,Lower Manhattan,18,4,0,96,0,0,1
2023-04-07 19:00:00,0.0,0.0,0.0,0.0,13.466666666666667,16.39047619047619,Lower Manhattan,19,4,0,96,0,0,1
2023-04-07 20:00:00,0.0,0.0,0.0,0.0,13.466666666666667,16.39047619047619,Lower Manhattan,20,4,0,96,0,0,1
2023-04-08 06:00:00,0.0,,4.0,0.0,13.466666666666667,16.39047619047619,Lower Manhattan,6,5,1,97,0,0,1
2023-04-08 07:00:00,35.0,0.0,48.0,27.0,13.2,16.39047619047619,Lower Manhattan,7,5,1,97,0,0,1
2023-04-08 08:00:00,53.0,35.0,37.0,20.0,12.333333333333334,16.466666666666665,Lower Manhattan,8,5,1,97,0,0,1
2023-04-08 09:00:00,51.0,53.0,42.0,32.0,13.4,16.78095238095238,Lower Manhattan,9,5,1,97,0,0,1
2023-04-08 10:00:00,57.0,51.0,50.0,21.0,14.0,16.961904761904762,Lower Manhattan,10,5,1,97,0,0,1
2023-04-08 11:00:00,11.0,57.0,7.0,18.0,14.466666666666667,17.304761904761904,Lower Manhattan,11,5,1,97,0,0,1
2023-04-08 12:00:00,10.0,11.0,14.0,19.0,14.733333333333333,17.238095238095237,Lower Manhattan,12,5,1,97,0,0,1
2023-04-08 13:00:00,10.0,10.0,0.0,26.0,14.466666666666667,17.152380952380952,Lower Manhattan,13,5,1,97,0,0,1
2023-04-08 14:00:00,9.0,10.0,0.0,25.0,15.133333333333333,17.0,Lower Manhattan,14,5,1,97,0,0,1
2023-04-08 15:00:00,17.0,9.0,0.0,26.0,15.733333333333333,16.847619047619048,Lower Manhattan,15,5,1,97,0,0,1
2023-04-08 16:00:00,14.0,17.0,0.0,20.0,16.866666666666667,16.761904761904763,Lower Manhattan,16,5,1,97,0,0,1
2023-04-08 17:00:00,9.0,14.0,0.0,25.0,17.8,16.704761904761906,Lower Manhattan,17,5,1,97,0,0,1
2023-04-08 18:00:00,16.0,9.0,0.0,8.0,18.4,16.552380952380954,Lower Manhattan,18,5,1,97,0,0,1
2023-04-08 19:00:00,5.0,16.0,0.0,0.0,19.466666666666665,16.62857142857143,Lower Manhattan,19,5,1,97,0,0,1
2023-04-08 20:00:00,5.0,5.0,0.0,0.0,19.8,16.676190476190477,Lower Manhattan,20,5,1,97,0,0,1
2023-04-09 06:00:00,0.0,,0.0,0.0,20.133333333333333,16.723809523809525,Lower Manhattan,6,6,1,98,0,0,1
2023-04-09 07:00:00,22.0,0.0,35.0,16.0,20.133333333333333,16.723809523809525,Lower Manhattan,7,6,1,98,0,0,1
2023-04-09 08:00:00,26.0,22.0,53.0,16.0,19.266666666666666,16.78095238095238,Lower Manhattan,8,6,1,98,0,0,1
2023-04-09 09:00:00,70.0,26.0,51.0,20.0,17.466666666666665,16.876190476190477,Lower Manhattan,9,6,1,98,0,0,1
2023-04-09 10:00:00,56.0,70.0,57.0,13.0,18.733333333333334,17.35238095238095,Lower Manhattan,10,6,1,98,0,0,1
2023-04-09 11:00:00,7.0,56.0,11.0,15.0,18.666666666666668,17.761904761904763,Lower Manhattan,11,6,1,98,0,0,1
2023-04-09 12:00:00,15.0,7.0,10.0,19.0,18.4,17.685714285714287,Lower Manhattan,12,6,1,98,0,0,1
2023-04-09 13:00:00,7.0,15.0,10.0,22.0,18.733333333333334,17.64761904761905,Lower Manhattan,13,6,1,98,0,0,1
2023-04-09 14:00:00,11.0,7.0,9.0,19.0,18.533333333333335,17.504761904761907,Lower Manhattan,14,6,1,98,0,0,1
2023-04-09 15:00:00,8.0,11.0,17.0,34.0,18.666666666666668,17.428571428571427,Lower Manhattan,15,6,1,98,0,0,1
2023-04-09 16:00:00,8.0,8.0,14.0,25.0,18.066666666666666,17.18095238095238,Lower Manhattan,16,6,1,98,0,0,1
2023-04-09 17:00:00,11.0,8.0,9.0,23.0,17.666666666666668,17.01904761904762,Lower Manhattan,17,6,1,98,0,0,1
2023-04-09 18:00:00,11.0,11.0,16.0,11.0,17.8,16.904761904761905,Lower Manhattan,18,6,1,98,0,0,1
2023-04-09 19:00:00,9.0,11.0,5.0,0.0,17.466666666666665,16.904761904761905,Lower Manhattan,19,6,1,98,0,0,1
2023-04-09 20:00:00,3.0,9.0,5.0,0.0,17.733333333333334,16.99047619047619,Lower Manhattan,20,6,1,98,0,0,1
2023-04-10 06:00:00,41.0,,0.0,0.0,17.6,17.01904761904762,Lower Manhattan,6,0,0,99,0,0,1
2023-04-10 07:00:00,33.0,41.0,22.0,21.0,20.333333333333332,17.409523809523808,Lower Manhattan,7,0,0,99,0,0,1
2023-04-10 08:00:00,49.0,33.0,26.0,29.0,21.066666666666666,17.523809523809526,Lower Manhattan,8,0,0,99,0,0,1
2023-04-10 09:00:00,42.0,49.0,70.0,23.0,22.6,17.714285714285715,Lower Manhattan,9,0,0,99,0,0,1
2023-04-10 10:00:00,31.0,42.0,56.0,23.0,20.733333333333334,17.895238095238096,Lower Manhattan,10,0,0,99,0,0,1
2023-04-10 11:00:00,17.0,31.0,7.0,30.0,19.066666666666666,17.97142857142857,Lower Manhattan,11,0,0,99,0,0,1
2023-04-10 12:00:00,17.0,17.0,15.0,27.0,19.733333333333334,17.847619047619048,Lower Manhattan,12,0,0,99,0,0,1
2023-04-10 13:00:00,15.0,17.0,7.0,19.0,19.866666666666667,17.752380952380953,Lower Manhattan,13,0,0,99,0,0,1
2023-04-10 14:00:00,17.0,15.0,11.0,16.0,20.4,17.714285714285715,Lower Manhattan,14,0,0,99,0,0,1
2023-04-10 15:00:00,11.0,17.0,8.0,21.0,20.8,17.723809523809525,Lower Manhattan,15,0,0,99,0,0,1
2023-04-10 16:00:00,15.0,11.0,8.0,19.0,21.0,17.62857142857143,Lower Manhattan,16,0,0,99,0,0,1
2023-04-10 17:00:00,17.0,15.0,11.0,23.0,21.466666666666665,17.590476190476192,Lower Manhattan,17,0,0,99,0,0,1
2023-04-10 18:00:00,9.0,17.0,11.0,8.0,21.866666666666667,17.533333333333335,Lower Manhattan,18,0,0,99,0,0,1
2023-04-10 19:00:00,0.0,9.0,9.0,0.0,21.733333333333334,17.542857142857144,Lower Manhattan,19,0,0,99,0,0,1
2023-04-10 20:00:00,0.0,0.0,3.0,0.0,21.133333333333333,17.542857142857144,Lower Manhattan,20,0,0,99,0,0,1
2023-04-11 06:00:00,39.0,,41.0,0.0,20.933333333333334,17.542857142857144,Lower Manhattan,6,1,0,100,0,0,1
2023-04-11 07:00:00,33.0,39.0,33.0,22.0,20.8,17.914285714285715,Lower Manhattan,7,1,0,100,0,0,1
2023-04-11 08:00:00,41.0,33.0,49.0,11.0,20.8,18.01904761904762,Lower Manhattan,8,1,0,100,0,0,1
2023-04-11 09:00:00,30.0,41.0,42.0,25.0,20.266666666666666,18.304761904761904,Lower Manhattan,9,1,0,100,0,0,1
2023-04-11 10:00:00,37.0,30.0,31.0,19.0,19.466666666666665,18.35238095238095,Lower Manhattan,10,1,0,100,0,0,1
2023-04-11 11:00:00,11.0,37.0,17.0,16.0,19.866666666666667,18.523809523809526,Lower Manhattan,11,1,0,100,0,0,1
2023-04-11 12:00:00,16.0,11.0,17.0,22.0,19.466666666666665,18.476190476190474,Lower Manhattan,12,1,0,100,0,0,1
2023-04-11 13:00:00,13.0,16.0,15.0,14.0,19.4,18.419047619047618,Lower Manhattan,13,1,0,100,0,0,1
2023-04-11 14:00:00,22.0,13.0,17.0,33.0,19.266666666666666,18.409523809523808,Lower Manhattan,14,1,0,100,0,0,1
2023-04-11 15:00:00,5.0,22.0,11.0,25.0,19.6,18.304761904761904,Lower Manhattan,15,1,0,100,0,0,1
2023-04-11 16:00:00,14.0,5.0,15.0,16.0,19.2,18.114285714285714,Lower Manhattan,16,1,0,100,0,0,1
2023-04-11 17:00:00,11.0,14.0,17.0,20.0,19.133333333333333,18.095238095238095,Lower Manhattan,17,1,0,100,0,0,1
2023-04-11 18:00:00,10.0,11.0,9.0,18.0,18.733333333333334,18.00952380952381,Lower Manhattan,18,1,0,100,0,0,1
2023-04-11 19:00:00,0.0,10.0,0.0,0.0,18.8,17.933333333333334,Lower Manhattan,19,1,0,100,0,0,1
2023-04-11 20:00:00,0.0,0.0,0.0,0.0,18.8,17.933333333333334,Lower Manhattan,20,1,0,100,0,0,1
2023-04-12 06:00:00,36.0,,39.0,0.0,18.8,17.933333333333334,Lower Manhattan,6,2,0,101,0,0,1
2023-04-12 07:00:00,45.0,36.0,33.0,25.0,18.6,18.276190476190475,Lower Manhattan,7,2,0,101,0,0,1
2023-04-12 08:00:00,23.0,45.0,41.0,27.0,19.4,18.466666666666665,Lower Manhattan,8,2,0,101,0,0,1
2023-04-12 09:00:00,34.0,23.0,30.0,23.0,18.2,18.428571428571427,Lower Manhattan,9,2,0,101,0,0,1
2023-04-12 10:00:00,45.0,34.0,37.0,30.0,18.466666666666665,18.533333333333335,Lower Manhattan,10,2,0,101,0,0,1
2023-04-12 11:00:00,13.0,45.0,11.0,33.0,19.0,18.676190476190477,Lower Manhattan,11,2,0,101,0,0,1
2023-04-12 12:00:00,14.0,13.0,16.0,18.0,19.133333333333333,18.485714285714284,Lower Manhattan,12,2,0,101,0,0,1
2023-04-12 13:00:00,12.0,14.0,13.0,17.0,19.0,18.447619047619046,Lower Manhattan,13,2,0,101,0,0,1
2023-04-12 14:00:00,19.0,12.0,22.0,21.0,18.933333333333334,18.4,Lower Manhattan,14,2,0,101,0,0,1
2023-04-12 15:00:00,20.0,19.0,5.0,31.0,18.733333333333334,18.38095238095238,Lower Manhattan,15,2,0,101,0,0,1
2023-04-12 16:00:00,27.0,20.0,14.0,21.0,19.733333333333334,18.276190476190475,Lower Manhattan,16,2,0,101,0,0,1
2023-04-12 17:00:00,26.0,27.0,11.0,20.0,20.6,18.333333333333332,Lower Manhattan,17,2,0,101,0,0,1
2023-04-12 18:00:00,13.0,26.0,10.0,8.0,21.6,18.39047619047619,Lower Manhattan,18,2,0,101,0,0,1
2023-04-12 19:00:00,0.0,13.0,0.0,0.0,21.8,18.438095238095237,Lower Manhattan,19,2,0,101,0,0,1
2023-04-12 20:00:00,0.0,0.0,0.0,0.0,21.8,18.438095238095237,Lower Manhattan,20,2,0,101,0,0,1
2023-04-13 06:00:00,0.0,,36.0,0.0,21.8,18.438095238095237,Lower Manhattan,6,3,0,102,0,0,1
2023-04-13 07:00:00,39.0,0.0,45.0,15.0,19.4,18.438095238095237,Lower Manhattan,7,3,0,102,0,0,1
2023-04-13 08:00:00,33.0,39.0,23.0,26.0,19.0,18.666666666666668,Lower Manhattan,8,3,0,102,0,0,1
2023-04-13 09:00:00,38.0,33.0,34.0,22.0,19.666666666666668,18.733333333333334,Lower Manhattan,9,3,0,102,0,0,1
2023-04-13 10:00:00,44.0,38.0,45.0,25.0,19.933333333333334,18.885714285714286,Lower Manhattan,10,3,0,102,0,0,1
2023-04-13 11:00:00,23.0,44.0,13.0,17.0,19.866666666666667,19.066666666666666,Lower Manhattan,11,3,0,102,0,0,1
2023-04-13 12:00:00,11.0,23.0,14.0,19.0,20.533333333333335,19.123809523809523,Lower Manhattan,12,3,0,102,0,0,1
2023-04-13 13:00:00,7.0,11.0,12.0,24.0,20.333333333333332,19.047619047619047,Lower Manhattan,13,3,0,102,0,0,1
2023-04-13 14:00:00,13.0,7.0,19.0,14.0,20.0,18.885714285714286,Lower Manhattan,14,3,0,102,0,0,1
2023-04-13 15:00:00,14.0,13.0,20.0,28.0,19.6,18.876190476190477,Lower Manhattan,15,3,0,102,0,0,1
2023-04-13 16:00:00,11.0,14.0,27.0,13.0,19.2,18.742857142857144,Lower Manhattan,16,3,0,102,0,0,1
2023-04-13 17:00:00,14.0,11.0,26.0,29.0,18.133333333333333,18.723809523809525,Lower Manhattan,17,3,0,102,0,0,1
2023-04-13 18:00:00,10.0,14.0,13.0,13.0,17.333333333333332,18.580952380952382,Lower Manhattan,18,3,0,102,0,0,1
2023-04-13 19:00:00,0.0,10.0,0.0,0.0,17.133333333333333,18.552380952380954,Lower Manhattan,19,3,0,102,0,0,1
2023-04-13 20:00:00,0.0,0.0,0.0,0.0,17.133333333333333,18.552380952380954,Lower Manhattan,20,3,0,102,0,0,1
2023-04-14 06:00:00,0.0,,0.0,4.0,17.133333333333333,18.552380952380954,Lower Manhattan,6,4,0,103,0,0,1
2023-04-14 07:00:00,21.0,0.0,39.0,48.0,17.133333333333333,18.514285714285716,Lower Manhattan,7,4,0,103,0,0,1
2023-04-14 08:00:00,38.0,21.0,33.0,37.0,15.933333333333334,18.257142857142856,Lower Manhattan,8,4,0,103,0,0,1
2023-04-14 09:00:00,46.0,38.0,38.0,42.0,16.266666666666666,18.266666666666666,Lower Manhattan,9,4,0,103,0,0,1
2023-04-14 10:00:00,51.0,46.0,44.0,50.0,16.8,18.304761904761904,Lower Manhattan,10,4,0,103,0,0,1
2023-04-14 11:00:00,9.0,51.0,23.0,7.0,17.266666666666666,18.314285714285713,Lower Manhattan,11,4,0,103,0,0,1
2023-04-14 12:00:00,12.0,9.0,11.0,14.0,16.333333333333332,18.333333333333332,Lower Manhattan,12,4,0,103,0,0,1
2023-04-14 13:00:00,18.0,12.0,7.0,0.0,16.4,18.314285714285713,Lower Manhattan,13,4,0,103,0,0,1
2023-04-14 14:00:00,12.0,18.0,13.0,0.0,17.133333333333333,18.485714285714284,Lower Manhattan,14,4,0,103,0,0,1
2023-04-14 15:00:00,8.0,12.0,14.0,0.0,17.066666666666666,18.6,Lower Manhattan,15,4,0,103,0,0,1
2023-04-14 16:00:00,12.0,8.0,11.0,0.0,16.666666666666668,18.676190476190477,Lower Manhattan,16,4,0,103,0,0,1
2023-04-14 17:00:00,10.0,12.0,14.0,0.0,16.733333333333334,18.79047619047619,Lower Manhattan,17,4,0,103,0,0,1
2023-04-14 18:00:00,3.0,10.0,10.0,0.0,16.466666666666665,18.885714285714286,Lower Manhattan,18,4,0,103,0,0,1
2023-04-14 19:00:00,0.0,3.0,0.0,0.0,16.0,18.914285714285715,Lower Manhattan,19,4,0,103,0,0,1
2023-04-14 20:00:00,0.0,0.0,0.0,0.0,16.0,18.914285714285715,Lower Manhattan,20,4,0,103,0,0,1
2023-04-15 06:00:00,40.0,,0.0,0.0,16.0,18.914285714285715,Lower Manhattan,6,5,1,104,0,0,1
2023-04-15 07:00:00,30.0,40.0,21.0,35.0,18.666666666666668,19.295238095238094,Lower Manhattan,7,5,1,104,0,0,1
2023-04-15 08:00:00,41.0,30.0,38.0,53.0,19.266666666666666,19.247619047619047,Lower Manhattan,8,5,1,104,0,0,1
2023-04-15 09:00:00,27.0,41.0,46.0,51.0,19.466666666666665,19.133333333333333,Lower Manhattan,9,5,1,104,0,0,1
2023-04-15 10:00:00,44.0,27.0,51.0,57.0,18.2,18.904761904761905,Lower Manhattan,10,5,1,104,0,0,1
2023-04-15 11:00:00,15.0,44.0,9.0,11.0,17.733333333333334,18.78095238095238,Lower Manhattan,11,5,1,104,0,0,1
2023-04-15 12:00:00,17.0,15.0,12.0,10.0,18.133333333333333,18.81904761904762,Lower Manhattan,12,5,1,104,0,0,1
2023-04-15 13:00:00,12.0,17.0,18.0,10.0,18.466666666666665,18.885714285714286,Lower Manhattan,13,5,1,104,0,0,1
2023-04-15 14:00:00,11.0,12.0,12.0,9.0,18.066666666666666,18.904761904761905,Lower Manhattan,14,5,1,104,0,0,1
2023-04-15 15:00:00,17.0,11.0,8.0,17.0,18.0,18.923809523809524,Lower Manhattan,15,5,1,104,0,0,1
2023-04-15 16:00:00,15.0,17.0,12.0,14.0,18.6,18.923809523809524,Lower Manhattan,16,5,1,104,0,0,1
2023-04-15 17:00:00,7.0,15.0,10.0,9.0,18.8,18.933333333333334,Lower Manhattan,17,5,1,104,0,0,1
2023-04-15 18:00:00,9.0,7.0,3.0,16.0,18.6,18.914285714285715,Lower Manhattan,18,5,1,104,0,0,1
2023-04-15 19:00:00,0.0,9.0,0.0,5.0,19.0,18.847619047619048,Lower Manhattan,19,5,1,104,0,0,1
2023-04-15 20:00:00,0.0,0.0,0.0,5.0,19.0,18.8,Lower Manhattan,20,5,1,104,0,0,1
2023-04-16 06:00:00,35.0,,40.0,0.0,19.0,18.752380952380953,Lower Manhattan,6,6,1,105,0,0,1
2023-04-16 07:00:00,29.0,35.0,30.0,22.0,18.666666666666668,19.085714285714285,Lower Manhattan,7,6,1,105,0,0,1
2023-04-16 08:00:00,43.0,29.0,41.0,26.0,18.6,19.152380952380952,Lower Manhattan,8,6,1,105,0,0,1
2023-04-16 09:00:00,47.0,43.0,27.0,70.0,18.733333333333334,19.314285714285713,Lower Manhattan,9,6,1,105,0,0,1
2023-04-16 10:00:00,34.0,47.0,44.0,56.0,20.066666666666666,19.095238095238095,Lower Manhattan,10,6,1,105,0,0,1
2023-04-16 11:00:00,19.0,34.0,15.0,7.0,19.4,18.885714285714286,Lower Manhattan,11,6,1,105,0,0,1
2023-04-16 12:00:00,22.0,19.0,17.0,15.0,19.666666666666668,19.0,Lower Manhattan,12,6,1,105,0,0,1
2023-04-16 13:00:00,22.0,22.0,12.0,7.0,20.0,19.066666666666666,Lower Manhattan,13,6,1,105,0,0,1
2023-04-16 14:00:00,12.0,22.0,11.0,11.0,20.666666666666668,19.20952380952381,Lower Manhattan,14,6,1,105,0,0,1
2023-04-16 15:00:00,24.0,12.0,17.0,8.0,20.733333333333334,19.21904761904762,Lower Manhattan,15,6,1,105,0,0,1
2023-04-16 16:00:00,23.0,24.0,15.0,8.0,21.2,19.37142857142857,Lower Manhattan,16,6,1,105,0,0,1
2023-04-16 17:00:00,8.0,23.0,7.0,11.0,21.733333333333334,19.514285714285716,Lower Manhattan,17,6,1,105,0,0,1
2023-04-16 18:00:00,9.0,8.0,9.0,11.0,21.8,19.485714285714284,Lower Manhattan,18,6,1,105,0,0,1
2023-04-16 19:00:00,0.0,9.0,0.0,9.0,21.8,19.466666666666665,Lower Manhattan,19,6,1,105,0,0,1
2023-04-16 20:00:00,0.0,0.0,0.0,3.0,21.8,19.38095238095238,Lower Manhattan,20,6,1,105,0,0,1
2023-04-17 06:00:00,43.0,,35.0,41.0,21.8,19.35238095238095,Lower Manhattan,6,0,0,106,0,0,1
2023-04-17 07:00:00,36.0,43.0,29.0,33.0,22.333333333333332,19.37142857142857,Lower Manhattan,7,0,0,106,0,0,1
2023-04-17 08:00:00,33.0,36.0,43.0,49.0,22.8,19.4,Lower Manhattan,8,0,0,106,0,0,1
2023-04-17 09:00:00,28.0,33.0,47.0,42.0,22.133333333333333,19.247619047619047,Lower Manhattan,9,0,0,106,0,0,1
2023-04-17 10:00:00,29.0,28.0,34.0,31.0,20.866666666666667,19.114285714285714,Lower Manhattan,10,0,0,106,0,0,1
2023-04-17 11:00:00,18.0,29.0,19.0,17.0,20.533333333333335,19.095238095238095,Lower Manhattan,11,0,0,106,0,0,1
2023-04-17 12:00:00,18.0,18.0,22.0,17.0,20.466666666666665,19.104761904761904,Lower Manhattan,12,0,0,106,0,0,1
2023-04-17 13:00:00,6.0,18.0,22.0,15.0,20.2,19.114285714285714,Lower Manhattan,13,0,0,106,0,0,1
2023-04-17 14:00:00,13.0,6.0,12.0,17.0,19.133333333333333,19.02857142857143,Lower Manhattan,14,0,0,106,0,0,1
2023-04-17 15:00:00,12.0,13.0,24.0,11.0,19.2,18.99047619047619,Lower Manhattan,15,0,0,106,0,0,1
2023-04-17 16:00:00,17.0,12.0,23.0,15.0,18.4,19.0,Lower Manhattan,16,0,0,106,0,0,1
2023-04-17 17:00:00,13.0,17.0,8.0,17.0,18.0,19.01904761904762,Lower Manhattan,17,0,0,106,0,0,1
2023-04-17 18:00:00,9.0,13.0,9.0,9.0,18.333333333333332,18.98095238095238,Lower Manhattan,18,0,0,106,0,0,1
2023-04-17 19:00:00,0.0,9.0,0.0,0.0,18.333333333333332,18.98095238095238,Lower Manhattan,19,0,0,106,0,0,1
2023-04-17 20:00:00,0.0,0.0,0.0,0.0,18.333333333333332,18.98095238095238,Lower Manhattan,20,0,0,106,0,0,1
2023-04-18 06:00:00,33.0,,43.0,39.0,18.333333333333332,18.98095238095238,Lower Manhattan,6,1,0,107,0,0,1
2023-04-18 07:00:00,31.0,33.0,36.0,33.0,17.666666666666668,18.923809523809524,Lower Manhattan,7,1,0,107,0,0,1
2023-04-18 08:00:00,24.0,31.0,33.0,41.0,17.333333333333332,18.904761904761905,Lower Manhattan,8,1,0,107,0,0,1
2023-04-18 09:00:00,26.0,24.0,28.0,30.0,16.733333333333334,18.742857142857144,Lower Manhattan,9,1,0,107,0,0,1
2023-04-18 10:00:00,26.0,26.0,29.0,37.0,16.6,18.704761904761906,Lower Manhattan,10,1,0,107,0,0,1
2023-04-18 11:00:00,23.0,26.0,18.0,11.0,16.4,18.6,Lower Manhattan,11,1,0,107,0,0,1
2023-04-18 12:00:00,14.0,23.0,18.0,16.0,16.733333333333334,18.714285714285715,Lower Manhattan,12,1,0,107,0,0,1
2023-04-18 13:00:00,9.0,14.0,6.0,13.0,16.466666666666665,18.695238095238096,Lower Manhattan,13,1,0,107,0,0,1
2023-04-18 14:00:00,18.0,9.0,13.0,22.0,16.666666666666668,18.65714285714286,Lower Manhattan,14,1,0,107,0,0,1
2023-04-18 15:00:00,22.0,18.0,12.0,5.0,17.0,18.61904761904762,Lower Manhattan,15,1,0,107,0,0,1
2023-04-18 16:00:00,20.0,22.0,17.0,14.0,17.666666666666668,18.78095238095238,Lower Manhattan,16,1,0,107,0,0,1
2023-04-18 17:00:00,10.0,20.0,13.0,11.0,17.866666666666667,18.83809523809524,Lower Manhattan,17,1,0,107,0,0,1
2023-04-18 18:00:00,3.0,10.0,9.0,10.0,17.666666666666668,18.82857142857143,Lower Manhattan,18,1,0,107,0,0,1
2023-04-18 19:00:00,0.0,3.0,0.0,0.0,17.266666666666666,18.761904761904763,Lower Manhattan,19,1,0,107,0,0,1
2023-04-18 20:00:00,0.0,0.0,0.0,0.0,17.266666666666666,18.761904761904763,Lower Manhattan,20,1,0,107,0,0,1
2023-04-19 06:00:00,50.0,,33.0,36.0,17.266666666666666,18.761904761904763,Lower Manhattan,6,2,0,108,0,0,1
2023-04-19 07:00:00,20.0,50.0,31.0,45.0,18.4,18.895238095238096,Lower Manhattan,7,2,0,108,0,0,1
2023-04-19 08:00:00,33.0,20.0,24.0,23.0,17.666666666666668,18.65714285714286,Lower Manhattan,8,2,0,108,0,0,1
2023-04-19 09:00:00,33.0,33.0,26.0,34.0,18.266666666666666,18.752380952380953,Lower Manhattan,9,2,0,108,0,0,1
2023-04-19 10:00:00,22.0,33.0,26.0,45.0,18.733333333333334,18.742857142857144,Lower Manhattan,10,2,0,108,0,0,1
2023-04-19 11:00:00,21.0,22.0,23.0,13.0,18.466666666666665,18.523809523809526,Lower Manhattan,11,2,0,108,0,0,1
2023-04-19 12:00:00,22.0,21.0,14.0,14.0,18.333333333333332,18.6,Lower Manhattan,12,2,0,108,0,0,1
2023-04-19 13:00:00,9.0,22.0,9.0,12.0,18.866666666666667,18.676190476190477,Lower Manhattan,13,2,0,108,0,0,1
2023-04-19 14:00:00,11.0,9.0,18.0,19.0,18.866666666666667,18.64761904761905,Lower Manhattan,14,2,0,108,0,0,1
2023-04-19 15:00:00,14.0,11.0,22.0,20.0,18.4,18.571428571428573,Lower Manhattan,15,2,0,108,0,0,1
2023-04-19 16:00:00,13.0,14.0,20.0,27.0,17.866666666666667,18.514285714285716,Lower Manhattan,16,2,0,108,0,0,1
2023-04-19 17:00:00,7.0,13.0,10.0,26.0,17.4,18.38095238095238,Lower Manhattan,17,2,0,108,0,0,1
2023-04-19 18:00:00,8.0,7.0,3.0,13.0,17.2,18.2,Lower Manhattan,18,2,0,108,0,0,1
2023-04-19 19:00:00,0.0,8.0,0.0,0.0,17.533333333333335,18.152380952380952,Lower Manhattan,19,2,0,108,0,0,1
2023-04-19 20:00:00,0.0,0.0,0.0,0.0,17.533333333333335,18.152380952380952,Lower Manhattan,20,2,0,108,0,0,1
2023-04-20 06:00:00,0.0,,50.0,0.0,17.533333333333335,18.152380952380952,Lower Manhattan,6,3,0,109,0,0,1
2023-04-20 07:00:00,52.0,0.0,20.0,39.0,14.2,18.152380952380952,Lower Manhattan,7,3,0,109,0,0,1
2023-04-20 08:00:00,37.0,52.0,33.0,33.0,16.333333333333332,18.276190476190475,Lower Manhattan,8,3,0,109,0,0,1
2023-04-20 09:00:00,34.0,37.0,33.0,38.0,16.6,18.314285714285713,Lower Manhattan,9,3,0,109,0,0,1
2023-04-20 10:00:00,56.0,34.0,22.0,44.0,16.666666666666668,18.276190476190475,Lower Manhattan,10,3,0,109,0,0,1
2023-04-20 11:00:00,16.0,56.0,21.0,23.0,18.933333333333334,18.39047619047619,Lower Manhattan,11,3,0,109,0,0,1
2023-04-20 12:00:00,9.0,16.0,22.0,11.0,18.6,18.323809523809523,Lower Manhattan,12,3,0,109,0,0,1
2023-04-20 13:00:00,18.0,9.0,9.0,7.0,17.733333333333334,18.304761904761904,Lower Manhattan,13,3,0,109,0,0,1
2023-04-20 14:00:00,14.0,18.0,11.0,13.0,18.333333333333332,18.409523809523808,Lower Manhattan,14,3,0,109,0,0,1
2023-04-20 15:00:00,16.0,14.0,14.0,14.0,18.533333333333335,18.419047619047618,Lower Manhattan,15,3,0,109,0,0,1
2023-04-20 16:00:00,16.0,16.0,13.0,11.0,18.666666666666668,18.438095238095237,Lower Manhattan,16,3,0,109,0,0,1
2023-04-20 17:00:00,11.0,16.0,7.0,14.0,18.866666666666667,18.485714285714284,Lower Manhattan,17,3,0,109,0,0,1
2023-04-20 18:00:00,0.0,11.0,8.0,10.0,19.133333333333333,18.457142857142856,Lower Manhattan,18,3,0,109,0,0,1
2023-04-20 19:00:00,0.0,0.0,0.0,0.0,18.6,18.36190476190476,Lower Manhattan,19,3,0,109,0,0,1
2023-04-20 20:00:00,0.0,0.0,0.0,0.0,18.6,18.36190476190476,Lower Manhattan,20,3,0,109,0,0,1
2023-04-21 06:00:00,0.0,,0.0,0.0,18.6,18.36190476190476,Lower Manhattan,6,4,0,110,0,0,1
2023-04-21 07:00:00,54.0,0.0,52.0,21.0,18.6,18.36190476190476,Lower Manhattan,7,4,0,110,0,0,1
2023-04-21 08:00:00,27.0,54.0,37.0,38.0,18.733333333333334,18.676190476190477,Lower Manhattan,8,4,0,110,0,0,1
2023-04-21 09:00:00,43.0,27.0,34.0,46.0,18.066666666666666,18.571428571428573,Lower Manhattan,9,4,0,110,0,0,1
2023-04-21 10:00:00,34.0,43.0,56.0,51.0,18.666666666666668,18.542857142857144,Lower Manhattan,10,4,0,110,0,0,1
2023-04-21 11:00:00,16.0,34.0,16.0,9.0,17.2,18.38095238095238,Lower Manhattan,11,4,0,110,0,0,1
2023-04-21 12:00:00,9.0,16.0,9.0,12.0,17.2,18.447619047619046,Lower Manhattan,12,4,0,110,0,0,1
2023-04-21 13:00:00,10.0,9.0,18.0,18.0,17.2,18.419047619047618,Lower Manhattan,13,4,0,110,0,0,1
2023-04-21 14:00:00,24.0,10.0,14.0,12.0,16.666666666666668,18.34285714285714,Lower Manhattan,14,4,0,110,0,0,1
2023-04-21 15:00:00,11.0,24.0,16.0,8.0,17.333333333333332,18.457142857142856,Lower Manhattan,15,4,0,110,0,0,1
2023-04-21 16:00:00,13.0,11.0,16.0,12.0,17.0,18.485714285714284,Lower Manhattan,16,4,0,110,0,0,1
2023-04-21 17:00:00,8.0,13.0,11.0,10.0,16.8,18.495238095238093,Lower Manhattan,17,4,0,110,0,0,1
2023-04-21 18:00:00,7.0,8.0,0.0,3.0,16.6,18.476190476190474,Lower Manhattan,18,4,0,110,0,0,1
2023-04-21 19:00:00,0.0,7.0,0.0,0.0,17.066666666666666,18.514285714285716,Lower Manhattan,19,4,0,110,0,0,1
2023-04-21 20:00:00,0.0,0.0,0.0,0.0,17.066666666666666,18.514285714285716,Lower Manhattan,20,4,0,110,0,0,1
2023-04-22 06:00:00,38.0,,0.0,40.0,17.066666666666666,18.514285714285716,Lower Manhattan,6,5,1,111,0,0,1
2023-04-22 07:00:00,35.0,38.0,54.0,30.0,19.6,18.495238095238093,Lower Manhattan,7,5,1,111,0,0,1
2023-04-22 08:00:00,45.0,35.0,27.0,41.0,18.333333333333332,18.542857142857144,Lower Manhattan,8,5,1,111,0,0,1
2023-04-22 09:00:00,29.0,45.0,43.0,27.0,19.533333333333335,18.580952380952382,Lower Manhattan,9,5,1,111,0,0,1
2023-04-22 10:00:00,45.0,29.0,34.0,44.0,18.6,18.6,Lower Manhattan,10,5,1,111,0,0,1
2023-04-22 11:00:00,15.0,45.0,16.0,15.0,19.333333333333332,18.60952380952381,Lower Manhattan,11,5,1,111,0,0,1
2023-04-22 12:00:00,17.0,15.0,9.0,17.0,19.266666666666666,18.60952380952381,Lower Manhattan,12,5,1,111,0,0,1
2023-04-22 13:00:00,17.0,17.0,10.0,12.0,19.8,18.60952380952381,Lower Manhattan,13,5,1,111,0,0,1
2023-04-22 14:00:00,9.0,17.0,24.0,11.0,20.266666666666666,18.65714285714286,Lower Manhattan,14,5,1,111,0,0,1
2023-04-22 15:00:00,9.0,9.0,11.0,17.0,19.266666666666666,18.63809523809524,Lower Manhattan,15,5,1,111,0,0,1
2023-04-22 16:00:00,12.0,9.0,13.0,15.0,19.133333333333333,18.561904761904763,Lower Manhattan,16,5,1,111,0,0,1
2023-04-22 17:00:00,21.0,12.0,8.0,7.0,19.066666666666666,18.533333333333335,Lower Manhattan,17,5,1,111,0,0,1
2023-04-22 18:00:00,2.0,21.0,7.0,9.0,19.933333333333334,18.666666666666668,Lower Manhattan,18,5,1,111,0,0,1
2023-04-22 19:00:00,0.0,2.0,0.0,0.0,19.6,18.6,Lower Manhattan,19,5,1,111,0,0,1
2023-04-22 20:00:00,0.0,0.0,0.0,0.0,19.6,18.6,Lower Manhattan,20,5,1,111,0,0,1
2023-04-23 06:00:00,36.0,,38.0,35.0,19.6,18.6,Lower Manhattan,6,6,1,112,0,0,1
2023-04-23 07:00:00,31.0,36.0,35.0,29.0,19.466666666666665,18.60952380952381,Lower Manhattan,7,6,1,112,0,0,1
2023-04-23 08:00:00,32.0,31.0,45.0,43.0,19.2,18.62857142857143,Lower Manhattan,8,6,1,112,0,0,1
2023-04-23 09:00:00,38.0,32.0,29.0,47.0,18.333333333333332,18.523809523809526,Lower Manhattan,9,6,1,112,0,0,1
2023-04-23 10:00:00,36.0,38.0,45.0,34.0,18.933333333333334,18.438095238095237,Lower Manhattan,10,6,1,112,0,0,1
2023-04-23 11:00:00,16.0,36.0,15.0,19.0,18.333333333333332,18.457142857142856,Lower Manhattan,11,6,1,112,0,0,1
2023-04-23 12:00:00,13.0,16.0,17.0,22.0,18.4,18.428571428571427,Lower Manhattan,12,6,1,112,0,0,1
2023-04-23 13:00:00,12.0,13.0,17.0,22.0,18.133333333333333,18.34285714285714,Lower Manhattan,13,6,1,112,0,0,1
2023-04-23 14:00:00,17.0,12.0,9.0,12.0,17.8,18.247619047619047,Lower Manhattan,14,6,1,112,0,0,1
2023-04-23 15:00:00,12.0,17.0,9.0,24.0,18.333333333333332,18.295238095238094,Lower Manhattan,15,6,1,112,0,0,1
2023-04-23 16:00:00,7.0,12.0,12.0,23.0,18.533333333333335,18.18095238095238,Lower Manhattan,16,6,1,112,0,0,1
2023-04-23 17:00:00,15.0,7.0,21.0,8.0,18.2,18.02857142857143,Lower Manhattan,17,6,1,112,0,0,1
2023-04-23 18:00:00,10.0,15.0,2.0,9.0,17.8,18.095238095238095,Lower Manhattan,18,6,1,112,0,0,1
2023-04-23 19:00:00,0.0,10.0,0.0,0.0,18.333333333333332,18.104761904761904,Lower Manhattan,19,6,1,112,0,0,1
2023-04-23 20:00:00,0.0,0.0,0.0,0.0,18.333333333333332,18.104761904761904,Lower Manhattan,20,6,1,112,0,0,1
2023-04-24 06:00:00,30.0,,36.0,43.0,18.333333333333332,18.104761904761904,Lower Manhattan,6,0,0,113,0,0,1
2023-04-24 07:00:00,37.0,30.0,31.0,36.0,17.933333333333334,17.98095238095238,Lower Manhattan,7,0,0,113,0,0,1
2023-04-24 08:00:00,30.0,37.0,32.0,33.0,18.333333333333332,17.99047619047619,Lower Manhattan,8,0,0,113,0,0,1
2023-04-24 09:00:00,34.0,30.0,38.0,28.0,18.2,17.961904761904762,Lower Manhattan,9,0,0,113,0,0,1
2023-04-24 10:00:00,41.0,34.0,36.0,29.0,17.933333333333334,18.01904761904762,Lower Manhattan,10,0,0,113,0,0,1
2023-04-24 11:00:00,19.0,41.0,16.0,18.0,18.266666666666666,18.133333333333333,Lower Manhattan,11,0,0,113,0,0,1
2023-04-24 12:00:00,7.0,19.0,13.0,18.0,18.466666666666665,18.142857142857142,Lower Manhattan,12,0,0,113,0,0,1
2023-04-24 13:00:00,13.0,7.0,12.0,6.0,18.066666666666666,18.038095238095238,Lower Manhattan,13,0,0,113,0,0,1
2023-04-24 14:00:00,29.0,13.0,17.0,13.0,18.133333333333333,18.104761904761904,Lower Manhattan,14,0,0,113,0,0,1
2023-04-24 15:00:00,15.0,29.0,12.0,12.0,18.933333333333334,18.257142857142856,Lower Manhattan,15,0,0,113,0,0,1
2023-04-24 16:00:00,16.0,15.0,7.0,17.0,19.133333333333333,18.285714285714285,Lower Manhattan,16,0,0,113,0,0,1
2023-04-24 17:00:00,17.0,16.0,15.0,13.0,19.733333333333334,18.276190476190475,Lower Manhattan,17,0,0,113,0,0,1
2023-04-24 18:00:00,10.0,17.0,10.0,9.0,19.866666666666667,18.314285714285713,Lower Manhattan,18,0,0,113,0,0,1
2023-04-24 19:00:00,0.0,10.0,0.0,0.0,19.866666666666667,18.323809523809523,Lower Manhattan,19,0,0,113,0,0,1
2023-04-24 20:00:00,0.0,0.0,0.0,0.0,19.866666666666667,18.323809523809523,Lower Manhattan,20,0,0,113,0,0,1
2023-04-25 06:00:00,31.0,,30.0,33.0,19.866666666666667,18.323809523809523,Lower Manhattan,6,1,0,114,0,0,1
2023-04-25 07:00:00,42.0,31.0,37.0,31.0,19.933333333333334,18.304761904761904,Lower Manhattan,7,1,0,114,0,0,1
2023-04-25 08:00:00,36.0,42.0,30.0,24.0,20.266666666666666,18.409523809523808,Lower Manhattan,8,1,0,114,0,0,1
2023-04-25 09:00:00,35.0,36.0,34.0,26.0,20.666666666666668,18.523809523809526,Lower Manhattan,9,1,0,114,0,0,1
2023-04-25 10:00:00,42.0,35.0,41.0,26.0,20.733333333333334,18.60952380952381,Lower Manhattan,10,1,0,114,0,0,1
2023-04-25 11:00:00,14.0,42.0,19.0,23.0,20.8,18.761904761904763,Lower Manhattan,11,1,0,114,0,0,1
2023-04-25 12:00:00,18.0,14.0,7.0,14.0,20.466666666666665,18.676190476190477,Lower Manhattan,12,1,0,114,0,0,1
2023-04-25 13:00:00,17.0,18.0,13.0,9.0,21.2,18.714285714285715,Lower Manhattan,13,1,0,114,0,0,1
2023-04-25 14:00:00,10.0,17.0,29.0,18.0,21.466666666666665,18.79047619047619,Lower Manhattan,14,1,0,114,0,0,1
2023-04-25 15:00:00,13.0,10.0,15.0,22.0,20.2,18.714285714285715,Lower Manhattan,15,1,0,114,0,0,1
2023-04-25 16:00:00,18.0,13.0,16.0,20.0,20.066666666666666,18.62857142857143,Lower Manhattan,16,1,0,114,0,0,1
2023-04-25 17:00:00,15.0,18.0,17.0,10.0,20.2,18.60952380952381,Lower Manhattan,17,1,0,114,0,0,1
2023-04-25 18:00:00,5.0,15.0,10.0,3.0,20.066666666666666,18.65714285714286,Lower Manhattan,18,1,0,114,0,0,1
2023-04-25 19:00:00,0.0,5.0,0.0,0.0,19.733333333333334,18.676190476190477,Lower Manhattan,19,1,0,114,0,0,1
2023-04-25 20:00:00,0.0,0.0,0.0,0.0,19.733333333333334,18.676190476190477,Lower Manhattan,20,1,0,114,0,0,1
2023-04-26 06:00:00,36.0,,31.0,50.0,19.733333333333334,18.676190476190477,Lower Manhattan,6,2,0,115,0,0,1
2023-04-26 07:00:00,32.0,36.0,42.0,20.0,20.066666666666666,18.542857142857144,Lower Manhattan,7,2,0,115,0,0,1
2023-04-26 08:00:00,40.0,32.0,36.0,33.0,19.4,18.65714285714286,Lower Manhattan,8,2,0,115,0,0,1
2023-04-26 09:00:00,43.0,40.0,35.0,33.0,19.666666666666668,18.723809523809525,Lower Manhattan,9,2,0,115,0,0,1
2023-04-26 10:00:00,27.0,43.0,42.0,22.0,20.2,18.81904761904762,Lower Manhattan,10,2,0,115,0,0,1
2023-04-26 11:00:00,13.0,27.0,14.0,21.0,19.2,18.866666666666667,Lower Manhattan,11,2,0,115,0,0,1
2023-04-26 12:00:00,17.0,13.0,18.0,22.0,19.133333333333333,18.79047619047619,Lower Manhattan,12,2,0,115,0,0,1
2023-04-26 13:00:00,21.0,17.0,17.0,9.0,19.066666666666666,18.742857142857144,Lower Manhattan,13,2,0,115,0,0,1
2023-04-26 14:00:00,12.0,21.0,10.0,11.0,19.333333333333332,18.857142857142858,Lower Manhattan,14,2,0,115,0,0,1
2023-04-26 15:00:00,16.0,12.0,13.0,14.0,19.466666666666665,18.866666666666667,Lower Manhattan,15,2,0,115,0,0,1
2023-04-26 16:00:00,10.0,16.0,18.0,13.0,19.666666666666668,18.885714285714286,Lower Manhattan,16,2,0,115,0,0,1
2023-04-26 17:00:00,13.0,10.0,15.0,7.0,19.133333333333333,18.857142857142858,Lower Manhattan,17,2,0,115,0,0,1
2023-04-26 18:00:00,10.0,13.0,5.0,8.0,19.0,18.914285714285715,Lower Manhattan,18,2,0,115,0,0,1
2023-04-26 19:00:00,0.0,10.0,0.0,0.0,19.333333333333332,18.933333333333334,Lower Manhattan,19,2,0,115,0,0,1
2023-04-26 20:00:00,0.0,0.0,0.0,0.0,19.333333333333332,18.933333333333334,Lower Manhattan,20,2,0,115,0,0,1
2023-04-27 06:00:00,0.0,,36.0,0.0,19.333333333333332,18.933333333333334,Lower Manhattan,6,3,0,116,0,0,1
2023-04-27 07:00:00,42.0,0.0,32.0,52.0,16.933333333333334,18.933333333333334,Lower Manhattan,7,3,0,116,0,0,1
2023-04-27 08:00:00,45.0,42.0,40.0,37.0,17.6,18.83809523809524,Lower Manhattan,8,3,0,116,0,0,1
2023-04-27 09:00:00,51.0,45.0,43.0,34.0,17.933333333333334,18.914285714285715,Lower Manhattan,9,3,0,116,0,0,1
2023-04-27 10:00:00,58.0,51.0,27.0,56.0,18.466666666666665,19.076190476190476,Lower Manhattan,10,3,0,116,0,0,1
2023-04-27 11:00:00,8.0,58.0,13.0,16.0,20.533333333333335,19.095238095238095,Lower Manhattan,11,3,0,116,0,0,1
2023-04-27 12:00:00,13.0,8.0,17.0,9.0,20.2,19.01904761904762,Lower Manhattan,12,3,0,116,0,0,1
2023-04-27 13:00:00,13.0,13.0,21.0,18.0,19.933333333333334,19.057142857142857,Lower Manhattan,13,3,0,116,0,0,1
2023-04-27 14:00:00,17.0,13.0,12.0,14.0,19.4,19.00952380952381,Lower Manhattan,14,3,0,116,0,0,1
2023-04-27 15:00:00,23.0,17.0,16.0,16.0,19.733333333333334,19.038095238095238,Lower Manhattan,15,3,0,116,0,0,1
2023-04-27 16:00:00,17.0,23.0,10.0,16.0,20.2,19.104761904761904,Lower Manhattan,16,3,0,116,0,0,1
2023-04-27 17:00:00,31.0,17.0,13.0,11.0,20.666666666666668,19.114285714285714,Lower Manhattan,17,3,0,116,0,0,1
2023-04-27 18:00:00,0.0,31.0,10.0,0.0,21.866666666666667,19.304761904761904,Lower Manhattan,18,3,0,116,0,0,1
2023-04-27 19:00:00,0.0,0.0,0.0,0.0,21.2,19.304761904761904,Lower Manhattan,19,3,0,116,0,0,1
2023-04-27 20:00:00,0.0,0.0,0.0,0.0,21.2,19.304761904761904,Lower Manhattan,20,3,0,116,0,0,1
2023-04-28 06:00:00,0.0,,0.0,0.0,21.2,19.304761904761904,Lower Manhattan,6,4,0,117,0,0,1
2023-04-28 07:00:00,25.0,0.0,42.0,54.0,21.2,19.304761904761904,Lower Manhattan,7,4,0,117,0,0,1
2023-04-28 08:00:00,19.0,25.0,45.0,27.0,20.066666666666666,19.02857142857143,Lower Manhattan,8,4,0,117,0,0,1
2023-04-28 09:00:00,16.0,19.0,51.0,43.0,18.333333333333332,18.952380952380953,Lower Manhattan,9,4,0,117,0,0,1
2023-04-28 10:00:00,18.0,16.0,58.0,34.0,16.0,18.695238095238096,Lower Manhattan,10,4,0,117,0,0,1
2023-04-28 11:00:00,24.0,18.0,8.0,16.0,13.333333333333334,18.542857142857144,Lower Manhattan,11,4,0,117,0,0,1
2023-04-28 12:00:00,20.0,24.0,13.0,9.0,14.4,18.61904761904762,Lower Manhattan,12,4,0,117,0,0,1
2023-04-28 13:00:00,20.0,20.0,13.0,10.0,14.866666666666667,18.723809523809525,Lower Manhattan,13,4,0,117,0,0,1
2023-04-28 14:00:00,22.0,20.0,17.0,24.0,15.333333333333334,18.81904761904762,Lower Manhattan,14,4,0,117,0,0,1
2023-04-28 15:00:00,34.0,22.0,23.0,11.0,15.666666666666666,18.8,Lower Manhattan,15,4,0,117,0,0,1
2023-04-28 16:00:00,19.0,34.0,17.0,13.0,16.4,19.01904761904762,Lower Manhattan,16,4,0,117,0,0,1
2023-04-28 17:00:00,22.0,19.0,31.0,8.0,16.533333333333335,19.076190476190476,Lower Manhattan,17,4,0,117,0,0,1
2023-04-28 18:00:00,12.0,22.0,0.0,7.0,15.933333333333334,19.20952380952381,Lower Manhattan,18,4,0,117,0,0,1
2023-04-28 19:00:00,0.0,12.0,0.0,0.0,16.733333333333334,19.257142857142856,Lower Manhattan,19,4,0,117,0,0,1
2023-04-28 20:00:00,0.0,0.0,0.0,0.0,16.733333333333334,19.257142857142856,Lower Manhattan,20,4,0,117,0,0,1
2023-04-29 06:00:00,0.0,,0.0,38.0,16.733333333333334,19.257142857142856,Lower Manhattan,6,5,1,118,0,0,1
2023-04-29 07:00:00,15.0,0.0,25.0,35.0,16.733333333333334,18.895238095238096,Lower Manhattan,7,5,1,118,0,0,1
2023-04-29 08:00:00,21.0,15.0,19.0,45.0,16.066666666666666,18.704761904761906,Lower Manhattan,8,5,1,118,0,0,1
2023-04-29 09:00:00,17.0,21.0,16.0,29.0,16.2,18.476190476190474,Lower Manhattan,9,5,1,118,0,0,1
2023-04-29 10:00:00,16.0,17.0,18.0,45.0,16.266666666666666,18.36190476190476,Lower Manhattan,10,5,1,118,0,0,1
2023-04-29 11:00:00,14.0,16.0,24.0,15.0,16.133333333333333,18.085714285714285,Lower Manhattan,11,5,1,118,0,0,1
2023-04-29 12:00:00,18.0,14.0,20.0,17.0,15.466666666666667,18.076190476190476,Lower Manhattan,12,5,1,118,0,0,1
2023-04-29 13:00:00,24.0,18.0,20.0,17.0,15.333333333333334,18.085714285714285,Lower Manhattan,13,5,1,118,0,0,1
2023-04-29 14:00:00,26.0,24.0,22.0,9.0,15.6,18.152380952380952,Lower Manhattan,14,5,1,118,0,0,1
2023-04-29 15:00:00,16.0,26.0,34.0,9.0,15.866666666666667,18.314285714285713,Lower Manhattan,15,5,1,118,0,0,1
2023-04-29 16:00:00,20.0,16.0,19.0,12.0,14.666666666666666,18.38095238095238,Lower Manhattan,16,5,1,118,0,0,1
2023-04-29 17:00:00,28.0,20.0,22.0,21.0,14.733333333333333,18.457142857142856,Lower Manhattan,17,5,1,118,0,0,1
2023-04-29 18:00:00,8.0,28.0,12.0,2.0,15.133333333333333,18.523809523809526,Lower Manhattan,18,5,1,118,0,0,1
2023-04-29 19:00:00,0.0,8.0,0.0,0.0,14.866666666666667,18.580952380952382,Lower Manhattan,19,5,1,118,0,0,1
2023-04-29 20:00:00,0.0,0.0,0.0,0.0,14.866666666666667,18.580952380952382,Lower Manhattan,20,5,1,118,0,0,1
2023-04-30 06:00:00,25.0,,0.0,36.0,14.866666666666667,18.580952380952382,Lower Manhattan,6,6,1,119,0,0,1
2023-04-30 07:00:00,35.0,25.0,15.0,31.0,16.533333333333335,18.476190476190474,Lower Manhattan,7,6,1,119,0,0,1
2023-04-30 08:00:00,50.0,35.0,21.0,32.0,17.866666666666667,18.514285714285716,Lower Manhattan,8,6,1,119,0,0,1
2023-04-30 09:00:00,30.0,50.0,17.0,38.0,19.8,18.685714285714287,Lower Manhattan,9,6,1,119,0,0,1
2023-04-30 10:00:00,31.0,30.0,16.0,36.0,20.666666666666668,18.60952380952381,Lower Manhattan,10,6,1,119,0,0,1
2023-04-30 11:00:00,8.0,31.0,14.0,16.0,21.666666666666668,18.561904761904763,Lower Manhattan,11,6,1,119,0,0,1
2023-04-30 12:00:00,14.0,8.0,18.0,13.0,21.266666666666666,18.485714285714284,Lower Manhattan,12,6,1,119,0,0,1
2023-04-30 13:00:00,10.0,14.0,24.0,12.0,21.0,18.495238095238093,Lower Manhattan,13,6,1,119,0,0,1
2023-04-30 14:00:00,13.0,10.0,26.0,17.0,20.066666666666666,18.476190476190474,Lower Manhattan,14,6,1,119,0,0,1
2023-04-30 15:00:00,12.0,13.0,16.0,12.0,19.2,18.438095238095237,Lower Manhattan,15,6,1,119,0,0,1
2023-04-30 16:00:00,15.0,12.0,20.0,7.0,18.933333333333334,18.438095238095237,Lower Manhattan,16,6,1,119,0,0,1
2023-04-30 17:00:00,4.0,15.0,28.0,15.0,18.6,18.514285714285716,Lower Manhattan,17,6,1,119,0,0,1
2023-04-30 18:00:00,6.0,4.0,8.0,10.0,17.0,18.409523809523808,Lower Manhattan,18,6,1,119,0,0,1
2023-04-30 19:00:00,1.0,6.0,0.0,0.0,16.866666666666667,18.37142857142857,Lower Manhattan,19,6,1,119,0,0,1
2023-04-30 20:00:00,0.0,1.0,0.0,0.0,16.933333333333334,18.38095238095238,Lower Manhattan,20,6,1,119,0,0,1
2023-05-01 06:00:00,0.0,,25.0,30.0,16.933333333333334,18.38095238095238,Lower Manhattan,6,0,0,120,0,0,1
2023-05-01 07:00:00,41.0,0.0,35.0,37.0,15.266666666666667,18.095238095238095,Lower Manhattan,7,0,0,120,0,0,1
2023-05-01 08:00:00,26.0,41.0,50.0,30.0,15.666666666666666,18.133333333333333,Lower Manhattan,8,0,0,120,0,0,1
2023-05-01 09:00:00,32.0,26.0,30.0,34.0,14.066666666666666,18.095238095238095,Lower Manhattan,9,0,0,120,0,0,1
2023-05-01 10:00:00,31.0,32.0,31.0,41.0,14.2,18.076190476190476,Lower Manhattan,10,0,0,120,0,0,1
2023-05-01 11:00:00,23.0,31.0,8.0,19.0,14.2,17.98095238095238,Lower Manhattan,11,0,0,120,0,0,1
2023-05-01 12:00:00,23.0,23.0,14.0,7.0,15.2,18.01904761904762,Lower Manhattan,12,0,0,120,0,0,1
2023-05-01 13:00:00,35.0,23.0,10.0,13.0,15.8,18.17142857142857,Lower Manhattan,13,0,0,120,0,0,1
2023-05-01 14:00:00,26.0,35.0,13.0,29.0,17.466666666666665,18.38095238095238,Lower Manhattan,14,0,0,120,0,0,1
2023-05-01 15:00:00,33.0,26.0,12.0,15.0,18.333333333333332,18.35238095238095,Lower Manhattan,15,0,0,120,0,0,1
2023-05-01 16:00:00,19.0,33.0,15.0,16.0,19.733333333333334,18.523809523809526,Lower Manhattan,16,0,0,120,0,0,1
2023-05-01 17:00:00,24.0,19.0,4.0,17.0,20.0,18.552380952380954,Lower Manhattan,17,0,0,120,0,0,1
2023-05-01 18:00:00,14.0,24.0,6.0,10.0,21.333333333333332,18.61904761904762,Lower Manhattan,18,0,0,120,0,0,1
2023-05-01 19:00:00,0.0,14.0,1.0,0.0,21.866666666666667,18.65714285714286,Lower Manhattan,19,0,0,120,0,0,1
2023-05-01 20:00:00,0.0,0.0,0.0,0.0,21.8,18.65714285714286,Lower Manhattan,20,0,0,120,0,0,1
2023-05-02 06:00:00,0.0,,0.0,31.0,21.8,18.65714285714286,Lower Manhattan,6,1,0,121,0,0,1
2023-05-02 07:00:00,24.0,0.0,41.0,42.0,21.8,18.36190476190476,Lower Manhattan,7,1,0,121,0,0,1
2023-05-02 08:00:00,28.0,24.0,26.0,36.0,20.666666666666668,18.19047619047619,Lower Manhattan,8,1,0,121,0,0,1
2023-05-02 09:00:00,25.0,28.0,32.0,35.0,20.8,18.114285714285714,Lower Manhattan,9,1,0,121,0,0,1
2023-05-02 10:00:00,26.0,25.0,31.0,42.0,20.333333333333332,18.01904761904762,Lower Manhattan,10,1,0,121,0,0,1
2023-05-02 11:00:00,12.0,26.0,23.0,14.0,20.0,17.866666666666667,Lower Manhattan,11,1,0,121,0,0,1
2023-05-02 12:00:00,25.0,12.0,23.0,18.0,19.266666666666666,17.847619047619048,Lower Manhattan,12,1,0,121,0,0,1
2023-05-02 13:00:00,25.0,25.0,35.0,17.0,19.4,17.914285714285715,Lower Manhattan,13,1,0,121,0,0,1
2023-05-02 14:00:00,27.0,25.0,26.0,10.0,18.733333333333334,17.99047619047619,Lower Manhattan,14,1,0,121,0,0,1
2023-05-02 15:00:00,38.0,27.0,33.0,13.0,18.8,18.152380952380952,Lower Manhattan,15,1,0,121,0,0,1
2023-05-02 16:00:00,27.0,38.0,19.0,18.0,19.133333333333333,18.39047619047619,Lower Manhattan,16,1,0,121,0,0,1
2023-05-02 17:00:00,22.0,27.0,24.0,15.0,19.666666666666668,18.476190476190474,Lower Manhattan,17,1,0,121,0,0,1
2023-05-02 18:00:00,10.0,22.0,14.0,5.0,19.533333333333335,18.542857142857144,Lower Manhattan,18,1,0,121,0,0,1
2023-05-02 19:00:00,0.0,10.0,0.0,0.0,19.266666666666666,18.590476190476192,Lower Manhattan,19,1,0,121,0,0,1
2023-05-02 20:00:00,0.0,0.0,0.0,0.0,19.266666666666666,18.590476190476192,Lower Manhattan,20,1,0,121,0,0,1
2023-05-03 06:00:00,0.0,,0.0,36.0,19.266666666666666,18.590476190476192,Lower Manhattan,6,2,0,122,0,0,1
2023-05-03 07:00:00,33.0,0.0,24.0,32.0,19.266666666666666,18.247619047619047,Lower Manhattan,7,2,0,122,0,0,1
2023-05-03 08:00:00,30.0,33.0,28.0,40.0,19.866666666666667,18.257142857142856,Lower Manhattan,8,2,0,122,0,0,1
2023-05-03 09:00:00,26.0,30.0,25.0,43.0,20.0,18.16190476190476,Lower Manhattan,9,2,0,122,0,0,1
2023-05-03 10:00:00,30.0,26.0,26.0,27.0,20.066666666666666,18.0,Lower Manhattan,10,2,0,122,0,0,1
2023-05-03 11:00:00,41.0,30.0,12.0,13.0,20.333333333333332,18.02857142857143,Lower Manhattan,11,2,0,122,0,0,1
2023-05-03 12:00:00,22.0,41.0,25.0,17.0,22.266666666666666,18.295238095238094,Lower Manhattan,12,2,0,122,0,0,1
2023-05-03 13:00:00,17.0,22.0,25.0,21.0,22.066666666666666,18.34285714285714,Lower Manhattan,13,2,0,122,0,0,1
2023-05-03 14:00:00,26.0,17.0,27.0,12.0,21.533333333333335,18.304761904761904,Lower Manhattan,14,2,0,122,0,0,1
2023-05-03 15:00:00,35.0,26.0,38.0,16.0,21.466666666666665,18.438095238095237,Lower Manhattan,15,2,0,122,0,0,1
2023-05-03 16:00:00,24.0,35.0,27.0,10.0,21.266666666666666,18.61904761904762,Lower Manhattan,16,2,0,122,0,0,1
2023-05-03 17:00:00,24.0,24.0,22.0,13.0,21.066666666666666,18.752380952380953,Lower Manhattan,17,2,0,122,0,0,1
2023-05-03 18:00:00,9.0,24.0,10.0,10.0,21.2,18.857142857142858,Lower Manhattan,18,2,0,122,0,0,1
2023-05-03 19:00:00,0.0,9.0,0.0,0.0,21.133333333333333,18.847619047619048,Lower Manhattan,19,2,0,122,0,0,1
2023-05-03 20:00:00,0.0,0.0,0.0,0.0,21.133333333333333,18.847619047619048,Lower Manhattan,20,2,0,122,0,0,1
2023-05-04 06:00:00,0.0,,0.0,0.0,21.133333333333333,18.847619047619048,Lower Manhattan,6,3,0,123,0,0,1
2023-05-04 07:00:00,21.0,0.0,33.0,42.0,21.133333333333333,18.847619047619048,Lower Manhattan,7,3,0,123,0,0,1
2023-05-04 08:00:00,21.0,21.0,30.0,45.0,20.333333333333332,18.64761904761905,Lower Manhattan,8,3,0,123,0,0,1
2023-05-04 09:00:00,35.0,21.0,26.0,51.0,19.733333333333334,18.419047619047618,Lower Manhattan,9,3,0,123,0,0,1
2023-05-04 10:00:00,22.0,35.0,30.0,58.0,20.333333333333332,18.266666666666666,Lower Manhattan,10,3,0,123,0,0,1
2023-05-04 11:00:00,27.0,22.0,41.0,8.0,19.8,17.923809523809524,Lower Manhattan,11,3,0,123,0,0,1
2023-05-04 12:00:00,29.0,27.0,22.0,13.0,18.866666666666667,18.104761904761904,Lower Manhattan,12,3,0,123,0,0,1
2023-05-04 13:00:00,22.0,29.0,17.0,13.0,19.333333333333332,18.257142857142856,Lower Manhattan,13,3,0,123,0,0,1
2023-05-04 14:00:00,39.0,22.0,26.0,17.0,19.666666666666668,18.34285714285714,Lower Manhattan,14,3,0,123,0,0,1
2023-05-04 15:00:00,36.0,39.0,35.0,23.0,20.533333333333335,18.552380952380954,Lower Manhattan,15,3,0,123,0,0,1
2023-05-04 16:00:00,19.0,36.0,24.0,17.0,20.6,18.676190476190477,Lower Manhattan,16,3,0,123,0,0,1
2023-05-04 17:00:00,30.0,19.0,24.0,31.0,20.266666666666666,18.695238095238096,Lower Manhattan,17,3,0,123,0,0,1
2023-05-04 18:00:00,20.0,30.0,9.0,0.0,20.666666666666668,18.685714285714287,Lower Manhattan,18,3,0,123,0,0,1
2023-05-04 19:00:00,0.0,20.0,0.0,0.0,21.4,18.876190476190477,Lower Manhattan,19,3,0,123,0,0,1
2023-05-04 20:00:00,0.0,0.0,0.0,0.0,21.4,18.876190476190477,Lower Manhattan,20,3,0,123,0,0,1
2023-05-05 06:00:00,0.0,,0.0,0.0,21.4,18.876190476190477,Lower Manhattan,6,4,0,124,0,0,1
2023-05-05 07:00:00,28.0,0.0,21.0,25.0,21.4,18.876190476190477,Lower Manhattan,7,4,0,124,0,0,1
2023-05-05 08:00:00,35.0,28.0,21.0,19.0,21.866666666666667,18.904761904761905,Lower Manhattan,8,4,0,124,0,0,1
2023-05-05 09:00:00,37.0,35.0,35.0,16.0,22.8,19.057142857142857,Lower Manhattan,9,4,0,124,0,0,1
2023-05-05 10:00:00,34.0,37.0,22.0,18.0,22.933333333333334,19.257142857142856,Lower Manhattan,10,4,0,124,0,0,1
2023-05-05 11:00:00,41.0,34.0,27.0,24.0,23.733333333333334,19.409523809523808,Lower Manhattan,11,4,0,124,0,0,1
2023-05-05 12:00:00,31.0,41.0,29.0,20.0,24.666666666666668,19.571428571428573,Lower Manhattan,12,4,0,124,0,0,1
2023-05-05 13:00:00,19.0,31.0,22.0,20.0,24.8,19.676190476190477,Lower Manhattan,13,4,0,124,0,0,1
2023-05-05 14:00:00,28.0,19.0,39.0,22.0,24.6,19.666666666666668,Lower Manhattan,14,4,0,124,0,0,1
2023-05-05 15:00:00,37.0,28.0,36.0,34.0,23.866666666666667,19.723809523809525,Lower Manhattan,15,4,0,124,0,0,1
2023-05-05 16:00:00,19.0,37.0,19.0,19.0,23.933333333333334,19.752380952380953,Lower Manhattan,16,4,0,124,0,0,1
2023-05-05 17:00:00,31.0,19.0,30.0,22.0,23.933333333333334,19.752380952380953,Lower Manhattan,17,4,0,124,0,0,1
2023-05-05 18:00:00,13.0,31.0,20.0,12.0,24.0,19.83809523809524,Lower Manhattan,18,4,0,124,0,0,1
2023-05-05 19:00:00,0.0,13.0,0.0,0.0,23.533333333333335,19.847619047619048,Lower Manhattan,19,4,0,124,0,0,1
2023-05-05 20:00:00,0.0,0.0,0.0,0.0,23.533333333333335,19.847619047619048,Lower Manhattan,20,4,0,124,0,0,1
2023-05-06 06:00:00,0.0,,0.0,0.0,23.533333333333335,19.847619047619048,Lower Manhattan,6,5,1,125,0,0,1
2023-05-06 07:00:00,38.0,0.0,28.0,15.0,23.533333333333335,19.847619047619048,Lower Manhattan,7,5,1,125,0,0,1
2023-05-06 08:00:00,26.0,38.0,35.0,21.0,24.2,20.066666666666666,Lower Manhattan,8,5,1,125,0,0,1
2023-05-06 09:00:00,28.0,26.0,37.0,17.0,23.6,20.114285714285714,Lower Manhattan,9,5,1,125,0,0,1
2023-05-06 10:00:00,31.0,28.0,34.0,16.0,23.0,20.21904761904762,Lower Manhattan,10,5,1,125,0,0,1
2023-05-06 11:00:00,21.0,31.0,41.0,14.0,22.8,20.36190476190476,Lower Manhattan,11,5,1,125,0,0,1
2023-05-06 12:00:00,26.0,21.0,31.0,18.0,21.466666666666665,20.428571428571427,Lower Manhattan,12,5,1,125,0,0,1
2023-05-06 13:00:00,30.0,26.0,19.0,24.0,21.133333333333333,20.504761904761907,Lower Manhattan,13,5,1,125,0,0,1
2023-05-06 14:00:00,23.0,30.0,28.0,26.0,21.866666666666667,20.561904761904763,Lower Manhattan,14,5,1,125,0,0,1
2023-05-06 15:00:00,35.0,23.0,37.0,16.0,21.533333333333335,20.533333333333335,Lower Manhattan,15,5,1,125,0,0,1
2023-05-06 16:00:00,30.0,35.0,19.0,20.0,21.4,20.714285714285715,Lower Manhattan,16,5,1,125,0,0,1
2023-05-06 17:00:00,33.0,30.0,31.0,28.0,22.133333333333333,20.80952380952381,Lower Manhattan,17,5,1,125,0,0,1
2023-05-06 18:00:00,16.0,33.0,13.0,8.0,22.266666666666666,20.857142857142858,Lower Manhattan,18,5,1,125,0,0,1
2023-05-06 19:00:00,0.0,16.0,0.0,0.0,22.466666666666665,20.933333333333334,Lower Manhattan,19,5,1,125,0,0,1
2023-05-06 20:00:00,0.0,0.0,0.0,0.0,22.466666666666665,20.933333333333334,Lower Manhattan,20,5,1,125,0,0,1
2023-05-07 06:00:00,6.0,,0.0,25.0,22.466666666666665,20.933333333333334,Lower Manhattan,6,6,1,126,0,0,1
2023-05-07 07:00:00,60.0,6.0,38.0,35.0,22.866666666666667,20.752380952380953,Lower Manhattan,7,6,1,126,0,0,1
2023-05-07 08:00:00,54.0,60.0,26.0,50.0,24.333333333333332,20.99047619047619,Lower Manhattan,8,6,1,126,0,0,1
2023-05-07 09:00:00,40.0,54.0,28.0,30.0,26.2,21.02857142857143,Lower Manhattan,9,6,1,126,0,0,1
2023-05-07 10:00:00,60.0,40.0,31.0,31.0,27.0,21.123809523809523,Lower Manhattan,10,6,1,126,0,0,1
2023-05-07 11:00:00,17.0,60.0,21.0,8.0,28.933333333333334,21.4,Lower Manhattan,11,6,1,126,0,0,1
2023-05-07 12:00:00,14.0,17.0,26.0,14.0,28.666666666666668,21.485714285714284,Lower Manhattan,12,6,1,126,0,0,1
2023-05-07 13:00:00,0.0,14.0,30.0,10.0,27.866666666666667,21.485714285714284,Lower Manhattan,13,6,1,126,0,0,1
2023-05-07 14:00:00,0.0,0.0,23.0,13.0,25.866666666666667,21.39047619047619,Lower Manhattan,14,6,1,126,0,0,1
2023-05-07 15:00:00,0.0,0.0,35.0,12.0,24.333333333333332,21.266666666666666,Lower Manhattan,15,6,1,126,0,0,1
2023-05-07 16:00:00,0.0,0.0,30.0,15.0,22.0,21.152380952380952,Lower Manhattan,16,6,1,126,0,0,1
2023-05-07 17:00:00,0.0,0.0,33.0,4.0,20.0,21.00952380952381,Lower Manhattan,17,6,1,126,0,0,1
2023-05-07 18:00:00,0.0,0.0,16.0,6.0,17.8,20.97142857142857,Lower Manhattan,18,6,1,126,0,0,1
2023-05-07 19:00:00,0.0,0.0,0.0,1.0,16.733333333333334,20.914285714285715,Lower Manhattan,19,6,1,126,0,0,1
2023-05-07 20:00:00,0.0,0.0,0.0,0.0,16.733333333333334,20.904761904761905,Lower Manhattan,20,6,1,126,0,0,1
2023-05-08 06:00:00,0.0,,6.0,0.0,16.733333333333334,20.904761904761905,Lower Manhattan,6,0,0,127,0,0,1
2023-05-08 07:00:00,41.0,0.0,60.0,41.0,16.333333333333332,20.904761904761905,Lower Manhattan,7,0,0,127,0,0,1
2023-05-08 08:00:00,76.0,41.0,54.0,26.0,15.066666666666666,20.904761904761905,Lower Manhattan,8,0,0,127,0,0,1
2023-05-08 09:00:00,63.0,76.0,40.0,32.0,16.533333333333335,21.38095238095238,Lower Manhattan,9,0,0,127,0,0,1
2023-05-08 10:00:00,77.0,63.0,60.0,31.0,18.066666666666666,21.676190476190477,Lower Manhattan,10,0,0,127,0,0,1
2023-05-08 11:00:00,21.0,77.0,17.0,23.0,19.2,22.114285714285714,Lower Manhattan,11,0,0,127,0,0,1
2023-05-08 12:00:00,12.0,21.0,14.0,23.0,19.466666666666665,22.095238095238095,Lower Manhattan,12,0,0,127,0,0,1
2023-05-08 13:00:00,16.0,12.0,0.0,35.0,19.333333333333332,21.99047619047619,Lower Manhattan,13,0,0,127,0,0,1
2023-05-08 14:00:00,9.0,16.0,0.0,26.0,20.4,21.80952380952381,Lower Manhattan,14,0,0,127,0,0,1
2023-05-08 15:00:00,16.0,9.0,0.0,33.0,21.0,21.64761904761905,Lower Manhattan,15,0,0,127,0,0,1
2023-05-08 16:00:00,20.0,16.0,0.0,19.0,22.066666666666666,21.485714285714284,Lower Manhattan,16,0,0,127,0,0,1
2023-05-08 17:00:00,10.0,20.0,0.0,24.0,23.4,21.495238095238093,Lower Manhattan,17,0,0,127,0,0,1
2023-05-08 18:00:00,17.0,10.0,0.0,14.0,24.066666666666666,21.36190476190476,Lower Manhattan,18,0,0,127,0,0,1
2023-05-08 19:00:00,13.0,17.0,0.0,0.0,25.2,21.39047619047619,Lower Manhattan,19,0,0,127,0,0,1
2023-05-08 20:00:00,8.0,13.0,0.0,0.0,26.066666666666666,21.514285714285716,Lower Manhattan,20,0,0,127,0,0,1
2023-05-09 06:00:00,0.0,,0.0,0.0,26.6,21.590476190476192,Lower Manhattan,6,1,0,128,0,0,1
2023-05-09 07:00:00,29.0,0.0,41.0,24.0,26.6,21.590476190476192,Lower Manhattan,7,1,0,128,0,0,1
2023-05-09 08:00:00,50.0,29.0,76.0,28.0,25.8,21.63809523809524,Lower Manhattan,8,1,0,128,0,0,1
2023-05-09 09:00:00,69.0,50.0,63.0,25.0,24.066666666666666,21.847619047619048,Lower Manhattan,9,1,0,128,0,0,1
2023-05-09 10:00:00,72.0,69.0,77.0,26.0,24.466666666666665,22.266666666666666,Lower Manhattan,10,1,0,128,0,0,1
2023-05-09 11:00:00,8.0,72.0,21.0,12.0,24.133333333333333,22.704761904761906,Lower Manhattan,11,1,0,128,0,0,1
2023-05-09 12:00:00,20.0,8.0,12.0,25.0,23.266666666666666,22.666666666666668,Lower Manhattan,12,1,0,128,0,0,1
2023-05-09 13:00:00,13.0,20.0,16.0,25.0,23.8,22.61904761904762,Lower Manhattan,13,1,0,128,0,0,1
2023-05-09 14:00:00,9.0,13.0,9.0,27.0,23.6,22.504761904761907,Lower Manhattan,14,1,0,128,0,0,1
2023-05-09 15:00:00,22.0,9.0,16.0,38.0,23.6,22.333333333333332,Lower Manhattan,15,1,0,128,0,0,1
2023-05-09 16:00:00,10.0,22.0,20.0,27.0,24.0,22.18095238095238,Lower Manhattan,16,1,0,128,0,0,1
2023-05-09 17:00:00,14.0,10.0,10.0,22.0,23.333333333333332,22.01904761904762,Lower Manhattan,17,1,0,128,0,0,1
2023-05-09 18:00:00,17.0,14.0,17.0,10.0,23.6,21.942857142857143,Lower Manhattan,18,1,0,128,0,0,1
2023-05-09 19:00:00,14.0,17.0,13.0,0.0,23.6,22.00952380952381,Lower Manhattan,19,1,0,128,0,0,1
2023-05-09 20:00:00,4.0,14.0,8.0,0.0,23.666666666666668,22.142857142857142,Lower Manhattan,20,1,0,128,0,0,1
2023-05-10 06:00:00,46.0,,0.0,0.0,23.4,22.18095238095238,Lower Manhattan,6,2,0,129,0,0,1
2023-05-10 07:00:00,47.0,46.0,29.0,33.0,26.466666666666665,22.61904761904762,Lower Manhattan,7,2,0,129,0,0,1
2023-05-10 08:00:00,43.0,47.0,50.0,30.0,27.666666666666668,22.752380952380953,Lower Manhattan,8,2,0,129,0,0,1
2023-05-10 09:00:00,42.0,43.0,69.0,26.0,27.2,22.876190476190477,Lower Manhattan,9,2,0,129,0,0,1
2023-05-10 10:00:00,42.0,42.0,72.0,30.0,25.4,23.02857142857143,Lower Manhattan,10,2,0,129,0,0,1
2023-05-10 11:00:00,23.0,42.0,8.0,41.0,23.4,23.142857142857142,Lower Manhattan,11,2,0,129,0,0,1
2023-05-10 12:00:00,18.0,23.0,20.0,22.0,24.4,22.97142857142857,Lower Manhattan,12,2,0,129,0,0,1
2023-05-10 13:00:00,19.0,18.0,13.0,17.0,24.266666666666666,22.933333333333334,Lower Manhattan,13,2,0,129,0,0,1
2023-05-10 14:00:00,21.0,19.0,9.0,26.0,24.666666666666668,22.952380952380953,Lower Manhattan,14,2,0,129,0,0,1
2023-05-10 15:00:00,12.0,21.0,22.0,35.0,25.466666666666665,22.904761904761905,Lower Manhattan,15,2,0,129,0,0,1
2023-05-10 16:00:00,19.0,12.0,10.0,24.0,24.8,22.685714285714287,Lower Manhattan,16,2,0,129,0,0,1
2023-05-10 17:00:00,22.0,19.0,14.0,24.0,25.4,22.63809523809524,Lower Manhattan,17,2,0,129,0,0,1
2023-05-10 18:00:00,7.0,22.0,17.0,9.0,25.933333333333334,22.61904761904762,Lower Manhattan,18,2,0,129,0,0,1
2023-05-10 19:00:00,0.0,7.0,14.0,0.0,25.266666666666666,22.6,Lower Manhattan,19,2,0,129,0,0,1
2023-05-10 20:00:00,0.0,0.0,4.0,0.0,24.333333333333332,22.6,Lower Manhattan,20,2,0,129,0,0,1
2023-05-11 06:00:00,54.0,,46.0,0.0,24.066666666666666,22.6,Lower Manhattan,6,3,0,130,0,0,1
2023-05-11 07:00:00,42.0,54.0,47.0,21.0,24.6,23.114285714285714,Lower Manhattan,7,3,0,130,0,0,1
2023-05-11 08:00:00,47.0,42.0,43.0,21.0,24.266666666666666,23.314285714285713,Lower Manhattan,8,3,0,130,0,0,1
2023-05-11 09:00:00,38.0,47.0,42.0,35.0,24.533333333333335,23.561904761904763,Lower Manhattan,9,3,0,130,0,0,1
2023-05-11 10:00:00,41.0,38.0,42.0,22.0,24.266666666666666,23.590476190476192,Lower Manhattan,10,3,0,130,0,0,1
2023-05-11 11:00:00,16.0,41.0,23.0,27.0,24.2,23.771428571428572,Lower Manhattan,11,3,0,130,0,0,1
2023-05-11 12:00:00,22.0,16.0,18.0,29.0,23.733333333333334,23.666666666666668,Lower Manhattan,12,3,0,130,0,0,1
2023-05-11 13:00:00,15.0,22.0,19.0,22.0,24.0,23.6,Lower Manhattan,13,3,0,130,0,0,1
2023-05-11 14:00:00,22.0,15.0,21.0,39.0,23.733333333333334,23.533333333333335,Lower Manhattan,14,3,0,130,0,0,1
2023-05-11 15:00:00,14.0,22.0,12.0,36.0,23.8,23.37142857142857,Lower Manhattan,15,3,0,130,0,0,1
2023-05-11 16:00:00,17.0,14.0,19.0,19.0,23.933333333333334,23.16190476190476,Lower Manhattan,16,3,0,130,0,0,1
2023-05-11 17:00:00,8.0,17.0,22.0,30.0,23.8,23.142857142857142,Lower Manhattan,17,3,0,130,0,0,1
2023-05-11 18:00:00,14.0,8.0,7.0,20.0,22.866666666666667,22.933333333333334,Lower Manhattan,18,3,0,130,0,0,1
2023-05-11 19:00:00,0.0,14.0,0.0,0.0,23.333333333333332,22.876190476190477,Lower Manhattan,19,3,0,130,0,0,1
2023-05-11 20:00:00,0.0,0.0,0.0,0.0,23.333333333333332,22.876190476190477,Lower Manhattan,20,3,0,130,0,0,1
2023-05-12 06:00:00,47.0,,54.0,0.0,23.333333333333332,22.876190476190477,Lower Manhattan,6,4,0,131,0,0,1
2023-05-12 07:00:00,39.0,47.0,42.0,28.0,22.866666666666667,23.323809523809523,Lower Manhattan,7,4,0,131,0,0,1
2023-05-12 08:00:00,34.0,39.0,47.0,35.0,22.666666666666668,23.428571428571427,Lower Manhattan,8,4,0,131,0,0,1
2023-05-12 09:00:00,53.0,34.0,38.0,37.0,21.8,23.419047619047618,Lower Manhattan,9,4,0,131,0,0,1
2023-05-12 10:00:00,57.0,53.0,41.0,34.0,22.8,23.571428571428573,Lower Manhattan,10,4,0,131,0,0,1
2023-05-12 11:00:00,12.0,57.0,16.0,41.0,23.866666666666667,23.79047619047619,Lower Manhattan,11,4,0,131,0,0,1
2023-05-12 12:00:00,9.0,12.0,22.0,31.0,23.6,23.514285714285716,Lower Manhattan,12,4,0,131,0,0,1
2023-05-12 13:00:00,21.0,9.0,15.0,19.0,22.733333333333334,23.304761904761904,Lower Manhattan,13,4,0,131,0,0,1
2023-05-12 14:00:00,26.0,21.0,22.0,28.0,23.133333333333333,23.323809523809523,Lower Manhattan,14,4,0,131,0,0,1
2023-05-12 15:00:00,20.0,26.0,14.0,37.0,23.4,23.304761904761904,Lower Manhattan,15,4,0,131,0,0,1
2023-05-12 16:00:00,22.0,20.0,17.0,19.0,23.8,23.142857142857142,Lower Manhattan,16,4,0,131,0,0,1
2023-05-12 17:00:00,20.0,22.0,8.0,31.0,24.133333333333333,23.17142857142857,Lower Manhattan,17,4,0,131,0,0,1
2023-05-12 18:00:00,15.0,20.0,14.0,13.0,24.933333333333334,23.066666666666666,Lower Manhattan,18,4,0,131,0,0,1
2023-05-12 19:00:00,0.0,15.0,0.0,0.0,25.0,23.085714285714285,Lower Manhattan,19,4,0,131,0,0,1
2023-05-12 20:00:00,0.0,0.0,0.0,0.0,25.0,23.085714285714285,Lower Manhattan,20,4,0,131,0,0,1
2023-05-13 06:00:00,0.0,,47.0,0.0,25.0,23.085714285714285,Lower Manhattan,6,5,1,132,0,0,1
2023-05-13 07:00:00,64.0,0.0,39.0,38.0,21.866666666666667,23.085714285714285,Lower Manhattan,7,5,1,132,0,0,1
2023-05-13 08:00:00,59.0,64.0,34.0,26.0,23.533333333333335,23.333333333333332,Lower Manhattan,8,5,1,132,0,0,1
2023-05-13 09:00:00,47.0,59.0,53.0,28.0,25.2,23.64761904761905,Lower Manhattan,9,5,1,132,0,0,1
2023-05-13 10:00:00,47.0,47.0,57.0,31.0,24.8,23.82857142857143,Lower Manhattan,10,5,1,132,0,0,1
2023-05-13 11:00:00,32.0,47.0,12.0,21.0,24.133333333333333,23.98095238095238,Lower Manhattan,11,5,1,132,0,0,1
2023-05-13 12:00:00,26.0,32.0,9.0,26.0,25.466666666666665,24.085714285714285,Lower Manhattan,12,5,1,132,0,0,1
2023-05-13 13:00:00,18.0,26.0,21.0,30.0,26.6,24.085714285714285,Lower Manhattan,13,5,1,132,0,0,1
2023-05-13 14:00:00,13.0,18.0,26.0,23.0,26.4,23.97142857142857,Lower Manhattan,14,5,1,132,0,0,1
2023-05-13 15:00:00,25.0,13.0,20.0,35.0,25.533333333333335,23.876190476190477,Lower Manhattan,15,5,1,132,0,0,1
2023-05-13 16:00:00,28.0,25.0,22.0,30.0,25.866666666666667,23.78095238095238,Lower Manhattan,16,5,1,132,0,0,1
2023-05-13 17:00:00,16.0,28.0,20.0,33.0,26.266666666666666,23.761904761904763,Lower Manhattan,17,5,1,132,0,0,1
2023-05-13 18:00:00,13.0,16.0,15.0,16.0,26.0,23.6,Lower Manhattan,18,5,1,132,0,0,1
2023-05-13 19:00:00,0.0,13.0,0.0,0.0,25.866666666666667,23.571428571428573,Lower Manhattan,19,5,1,132,0,0,1
2023-05-13 20:00:00,0.0,0.0,0.0,0.0,25.866666666666667,23.571428571428573,Lower Manhattan,20,5,1,132,0,0,1
2023-05-14 06:00:00,0.0,,0.0,6.0,25.866666666666667,23.571428571428573,Lower Manhattan,6,6,1,133,0,0,1
2023-05-14 07:00:00,45.0,0.0,64.0,60.0,25.866666666666667,23.514285714285716,Lower Manhattan,7,6,1,133,0,0,1
2023-05-14 08:00:00,59.0,45.0,59.0,54.0,24.6,23.37142857142857,Lower Manhattan,8,6,1,133,0,0,1
2023-05-14 09:00:00,63.0,59.0,47.0,40.0,24.6,23.419047619047618,Lower Manhattan,9,6,1,133,0,0,1
2023-05-14 10:00:00,65.0,63.0,47.0,60.0,25.666666666666668,23.63809523809524,Lower Manhattan,10,6,1,133,0,0,1
2023-05-14 11:00:00,13.0,65.0,32.0,17.0,26.866666666666667,23.685714285714287,Lower Manhattan,11,6,1,133,0,0,1
2023-05-14 12:00:00,17.0,13.0,26.0,14.0,25.6,23.64761904761905,Lower Manhattan,12,6,1,133,0,0,1
2023-05-14 13:00:00,22.0,17.0,18.0,0.0,25.0,23.676190476190477,Lower Manhattan,13,6,1,133,0,0,1
2023-05-14 14:00:00,16.0,22.0,13.0,0.0,25.266666666666666,23.885714285714286,Lower Manhattan,14,6,1,133,0,0,1
2023-05-14 15:00:00,17.0,16.0,25.0,0.0,25.466666666666665,24.038095238095238,Lower Manhattan,15,6,1,133,0,0,1
2023-05-14 16:00:00,16.0,17.0,28.0,0.0,24.933333333333334,24.2,Lower Manhattan,16,6,1,133,0,0,1
2023-05-14 17:00:00,15.0,16.0,16.0,0.0,24.133333333333333,24.35238095238095,Lower Manhattan,17,6,1,133,0,0,1
2023-05-14 18:00:00,6.0,15.0,13.0,0.0,24.066666666666666,24.495238095238093,Lower Manhattan,18,6,1,133,0,0,1
2023-05-14 19:00:00,0.0,6.0,0.0,0.0,23.6,24.552380952380954,Lower Manhattan,19,6,1,133,0,0,1
2023-05-14 20:00:00,0.0,0.0,0.0,0.0,23.6,24.552380952380954,Lower Manhattan,20,6,1,133,0,0,1
2023-05-15 06:00:00,48.0,,0.0,0.0,23.6,24.552380952380954,Lower Manhattan,6,0,0,134,0,0,1
2023-05-15 07:00:00,45.0,48.0,45.0,41.0,26.8,25.00952380952381,Lower Manhattan,7,0,0,134,0,0,1
2023-05-15 08:00:00,47.0,45.0,59.0,76.0,26.8,25.047619047619047,Lower Manhattan,8,0,0,134,0,0,1
2023-05-15 09:00:00,32.0,47.0,63.0,63.0,26.0,24.771428571428572,Lower Manhattan,9,0,0,134,0,0,1
2023-05-15 10:00:00,47.0,32.0,65.0,77.0,23.933333333333334,24.476190476190474,Lower Manhattan,10,0,0,134,0,0,1
2023-05-15 11:00:00,21.0,47.0,13.0,21.0,22.733333333333334,24.19047619047619,Lower Manhattan,11,0,0,134,0,0,1
2023-05-15 12:00:00,24.0,21.0,17.0,12.0,23.266666666666666,24.19047619047619,Lower Manhattan,12,0,0,134,0,0,1
2023-05-15 13:00:00,20.0,24.0,22.0,16.0,23.733333333333334,24.304761904761904,Lower Manhattan,13,0,0,134,0,0,1
2023-05-15 14:00:00,23.0,20.0,16.0,9.0,23.6,24.34285714285714,Lower Manhattan,14,0,0,134,0,0,1
2023-05-15 15:00:00,23.0,23.0,17.0,16.0,24.066666666666666,24.476190476190474,Lower Manhattan,15,0,0,134,0,0,1
2023-05-15 16:00:00,26.0,23.0,16.0,20.0,24.466666666666665,24.542857142857144,Lower Manhattan,16,0,0,134,0,0,1
2023-05-15 17:00:00,4.0,26.0,15.0,10.0,25.133333333333333,24.6,Lower Manhattan,17,0,0,134,0,0,1
2023-05-15 18:00:00,7.0,4.0,6.0,17.0,24.4,24.542857142857144,Lower Manhattan,18,0,0,134,0,0,1
2023-05-15 19:00:00,0.0,7.0,0.0,13.0,24.466666666666665,24.447619047619046,Lower Manhattan,19,0,0,134,0,0,1
2023-05-15 20:00:00,0.0,0.0,0.0,8.0,24.466666666666665,24.323809523809523,Lower Manhattan,20,0,0,134,0,0,1
2023-05-16 06:00:00,27.0,,48.0,0.0,24.466666666666665,24.247619047619047,Lower Manhattan,6,1,0,135,0,0,1
2023-05-16 07:00:00,35.0,27.0,45.0,29.0,23.066666666666666,24.504761904761907,Lower Manhattan,7,1,0,135,0,0,1
2023-05-16 08:00:00,46.0,35.0,47.0,50.0,22.4,24.561904761904763,Lower Manhattan,8,1,0,135,0,0,1
2023-05-16 09:00:00,57.0,46.0,32.0,69.0,22.333333333333332,24.523809523809526,Lower Manhattan,9,1,0,135,0,0,1
2023-05-16 10:00:00,41.0,57.0,47.0,72.0,24.0,24.409523809523808,Lower Manhattan,10,1,0,135,0,0,1
2023-05-16 11:00:00,22.0,41.0,21.0,8.0,23.6,24.114285714285714,Lower Manhattan,11,1,0,135,0,0,1
2023-05-16 12:00:00,20.0,22.0,24.0,20.0,23.666666666666668,24.247619047619047,Lower Manhattan,12,1,0,135,0,0,1
2023-05-16 13:00:00,21.0,20.0,20.0,13.0,23.4,24.247619047619047,Lower Manhattan,13,1,0,135,0,0,1
2023-05-16 14:00:00,17.0,21.0,23.0,9.0,23.466666666666665,24.323809523809523,Lower Manhattan,14,1,0,135,0,0,1
2023-05-16 15:00:00,34.0,17.0,23.0,22.0,23.066666666666666,24.4,Lower Manhattan,15,1,0,135,0,0,1
2023-05-16 16:00:00,30.0,34.0,26.0,10.0,23.8,24.514285714285716,Lower Manhattan,16,1,0,135,0,0,1
2023-05-16 17:00:00,12.0,30.0,4.0,14.0,24.066666666666666,24.704761904761906,Lower Manhattan,17,1,0,135,0,0,1
2023-05-16 18:00:00,8.0,12.0,7.0,17.0,24.6,24.685714285714287,Lower Manhattan,18,1,0,135,0,0,1
2023-05-16 19:00:00,0.0,8.0,0.0,14.0,24.666666666666668,24.6,Lower Manhattan,19,1,0,135,0,0,1
2023-05-16 20:00:00,0.0,0.0,0.0,4.0,24.666666666666668,24.466666666666665,Lower Manhattan,20,1,0,135,0,0,1
2023-05-17 06:00:00,52.0,,27.0,46.0,24.666666666666668,24.428571428571427,Lower Manhattan,6,2,0,136,0,0,1
2023-05-17 07:00:00,59.0,52.0,35.0,47.0,26.333333333333332,24.485714285714284,Lower Manhattan,7,2,0,136,0,0,1
2023-05-17 08:00:00,40.0,59.0,46.0,43.0,27.933333333333334,24.6,Lower Manhattan,8,2,0,136,0,0,1
2023-05-17 09:00:00,39.0,40.0,57.0,42.0,27.533333333333335,24.571428571428573,Lower Manhattan,9,2,0,136,0,0,1
2023-05-17 10:00:00,39.0,39.0,41.0,42.0,26.333333333333332,24.542857142857144,Lower Manhattan,10,2,0,136,0,0,1
2023-05-17 11:00:00,19.0,39.0,22.0,23.0,26.2,24.514285714285716,Lower Manhattan,11,2,0,136,0,0,1
2023-05-17 12:00:00,19.0,19.0,20.0,18.0,26.0,24.476190476190474,Lower Manhattan,12,2,0,136,0,0,1
2023-05-17 13:00:00,19.0,19.0,21.0,19.0,25.933333333333334,24.485714285714284,Lower Manhattan,13,2,0,136,0,0,1
2023-05-17 14:00:00,17.0,19.0,17.0,21.0,25.8,24.485714285714284,Lower Manhattan,14,2,0,136,0,0,1
2023-05-17 15:00:00,16.0,17.0,34.0,12.0,25.8,24.447619047619046,Lower Manhattan,15,2,0,136,0,0,1
2023-05-17 16:00:00,21.0,16.0,30.0,19.0,24.6,24.485714285714284,Lower Manhattan,16,2,0,136,0,0,1
2023-05-17 17:00:00,20.0,21.0,12.0,22.0,24.0,24.504761904761907,Lower Manhattan,17,2,0,136,0,0,1
2023-05-17 18:00:00,9.0,20.0,8.0,7.0,24.533333333333335,24.485714285714284,Lower Manhattan,18,2,0,136,0,0,1
2023-05-17 19:00:00,0.0,9.0,0.0,0.0,24.6,24.504761904761907,Lower Manhattan,19,2,0,136,0,0,1
2023-05-17 20:00:00,0.0,0.0,0.0,0.0,24.6,24.504761904761907,Lower Manhattan,20,2,0,136,0,0,1
2023-05-18 06:00:00,43.0,,52.0,54.0,24.6,24.504761904761907,Lower Manhattan,6,3,0,137,0,0,1
2023-05-18 07:00:00,40.0,43.0,59.0,42.0,24.0,24.4,Lower Manhattan,7,3,0,137,0,0,1
2023-05-18 08:00:00,34.0,40.0,40.0,47.0,22.733333333333334,24.38095238095238,Lower Manhattan,8,3,0,137,0,0,1
2023-05-18 09:00:00,25.0,34.0,39.0,38.0,22.333333333333332,24.257142857142856,Lower Manhattan,9,3,0,137,0,0,1
2023-05-18 10:00:00,50.0,25.0,39.0,41.0,21.4,24.133333333333333,Lower Manhattan,10,3,0,137,0,0,1
2023-05-18 11:00:00,23.0,50.0,19.0,16.0,22.133333333333333,24.21904761904762,Lower Manhattan,11,3,0,137,0,0,1
2023-05-18 12:00:00,23.0,23.0,19.0,22.0,22.4,24.285714285714285,Lower Manhattan,12,3,0,137,0,0,1
2023-05-18 13:00:00,22.0,23.0,19.0,15.0,22.666666666666668,24.295238095238094,Lower Manhattan,13,3,0,137,0,0,1
2023-05-18 14:00:00,23.0,22.0,17.0,22.0,22.866666666666667,24.36190476190476,Lower Manhattan,14,3,0,137,0,0,1
2023-05-18 15:00:00,27.0,23.0,16.0,14.0,23.266666666666666,24.37142857142857,Lower Manhattan,15,3,0,137,0,0,1
2023-05-18 16:00:00,39.0,27.0,21.0,17.0,24.0,24.495238095238093,Lower Manhattan,16,3,0,137,0,0,1
2023-05-18 17:00:00,18.0,39.0,20.0,8.0,25.2,24.704761904761906,Lower Manhattan,17,3,0,137,0,0,1
2023-05-18 18:00:00,9.0,18.0,9.0,14.0,25.066666666666666,24.8,Lower Manhattan,18,3,0,137,0,0,1
2023-05-18 19:00:00,0.0,9.0,0.0,0.0,25.066666666666666,24.752380952380953,Lower Manhattan,19,3,0,137,0,0,1
2023-05-18 20:00:00,0.0,0.0,0.0,0.0,25.066666666666666,24.752380952380953,Lower Manhattan,20,3,0,137,0,0,1
2023-05-19 06:00:00,56.0,,43.0,47.0,25.066666666666666,24.752380952380953,Lower Manhattan,6,4,0,138,0,0,1
2023-05-19 07:00:00,36.0,56.0,40.0,39.0,25.933333333333334,24.83809523809524,Lower Manhattan,7,4,0,138,0,0,1
2023-05-19 08:00:00,47.0,36.0,34.0,34.0,25.666666666666668,24.80952380952381,Lower Manhattan,8,4,0,138,0,0,1
2023-05-19 09:00:00,30.0,47.0,25.0,53.0,26.533333333333335,24.933333333333334,Lower Manhattan,9,4,0,138,0,0,1
2023-05-19 10:00:00,40.0,30.0,50.0,57.0,26.866666666666667,24.714285714285715,Lower Manhattan,10,4,0,138,0,0,1
2023-05-19 11:00:00,24.0,40.0,23.0,12.0,26.2,24.552380952380954,Lower Manhattan,11,4,0,138,0,0,1
2023-05-19 12:00:00,26.0,24.0,23.0,9.0,26.266666666666666,24.666666666666668,Lower Manhattan,12,4,0,138,0,0,1
2023-05-19 13:00:00,19.0,26.0,22.0,21.0,26.466666666666665,24.82857142857143,Lower Manhattan,13,4,0,138,0,0,1
2023-05-19 14:00:00,10.0,19.0,23.0,26.0,26.266666666666666,24.80952380952381,Lower Manhattan,14,4,0,138,0,0,1
2023-05-19 15:00:00,20.0,10.0,27.0,20.0,25.4,24.65714285714286,Lower Manhattan,15,4,0,138,0,0,1
2023-05-19 16:00:00,19.0,20.0,39.0,22.0,24.933333333333334,24.65714285714286,Lower Manhattan,16,4,0,138,0,0,1
2023-05-19 17:00:00,23.0,19.0,18.0,20.0,23.6,24.62857142857143,Lower Manhattan,17,4,0,138,0,0,1
2023-05-19 18:00:00,11.0,23.0,9.0,15.0,23.933333333333334,24.65714285714286,Lower Manhattan,18,4,0,138,0,0,1
2023-05-19 19:00:00,0.0,11.0,0.0,0.0,24.066666666666666,24.61904761904762,Lower Manhattan,19,4,0,138,0,0,1
2023-05-19 20:00:00,0.0,0.0,0.0,0.0,24.066666666666666,24.61904761904762,Lower Manhattan,20,4,0,138,0,0,1
2023-05-20 06:00:00,0.0,,56.0,0.0,24.066666666666666,24.61904761904762,Lower Manhattan,6,5,1,139,0,0,1
2023-05-20 07:00:00,73.0,0.0,36.0,64.0,20.333333333333332,24.61904761904762,Lower Manhattan,7,5,1,139,0,0,1
2023-05-20 08:00:00,55.0,73.0,47.0,59.0,22.8,24.704761904761906,Lower Manhattan,8,5,1,139,0,0,1
2023-05-20 09:00:00,55.0,55.0,30.0,47.0,23.333333333333332,24.666666666666668,Lower Manhattan,9,5,1,139,0,0,1
2023-05-20 10:00:00,57.0,55.0,40.0,47.0,25.0,24.742857142857144,Lower Manhattan,10,5,1,139,0,0,1
2023-05-20 11:00:00,18.0,57.0,24.0,32.0,26.133333333333333,24.83809523809524,Lower Manhattan,11,5,1,139,0,0,1
2023-05-20 12:00:00,12.0,18.0,26.0,26.0,25.733333333333334,24.704761904761906,Lower Manhattan,12,5,1,139,0,0,1
2023-05-20 13:00:00,19.0,12.0,19.0,18.0,24.8,24.571428571428573,Lower Manhattan,13,5,1,139,0,0,1
2023-05-20 14:00:00,11.0,19.0,10.0,13.0,24.8,24.580952380952382,Lower Manhattan,14,5,1,139,0,0,1
2023-05-20 15:00:00,17.0,11.0,20.0,25.0,24.866666666666667,24.561904761904763,Lower Manhattan,15,5,1,139,0,0,1
2023-05-20 16:00:00,16.0,17.0,19.0,28.0,24.666666666666668,24.485714285714284,Lower Manhattan,16,5,1,139,0,0,1
2023-05-20 17:00:00,17.0,16.0,23.0,16.0,24.466666666666665,24.37142857142857,Lower Manhattan,17,5,1,139,0,0,1
2023-05-20 18:00:00,7.0,17.0,11.0,13.0,24.066666666666666,24.38095238095238,Lower Manhattan,18,5,1,139,0,0,1
2023-05-20 19:00:00,0.0,7.0,0.0,0.0,23.8,24.323809523809523,Lower Manhattan,19,5,1,139,0,0,1
2023-05-20 20:00:00,0.0,0.0,0.0,0.0,23.8,24.323809523809523,Lower Manhattan,20,5,1,139,0,0,1
2023-05-21 06:00:00,0.0,,0.0,0.0,23.8,24.323809523809523,Lower Manhattan,6,6,1,140,0,0,1
2023-05-21 07:00:00,55.0,0.0,73.0,45.0,23.8,24.323809523809523,Lower Manhattan,7,6,1,140,0,0,1
2023-05-21 08:00:00,43.0,55.0,55.0,59.0,22.6,24.419047619047618,Lower Manhattan,8,6,1,140,0,0,1
2023-05-21 09:00:00,59.0,43.0,55.0,63.0,21.8,24.266666666666666,Lower Manhattan,9,6,1,140,0,0,1
2023-05-21 10:00:00,37.0,59.0,57.0,65.0,22.066666666666666,24.228571428571428,Lower Manhattan,10,6,1,140,0,0,1
2023-05-21 11:00:00,16.0,37.0,18.0,13.0,20.733333333333334,23.961904761904762,Lower Manhattan,11,6,1,140,0,0,1
2023-05-21 12:00:00,16.0,16.0,12.0,17.0,20.6,23.99047619047619,Lower Manhattan,12,6,1,140,0,0,1
2023-05-21 13:00:00,18.0,16.0,19.0,22.0,20.866666666666667,23.98095238095238,Lower Manhattan,13,6,1,140,0,0,1
2023-05-21 14:00:00,28.0,18.0,11.0,16.0,20.8,23.942857142857143,Lower Manhattan,14,6,1,140,0,0,1
2023-05-21 15:00:00,17.0,28.0,17.0,17.0,21.933333333333334,24.057142857142857,Lower Manhattan,15,6,1,140,0,0,1
2023-05-21 16:00:00,12.0,17.0,16.0,16.0,21.933333333333334,24.057142857142857,Lower Manhattan,16,6,1,140,0,0,1
2023-05-21 17:00:00,10.0,12.0,17.0,15.0,21.666666666666668,24.01904761904762,Lower Manhattan,17,6,1,140,0,0,1
2023-05-21 18:00:00,11.0,10.0,7.0,6.0,21.2,23.97142857142857,Lower Manhattan,18,6,1,140,0,0,1
2023-05-21 19:00:00,0.0,11.0,0.0,0.0,21.466666666666665,24.01904761904762,Lower Manhattan,19,6,1,140,0,0,1
2023-05-21 20:00:00,0.0,0.0,0.0,0.0,21.466666666666665,24.01904761904762,Lower Manhattan,20,6,1,140,0,0,1
2023-05-22 06:00:00,52.0,,0.0,48.0,21.466666666666665,24.01904761904762,Lower Manhattan,6,0,0,141,0,0,1
2023-05-22 07:00:00,48.0,52.0,55.0,45.0,24.933333333333334,24.057142857142857,Lower Manhattan,7,0,0,141,0,0,1
2023-05-22 08:00:00,53.0,48.0,43.0,47.0,24.466666666666665,24.085714285714285,Lower Manhattan,8,0,0,141,0,0,1
2023-05-22 09:00:00,45.0,53.0,59.0,32.0,25.133333333333333,24.142857142857142,Lower Manhattan,9,0,0,141,0,0,1
2023-05-22 10:00:00,58.0,45.0,37.0,47.0,24.2,24.266666666666666,Lower Manhattan,10,0,0,141,0,0,1
2023-05-22 11:00:00,20.0,58.0,16.0,21.0,25.6,24.37142857142857,Lower Manhattan,11,0,0,141,0,0,1
2023-05-22 12:00:00,25.0,20.0,16.0,24.0,25.866666666666667,24.36190476190476,Lower Manhattan,12,0,0,141,0,0,1
2023-05-22 13:00:00,19.0,25.0,18.0,20.0,26.466666666666665,24.37142857142857,Lower Manhattan,13,0,0,141,0,0,1
2023-05-22 14:00:00,20.0,19.0,28.0,23.0,26.533333333333335,24.36190476190476,Lower Manhattan,14,0,0,141,0,0,1
2023-05-22 15:00:00,14.0,20.0,17.0,23.0,26.0,24.333333333333332,Lower Manhattan,15,0,0,141,0,0,1
2023-05-22 16:00:00,19.0,14.0,12.0,26.0,25.8,24.247619047619047,Lower Manhattan,16,0,0,141,0,0,1
2023-05-22 17:00:00,28.0,19.0,10.0,4.0,26.266666666666666,24.18095238095238,Lower Manhattan,17,0,0,141,0,0,1
2023-05-22 18:00:00,6.0,28.0,11.0,7.0,27.466666666666665,24.409523809523808,Lower Manhattan,18,0,0,141,0,0,1
2023-05-22 19:00:00,0.0,6.0,0.0,0.0,27.133333333333333,24.4,Lower Manhattan,19,0,0,141,0,0,1
2023-05-22 20:00:00,0.0,0.0,0.0,0.0,27.133333333333333,24.4,Lower Manhattan,20,0,0,141,0,0,1
2023-05-23 06:00:00,45.0,,52.0,27.0,27.133333333333333,24.4,Lower Manhattan,6,1,0,142,0,0,1
2023-05-23 07:00:00,42.0,45.0,48.0,35.0,26.666666666666668,24.571428571428573,Lower Manhattan,7,1,0,142,0,0,1
2023-05-23 08:00:00,35.0,42.0,53.0,46.0,26.266666666666666,24.63809523809524,Lower Manhattan,8,1,0,142,0,0,1
2023-05-23 09:00:00,43.0,35.0,45.0,57.0,25.066666666666666,24.533333333333335,Lower Manhattan,9,1,0,142,0,0,1
2023-05-23 10:00:00,49.0,43.0,58.0,41.0,24.933333333333334,24.4,Lower Manhattan,10,1,0,142,0,0,1
2023-05-23 11:00:00,16.0,49.0,20.0,22.0,24.333333333333332,24.476190476190474,Lower Manhattan,11,1,0,142,0,0,1
2023-05-23 12:00:00,8.0,16.0,25.0,20.0,24.066666666666666,24.419047619047618,Lower Manhattan,12,1,0,142,0,0,1
2023-05-23 13:00:00,14.0,8.0,19.0,21.0,22.933333333333334,24.304761904761904,Lower Manhattan,13,1,0,142,0,0,1
2023-05-23 14:00:00,18.0,14.0,20.0,17.0,22.6,24.238095238095237,Lower Manhattan,14,1,0,142,0,0,1
2023-05-23 15:00:00,12.0,18.0,14.0,34.0,22.466666666666665,24.247619047619047,Lower Manhattan,15,1,0,142,0,0,1
2023-05-23 16:00:00,11.0,12.0,19.0,30.0,22.333333333333332,24.038095238095238,Lower Manhattan,16,1,0,142,0,0,1
2023-05-23 17:00:00,19.0,11.0,28.0,12.0,21.8,23.857142857142858,Lower Manhattan,17,1,0,142,0,0,1
2023-05-23 18:00:00,10.0,19.0,6.0,8.0,21.2,23.923809523809524,Lower Manhattan,18,1,0,142,0,0,1
2023-05-23 19:00:00,0.0,10.0,0.0,0.0,21.466666666666665,23.942857142857143,Lower Manhattan,19,1,0,142,0,0,1
2023-05-23 20:00:00,0.0,0.0,0.0,0.0,21.466666666666665,23.942857142857143,Lower Manhattan,20,1,0,142,0,0,1
2023-05-24 06:00:00,35.0,,45.0,52.0,21.466666666666665,23.942857142857143,Lower Manhattan,6,2,0,143,0,0,1
2023-05-24 07:00:00,40.0,35.0,42.0,59.0,20.8,23.78095238095238,Lower Manhattan,7,2,0,143,0,0,1
2023-05-24 08:00:00,51.0,40.0,35.0,40.0,20.666666666666668,23.6,Lower Manhattan,8,2,0,143,0,0,1
2023-05-24 09:00:00,34.0,51.0,43.0,39.0,21.733333333333334,23.704761904761906,Lower Manhattan,9,2,0,143,0,0,1
2023-05-24 10:00:00,49.0,34.0,49.0,39.0,21.133333333333333,23.65714285714286,Lower Manhattan,10,2,0,143,0,0,1
2023-05-24 11:00:00,23.0,49.0,16.0,19.0,21.133333333333333,23.752380952380953,Lower Manhattan,11,2,0,143,0,0,1
2023-05-24 12:00:00,10.0,23.0,8.0,19.0,21.6,23.79047619047619,Lower Manhattan,12,2,0,143,0,0,1
2023-05-24 13:00:00,23.0,10.0,14.0,19.0,21.733333333333334,23.704761904761906,Lower Manhattan,13,2,0,143,0,0,1
2023-05-24 14:00:00,34.0,23.0,18.0,17.0,22.333333333333332,23.742857142857144,Lower Manhattan,14,2,0,143,0,0,1
2023-05-24 15:00:00,24.0,34.0,12.0,16.0,23.4,23.904761904761905,Lower Manhattan,15,2,0,143,0,0,1
2023-05-24 16:00:00,21.0,24.0,11.0,21.0,24.2,23.98095238095238,Lower Manhattan,16,2,0,143,0,0,1
2023-05-24 17:00:00,12.0,21.0,19.0,20.0,24.866666666666667,23.98095238095238,Lower Manhattan,17,2,0,143,0,0,1
2023-05-24 18:00:00,12.0,12.0,10.0,9.0,24.4,23.904761904761905,Lower Manhattan,18,2,0,143,0,0,1
2023-05-24 19:00:00,0.0,12.0,0.0,0.0,24.533333333333335,23.933333333333334,Lower Manhattan,19,2,0,143,0,0,1
2023-05-24 20:00:00,0.0,0.0,0.0,0.0,24.533333333333335,23.933333333333334,Lower Manhattan,20,2,0,143,0,0,1
2023-05-25 06:00:00,48.0,,35.0,43.0,24.533333333333335,23.933333333333334,Lower Manhattan,6,3,0,144,0,0,1
2023-05-25 07:00:00,43.0,48.0,40.0,40.0,25.4,23.98095238095238,Lower Manhattan,7,3,0,144,0,0,1
2023-05-25 08:00:00,47.0,43.0,51.0,34.0,25.6,24.00952380952381,Lower Manhattan,8,3,0,144,0,0,1
2023-05-25 09:00:00,50.0,47.0,34.0,25.0,25.333333333333332,24.133333333333333,Lower Manhattan,9,3,0,144,0,0,1
2023-05-25 10:00:00,46.0,50.0,49.0,50.0,26.4,24.37142857142857,Lower Manhattan,10,3,0,144,0,0,1
2023-05-25 11:00:00,10.0,46.0,23.0,23.0,26.2,24.333333333333332,Lower Manhattan,11,3,0,144,0,0,1
2023-05-25 12:00:00,18.0,10.0,10.0,23.0,25.333333333333332,24.20952380952381,Lower Manhattan,12,3,0,144,0,0,1
2023-05-25 13:00:00,19.0,18.0,23.0,22.0,25.866666666666667,24.16190476190476,Lower Manhattan,13,3,0,144,0,0,1
2023-05-25 14:00:00,8.0,19.0,34.0,23.0,25.6,24.133333333333333,Lower Manhattan,14,3,0,144,0,0,1
2023-05-25 15:00:00,17.0,8.0,24.0,27.0,23.866666666666667,23.99047619047619,Lower Manhattan,15,3,0,144,0,0,1
2023-05-25 16:00:00,25.0,17.0,21.0,39.0,23.4,23.895238095238096,Lower Manhattan,16,3,0,144,0,0,1
2023-05-25 17:00:00,20.0,25.0,12.0,18.0,23.666666666666668,23.761904761904763,Lower Manhattan,17,3,0,144,0,0,1
2023-05-25 18:00:00,2.0,20.0,12.0,9.0,24.2,23.78095238095238,Lower Manhattan,18,3,0,144,0,0,1
2023-05-25 19:00:00,0.0,2.0,0.0,0.0,23.533333333333335,23.714285714285715,Lower Manhattan,19,3,0,144,0,0,1
2023-05-25 20:00:00,0.0,0.0,0.0,0.0,23.533333333333335,23.714285714285715,Lower Manhattan,20,3,0,144,0,0,1
2023-05-26 06:00:00,52.0,,48.0,56.0,23.533333333333335,23.714285714285715,Lower Manhattan,6,4,0,145,0,0,1
2023-05-26 07:00:00,35.0,52.0,43.0,36.0,23.8,23.676190476190477,Lower Manhattan,7,4,0,145,0,0,1
2023-05-26 08:00:00,38.0,35.0,47.0,47.0,23.266666666666666,23.666666666666668,Lower Manhattan,8,4,0,145,0,0,1
2023-05-26 09:00:00,53.0,38.0,50.0,30.0,22.666666666666668,23.580952380952382,Lower Manhattan,9,4,0,145,0,0,1
2023-05-26 10:00:00,40.0,53.0,46.0,40.0,22.866666666666667,23.8,Lower Manhattan,10,4,0,145,0,0,1
2023-05-26 11:00:00,13.0,40.0,10.0,24.0,22.466666666666665,23.8,Lower Manhattan,11,4,0,145,0,0,1
2023-05-26 12:00:00,20.0,13.0,18.0,26.0,22.666666666666668,23.695238095238096,Lower Manhattan,12,4,0,145,0,0,1
2023-05-26 13:00:00,17.0,20.0,19.0,19.0,22.8,23.63809523809524,Lower Manhattan,13,4,0,145,0,0,1
2023-05-26 14:00:00,18.0,17.0,8.0,10.0,22.666666666666668,23.61904761904762,Lower Manhattan,14,4,0,145,0,0,1
2023-05-26 15:00:00,18.0,18.0,17.0,20.0,23.333333333333332,23.695238095238096,Lower Manhattan,15,4,0,145,0,0,1
2023-05-26 16:00:00,11.0,18.0,25.0,19.0,23.4,23.676190476190477,Lower Manhattan,16,4,0,145,0,0,1
2023-05-26 17:00:00,16.0,11.0,20.0,23.0,22.466666666666665,23.6,Lower Manhattan,17,4,0,145,0,0,1
2023-05-26 18:00:00,12.0,16.0,2.0,11.0,22.2,23.533333333333335,Lower Manhattan,18,4,0,145,0,0,1
2023-05-26 19:00:00,0.0,12.0,0.0,0.0,22.866666666666667,23.542857142857144,Lower Manhattan,19,4,0,145,0,0,1
2023-05-26 20:00:00,0.0,0.0,0.0,0.0,22.866666666666667,23.542857142857144,Lower Manhattan,20,4,0,145,0,0,1
2023-05-27 06:00:00,0.0,,52.0,0.0,22.866666666666667,23.542857142857144,Lower Manhattan,6,5,1,146,0,0,1
2023-05-27 07:00:00,64.0,0.0,35.0,73.0,19.4,23.542857142857144,Lower Manhattan,7,5,1,146,0,0,1
2023-05-27 08:00:00,43.0,64.0,38.0,55.0,21.333333333333332,23.457142857142856,Lower Manhattan,8,5,1,146,0,0,1
2023-05-27 09:00:00,60.0,43.0,53.0,55.0,21.666666666666668,23.34285714285714,Lower Manhattan,9,5,1,146,0,0,1
2023-05-27 10:00:00,74.0,60.0,40.0,57.0,22.133333333333333,23.39047619047619,Lower Manhattan,10,5,1,146,0,0,1
2023-05-27 11:00:00,10.0,74.0,13.0,18.0,24.4,23.552380952380954,Lower Manhattan,11,5,1,146,0,0,1
2023-05-27 12:00:00,18.0,10.0,20.0,12.0,24.2,23.476190476190474,Lower Manhattan,12,5,1,146,0,0,1
2023-05-27 13:00:00,18.0,18.0,17.0,19.0,24.066666666666666,23.533333333333335,Lower Manhattan,13,5,1,146,0,0,1
2023-05-27 14:00:00,22.0,18.0,18.0,11.0,24.133333333333333,23.523809523809526,Lower Manhattan,14,5,1,146,0,0,1
2023-05-27 15:00:00,31.0,22.0,18.0,17.0,24.4,23.62857142857143,Lower Manhattan,15,5,1,146,0,0,1
2023-05-27 16:00:00,26.0,31.0,11.0,16.0,25.266666666666666,23.761904761904763,Lower Manhattan,16,5,1,146,0,0,1
2023-05-27 17:00:00,31.0,26.0,16.0,17.0,26.266666666666666,23.857142857142858,Lower Manhattan,17,5,1,146,0,0,1
2023-05-27 18:00:00,6.0,31.0,12.0,7.0,27.266666666666666,23.99047619047619,Lower Manhattan,18,5,1,146,0,0,1
2023-05-27 19:00:00,0.0,6.0,0.0,0.0,26.866666666666667,23.98095238095238,Lower Manhattan,19,5,1,146,0,0,1
2023-05-27 20:00:00,0.0,0.0,0.0,0.0,26.866666666666667,23.98095238095238,Lower Manhattan,20,5,1,146,0,0,1
2023-05-28 06:00:00,0.0,,0.0,0.0,26.866666666666667,23.98095238095238,Lower Manhattan,6,6,1,147,0,0,1
2023-05-28 07:00:00,30.0,0.0,64.0,55.0,26.866666666666667,23.98095238095238,Lower Manhattan,7,6,1,147,0,0,1
2023-05-28 08:00:00,29.0,30.0,43.0,43.0,24.6,23.742857142857144,Lower Manhattan,8,6,1,147,0,0,1
2023-05-28 09:00:00,27.0,29.0,60.0,59.0,23.666666666666668,23.60952380952381,Lower Manhattan,9,6,1,147,0,0,1
2023-05-28 10:00:00,25.0,27.0,74.0,37.0,21.466666666666665,23.304761904761904,Lower Manhattan,10,6,1,147,0,0,1
2023-05-28 11:00:00,27.0,25.0,10.0,16.0,18.2,23.19047619047619,Lower Manhattan,11,6,1,147,0,0,1
2023-05-28 12:00:00,17.0,27.0,18.0,16.0,19.333333333333332,23.295238095238094,Lower Manhattan,12,6,1,147,0,0,1
2023-05-28 13:00:00,31.0,17.0,18.0,18.0,19.266666666666666,23.304761904761904,Lower Manhattan,13,6,1,147,0,0,1
2023-05-28 14:00:00,29.0,31.0,22.0,28.0,20.133333333333333,23.428571428571427,Lower Manhattan,14,6,1,147,0,0,1
2023-05-28 15:00:00,34.0,29.0,31.0,17.0,20.6,23.438095238095237,Lower Manhattan,15,6,1,147,0,0,1
2023-05-28 16:00:00,39.0,34.0,26.0,12.0,20.8,23.6,Lower Manhattan,16,6,1,147,0,0,1
2023-05-28 17:00:00,29.0,39.0,31.0,10.0,21.666666666666668,23.857142857142858,Lower Manhattan,17,6,1,147,0,0,1
2023-05-28 18:00:00,11.0,29.0,6.0,11.0,21.533333333333335,24.038095238095238,Lower Manhattan,18,6,1,147,0,0,1
2023-05-28 19:00:00,0.0,11.0,0.0,0.0,21.866666666666667,24.038095238095238,Lower Manhattan,19,6,1,147,0,0,1
2023-05-28 20:00:00,0.0,0.0,0.0,0.0,21.866666666666667,24.038095238095238,Lower Manhattan,20,6,1,147,0,0,1
2023-05-29 06:00:00,0.0,,0.0,52.0,21.866666666666667,24.038095238095238,Lower Manhattan,6,0,0,148,0,0,1
2023-05-29 07:00:00,18.0,0.0,30.0,48.0,21.866666666666667,23.542857142857144,Lower Manhattan,7,0,0,148,0,0,1
2023-05-29 08:00:00,24.0,18.0,29.0,53.0,21.066666666666666,23.257142857142856,Lower Manhattan,8,0,0,148,0,0,1
2023-05-29 09:00:00,25.0,24.0,27.0,45.0,20.733333333333334,22.98095238095238,Lower Manhattan,9,0,0,148,0,0,1
2023-05-29 10:00:00,26.0,25.0,25.0,58.0,20.6,22.79047619047619,Lower Manhattan,10,0,0,148,0,0,1
2023-05-29 11:00:00,13.0,26.0,27.0,20.0,20.666666666666668,22.485714285714284,Lower Manhattan,11,0,0,148,0,0,1
2023-05-29 12:00:00,18.0,13.0,17.0,25.0,19.733333333333334,22.419047619047618,Lower Manhattan,12,0,0,148,0,0,1
2023-05-29 13:00:00,35.0,18.0,31.0,19.0,19.8,22.35238095238095,Lower Manhattan,13,0,0,148,0,0,1
2023-05-29 14:00:00,27.0,35.0,29.0,20.0,20.066666666666666,22.504761904761907,Lower Manhattan,14,0,0,148,0,0,1
2023-05-29 15:00:00,24.0,27.0,34.0,14.0,19.933333333333334,22.571428571428573,Lower Manhattan,15,0,0,148,0,0,1
2023-05-29 16:00:00,32.0,24.0,39.0,19.0,19.266666666666666,22.666666666666668,Lower Manhattan,16,0,0,148,0,0,1
2023-05-29 17:00:00,34.0,32.0,29.0,28.0,18.8,22.79047619047619,Lower Manhattan,17,0,0,148,0,0,1
2023-05-29 18:00:00,10.0,34.0,11.0,6.0,19.133333333333333,22.847619047619048,Lower Manhattan,18,0,0,148,0,0,1
2023-05-29 19:00:00,0.0,10.0,0.0,0.0,19.066666666666666,22.885714285714286,Lower Manhattan,19,0,0,148,0,0,1
2023-05-29 20:00:00,0.0,0.0,0.0,0.0,19.066666666666666,22.885714285714286,Lower Manhattan,20,0,0,148,0,0,1
2023-05-30 06:00:00,33.0,,0.0,45.0,19.066666666666666,22.885714285714286,Lower Manhattan,6,1,0,149,0,0,1
2023-05-30 07:00:00,49.0,33.0,18.0,42.0,21.266666666666666,22.771428571428572,Lower Manhattan,7,1,0,149,0,0,1
2023-05-30 08:00:00,51.0,49.0,24.0,35.0,23.333333333333332,22.83809523809524,Lower Manhattan,8,1,0,149,0,0,1
2023-05-30 09:00:00,52.0,51.0,25.0,43.0,25.133333333333333,22.99047619047619,Lower Manhattan,9,1,0,149,0,0,1
2023-05-30 10:00:00,32.0,52.0,26.0,49.0,26.933333333333334,23.076190476190476,Lower Manhattan,10,1,0,149,0,0,1
2023-05-30 11:00:00,7.0,32.0,13.0,16.0,27.333333333333332,22.914285714285715,Lower Manhattan,11,1,0,149,0,0,1
2023-05-30 12:00:00,15.0,7.0,18.0,8.0,26.933333333333334,22.82857142857143,Lower Manhattan,12,1,0,149,0,0,1
2023-05-30 13:00:00,20.0,15.0,35.0,14.0,26.733333333333334,22.895238095238096,Lower Manhattan,13,1,0,149,0,0,1
2023-05-30 14:00:00,24.0,20.0,27.0,18.0,25.733333333333334,22.952380952380953,Lower Manhattan,14,1,0,149,0,0,1
2023-05-30 15:00:00,13.0,24.0,24.0,12.0,25.533333333333335,23.00952380952381,Lower Manhattan,15,1,0,149,0,0,1
2023-05-30 16:00:00,19.0,13.0,32.0,11.0,24.8,23.01904761904762,Lower Manhattan,16,1,0,149,0,0,1
2023-05-30 17:00:00,9.0,19.0,34.0,19.0,23.933333333333334,23.095238095238095,Lower Manhattan,17,1,0,149,0,0,1
2023-05-30 18:00:00,6.0,9.0,10.0,10.0,22.266666666666666,23.0,Lower Manhattan,18,1,0,149,0,0,1
2023-05-30 19:00:00,3.0,6.0,0.0,0.0,22.0,22.961904761904762,Lower Manhattan,19,1,0,149,0,0,1
2023-05-30 20:00:00,0.0,3.0,0.0,0.0,22.2,22.99047619047619,Lower Manhattan,20,1,0,149,0,0,1
2023-05-31 06:00:00,22.0,,33.0,35.0,22.2,22.99047619047619,Lower Manhattan,6,2,0,150,0,0,1
2023-05-31 07:00:00,45.0,22.0,49.0,40.0,21.466666666666665,22.866666666666667,Lower Manhattan,7,2,0,150,0,0,1
2023-05-31 08:00:00,47.0,45.0,51.0,51.0,21.2,22.914285714285715,Lower Manhattan,8,2,0,150,0,0,1
2023-05-31 09:00:00,41.0,47.0,52.0,34.0,20.933333333333334,22.876190476190477,Lower Manhattan,9,2,0,150,0,0,1
2023-05-31 10:00:00,54.0,41.0,32.0,49.0,20.2,22.942857142857143,Lower Manhattan,10,2,0,150,0,0,1
2023-05-31 11:00:00,15.0,54.0,7.0,23.0,21.666666666666668,22.99047619047619,Lower Manhattan,11,2,0,150,0,0,1
2023-05-31 12:00:00,17.0,15.0,15.0,10.0,22.2,22.914285714285715,Lower Manhattan,12,2,0,150,0,0,1
2023-05-31 13:00:00,13.0,17.0,20.0,23.0,22.333333333333332,22.98095238095238,Lower Manhattan,13,2,0,150,0,0,1
2023-05-31 14:00:00,18.0,13.0,24.0,34.0,21.866666666666667,22.885714285714286,Lower Manhattan,14,2,0,150,0,0,1
2023-05-31 15:00:00,9.0,18.0,13.0,24.0,21.466666666666665,22.733333333333334,Lower Manhattan,15,2,0,150,0,0,1
2023-05-31 16:00:00,13.0,9.0,19.0,21.0,21.2,22.590476190476192,Lower Manhattan,16,2,0,150,0,0,1
2023-05-31 17:00:00,12.0,13.0,9.0,12.0,20.8,22.514285714285716,Lower Manhattan,17,2,0,150,0,0,1
2023-05-31 18:00:00,11.0,12.0,6.0,12.0,21.0,22.514285714285716,Lower Manhattan,18,2,0,150,0,0,1
2023-05-31 19:00:00,1.0,11.0,3.0,0.0,21.333333333333332,22.504761904761907,Lower Manhattan,19,2,0,150,0,0,1
2023-05-31 20:00:00,2.0,1.0,0.0,0.0,21.2,22.514285714285716,Lower Manhattan,20,2,0,150,0,0,1
2023-06-01 06:00:00,0.0,,22.0,48.0,21.333333333333332,22.533333333333335,Lower Manhattan,6,3,0,151,0,0,1
2023-06-01 07:00:00,40.0,0.0,45.0,43.0,19.866666666666667,22.076190476190476,Lower Manhattan,7,3,0,151,0,0,1
2023-06-01 08:00:00,28.0,40.0,47.0,47.0,19.533333333333335,22.047619047619047,Lower Manhattan,8,3,0,151,0,0,1
2023-06-01 09:00:00,42.0,28.0,41.0,50.0,18.266666666666666,21.866666666666667,Lower Manhattan,9,3,0,151,0,0,1
2023-06-01 10:00:00,28.0,42.0,54.0,46.0,18.333333333333332,21.79047619047619,Lower Manhattan,10,3,0,151,0,0,1
2023-06-01 11:00:00,32.0,28.0,15.0,10.0,16.6,21.61904761904762,Lower Manhattan,11,3,0,151,0,0,1
2023-06-01 12:00:00,24.0,32.0,17.0,18.0,17.733333333333334,21.82857142857143,Lower Manhattan,12,3,0,151,0,0,1
2023-06-01 13:00:00,32.0,24.0,13.0,19.0,18.2,21.885714285714286,Lower Manhattan,13,3,0,151,0,0,1
2023-06-01 14:00:00,30.0,32.0,18.0,8.0,19.466666666666665,22.00952380952381,Lower Manhattan,14,3,0,151,0,0,1
2023-06-01 15:00:00,37.0,30.0,9.0,17.0,20.266666666666666,22.21904761904762,Lower Manhattan,15,3,0,151,0,0,1
2023-06-01 16:00:00,20.0,37.0,13.0,25.0,22.133333333333333,22.409523809523808,Lower Manhattan,16,3,0,151,0,0,1
2023-06-01 17:00:00,23.0,20.0,12.0,20.0,22.6,22.36190476190476,Lower Manhattan,17,3,0,151,0,0,1
2023-06-01 18:00:00,14.0,23.0,11.0,2.0,23.333333333333332,22.39047619047619,Lower Manhattan,18,3,0,151,0,0,1
2023-06-01 19:00:00,0.0,14.0,1.0,0.0,23.533333333333335,22.504761904761907,Lower Manhattan,19,3,0,151,0,0,1
2023-06-01 20:00:00,0.0,0.0,2.0,0.0,23.466666666666665,22.504761904761907,Lower Manhattan,20,3,0,151,0,0,1
2023-06-02 06:00:00,0.0,,0.0,52.0,23.333333333333332,22.504761904761907,Lower Manhattan,6,4,0,152,0,0,1
2023-06-02 07:00:00,32.0,0.0,40.0,35.0,23.333333333333332,22.00952380952381,Lower Manhattan,7,4,0,152,0,0,1
2023-06-02 08:00:00,35.0,32.0,28.0,38.0,22.8,21.98095238095238,Lower Manhattan,8,4,0,152,0,0,1
2023-06-02 09:00:00,27.0,35.0,42.0,53.0,23.266666666666666,21.952380952380953,Lower Manhattan,9,4,0,152,0,0,1
2023-06-02 10:00:00,26.0,27.0,28.0,40.0,22.266666666666666,21.704761904761906,Lower Manhattan,10,4,0,152,0,0,1
2023-06-02 11:00:00,23.0,26.0,32.0,13.0,22.133333333333333,21.571428571428573,Lower Manhattan,11,4,0,152,0,0,1
2023-06-02 12:00:00,36.0,23.0,24.0,20.0,21.533333333333335,21.666666666666668,Lower Manhattan,12,4,0,152,0,0,1
2023-06-02 13:00:00,22.0,36.0,32.0,17.0,22.333333333333332,21.81904761904762,Lower Manhattan,13,4,0,152,0,0,1
2023-06-02 14:00:00,34.0,22.0,30.0,18.0,21.666666666666668,21.866666666666667,Lower Manhattan,14,4,0,152,0,0,1
2023-06-02 15:00:00,29.0,34.0,37.0,18.0,21.933333333333334,22.01904761904762,Lower Manhattan,15,4,0,152,0,0,1
2023-06-02 16:00:00,29.0,29.0,20.0,11.0,21.4,22.123809523809523,Lower Manhattan,16,4,0,152,0,0,1
2023-06-02 17:00:00,26.0,29.0,23.0,16.0,22.0,22.295238095238094,Lower Manhattan,17,4,0,152,0,0,1
2023-06-02 18:00:00,11.0,26.0,14.0,12.0,22.2,22.39047619047619,Lower Manhattan,18,4,0,152,0,0,1
2023-06-02 19:00:00,0.0,11.0,0.0,0.0,22.0,22.38095238095238,Lower Manhattan,19,4,0,152,0,0,1
2023-06-02 20:00:00,0.0,0.0,0.0,0.0,22.0,22.38095238095238,Lower Manhattan,20,4,0,152,0,0,1
2023-06-03 06:00:00,0.0,,0.0,0.0,22.0,22.38095238095238,Lower Manhattan,6,5,1,153,0,0,1
2023-06-03 07:00:00,35.0,0.0,32.0,64.0,22.0,22.38095238095238,Lower Manhattan,7,5,1,153,0,0,1
2023-06-03 08:00:00,31.0,35.0,35.0,43.0,22.2,22.104761904761904,Lower Manhattan,8,5,1,153,0,0,1
2023-06-03 09:00:00,30.0,31.0,27.0,60.0,21.933333333333334,21.99047619047619,Lower Manhattan,9,5,1,153,0,0,1
2023-06-03 10:00:00,32.0,30.0,26.0,74.0,22.133333333333333,21.704761904761906,Lower Manhattan,10,5,1,153,0,0,1
2023-06-03 11:00:00,37.0,32.0,23.0,10.0,22.533333333333335,21.304761904761904,Lower Manhattan,11,5,1,153,0,0,1
2023-06-03 12:00:00,42.0,37.0,36.0,18.0,23.466666666666665,21.561904761904763,Lower Manhattan,12,5,1,153,0,0,1
2023-06-03 13:00:00,27.0,42.0,22.0,18.0,23.866666666666667,21.79047619047619,Lower Manhattan,13,5,1,153,0,0,1
2023-06-03 14:00:00,27.0,27.0,34.0,22.0,24.2,21.876190476190477,Lower Manhattan,14,5,1,153,0,0,1
2023-06-03 15:00:00,34.0,27.0,29.0,31.0,23.733333333333334,21.923809523809524,Lower Manhattan,15,5,1,153,0,0,1
2023-06-03 16:00:00,27.0,34.0,29.0,26.0,24.066666666666666,21.952380952380953,Lower Manhattan,16,5,1,153,0,0,1
2023-06-03 17:00:00,28.0,27.0,26.0,31.0,23.933333333333334,21.961904761904762,Lower Manhattan,17,5,1,153,0,0,1
2023-06-03 18:00:00,11.0,28.0,11.0,6.0,24.066666666666666,21.933333333333334,Lower Manhattan,18,5,1,153,0,0,1
2023-06-03 19:00:00,0.0,11.0,0.0,0.0,24.066666666666666,21.98095238095238,Lower Manhattan,19,5,1,153,0,0,1
2023-06-03 20:00:00,0.0,0.0,0.0,0.0,24.066666666666666,21.98095238095238,Lower Manhattan,20,5,1,153,0,0,1
2023-06-04 06:00:00,0.0,,0.0,0.0,24.066666666666666,21.98095238095238,Lower Manhattan,6,6,1,154,0,0,1
2023-06-04 07:00:00,25.0,0.0,35.0,30.0,24.066666666666666,21.98095238095238,Lower Manhattan,7,6,1,154,0,0,1
2023-06-04 08:00:00,25.0,25.0,31.0,29.0,23.4,21.933333333333334,Lower Manhattan,8,6,1,154,0,0,1
2023-06-04 09:00:00,35.0,25.0,30.0,27.0,23.0,21.895238095238096,Lower Manhattan,9,6,1,154,0,0,1
2023-06-04 10:00:00,29.0,35.0,32.0,25.0,23.333333333333332,21.97142857142857,Lower Manhattan,10,6,1,154,0,0,1
2023-06-04 11:00:00,30.0,29.0,37.0,27.0,23.133333333333333,22.00952380952381,Lower Manhattan,11,6,1,154,0,0,1
2023-06-04 12:00:00,29.0,30.0,42.0,17.0,22.666666666666668,22.038095238095238,Lower Manhattan,12,6,1,154,0,0,1
2023-06-04 13:00:00,21.0,29.0,27.0,31.0,21.8,22.152380952380952,Lower Manhattan,13,6,1,154,0,0,1
2023-06-04 14:00:00,30.0,21.0,27.0,29.0,21.4,22.057142857142857,Lower Manhattan,14,6,1,154,0,0,1
2023-06-04 15:00:00,47.0,30.0,34.0,34.0,21.6,22.066666666666666,Lower Manhattan,15,6,1,154,0,0,1
2023-06-04 16:00:00,20.0,47.0,27.0,39.0,22.466666666666665,22.19047619047619,Lower Manhattan,16,6,1,154,0,0,1
2023-06-04 17:00:00,39.0,20.0,28.0,29.0,22.0,22.00952380952381,Lower Manhattan,17,6,1,154,0,0,1
2023-06-04 18:00:00,21.0,39.0,11.0,11.0,22.733333333333334,22.104761904761904,Lower Manhattan,18,6,1,154,0,0,1
2023-06-04 19:00:00,0.0,21.0,0.0,0.0,23.4,22.2,Lower Manhattan,19,6,1,154,0,0,1
2023-06-04 20:00:00,0.0,0.0,0.0,0.0,23.4,22.2,Lower Manhattan,20,6,1,154,0,0,1
2023-06-05 06:00:00,0.0,,0.0,0.0,23.4,22.2,Lower Manhattan,6,0,0,155,0,0,1
2023-06-05 07:00:00,25.0,0.0,25.0,18.0,23.4,22.2,Lower Manhattan,7,0,0,155,0,0,1
2023-06-05 08:00:00,37.0,25.0,25.0,24.0,23.4,22.266666666666666,Lower Manhattan,8,0,0,155,0,0,1
2023-06-05 09:00:00,29.0,37.0,35.0,25.0,24.2,22.39047619047619,Lower Manhattan,9,0,0,155,0,0,1
2023-06-05 10:00:00,35.0,29.0,29.0,26.0,23.8,22.428571428571427,Lower Manhattan,10,0,0,155,0,0,1
2023-06-05 11:00:00,35.0,35.0,30.0,13.0,24.2,22.514285714285716,Lower Manhattan,11,0,0,155,0,0,1
2023-06-05 12:00:00,32.0,35.0,29.0,18.0,24.533333333333335,22.723809523809525,Lower Manhattan,12,0,0,155,0,0,1
2023-06-05 13:00:00,22.0,32.0,21.0,35.0,24.733333333333334,22.857142857142858,Lower Manhattan,13,0,0,155,0,0,1
2023-06-05 14:00:00,39.0,22.0,30.0,27.0,24.8,22.733333333333334,Lower Manhattan,14,0,0,155,0,0,1
2023-06-05 15:00:00,34.0,39.0,47.0,24.0,25.4,22.847619047619048,Lower Manhattan,15,0,0,155,0,0,1
2023-06-05 16:00:00,19.0,34.0,20.0,32.0,24.533333333333335,22.942857142857143,Lower Manhattan,16,0,0,155,0,0,1
2023-06-05 17:00:00,28.0,19.0,39.0,34.0,24.466666666666665,22.81904761904762,Lower Manhattan,17,0,0,155,0,0,1
2023-06-05 18:00:00,13.0,28.0,21.0,10.0,23.733333333333334,22.761904761904763,Lower Manhattan,18,0,0,155,0,0,1
2023-06-05 19:00:00,0.0,13.0,0.0,0.0,23.2,22.79047619047619,Lower Manhattan,19,0,0,155,0,0,1
2023-06-05 20:00:00,0.0,0.0,0.0,0.0,23.2,22.79047619047619,Lower Manhattan,20,0,0,155,0,0,1
2023-06-06 06:00:00,0.0,,0.0,33.0,23.2,22.79047619047619,Lower Manhattan,6,1,0,156,0,0,1
2023-06-06 07:00:00,43.0,0.0,25.0,49.0,23.2,22.476190476190474,Lower Manhattan,7,1,0,156,0,0,1
2023-06-06 08:00:00,29.0,43.0,37.0,51.0,24.4,22.419047619047618,Lower Manhattan,8,1,0,156,0,0,1
2023-06-06 09:00:00,30.0,29.0,29.0,52.0,23.866666666666667,22.20952380952381,Lower Manhattan,9,1,0,156,0,0,1
2023-06-06 10:00:00,36.0,30.0,35.0,32.0,23.933333333333334,22.0,Lower Manhattan,10,1,0,156,0,0,1
2023-06-06 11:00:00,28.0,36.0,35.0,7.0,24.0,22.038095238095238,Lower Manhattan,11,1,0,156,0,0,1
2023-06-06 12:00:00,30.0,28.0,32.0,15.0,23.533333333333335,22.238095238095237,Lower Manhattan,12,1,0,156,0,0,1
2023-06-06 13:00:00,30.0,30.0,22.0,20.0,23.4,22.38095238095238,Lower Manhattan,13,1,0,156,0,0,1
2023-06-06 14:00:00,30.0,30.0,39.0,24.0,23.933333333333334,22.476190476190474,Lower Manhattan,14,1,0,156,0,0,1
2023-06-06 15:00:00,37.0,30.0,34.0,13.0,23.333333333333332,22.533333333333335,Lower Manhattan,15,1,0,156,0,0,1
2023-06-06 16:00:00,28.0,37.0,19.0,19.0,23.533333333333335,22.761904761904763,Lower Manhattan,16,1,0,156,0,0,1
2023-06-06 17:00:00,32.0,28.0,28.0,9.0,24.133333333333333,22.847619047619048,Lower Manhattan,17,1,0,156,0,0,1
2023-06-06 18:00:00,13.0,32.0,13.0,6.0,24.4,23.066666666666666,Lower Manhattan,18,1,0,156,0,0,1
2023-06-06 19:00:00,0.0,13.0,0.0,3.0,24.4,23.133333333333333,Lower Manhattan,19,1,0,156,0,0,1
2023-06-06 20:00:00,0.0,0.0,0.0,0.0,24.4,23.104761904761904,Lower Manhattan,20,1,0,156,0,0,1
2023-06-07 06:00:00,6.0,,0.0,22.0,24.4,23.104761904761904,Lower Manhattan,6,2,0,157,0,0,1
2023-06-07 07:00:00,56.0,6.0,43.0,45.0,24.8,22.952380952380953,Lower Manhattan,7,2,0,157,0,0,1
2023-06-07 08:00:00,60.0,56.0,29.0,47.0,25.666666666666668,23.057142857142857,Lower Manhattan,8,2,0,157,0,0,1
2023-06-07 09:00:00,45.0,60.0,30.0,41.0,27.733333333333334,23.18095238095238,Lower Manhattan,9,2,0,157,0,0,1
2023-06-07 10:00:00,77.0,45.0,36.0,54.0,28.733333333333334,23.21904761904762,Lower Manhattan,10,2,0,157,0,0,1
2023-06-07 11:00:00,15.0,77.0,28.0,15.0,31.466666666666665,23.438095238095237,Lower Manhattan,11,2,0,157,0,0,1
2023-06-07 12:00:00,16.0,15.0,30.0,17.0,30.6,23.438095238095237,Lower Manhattan,12,2,0,157,0,0,1
2023-06-07 13:00:00,0.0,16.0,30.0,13.0,29.666666666666668,23.428571428571427,Lower Manhattan,13,2,0,157,0,0,1
2023-06-07 14:00:00,0.0,0.0,30.0,18.0,27.666666666666668,23.304761904761904,Lower Manhattan,14,2,0,157,0,0,1
2023-06-07 15:00:00,0.0,0.0,37.0,9.0,25.666666666666668,23.133333333333333,Lower Manhattan,15,2,0,157,0,0,1
2023-06-07 16:00:00,0.0,0.0,28.0,13.0,23.2,23.047619047619047,Lower Manhattan,16,2,0,157,0,0,1
2023-06-07 17:00:00,0.0,0.0,32.0,12.0,21.333333333333332,22.923809523809524,Lower Manhattan,17,2,0,157,0,0,1
2023-06-07 18:00:00,0.0,0.0,13.0,11.0,19.2,22.80952380952381,Lower Manhattan,18,2,0,157,0,0,1
2023-06-07 19:00:00,0.0,0.0,0.0,1.0,18.333333333333332,22.704761904761906,Lower Manhattan,19,2,0,157,0,0,1
2023-06-07 20:00:00,0.0,0.0,0.0,2.0,18.333333333333332,22.695238095238096,Lower Manhattan,20,2,0,157,0,0,1
2023-06-08 06:00:00,0.0,,6.0,0.0,18.333333333333332,22.676190476190477,Lower Manhattan,6,3,0,158,0,0,1
2023-06-08 07:00:00,38.0,0.0,56.0,40.0,17.933333333333334,22.676190476190477,Lower Manhattan,7,3,0,158,0,0,1
2023-06-08 08:00:00,75.0,38.0,60.0,28.0,16.733333333333334,22.65714285714286,Lower Manhattan,8,3,0,158,0,0,1
2023-06-08 09:00:00,57.0,75.0,45.0,42.0,17.733333333333334,23.104761904761904,Lower Manhattan,9,3,0,158,0,0,1
2023-06-08 10:00:00,81.0,57.0,77.0,28.0,18.533333333333335,23.247619047619047,Lower Manhattan,10,3,0,158,0,0,1
2023-06-08 11:00:00,22.0,81.0,15.0,32.0,18.8,23.752380952380953,Lower Manhattan,11,3,0,158,0,0,1
2023-06-08 12:00:00,19.0,22.0,16.0,24.0,19.266666666666666,23.65714285714286,Lower Manhattan,12,3,0,158,0,0,1
2023-06-08 13:00:00,17.0,19.0,0.0,32.0,19.466666666666665,23.60952380952381,Lower Manhattan,13,3,0,158,0,0,1
2023-06-08 14:00:00,8.0,17.0,0.0,30.0,20.6,23.466666666666665,Lower Manhattan,14,3,0,158,0,0,1
2023-06-08 15:00:00,15.0,8.0,0.0,37.0,21.133333333333333,23.257142857142856,Lower Manhattan,15,3,0,158,0,0,1
2023-06-08 16:00:00,14.0,15.0,0.0,20.0,22.133333333333333,23.047619047619047,Lower Manhattan,16,3,0,158,0,0,1
2023-06-08 17:00:00,9.0,14.0,0.0,23.0,23.066666666666666,22.99047619047619,Lower Manhattan,17,3,0,158,0,0,1
2023-06-08 18:00:00,27.0,9.0,0.0,14.0,23.666666666666668,22.857142857142858,Lower Manhattan,18,3,0,158,0,0,1
2023-06-08 19:00:00,15.0,27.0,0.0,0.0,25.466666666666665,22.98095238095238,Lower Manhattan,19,3,0,158,0,0,1
2023-06-08 20:00:00,10.0,15.0,0.0,0.0,26.466666666666665,23.123809523809523,Lower Manhattan,20,3,0,158,0,0,1
2023-06-09 06:00:00,0.0,,0.0,0.0,27.133333333333333,23.21904761904762,Lower Manhattan,6,4,0,159,0,0,1
2023-06-09 07:00:00,42.0,0.0,38.0,32.0,27.133333333333333,23.21904761904762,Lower Manhattan,7,4,0,159,0,0,1
2023-06-09 08:00:00,51.0,42.0,75.0,35.0,27.4,23.314285714285713,Lower Manhattan,8,4,0,159,0,0,1
2023-06-09 09:00:00,74.0,51.0,57.0,27.0,25.8,23.466666666666665,Lower Manhattan,9,4,0,159,0,0,1
2023-06-09 10:00:00,85.0,74.0,81.0,26.0,26.933333333333334,23.914285714285715,Lower Manhattan,10,4,0,159,0,0,1
2023-06-09 11:00:00,11.0,85.0,22.0,23.0,27.2,24.476190476190474,Lower Manhattan,11,4,0,159,0,0,1
2023-06-09 12:00:00,18.0,11.0,19.0,36.0,26.466666666666665,24.36190476190476,Lower Manhattan,12,4,0,159,0,0,1
2023-06-09 13:00:00,13.0,18.0,17.0,22.0,26.4,24.19047619047619,Lower Manhattan,13,4,0,159,0,0,1
2023-06-09 14:00:00,17.0,13.0,8.0,34.0,26.133333333333333,24.104761904761904,Lower Manhattan,14,4,0,159,0,0,1
2023-06-09 15:00:00,18.0,17.0,15.0,29.0,26.733333333333334,23.942857142857143,Lower Manhattan,15,4,0,159,0,0,1
2023-06-09 16:00:00,8.0,18.0,14.0,29.0,26.933333333333334,23.83809523809524,Lower Manhattan,16,4,0,159,0,0,1
2023-06-09 17:00:00,12.0,8.0,9.0,26.0,26.533333333333335,23.63809523809524,Lower Manhattan,17,4,0,159,0,0,1
2023-06-09 18:00:00,22.0,12.0,27.0,11.0,26.733333333333334,23.504761904761907,Lower Manhattan,18,4,0,159,0,0,1
2023-06-09 19:00:00,14.0,22.0,15.0,0.0,26.4,23.60952380952381,Lower Manhattan,19,4,0,159,0,0,1
2023-06-09 20:00:00,7.0,14.0,10.0,0.0,26.333333333333332,23.742857142857144,Lower Manhattan,20,4,0,159,0,0,1
2023-06-10 06:00:00,47.0,,0.0,0.0,26.133333333333333,23.80952380952381,Lower Manhattan,6,5,1,160,0,0,1
2023-06-10 07:00:00,50.0,47.0,42.0,35.0,29.266666666666666,24.257142857142856,Lower Manhattan,7,5,1,160,0,0,1
2023-06-10 08:00:00,55.0,50.0,51.0,31.0,29.8,24.4,Lower Manhattan,8,5,1,160,0,0,1
2023-06-10 09:00:00,61.0,55.0,74.0,30.0,30.066666666666666,24.62857142857143,Lower Manhattan,9,5,1,160,0,0,1
2023-06-10 10:00:00,41.0,61.0,85.0,32.0,29.2,24.923809523809524,Lower Manhattan,10,5,1,160,0,0,1
2023-06-10 11:00:00,20.0,41.0,11.0,37.0,26.266666666666666,25.00952380952381,Lower Manhattan,11,5,1,160,0,0,1
2023-06-10 12:00:00,23.0,20.0,18.0,42.0,26.866666666666667,24.847619047619048,Lower Manhattan,12,5,1,160,0,0,1
2023-06-10 13:00:00,19.0,23.0,13.0,27.0,27.2,24.666666666666668,Lower Manhattan,13,5,1,160,0,0,1
2023-06-10 14:00:00,23.0,19.0,17.0,27.0,27.6,24.590476190476192,Lower Manhattan,14,5,1,160,0,0,1
2023-06-10 15:00:00,13.0,23.0,18.0,34.0,28.0,24.552380952380954,Lower Manhattan,15,5,1,160,0,0,1
2023-06-10 16:00:00,20.0,13.0,8.0,27.0,27.666666666666668,24.35238095238095,Lower Manhattan,16,5,1,160,0,0,1
2023-06-10 17:00:00,13.0,20.0,12.0,28.0,28.466666666666665,24.285714285714285,Lower Manhattan,17,5,1,160,0,0,1
2023-06-10 18:00:00,11.0,13.0,22.0,11.0,28.533333333333335,24.142857142857142,Lower Manhattan,18,5,1,160,0,0,1
2023-06-10 19:00:00,0.0,11.0,14.0,0.0,27.8,24.142857142857142,Lower Manhattan,19,5,1,160,0,0,1
2023-06-10 20:00:00,0.0,0.0,7.0,0.0,26.866666666666667,24.142857142857142,Lower Manhattan,20,5,1,160,0,0,1
2023-06-11 06:00:00,60.0,,47.0,0.0,26.4,24.142857142857142,Lower Manhattan,6,6,1,161,0,0,1
2023-06-11 07:00:00,52.0,60.0,50.0,25.0,27.266666666666666,24.714285714285715,Lower Manhattan,7,6,1,161,0,0,1
2023-06-11 08:00:00,49.0,52.0,55.0,25.0,27.4,24.97142857142857,Lower Manhattan,8,6,1,161,0,0,1
2023-06-11 09:00:00,38.0,49.0,61.0,35.0,27.0,25.2,Lower Manhattan,9,6,1,161,0,0,1
2023-06-11 10:00:00,46.0,38.0,41.0,29.0,25.466666666666665,25.228571428571428,Lower Manhattan,10,6,1,161,0,0,1
2023-06-11 11:00:00,6.0,46.0,20.0,30.0,25.8,25.39047619047619,Lower Manhattan,11,6,1,161,0,0,1
2023-06-11 12:00:00,25.0,6.0,23.0,29.0,24.866666666666667,25.16190476190476,Lower Manhattan,12,6,1,161,0,0,1
2023-06-11 13:00:00,21.0,25.0,19.0,21.0,25.0,25.123809523809523,Lower Manhattan,13,6,1,161,0,0,1
2023-06-11 14:00:00,25.0,21.0,23.0,30.0,25.133333333333333,25.123809523809523,Lower Manhattan,14,6,1,161,0,0,1
2023-06-11 15:00:00,20.0,25.0,13.0,47.0,25.266666666666666,25.076190476190476,Lower Manhattan,15,6,1,161,0,0,1
2023-06-11 16:00:00,19.0,20.0,20.0,20.0,25.733333333333334,24.81904761904762,Lower Manhattan,16,6,1,161,0,0,1
2023-06-11 17:00:00,13.0,19.0,13.0,39.0,25.666666666666668,24.80952380952381,Lower Manhattan,17,6,1,161,0,0,1
2023-06-11 18:00:00,11.0,13.0,11.0,21.0,25.666666666666668,24.561904761904763,Lower Manhattan,18,6,1,161,0,0,1
2023-06-11 19:00:00,0.0,11.0,0.0,0.0,25.666666666666668,24.466666666666665,Lower Manhattan,19,6,1,161,0,0,1
2023-06-11 20:00:00,0.0,0.0,0.0,0.0,25.666666666666668,24.466666666666665,Lower Manhattan,20,6,1,161,0,0,1
2023-06-12 06:00:00,53.0,,60.0,0.0,25.666666666666668,24.466666666666665,Lower Manhattan,6,0,0,162,0,0,1
2023-06-12 07:00:00,58.0,53.0,52.0,25.0,25.2,24.97142857142857,Lower Manhattan,7,0,0,162,0,0,1
2023-06-12 08:00:00,36.0,58.0,49.0,37.0,25.6,25.285714285714285,Lower Manhattan,8,0,0,162,0,0,1
2023-06-12 09:00:00,48.0,36.0,38.0,29.0,24.733333333333334,25.276190476190475,Lower Manhattan,9,0,0,162,0,0,1
2023-06-12 10:00:00,77.0,48.0,46.0,35.0,25.4,25.457142857142856,Lower Manhattan,10,0,0,162,0,0,1
2023-06-12 11:00:00,12.0,77.0,6.0,35.0,27.466666666666665,25.857142857142858,Lower Manhattan,11,0,0,162,0,0,1
2023-06-12 12:00:00,20.0,12.0,25.0,32.0,27.866666666666667,25.63809523809524,Lower Manhattan,12,0,0,162,0,0,1
2023-06-12 13:00:00,14.0,20.0,21.0,22.0,27.533333333333335,25.523809523809526,Lower Manhattan,13,0,0,162,0,0,1
2023-06-12 14:00:00,29.0,14.0,25.0,39.0,27.066666666666666,25.447619047619046,Lower Manhattan,14,0,0,162,0,0,1
2023-06-12 15:00:00,23.0,29.0,20.0,34.0,27.333333333333332,25.35238095238095,Lower Manhattan,15,0,0,162,0,0,1
2023-06-12 16:00:00,27.0,23.0,19.0,19.0,27.533333333333335,25.247619047619047,Lower Manhattan,16,0,0,162,0,0,1
2023-06-12 17:00:00,24.0,27.0,13.0,28.0,28.066666666666666,25.323809523809523,Lower Manhattan,17,0,0,162,0,0,1
2023-06-12 18:00:00,15.0,24.0,11.0,13.0,28.8,25.285714285714285,Lower Manhattan,18,0,0,162,0,0,1
2023-06-12 19:00:00,0.0,15.0,0.0,0.0,29.066666666666666,25.304761904761904,Lower Manhattan,19,0,0,162,0,0,1
2023-06-12 20:00:00,0.0,0.0,0.0,0.0,29.066666666666666,25.304761904761904,Lower Manhattan,20,0,0,162,0,0,1
2023-06-13 06:00:00,0.0,,53.0,0.0,29.066666666666666,25.304761904761904,Lower Manhattan,6,1,0,163,0,0,1
2023-06-13 07:00:00,71.0,0.0,58.0,43.0,25.533333333333335,25.304761904761904,Lower Manhattan,7,1,0,163,0,0,1
2023-06-13 08:00:00,68.0,71.0,36.0,29.0,26.4,25.571428571428573,Lower Manhattan,8,1,0,163,0,0,1
2023-06-13 09:00:00,63.0,68.0,48.0,30.0,28.533333333333335,25.942857142857143,Lower Manhattan,9,1,0,163,0,0,1
2023-06-13 10:00:00,64.0,63.0,77.0,36.0,29.533333333333335,26.257142857142856,Lower Manhattan,10,1,0,163,0,0,1
2023-06-13 11:00:00,28.0,64.0,12.0,28.0,28.666666666666668,26.523809523809526,Lower Manhattan,11,1,0,163,0,0,1
2023-06-13 12:00:00,25.0,28.0,20.0,30.0,29.733333333333334,26.523809523809526,Lower Manhattan,12,1,0,163,0,0,1
2023-06-13 13:00:00,15.0,25.0,14.0,30.0,30.066666666666666,26.476190476190474,Lower Manhattan,13,1,0,163,0,0,1
2023-06-13 14:00:00,23.0,15.0,29.0,30.0,30.133333333333333,26.333333333333332,Lower Manhattan,14,1,0,163,0,0,1
2023-06-13 15:00:00,32.0,23.0,23.0,37.0,29.733333333333334,26.266666666666666,Lower Manhattan,15,1,0,163,0,0,1
2023-06-13 16:00:00,26.0,32.0,27.0,28.0,30.333333333333332,26.21904761904762,Lower Manhattan,16,1,0,163,0,0,1
2023-06-13 17:00:00,19.0,26.0,24.0,32.0,30.266666666666666,26.2,Lower Manhattan,17,1,0,163,0,0,1
2023-06-13 18:00:00,13.0,19.0,15.0,13.0,29.933333333333334,26.076190476190476,Lower Manhattan,18,1,0,163,0,0,1
2023-06-13 19:00:00,0.0,13.0,0.0,0.0,29.8,26.076190476190476,Lower Manhattan,19,1,0,163,0,0,1
2023-06-13 20:00:00,0.0,0.0,0.0,0.0,29.8,26.076190476190476,Lower Manhattan,20,1,0,163,0,0,1
2023-06-14 06:00:00,0.0,,0.0,6.0,29.8,26.076190476190476,Lower Manhattan,6,2,0,164,0,0,1
2023-06-14 07:00:00,55.0,0.0,71.0,56.0,29.8,26.01904761904762,Lower Manhattan,7,2,0,164,0,0,1
2023-06-14 08:00:00,67.0,55.0,68.0,60.0,28.733333333333334,26.00952380952381,Lower Manhattan,8,2,0,164,0,0,1
2023-06-14 09:00:00,62.0,67.0,63.0,45.0,28.666666666666668,26.076190476190476,Lower Manhattan,9,2,0,164,0,0,1
2023-06-14 10:00:00,77.0,62.0,64.0,77.0,28.6,26.238095238095237,Lower Manhattan,10,2,0,164,0,0,1
2023-06-14 11:00:00,15.0,77.0,28.0,15.0,29.466666666666665,26.238095238095237,Lower Manhattan,11,2,0,164,0,0,1
2023-06-14 12:00:00,11.0,15.0,25.0,16.0,28.6,26.238095238095237,Lower Manhattan,12,2,0,164,0,0,1
2023-06-14 13:00:00,23.0,11.0,15.0,0.0,27.666666666666668,26.19047619047619,Lower Manhattan,13,2,0,164,0,0,1
2023-06-14 14:00:00,16.0,23.0,23.0,0.0,28.2,26.409523809523808,Lower Manhattan,14,2,0,164,0,0,1
2023-06-14 15:00:00,19.0,16.0,32.0,0.0,27.733333333333334,26.561904761904763,Lower Manhattan,15,2,0,164,0,0,1
2023-06-14 16:00:00,22.0,19.0,26.0,0.0,26.866666666666667,26.742857142857144,Lower Manhattan,16,2,0,164,0,0,1
2023-06-14 17:00:00,16.0,22.0,19.0,0.0,26.6,26.952380952380953,Lower Manhattan,17,2,0,164,0,0,1
2023-06-14 18:00:00,10.0,16.0,13.0,0.0,26.4,27.104761904761904,Lower Manhattan,18,2,0,164,0,0,1
2023-06-14 19:00:00,0.0,10.0,0.0,0.0,26.2,27.2,Lower Manhattan,19,2,0,164,0,0,1
2023-06-14 20:00:00,0.0,0.0,0.0,0.0,26.2,27.2,Lower Manhattan,20,2,0,164,0,0,1
2023-06-15 06:00:00,52.0,,0.0,0.0,26.2,27.2,Lower Manhattan,6,3,0,165,0,0,1
2023-06-15 07:00:00,39.0,52.0,55.0,38.0,29.666666666666668,27.695238095238096,Lower Manhattan,7,3,0,165,0,0,1
2023-06-15 08:00:00,40.0,39.0,67.0,75.0,28.6,27.704761904761906,Lower Manhattan,8,3,0,165,0,0,1
2023-06-15 09:00:00,30.0,40.0,62.0,57.0,26.8,27.37142857142857,Lower Manhattan,9,3,0,165,0,0,1
2023-06-15 10:00:00,65.0,30.0,77.0,81.0,24.666666666666668,27.114285714285714,Lower Manhattan,10,3,0,165,0,0,1
2023-06-15 11:00:00,22.0,65.0,15.0,22.0,23.866666666666667,26.961904761904762,Lower Manhattan,11,3,0,165,0,0,1
2023-06-15 12:00:00,23.0,22.0,11.0,19.0,24.333333333333332,26.961904761904762,Lower Manhattan,12,3,0,165,0,0,1
2023-06-15 13:00:00,20.0,23.0,23.0,17.0,25.133333333333333,27.0,Lower Manhattan,13,3,0,165,0,0,1
2023-06-15 14:00:00,24.0,20.0,16.0,8.0,24.933333333333334,27.02857142857143,Lower Manhattan,14,3,0,165,0,0,1
2023-06-15 15:00:00,20.0,24.0,19.0,15.0,25.466666666666665,27.18095238095238,Lower Manhattan,15,3,0,165,0,0,1
2023-06-15 16:00:00,22.0,20.0,22.0,14.0,25.533333333333335,27.228571428571428,Lower Manhattan,16,3,0,165,0,0,1
2023-06-15 17:00:00,6.0,22.0,16.0,9.0,25.533333333333335,27.304761904761904,Lower Manhattan,17,3,0,165,0,0,1
2023-06-15 18:00:00,14.0,6.0,10.0,27.0,24.866666666666667,27.276190476190475,Lower Manhattan,18,3,0,165,0,0,1
2023-06-15 19:00:00,0.0,14.0,0.0,15.0,25.133333333333333,27.152380952380952,Lower Manhattan,19,3,0,165,0,0,1
2023-06-15 20:00:00,0.0,0.0,0.0,10.0,25.133333333333333,27.00952380952381,Lower Manhattan,20,3,0,165,0,0,1
2023-06-16 06:00:00,33.0,,52.0,0.0,25.133333333333333,26.914285714285715,Lower Manhattan,6,4,0,166,0,0,1
2023-06-16 07:00:00,32.0,33.0,39.0,42.0,23.866666666666667,27.228571428571428,Lower Manhattan,7,4,0,166,0,0,1
2023-06-16 08:00:00,58.0,32.0,40.0,51.0,23.4,27.133333333333333,Lower Manhattan,8,4,0,166,0,0,1
2023-06-16 09:00:00,51.0,58.0,30.0,74.0,24.6,27.2,Lower Manhattan,9,4,0,166,0,0,1
2023-06-16 10:00:00,48.0,51.0,65.0,85.0,26.0,26.98095238095238,Lower Manhattan,10,4,0,166,0,0,1
2023-06-16 11:00:00,26.0,48.0,22.0,11.0,24.866666666666667,26.62857142857143,Lower Manhattan,11,4,0,166,0,0,1
2023-06-16 12:00:00,35.0,26.0,23.0,18.0,25.133333333333333,26.771428571428572,Lower Manhattan,12,4,0,166,0,0,1
2023-06-16 13:00:00,18.0,35.0,20.0,13.0,25.933333333333334,26.933333333333334,Lower Manhattan,13,4,0,166,0,0,1
2023-06-16 14:00:00,21.0,18.0,24.0,17.0,25.8,26.98095238095238,Lower Manhattan,14,4,0,166,0,0,1
2023-06-16 15:00:00,39.0,21.0,20.0,18.0,25.6,27.01904761904762,Lower Manhattan,15,4,0,166,0,0,1
2023-06-16 16:00:00,35.0,39.0,22.0,8.0,26.866666666666667,27.21904761904762,Lower Manhattan,16,4,0,166,0,0,1
2023-06-16 17:00:00,7.0,35.0,6.0,12.0,27.733333333333334,27.476190476190474,Lower Manhattan,17,4,0,166,0,0,1
2023-06-16 18:00:00,9.0,7.0,14.0,22.0,27.8,27.428571428571427,Lower Manhattan,18,4,0,166,0,0,1
2023-06-16 19:00:00,0.0,9.0,0.0,14.0,27.466666666666665,27.304761904761904,Lower Manhattan,19,4,0,166,0,0,1
2023-06-16 20:00:00,0.0,0.0,0.0,7.0,27.466666666666665,27.17142857142857,Lower Manhattan,20,4,0,166,0,0,1
2023-06-17 06:00:00,56.0,,33.0,47.0,27.466666666666665,27.104761904761904,Lower Manhattan,6,5,1,167,0,0,1
2023-06-17 07:00:00,56.0,56.0,32.0,50.0,29.0,27.19047619047619,Lower Manhattan,7,5,1,167,0,0,1
2023-06-17 08:00:00,46.0,56.0,58.0,55.0,30.6,27.247619047619047,Lower Manhattan,8,5,1,167,0,0,1
2023-06-17 09:00:00,43.0,46.0,51.0,61.0,29.8,27.16190476190476,Lower Manhattan,9,5,1,167,0,0,1
2023-06-17 10:00:00,48.0,43.0,48.0,41.0,29.266666666666666,26.99047619047619,Lower Manhattan,10,5,1,167,0,0,1
2023-06-17 11:00:00,19.0,48.0,26.0,20.0,29.266666666666666,27.057142857142857,Lower Manhattan,11,5,1,167,0,0,1
2023-06-17 12:00:00,23.0,19.0,35.0,23.0,28.8,27.047619047619047,Lower Manhattan,12,5,1,167,0,0,1
2023-06-17 13:00:00,21.0,23.0,18.0,19.0,28.0,27.047619047619047,Lower Manhattan,13,5,1,167,0,0,1
2023-06-17 14:00:00,14.0,21.0,21.0,23.0,28.2,27.066666666666666,Lower Manhattan,14,5,1,167,0,0,1
2023-06-17 15:00:00,14.0,14.0,39.0,13.0,27.733333333333334,26.98095238095238,Lower Manhattan,15,5,1,167,0,0,1
2023-06-17 16:00:00,21.0,14.0,35.0,20.0,26.066666666666666,26.99047619047619,Lower Manhattan,16,5,1,167,0,0,1
2023-06-17 17:00:00,22.0,21.0,7.0,13.0,25.133333333333333,27.0,Lower Manhattan,17,5,1,167,0,0,1
2023-06-17 18:00:00,8.0,22.0,9.0,11.0,26.133333333333333,27.085714285714285,Lower Manhattan,18,5,1,167,0,0,1
2023-06-17 19:00:00,0.0,8.0,0.0,0.0,26.066666666666666,27.057142857142857,Lower Manhattan,19,5,1,167,0,0,1
2023-06-17 20:00:00,0.0,0.0,0.0,0.0,26.066666666666666,27.057142857142857,Lower Manhattan,20,5,1,167,0,0,1
2023-06-18 06:00:00,47.0,,56.0,60.0,26.066666666666666,27.057142857142857,Lower Manhattan,6,6,1,168,0,0,1
2023-06-18 07:00:00,45.0,47.0,56.0,52.0,25.466666666666665,26.933333333333334,Lower Manhattan,7,6,1,168,0,0,1
2023-06-18 08:00:00,38.0,45.0,46.0,49.0,24.733333333333334,26.866666666666667,Lower Manhattan,8,6,1,168,0,0,1
2023-06-18 09:00:00,44.0,38.0,43.0,38.0,24.2,26.761904761904763,Lower Manhattan,9,6,1,168,0,0,1
2023-06-18 10:00:00,48.0,44.0,48.0,46.0,24.266666666666666,26.81904761904762,Lower Manhattan,10,6,1,168,0,0,1
2023-06-18 11:00:00,20.0,48.0,19.0,6.0,24.266666666666666,26.83809523809524,Lower Manhattan,11,6,1,168,0,0,1
2023-06-18 12:00:00,22.0,20.0,23.0,25.0,24.333333333333332,26.97142857142857,Lower Manhattan,12,6,1,168,0,0,1
2023-06-18 13:00:00,28.0,22.0,21.0,21.0,24.266666666666666,26.942857142857143,Lower Manhattan,13,6,1,168,0,0,1
2023-06-18 14:00:00,31.0,28.0,14.0,25.0,24.733333333333334,27.00952380952381,Lower Manhattan,14,6,1,168,0,0,1
2023-06-18 15:00:00,25.0,31.0,14.0,20.0,25.866666666666667,27.066666666666666,Lower Manhattan,15,6,1,168,0,0,1
2023-06-18 16:00:00,30.0,25.0,21.0,19.0,26.6,27.114285714285714,Lower Manhattan,16,6,1,168,0,0,1
2023-06-18 17:00:00,14.0,30.0,22.0,13.0,27.2,27.21904761904762,Lower Manhattan,17,6,1,168,0,0,1
2023-06-18 18:00:00,10.0,14.0,8.0,11.0,26.666666666666668,27.228571428571428,Lower Manhattan,18,6,1,168,0,0,1
2023-06-18 19:00:00,0.0,10.0,0.0,0.0,26.8,27.21904761904762,Lower Manhattan,19,6,1,168,0,0,1
2023-06-18 20:00:00,0.0,0.0,0.0,0.0,26.8,27.21904761904762,Lower Manhattan,20,6,1,168,0,0,1
2023-06-19 06:00:00,57.0,,47.0,53.0,26.8,27.21904761904762,Lower Manhattan,6,0,0,169,0,0,1
2023-06-19 07:00:00,45.0,57.0,45.0,58.0,27.466666666666665,27.257142857142856,Lower Manhattan,7,0,0,169,0,0,1
2023-06-19 08:00:00,51.0,45.0,38.0,36.0,27.466666666666665,27.133333333333333,Lower Manhattan,8,0,0,169,0,0,1
2023-06-19 09:00:00,36.0,51.0,44.0,48.0,28.333333333333332,27.276190476190475,Lower Manhattan,9,0,0,169,0,0,1
2023-06-19 10:00:00,40.0,36.0,48.0,77.0,27.8,27.16190476190476,Lower Manhattan,10,0,0,169,0,0,1
2023-06-19 11:00:00,26.0,40.0,20.0,12.0,27.266666666666666,26.80952380952381,Lower Manhattan,11,0,0,169,0,0,1
2023-06-19 12:00:00,34.0,26.0,22.0,20.0,27.666666666666668,26.942857142857143,Lower Manhattan,12,0,0,169,0,0,1
2023-06-19 13:00:00,19.0,34.0,28.0,14.0,28.466666666666665,27.076190476190476,Lower Manhattan,13,0,0,169,0,0,1
2023-06-19 14:00:00,19.0,19.0,31.0,29.0,27.866666666666667,27.123809523809523,Lower Manhattan,14,0,0,169,0,0,1
2023-06-19 15:00:00,25.0,19.0,25.0,23.0,27.066666666666666,27.02857142857143,Lower Manhattan,15,0,0,169,0,0,1
2023-06-19 16:00:00,21.0,25.0,30.0,27.0,27.066666666666666,27.047619047619047,Lower Manhattan,16,0,0,169,0,0,1
2023-06-19 17:00:00,15.0,21.0,14.0,24.0,26.466666666666665,26.99047619047619,Lower Manhattan,17,0,0,169,0,0,1
2023-06-19 18:00:00,12.0,15.0,10.0,15.0,26.533333333333335,26.904761904761905,Lower Manhattan,18,0,0,169,0,0,1
2023-06-19 19:00:00,0.0,12.0,0.0,0.0,26.666666666666668,26.876190476190477,Lower Manhattan,19,0,0,169,0,0,1
2023-06-19 20:00:00,0.0,0.0,0.0,0.0,26.666666666666668,26.876190476190477,Lower Manhattan,20,0,0,169,0,0,1
2023-06-20 06:00:00,0.0,,57.0,0.0,26.666666666666668,26.876190476190477,Lower Manhattan,6,1,0,170,0,0,1
2023-06-20 07:00:00,76.0,0.0,45.0,71.0,22.866666666666667,26.876190476190477,Lower Manhattan,7,1,0,170,0,0,1
2023-06-20 08:00:00,51.0,76.0,51.0,68.0,24.933333333333334,26.923809523809524,Lower Manhattan,8,1,0,170,0,0,1
2023-06-20 09:00:00,47.0,51.0,36.0,63.0,24.933333333333334,26.761904761904763,Lower Manhattan,9,1,0,170,0,0,1
2023-06-20 10:00:00,72.0,47.0,40.0,64.0,25.666666666666668,26.60952380952381,Lower Manhattan,10,1,0,170,0,0,1
2023-06-20 11:00:00,19.0,72.0,26.0,28.0,27.8,26.685714285714287,Lower Manhattan,11,1,0,170,0,0,1
2023-06-20 12:00:00,7.0,19.0,34.0,25.0,27.333333333333332,26.6,Lower Manhattan,12,1,0,170,0,0,1
2023-06-20 13:00:00,16.0,7.0,19.0,15.0,25.533333333333335,26.428571428571427,Lower Manhattan,13,1,0,170,0,0,1
2023-06-20 14:00:00,20.0,16.0,19.0,23.0,25.333333333333332,26.438095238095237,Lower Manhattan,14,1,0,170,0,0,1
2023-06-20 15:00:00,21.0,20.0,25.0,32.0,25.4,26.409523809523808,Lower Manhattan,15,1,0,170,0,0,1
2023-06-20 16:00:00,16.0,21.0,21.0,26.0,25.133333333333333,26.304761904761904,Lower Manhattan,16,1,0,170,0,0,1
2023-06-20 17:00:00,21.0,16.0,15.0,19.0,24.8,26.20952380952381,Lower Manhattan,17,1,0,170,0,0,1
2023-06-20 18:00:00,6.0,21.0,12.0,13.0,25.2,26.228571428571428,Lower Manhattan,18,1,0,170,0,0,1
2023-06-20 19:00:00,0.0,6.0,0.0,0.0,24.8,26.16190476190476,Lower Manhattan,19,1,0,170,0,0,1
2023-06-20 20:00:00,0.0,0.0,0.0,0.0,24.8,26.16190476190476,Lower Manhattan,20,1,0,170,0,0,1
2023-06-21 06:00:00,0.0,,0.0,0.0,24.8,26.16190476190476,Lower Manhattan,6,2,0,171,0,0,1
2023-06-21 07:00:00,64.0,0.0,76.0,55.0,24.8,26.16190476190476,Lower Manhattan,7,2,0,171,0,0,1
2023-06-21 08:00:00,45.0,64.0,51.0,67.0,24.0,26.247619047619047,Lower Manhattan,8,2,0,171,0,0,1
2023-06-21 09:00:00,46.0,45.0,47.0,62.0,23.6,26.038095238095238,Lower Manhattan,9,2,0,171,0,0,1
2023-06-21 10:00:00,57.0,46.0,72.0,77.0,23.533333333333335,25.885714285714286,Lower Manhattan,10,2,0,171,0,0,1
2023-06-21 11:00:00,20.0,57.0,19.0,15.0,22.533333333333335,25.695238095238096,Lower Manhattan,11,2,0,171,0,0,1
2023-06-21 12:00:00,20.0,20.0,7.0,11.0,22.6,25.742857142857144,Lower Manhattan,12,2,0,171,0,0,1
2023-06-21 13:00:00,21.0,20.0,16.0,23.0,23.466666666666665,25.82857142857143,Lower Manhattan,13,2,0,171,0,0,1
2023-06-21 14:00:00,29.0,21.0,20.0,16.0,23.8,25.80952380952381,Lower Manhattan,14,2,0,171,0,0,1
2023-06-21 15:00:00,14.0,29.0,21.0,19.0,24.4,25.933333333333334,Lower Manhattan,15,2,0,171,0,0,1
2023-06-21 16:00:00,13.0,14.0,16.0,22.0,23.933333333333334,25.885714285714286,Lower Manhattan,16,2,0,171,0,0,1
2023-06-21 17:00:00,9.0,13.0,21.0,16.0,23.733333333333334,25.8,Lower Manhattan,17,2,0,171,0,0,1
2023-06-21 18:00:00,13.0,9.0,6.0,10.0,22.933333333333334,25.733333333333334,Lower Manhattan,18,2,0,171,0,0,1
2023-06-21 19:00:00,0.0,13.0,0.0,0.0,23.4,25.761904761904763,Lower Manhattan,19,2,0,171,0,0,1
2023-06-21 20:00:00,0.0,0.0,0.0,0.0,23.4,25.761904761904763,Lower Manhattan,20,2,0,171,0,0,1
2023-06-22 06:00:00,58.0,,0.0,52.0,23.4,25.761904761904763,Lower Manhattan,6,3,0,172,0,0,1
2023-06-22 07:00:00,44.0,58.0,64.0,39.0,27.266666666666666,25.81904761904762,Lower Manhattan,7,3,0,172,0,0,1
2023-06-22 08:00:00,52.0,44.0,45.0,40.0,25.933333333333334,25.866666666666667,Lower Manhattan,8,3,0,172,0,0,1
2023-06-22 09:00:00,46.0,52.0,46.0,30.0,26.4,25.98095238095238,Lower Manhattan,9,3,0,172,0,0,1
2023-06-22 10:00:00,47.0,46.0,57.0,65.0,26.4,26.133333333333333,Lower Manhattan,10,3,0,172,0,0,1
2023-06-22 11:00:00,21.0,47.0,20.0,22.0,25.733333333333334,25.961904761904762,Lower Manhattan,11,3,0,172,0,0,1
2023-06-22 12:00:00,23.0,21.0,20.0,23.0,25.8,25.952380952380953,Lower Manhattan,12,3,0,172,0,0,1
2023-06-22 13:00:00,16.0,23.0,21.0,20.0,26.0,25.952380952380953,Lower Manhattan,13,3,0,172,0,0,1
2023-06-22 14:00:00,22.0,16.0,29.0,24.0,25.666666666666668,25.914285714285715,Lower Manhattan,14,3,0,172,0,0,1
2023-06-22 15:00:00,19.0,22.0,14.0,20.0,25.2,25.895238095238096,Lower Manhattan,15,3,0,172,0,0,1
2023-06-22 16:00:00,22.0,19.0,13.0,22.0,25.533333333333335,25.885714285714286,Lower Manhattan,16,3,0,172,0,0,1
2023-06-22 17:00:00,23.0,22.0,9.0,6.0,26.133333333333333,25.885714285714286,Lower Manhattan,17,3,0,172,0,0,1
2023-06-22 18:00:00,6.0,23.0,13.0,14.0,27.066666666666666,26.047619047619047,Lower Manhattan,18,3,0,172,0,0,1
2023-06-22 19:00:00,0.0,6.0,0.0,0.0,26.6,25.97142857142857,Lower Manhattan,19,3,0,172,0,0,1
2023-06-22 20:00:00,0.0,0.0,0.0,0.0,26.6,25.97142857142857,Lower Manhattan,20,3,0,172,0,0,1
2023-06-23 06:00:00,43.0,,58.0,33.0,26.6,25.97142857142857,Lower Manhattan,6,4,0,173,0,0,1
2023-06-23 07:00:00,45.0,43.0,44.0,32.0,25.6,26.066666666666666,Lower Manhattan,7,4,0,173,0,0,1
2023-06-23 08:00:00,33.0,45.0,52.0,58.0,25.666666666666668,26.19047619047619,Lower Manhattan,8,4,0,173,0,0,1
2023-06-23 09:00:00,49.0,33.0,46.0,51.0,24.4,25.952380952380953,Lower Manhattan,9,4,0,173,0,0,1
2023-06-23 10:00:00,59.0,49.0,47.0,48.0,24.6,25.933333333333334,Lower Manhattan,10,4,0,173,0,0,1
2023-06-23 11:00:00,21.0,59.0,21.0,26.0,25.4,26.038095238095238,Lower Manhattan,11,4,0,173,0,0,1
2023-06-23 12:00:00,17.0,21.0,23.0,35.0,25.4,25.99047619047619,Lower Manhattan,12,4,0,173,0,0,1
2023-06-23 13:00:00,14.0,17.0,16.0,18.0,25.0,25.81904761904762,Lower Manhattan,13,4,0,173,0,0,1
2023-06-23 14:00:00,22.0,14.0,22.0,21.0,24.866666666666667,25.78095238095238,Lower Manhattan,14,4,0,173,0,0,1
2023-06-23 15:00:00,13.0,22.0,19.0,39.0,24.866666666666667,25.79047619047619,Lower Manhattan,15,4,0,173,0,0,1
2023-06-23 16:00:00,15.0,13.0,22.0,35.0,24.466666666666665,25.542857142857144,Lower Manhattan,16,4,0,173,0,0,1
2023-06-23 17:00:00,15.0,15.0,23.0,7.0,24.0,25.35238095238095,Lower Manhattan,17,4,0,173,0,0,1
2023-06-23 18:00:00,10.0,15.0,6.0,9.0,23.466666666666665,25.428571428571427,Lower Manhattan,18,4,0,173,0,0,1
2023-06-23 19:00:00,0.0,10.0,0.0,0.0,23.733333333333334,25.438095238095237,Lower Manhattan,19,4,0,173,0,0,1
2023-06-23 20:00:00,0.0,0.0,0.0,0.0,23.733333333333334,25.438095238095237,Lower Manhattan,20,4,0,173,0,0,1
2023-06-24 06:00:00,45.0,,43.0,56.0,23.733333333333334,25.438095238095237,Lower Manhattan,6,5,1,174,0,0,1
2023-06-24 07:00:00,42.0,45.0,45.0,56.0,23.866666666666667,25.333333333333332,Lower Manhattan,7,5,1,174,0,0,1
2023-06-24 08:00:00,48.0,42.0,33.0,46.0,23.666666666666668,25.2,Lower Manhattan,8,5,1,174,0,0,1
2023-06-24 09:00:00,41.0,48.0,49.0,43.0,24.666666666666668,25.21904761904762,Lower Manhattan,9,5,1,174,0,0,1
2023-06-24 10:00:00,60.0,41.0,59.0,48.0,24.133333333333333,25.2,Lower Manhattan,10,5,1,174,0,0,1
2023-06-24 11:00:00,21.0,60.0,21.0,19.0,24.2,25.314285714285713,Lower Manhattan,11,5,1,174,0,0,1
2023-06-24 12:00:00,3.0,21.0,17.0,23.0,24.2,25.333333333333332,Lower Manhattan,12,5,1,174,0,0,1
2023-06-24 13:00:00,19.0,3.0,14.0,21.0,23.266666666666666,25.142857142857142,Lower Manhattan,13,5,1,174,0,0,1
2023-06-24 14:00:00,31.0,19.0,22.0,14.0,23.6,25.123809523809523,Lower Manhattan,14,5,1,174,0,0,1
2023-06-24 15:00:00,25.0,31.0,13.0,14.0,24.2,25.285714285714285,Lower Manhattan,15,5,1,174,0,0,1
2023-06-24 16:00:00,21.0,25.0,15.0,21.0,25.0,25.39047619047619,Lower Manhattan,16,5,1,174,0,0,1
2023-06-24 17:00:00,13.0,21.0,15.0,22.0,25.4,25.39047619047619,Lower Manhattan,17,5,1,174,0,0,1
2023-06-24 18:00:00,14.0,13.0,10.0,8.0,25.266666666666666,25.304761904761904,Lower Manhattan,18,5,1,174,0,0,1
2023-06-24 19:00:00,0.0,14.0,0.0,0.0,25.533333333333335,25.36190476190476,Lower Manhattan,19,5,1,174,0,0,1
2023-06-24 20:00:00,0.0,0.0,0.0,0.0,25.533333333333335,25.36190476190476,Lower Manhattan,20,5,1,174,0,0,1
2023-06-25 06:00:00,45.0,,45.0,47.0,25.533333333333335,25.36190476190476,Lower Manhattan,6,6,1,175,0,0,1
2023-06-25 07:00:00,55.0,45.0,42.0,45.0,25.533333333333335,25.34285714285714,Lower Manhattan,7,6,1,175,0,0,1
2023-06-25 08:00:00,57.0,55.0,48.0,38.0,26.4,25.438095238095237,Lower Manhattan,8,6,1,175,0,0,1
2023-06-25 09:00:00,52.0,57.0,41.0,44.0,27.0,25.61904761904762,Lower Manhattan,9,6,1,175,0,0,1
2023-06-25 10:00:00,45.0,52.0,60.0,48.0,27.733333333333334,25.695238095238096,Lower Manhattan,10,6,1,175,0,0,1
2023-06-25 11:00:00,11.0,45.0,21.0,20.0,26.733333333333334,25.666666666666668,Lower Manhattan,11,6,1,175,0,0,1
2023-06-25 12:00:00,14.0,11.0,3.0,22.0,26.066666666666666,25.580952380952382,Lower Manhattan,12,6,1,175,0,0,1
2023-06-25 13:00:00,29.0,14.0,19.0,28.0,26.8,25.504761904761907,Lower Manhattan,13,6,1,175,0,0,1
2023-06-25 14:00:00,14.0,29.0,31.0,31.0,27.466666666666665,25.514285714285716,Lower Manhattan,14,6,1,175,0,0,1
2023-06-25 15:00:00,24.0,14.0,25.0,25.0,26.333333333333332,25.35238095238095,Lower Manhattan,15,6,1,175,0,0,1
2023-06-25 16:00:00,33.0,24.0,21.0,30.0,26.266666666666666,25.34285714285714,Lower Manhattan,16,6,1,175,0,0,1
2023-06-25 17:00:00,15.0,33.0,13.0,14.0,27.066666666666666,25.37142857142857,Lower Manhattan,17,6,1,175,0,0,1
2023-06-25 18:00:00,8.0,15.0,14.0,10.0,27.2,25.38095238095238,Lower Manhattan,18,6,1,175,0,0,1
2023-06-25 19:00:00,0.0,8.0,0.0,0.0,26.8,25.36190476190476,Lower Manhattan,19,6,1,175,0,0,1
2023-06-25 20:00:00,0.0,0.0,0.0,0.0,26.8,25.36190476190476,Lower Manhattan,20,6,1,175,0,0,1
2023-06-26 06:00:00,50.0,,45.0,57.0,26.8,25.36190476190476,Lower Manhattan,6,0,0,176,0,0,1
2023-06-26 07:00:00,46.0,50.0,55.0,45.0,27.133333333333333,25.295238095238094,Lower Manhattan,7,0,0,176,0,0,1
2023-06-26 08:00:00,51.0,46.0,57.0,51.0,26.533333333333335,25.304761904761904,Lower Manhattan,8,0,0,176,0,0,1
2023-06-26 09:00:00,54.0,51.0,52.0,36.0,26.133333333333333,25.304761904761904,Lower Manhattan,9,0,0,176,0,0,1
2023-06-26 10:00:00,38.0,54.0,45.0,40.0,26.266666666666666,25.476190476190474,Lower Manhattan,10,0,0,176,0,0,1
2023-06-26 11:00:00,18.0,38.0,11.0,26.0,25.8,25.457142857142856,Lower Manhattan,11,0,0,176,0,0,1
2023-06-26 12:00:00,18.0,18.0,14.0,34.0,26.266666666666666,25.38095238095238,Lower Manhattan,12,0,0,176,0,0,1
2023-06-26 13:00:00,17.0,18.0,29.0,19.0,26.533333333333335,25.228571428571428,Lower Manhattan,13,0,0,176,0,0,1
2023-06-26 14:00:00,20.0,17.0,14.0,19.0,25.733333333333334,25.20952380952381,Lower Manhattan,14,0,0,176,0,0,1
2023-06-26 15:00:00,20.0,20.0,24.0,25.0,26.133333333333333,25.21904761904762,Lower Manhattan,15,0,0,176,0,0,1
2023-06-26 16:00:00,13.0,20.0,33.0,21.0,25.866666666666667,25.17142857142857,Lower Manhattan,16,0,0,176,0,0,1
2023-06-26 17:00:00,20.0,13.0,15.0,15.0,24.533333333333335,25.095238095238095,Lower Manhattan,17,0,0,176,0,0,1
2023-06-26 18:00:00,11.0,20.0,8.0,12.0,24.866666666666667,25.142857142857142,Lower Manhattan,18,0,0,176,0,0,1
2023-06-26 19:00:00,0.0,11.0,0.0,0.0,25.066666666666666,25.133333333333333,Lower Manhattan,19,0,0,176,0,0,1
2023-06-26 20:00:00,0.0,0.0,0.0,0.0,25.066666666666666,25.133333333333333,Lower Manhattan,20,0,0,176,0,0,1
2023-06-27 06:00:00,0.0,,50.0,0.0,25.066666666666666,25.133333333333333,Lower Manhattan,6,1,0,177,0,0,1
2023-06-27 07:00:00,62.0,0.0,46.0,76.0,21.733333333333334,25.133333333333333,Lower Manhattan,7,1,0,177,0,0,1
2023-06-27 08:00:00,61.0,62.0,51.0,51.0,22.8,25.0,Lower Manhattan,8,1,0,177,0,0,1
2023-06-27 09:00:00,73.0,61.0,54.0,47.0,23.466666666666665,25.095238095238095,Lower Manhattan,9,1,0,177,0,0,1
2023-06-27 10:00:00,77.0,73.0,38.0,72.0,24.733333333333334,25.34285714285714,Lower Manhattan,10,1,0,177,0,0,1
2023-06-27 11:00:00,19.0,77.0,18.0,19.0,27.333333333333332,25.39047619047619,Lower Manhattan,11,1,0,177,0,0,1
2023-06-27 12:00:00,17.0,19.0,18.0,7.0,27.4,25.39047619047619,Lower Manhattan,12,1,0,177,0,0,1
2023-06-27 13:00:00,18.0,17.0,17.0,16.0,27.333333333333332,25.485714285714284,Lower Manhattan,13,1,0,177,0,0,1
2023-06-27 14:00:00,15.0,18.0,20.0,20.0,27.4,25.504761904761907,Lower Manhattan,14,1,0,177,0,0,1
2023-06-27 15:00:00,36.0,15.0,20.0,21.0,27.066666666666666,25.457142857142856,Lower Manhattan,15,1,0,177,0,0,1
2023-06-27 16:00:00,25.0,36.0,13.0,16.0,28.133333333333333,25.6,Lower Manhattan,16,1,0,177,0,0,1
2023-06-27 17:00:00,33.0,25.0,20.0,21.0,28.933333333333334,25.685714285714287,Lower Manhattan,17,1,0,177,0,0,1
2023-06-27 18:00:00,6.0,33.0,11.0,6.0,29.8,25.8,Lower Manhattan,18,1,0,177,0,0,1
2023-06-27 19:00:00,0.0,6.0,0.0,0.0,29.466666666666665,25.8,Lower Manhattan,19,1,0,177,0,0,1
2023-06-27 20:00:00,0.0,0.0,0.0,0.0,29.466666666666665,25.8,Lower Manhattan,20,1,0,177,0,0,1
2023-06-28 06:00:00,0.0,,0.0,0.0,29.466666666666665,25.8,Lower Manhattan,6,2,0,178,0,0,1
2023-06-28 07:00:00,31.0,0.0,62.0,64.0,29.466666666666665,25.8,Lower Manhattan,7,2,0,178,0,0,1
2023-06-28 08:00:00,27.0,31.0,61.0,45.0,27.4,25.485714285714284,Lower Manhattan,8,2,0,178,0,0,1
2023-06-28 09:00:00,30.0,27.0,73.0,46.0,25.133333333333333,25.314285714285713,Lower Manhattan,9,2,0,178,0,0,1
2023-06-28 10:00:00,33.0,30.0,77.0,57.0,22.266666666666666,25.16190476190476,Lower Manhattan,10,2,0,178,0,0,1
2023-06-28 11:00:00,31.0,33.0,19.0,20.0,19.333333333333332,24.933333333333334,Lower Manhattan,11,2,0,178,0,0,1
2023-06-28 12:00:00,25.0,31.0,17.0,20.0,20.133333333333333,25.038095238095238,Lower Manhattan,12,2,0,178,0,0,1
2023-06-28 13:00:00,32.0,25.0,18.0,21.0,20.666666666666668,25.085714285714285,Lower Manhattan,13,2,0,178,0,0,1
2023-06-28 14:00:00,31.0,32.0,15.0,29.0,21.6,25.19047619047619,Lower Manhattan,14,2,0,178,0,0,1
2023-06-28 15:00:00,38.0,31.0,36.0,14.0,22.666666666666668,25.20952380952381,Lower Manhattan,15,2,0,178,0,0,1
2023-06-28 16:00:00,28.0,38.0,25.0,13.0,22.8,25.438095238095237,Lower Manhattan,16,2,0,178,0,0,1
2023-06-28 17:00:00,25.0,28.0,33.0,9.0,23.0,25.580952380952382,Lower Manhattan,17,2,0,178,0,0,1
2023-06-28 18:00:00,12.0,25.0,6.0,13.0,22.466666666666665,25.733333333333334,Lower Manhattan,18,2,0,178,0,0,1
2023-06-28 19:00:00,0.0,12.0,0.0,0.0,22.866666666666667,25.723809523809525,Lower Manhattan,19,2,0,178,0,0,1
2023-06-28 20:00:00,0.0,0.0,0.0,0.0,22.866666666666667,25.723809523809525,Lower Manhattan,20,2,0,178,0,0,1
2023-06-29 06:00:00,0.0,,0.0,58.0,22.866666666666667,25.723809523809525,Lower Manhattan,6,3,0,179,0,0,1
2023-06-29 07:00:00,15.0,0.0,31.0,44.0,22.866666666666667,25.17142857142857,Lower Manhattan,7,3,0,179,0,0,1
2023-06-29 08:00:00,26.0,15.0,27.0,52.0,21.8,24.895238095238096,Lower Manhattan,8,3,0,179,0,0,1
2023-06-29 09:00:00,24.0,26.0,30.0,46.0,21.733333333333334,24.64761904761905,Lower Manhattan,9,3,0,179,0,0,1
2023-06-29 10:00:00,25.0,24.0,33.0,47.0,21.333333333333332,24.438095238095237,Lower Manhattan,10,3,0,179,0,0,1
2023-06-29 11:00:00,21.0,25.0,31.0,21.0,20.8,24.228571428571428,Lower Manhattan,11,3,0,179,0,0,1
2023-06-29 12:00:00,24.0,21.0,25.0,23.0,20.133333333333333,24.228571428571428,Lower Manhattan,12,3,0,179,0,0,1
2023-06-29 13:00:00,39.0,24.0,32.0,16.0,20.066666666666666,24.238095238095237,Lower Manhattan,13,3,0,179,0,0,1
2023-06-29 14:00:00,29.0,39.0,31.0,22.0,20.533333333333335,24.457142857142856,Lower Manhattan,14,3,0,179,0,0,1
2023-06-29 15:00:00,25.0,29.0,38.0,19.0,20.4,24.523809523809526,Lower Manhattan,15,3,0,179,0,0,1
2023-06-29 16:00:00,37.0,25.0,28.0,22.0,19.533333333333335,24.580952380952382,Lower Manhattan,16,3,0,179,0,0,1
2023-06-29 17:00:00,31.0,37.0,25.0,23.0,20.133333333333333,24.723809523809525,Lower Manhattan,17,3,0,179,0,0,1
2023-06-29 18:00:00,9.0,31.0,12.0,6.0,20.533333333333335,24.8,Lower Manhattan,18,3,0,179,0,0,1
2023-06-29 19:00:00,0.0,9.0,0.0,0.0,20.333333333333332,24.82857142857143,Lower Manhattan,19,3,0,179,0,0,1
2023-06-29 20:00:00,0.0,0.0,0.0,0.0,20.333333333333332,24.82857142857143,Lower Manhattan,20,3,0,179,0,0,1
2023-06-30 06:00:00,22.0,,0.0,43.0,20.333333333333332,24.82857142857143,Lower Manhattan,6,4,0,180,0,0,1
2023-06-30 07:00:00,51.0,22.0,15.0,45.0,21.8,24.62857142857143,Lower Manhattan,7,4,0,180,0,0,1
2023-06-30 08:00:00,49.0,51.0,26.0,33.0,24.2,24.685714285714287,Lower Manhattan,8,4,0,180,0,0,1
2023-06-30 09:00:00,56.0,49.0,24.0,49.0,25.733333333333334,24.83809523809524,Lower Manhattan,9,4,0,180,0,0,1
2023-06-30 10:00:00,57.0,56.0,25.0,59.0,27.866666666666667,24.904761904761905,Lower Manhattan,10,4,0,180,0,0,1
2023-06-30 11:00:00,15.0,57.0,21.0,21.0,30.0,24.885714285714286,Lower Manhattan,11,4,0,180,0,0,1
2023-06-30 12:00:00,5.0,15.0,24.0,17.0,29.6,24.82857142857143,Lower Manhattan,12,4,0,180,0,0,1
2023-06-30 13:00:00,18.0,5.0,39.0,14.0,28.333333333333332,24.714285714285715,Lower Manhattan,13,4,0,180,0,0,1
2023-06-30 14:00:00,15.0,18.0,29.0,22.0,26.933333333333334,24.752380952380953,Lower Manhattan,14,4,0,180,0,0,1
2023-06-30 15:00:00,18.0,15.0,25.0,13.0,26.0,24.685714285714287,Lower Manhattan,15,4,0,180,0,0,1
2023-06-30 16:00:00,16.0,18.0,37.0,15.0,25.533333333333335,24.733333333333334,Lower Manhattan,16,4,0,180,0,0,1
2023-06-30 17:00:00,10.0,16.0,31.0,15.0,24.133333333333333,24.742857142857144,Lower Manhattan,17,4,0,180,0,0,1
2023-06-30 18:00:00,14.0,10.0,9.0,10.0,22.733333333333334,24.695238095238096,Lower Manhattan,18,4,0,180,0,0,1
2023-06-30 19:00:00,1.0,14.0,0.0,0.0,23.066666666666666,24.733333333333334,Lower Manhattan,19,4,0,180,0,0,1
2023-06-30 20:00:00,1.0,1.0,0.0,0.0,23.133333333333333,24.742857142857144,Lower Manhattan,20,4,0,180,0,0,1
